ℹ [1324/1388] Replayed Probe.FoundationAudit
info: Probe/FoundationAudit.lean:20:0: 'JSP512Probe.RotationSystem.sameCycle_iff_source' depends on axioms: [propext, Classical.choice, Quot.sound]
info: Probe/FoundationAudit.lean:21:0: 'JSP512Probe.RotationSystem.vertexOrbit_card' depends on axioms: [propext, Classical.choice, Quot.sound]
info: Probe/FoundationAudit.lean:22:0: 'JSP512Probe.RotationSystem.face_ne_self' depends on axioms: [propext, Classical.choice, Quot.sound]
info: Probe/FoundationAudit.lean:23:0: 'JSP512Probe.CycleSurgery.eraseAt_sameCycle_iff' depends on axioms: [propext, Classical.choice, Quot.sound]
info: Probe/FoundationAudit.lean:24:0: 'JSP512Probe.CycleSurgery.delete_sameCycle_iff' depends on axioms: [propext, Classical.choice, Quot.sound]
info: Probe/FoundationAudit.lean:25:0: 'JSP512Probe.CycleSurgery.delete_fiber_cycles' depends on axioms: [propext, Classical.choice, Quot.sound]
info: Probe/FoundationAudit.lean:27:0: 'JSP512Probe.RotationSystem.deleteEdge' depends on axioms: [propext, Classical.choice, Quot.sound]
info: Probe/FoundationAudit.lean:28:0: 'JSP512Probe.RotationSystem.deleted_cycles' depends on axioms: [propext, Classical.choice, Quot.sound]
info: Probe/FoundationAudit.lean:29:0: 'JSP512Probe.RotationSystem.deleted_face' depends on axioms: [propext, Classical.choice, Quot.sound]
info: Probe/FoundationAudit.lean:30:0: 'JSP512Probe.RotationSystem.ambient_face_surgery' depends on axioms: [propext, Classical.choice, Quot.sound]
info: Probe/FoundationAudit.lean:32:0: 'JSP512Probe.RotationSystem.removed_face_orbit' depends on axioms: [propext, Classical.choice, Quot.sound]
info: Probe/FoundationAudit.lean:34:0: 'JSP512Probe.quotient_card_remove_class' depends on axioms: [propext, Classical.choice, Quot.sound]
info: Probe/FoundationAudit.lean:35:0: 'JSP512Probe.sameCycle_embedding' depends on axioms: [propext, Classical.choice, Quot.sound]
info: Probe/FoundationAudit.lean:36:0: 'JSP512Probe.RotationSystem.ambient_face_count' depends on axioms: [propext, Classical.choice, Quot.sound]
info: Probe/FoundationAudit.lean:38:0: 'JSP512Probe.CycleSurgery.swap_joins' depends on axioms: [propext, Classical.choice, Quot.sound]
info: Probe/FoundationAudit.lean:39:0: 'JSP512Probe.CycleSurgery.swap_cycles_label' depends on axioms: [propext, Classical.choice, Quot.sound]
info: Probe/FoundationAudit.lean:40:0: 'JSP512Probe.CycleSurgery.swap_cycle_count' depends on axioms: [propext, Classical.choice, Quot.sound]
info: Probe/FoundationAudit.lean:42:0: 'JSP512Probe.CycleSurgery.swap_split_count' depends on axioms: [propext, Classical.choice, Quot.sound]
info: Probe/FoundationAudit.lean:43:0: 'JSP512Probe.RotationSystem.delete_face_count_same' depends on axioms: [propext, Classical.choice, Quot.sound]
info: Probe/FoundationAudit.lean:44:0: 'JSP512Probe.RotationSystem.delete_face_count_different' depends on axioms: [propext, Classical.choice, Quot.sound]
info: Probe/FoundationAudit.lean:45:0: 'JSP512Probe.RotationSystem.delete_face_count_source_leaf' depends on axioms: [propext, Classical.choice, Quot.sound]
info: Probe/FoundationAudit.lean:46:0: 'JSP512Probe.RotationSystem.delete_face_count_target_leaf' depends on axioms: [propext, Classical.choice, Quot.sound]
info: Probe/FoundationAudit.lean:47:0: 'JSP512Probe.RotationSystem.delete_face_count_isolated_edge' depends on axioms: [propext, Classical.choice, Quot.sound]
info: Probe/FoundationAudit.lean:48:0: 'JSP512Probe.RotationSystem.bridge_same_face' depends on axioms: [propext, Classical.choice, Quot.sound]
info: Probe/FoundationAudit.lean:49:0: 'JSP512Probe.RotationSystem.bridge_component_count' depends on axioms: [propext, Classical.choice, Quot.sound]
info: Probe/FoundationAudit.lean:50:0: 'JSP512Probe.RotationSystem.nonbridge_component_count' depends on axioms: [propext, Classical.choice, Quot.sound]
info: Probe/FoundationAudit.lean:52:0: 'JSP512Probe.RotationSystem.supportSize_delete' depends on axioms: [propext, Classical.choice, Quot.sound]
info: Probe/FoundationAudit.lean:53:0: 'JSP512Probe.RotationSystem.defect_delete_le' depends on axioms: [propext, Classical.choice, Quot.sound]
info: Probe/FoundationAudit.lean:54:0: 'JSP512Probe.RotationSystem.defect_nonnegative' depends on axioms: [propext, Classical.choice, Quot.sound]
info: Probe/FoundationAudit.lean:55:0: 'JSP512Probe.RotationSystem.genusZero_delete' depends on axioms: [propext, Classical.choice, Quot.sound]
info: Probe/FoundationAudit.lean:56:0: 'JSP512Probe.RotationSystem.genusZero_bridge_iff_sameFace' depends on axioms: [propext, Classical.choice, Quot.sound]
info: Probe/FoundationAudit.lean:57:0: 'JSP512Probe.RotationSystem.genusZero_subgraph' depends on axioms: [propext, Classical.choice, Quot.sound]
info: Probe/FoundationAudit.lean:59:0: 'JSP512Probe.CycleSurgery.erase_insertAfter' depends on axioms: [propext, Classical.choice, Quot.sound]
info: Probe/FoundationAudit.lean:60:0: 'JSP512Probe.CycleSurgery.insertAfter_sameCycle' depends on axioms: [propext, Classical.choice, Quot.sound]
info: Probe/FoundationAudit.lean:61:0: 'JSP512Probe.CycleSurgery.insertAfter_new_cycle' depends on axioms: [propext, Classical.choice, Quot.sound]
info: Probe/FoundationAudit.lean:62:0: 'JSP512Probe.CycleSurgery.insertAfter_orbit_count' depends on axioms: [propext, Classical.choice, Quot.sound]
info: Probe/FoundationAudit.lean:63:0: 'JSP512Probe.CycleSurgery.insertAfter_fiber_cycles' depends on axioms: [propext, Classical.choice, Quot.sound]
info: Probe/FoundationAudit.lean:64:0: 'JSP512Probe.CycleSurgery.insertAfter_preserves_label' depends on axioms: [propext, Classical.choice, Quot.sound]
info: Probe/FoundationAudit.lean:66:0: 'JSP512Probe.CycleSurgery.fresh_source_fiber_cycles' depends on axioms: [propext, Classical.choice, Quot.sound]
info: Probe/FoundationAudit.lean:68:0: 'JSP512Probe.EdgeInsertion.dartEquiv' depends on axioms: [propext, Classical.choice]
info: Probe/FoundationAudit.lean:69:0: 'JSP512Probe.EdgeInsertion.addEdge' depends on axioms: [propext, Classical.choice, Quot.sound]
info: Probe/FoundationAudit.lean:70:0: 'JSP512Probe.EdgeInsertion.added_cycles' depends on axioms: [propext, Classical.choice, Quot.sound]
info: Probe/FoundationAudit.lean:71:0: 'JSP512Probe.EdgeInsertion.added_face_embed' depends on axioms: [propext, Classical.choice, Quot.sound]
info: Probe/FoundationAudit.lean:73:0: 'JSP512Probe.CycleSurgery.insertAfter_old' depends on axioms: [propext, Classical.choice, Quot.sound]
info: Probe/FoundationAudit.lean:74:0: 'JSP512Probe.EdgeInsertion.face_insertion_formula' depends on axioms: [propext, Classical.choice, Quot.sound]
info: Probe/FoundationAudit.lean:75:0: 'JSP512Probe.EdgeInsertion.added_face_count_eq_cut' depends on axioms: [propext, Classical.choice, Quot.sound]
info: Probe/FoundationAudit.lean:76:0: 'JSP512Probe.EdgeInsertion.cofacial_added_face_count' depends on axioms: [propext, Classical.choice, Quot.sound]
info: Probe/FoundationAudit.lean:77:0: 'JSP512Probe.EdgeInsertion.added_edge_count' depends on axioms: [propext, Classical.choice, Quot.sound]
info: Probe/FoundationAudit.lean:78:0: 'JSP512Probe.EdgeInsertion.added_component_count' depends on axioms: [propext, Classical.choice, Quot.sound]
info: Probe/FoundationAudit.lean:79:0: 'JSP512Probe.EdgeInsertion.cofacial_defect' depends on axioms: [propext, Classical.choice, Quot.sound]
info: Probe/FoundationAudit.lean:80:0: 'JSP512Probe.EdgeInsertion.cofacial_genusZero' depends on axioms: [propext, Classical.choice, Quot.sound]
info: Probe/FoundationAudit.lean:82:0: 'JSP512Probe.RotationSystem.exists_maximal_augmentation' depends on axioms: [propext, Classical.choice, Quot.sound]
info: Probe/FoundationAudit.lean:83:0: 'JSP512Probe.RotationSystem.maximal_cofacial_adj' depends on axioms: [propext, Classical.choice, Quot.sound]
info: Probe/FoundationAudit.lean:84:0: 'JSP512Probe.RotationSystem.maximal_face_vertices_adj' depends on axioms: [propext, Classical.choice, Quot.sound]
info: Probe/FoundationAudit.lean:85:0: 'JSP512Probe.RotationSystem.maximal_supergraph_eq' depends on axioms: [propext, Classical.choice, Quot.sound]
info: Probe/FoundationAudit.lean:86:0: 'JSP512Probe.RotationSystem.maximal_face_isClique' depends on axioms: [propext, Classical.choice, Quot.sound]
info: Probe/FoundationAudit.lean:87:0: 'JSP512Probe.RotationSystem.maximal_bridge_source_fixed' depends on axioms: [propext, Classical.choice, Quot.sound]
info: Probe/FoundationAudit.lean:88:0: 'JSP512Probe.RotationSystem.maximal_bridge_endpoints_fixed' depends on axioms: [propext, Classical.choice, Quot.sound]
info: Probe/FoundationAudit.lean:90:0: 'JSP512Probe.EdgeInsertion.delete_added_edge' depends on axioms: [propext, Classical.choice, Quot.sound]
info: Probe/FoundationAudit.lean:91:0: 'JSP512Probe.EdgeInsertion.separate_component_count' depends on axioms: [propext, Classical.choice, Quot.sound]
info: Probe/FoundationAudit.lean:92:0: 'JSP512Probe.EdgeInsertion.separate_face_count' depends on axioms: [propext, Classical.choice, Quot.sound]
info: Probe/FoundationAudit.lean:93:0: 'JSP512Probe.EdgeInsertion.separate_defect' depends on axioms: [propext, Classical.choice, Quot.sound]
info: Probe/FoundationAudit.lean:94:0: 'JSP512Probe.EdgeInsertion.separate_genusZero' depends on axioms: [propext, Classical.choice, Quot.sound]
info: Probe/FoundationAudit.lean:95:0: 'JSP512Probe.RotationSystem.maximal_dart_sources_reachable' depends on axioms: [propext, Classical.choice, Quot.sound]
info: Probe/FoundationAudit.lean:96:0: 'JSP512Probe.RotationSystem.maximal_support_reachable' depends on axioms: [propext, Classical.choice, Quot.sound]
info: Probe/FoundationAudit.lean:98:0: 'JSP512Probe.EdgeInsertion.pendant_cycles' depends on axioms: [propext, Classical.choice, Quot.sound]
info: Probe/FoundationAudit.lean:99:0: 'JSP512Probe.EdgeInsertion.addPendant' depends on axioms: [propext, Classical.choice, Quot.sound]
info: Probe/FoundationAudit.lean:100:0: 'JSP512Probe.EdgeInsertion.pendant_face_formula' depends on axioms: [propext, Classical.choice, Quot.sound]
info: Probe/FoundationAudit.lean:101:0: 'JSP512Probe.EdgeInsertion.pendant_face_count' depends on axioms: [propext, Classical.choice, Quot.sound]
info: Probe/FoundationAudit.lean:102:0: 'JSP512Probe.EdgeInsertion.delete_pendant_edge' depends on axioms: [propext, Classical.choice, Quot.sound]
info: Probe/FoundationAudit.lean:103:0: 'JSP512Probe.EdgeInsertion.pendant_defect' depends on axioms: [propext, Classical.choice, Quot.sound]
info: Probe/FoundationAudit.lean:104:0: 'JSP512Probe.EdgeInsertion.pendant_genusZero' depends on axioms: [propext, Classical.choice, Quot.sound]
info: Probe/FoundationAudit.lean:105:0: 'JSP512Probe.RotationSystem.maximal_support_univ' depends on axioms: [propext, Classical.choice, Quot.sound]
info: Probe/FoundationAudit.lean:106:0: 'JSP512Probe.RotationSystem.maximal_connected_of_dart' depends on axioms: [propext, Classical.choice, Quot.sound]
info: Probe/FoundationAudit.lean:107:0: 'JSP512Probe.EdgeInsertion.singleEdgeRotation' depends on axioms: [propext, Classical.choice, Quot.sound]
info: Probe/FoundationAudit.lean:108:0: 'JSP512Probe.EdgeInsertion.singleEdge_genusZero' depends on axioms: [propext, Classical.choice, Quot.sound]
info: Probe/FoundationAudit.lean:109:0: 'JSP512Probe.RotationSystem.maximal_preconnected' depends on axioms: [propext, Classical.choice, Quot.sound]
info: Probe/FoundationAudit.lean:110:0: 'JSP512Probe.RotationSystem.maximal_connected' depends on axioms: [propext, Classical.choice, Quot.sound]
info: Probe/FoundationAudit.lean:112:0: 'JSP512Probe.RotationSystem.reachable_of_endpoints_fixed' depends on axioms: [propext, Classical.choice, Quot.sound]
info: Probe/FoundationAudit.lean:113:0: 'JSP512Probe.RotationSystem.maximal_bridge_card' depends on axioms: [propext, Classical.choice, Quot.sound]
info: Probe/FoundationAudit.lean:114:0: 'JSP512Probe.RotationSystem.maximal_not_bridge' depends on axioms: [propext, Classical.choice, Quot.sound]
info: Probe/FoundationAudit.lean:115:0: 'JSP512Probe.RotationSystem.maximal_edge_distinct_faces' depends on axioms: [propext, Classical.choice, Quot.sound]
info: Probe/FoundationAudit.lean:116:0: 'JSP512Probe.RotationSystem.maximal_face_edge_injective' depends on axioms: [propext, Classical.choice, Quot.sound]
info: Probe/FoundationAudit.lean:117:0: 'JSP512Probe.RotationSystem.maximal_face_two_steps_ne' depends on axioms: [propext, Classical.choice, Quot.sound]
info: Probe/FoundationAudit.lean:118:0: 'JSP512Probe.RotationSystem.maximal_rotations_nonfixed' depends on axioms: [propext, Classical.choice, Quot.sound]
info: Probe/FoundationAudit.lean:120:0: 'JSP512Probe.RotationSystem.maximal_consecutive_neighbors_adj' depends on axioms: [propext,
 Classical.choice,
 Quot.sound]
info: Probe/FoundationAudit.lean:121:0: 'JSP512Probe.RotationSystem.maximal_neighbor_preconnected' depends on axioms: [propext, Classical.choice, Quot.sound]
info: Probe/FoundationAudit.lean:122:0: 'JSP512Probe.RotationSystem.maximal_vertex_deleted_preconnected' depends on axioms: [propext,
 Classical.choice,
 Quot.sound]
info: Probe/FoundationAudit.lean:123:0: 'JSP512Probe.RotationSystem.maximal_vertex_deleted_connected' depends on axioms: [propext, Classical.choice, Quot.sound]
info: Probe/FoundationAudit.lean:125:0: 'JSP512Probe.RefinedRotation.cycle_source' depends on axioms: [propext, Classical.choice, Quot.sound]
info: Probe/FoundationAudit.lean:126:0: 'JSP512Probe.RefinedRotation.dart_bijective' depends on axioms: [propext, Classical.choice, Quot.sound]
info: Probe/FoundationAudit.lean:127:0: 'JSP512Probe.RefinedRotation.rotation' depends on axioms: [propext, Classical.choice, Quot.sound]
info: Probe/FoundationAudit.lean:128:0: 'JSP512Probe.RefinedRotation.face_count' depends on axioms: [propext, Classical.choice, Quot.sound]
info: Probe/FoundationAudit.lean:129:0: 'JSP512Probe.RefinedRotation.full_support' depends on axioms: [propext, Classical.choice, Quot.sound]
info: Probe/FoundationAudit.lean:130:0: 'JSP512Probe.RefinedRotation.edge_count' depends on axioms: [propext, Classical.choice, Quot.sound]
info: Probe/FoundationAudit.lean:131:0: 'JSP512Probe.RotationSystem.split_source' depends on axioms: [propext, Classical.choice, Quot.sound]
info: Probe/FoundationAudit.lean:132:0: 'JSP512Probe.RotationSystem.split_cycles_away' depends on axioms: [propext, Classical.choice, Quot.sound]
info: Probe/FoundationAudit.lean:133:0: 'JSP512Probe.RotationSystem.split_graph_connected' depends on axioms: [propext, Classical.choice, Quot.sound]
info: Probe/FoundationAudit.lean:134:0: 'JSP512Probe.RotationSystem.maximal_face_vertex_injective' depends on axioms: [propext, Classical.choice, Quot.sound]
info: Probe/FoundationAudit.lean:135:0: 'JSP512Probe.RotationSystem.maximal_face_source_injOn' depends on axioms: [propext, Classical.choice, Quot.sound]
info: Probe/FoundationAudit.lean:136:0: 'JSP512Probe.RotationSystem.maximal_face_size_le' depends on axioms: [propext, Classical.choice, Quot.sound]
info: Probe/FoundationAudit.lean:138:0: 'JSP512Probe.CycleSurgery.sum_orbitSize' depends on axioms: [propext, Classical.choice, Quot.sound]
info: Probe/FoundationAudit.lean:139:0: 'JSP512Probe.CycleSurgery.orbitSize_three_le' depends on axioms: [propext, Classical.choice, Quot.sound]
info: Probe/FoundationAudit.lean:140:0: 'JSP512Probe.CycleSurgery.orbit_size_budget' depends on axioms: [propext, Classical.choice, Quot.sound]
info: Probe/FoundationAudit.lean:141:0: 'JSP512Probe.RotationSystem.faceLength_eq_card' depends on axioms: [propext, Classical.choice, Quot.sound]
info: Probe/FoundationAudit.lean:142:0: 'JSP512Probe.RotationSystem.rotate_fixed_of_face_two_steps' depends on axioms: [propext, Classical.choice, Quot.sound]
info: Probe/FoundationAudit.lean:143:0: 'JSP512Probe.RotationSystem.face_length_budget' depends on axioms: [propext, Classical.choice, Quot.sound]
info: Probe/FoundationAudit.lean:144:0: 'JSP512Probe.RotationSystem.genusZero_edge_face_bound' depends on axioms: [propext, Classical.choice, Quot.sound]
info: Probe/FoundationAudit.lean:145:0: 'JSP512Probe.RotationSystem.maximal_edge_face_bound' depends on axioms: [propext, Classical.choice, Quot.sound]
info: Probe/FoundationAudit.lean:146:0: 'JSP512Probe.RotationSystem.delete_face_step_unchanged' depends on axioms: [propext, Classical.choice, Quot.sound]
info: Probe/FoundationAudit.lean:147:0: 'JSP512Probe.RotationSystem.genusZero_subgraph_preserving_steps' depends on axioms: [propext,
 Classical.choice,
 Quot.sound]
info: Probe/FoundationAudit.lean:148:0: 'JSP512Probe.RotationSystem.complete_rotations_nonfixed' depends on axioms: [propext, Classical.choice, Quot.sound]
info: Probe/FoundationAudit.lean:149:0: 'JSP512Probe.RotationSystem.complete_spanning_face_impossible' depends on axioms: [propext,
 Classical.choice,
 Quot.sound]
info: Probe/FoundationAudit.lean:150:0: 'JSP512Probe.RotationSystem.component_support_count' depends on axioms: [propext, Classical.choice, Quot.sound]
info: Probe/FoundationAudit.lean:151:0: 'JSP512Probe.RotationSystem.realized_genusZero' depends on axioms: [propext, Classical.choice, Quot.sound]
info: Probe/FoundationAudit.lean:152:0: 'JSP512Probe.RotationSystem.maximal_faceLength_le_three' depends on axioms: [propext, Classical.choice, Quot.sound]
info: Probe/FoundationAudit.lean:153:0: 'JSP512Probe.RotationSystem.maximal_faceLength_eq_three' depends on axioms: [propext, Classical.choice, Quot.sound]
info: Probe/FoundationAudit.lean:154:0: 'JSP512Probe.RotationSystem.exists_triangular_augmentation' depends on axioms: [propext, Classical.choice, Quot.sound]
info: Probe/FoundationAudit.lean:155:0: 'JSP512Probe.RotationSystem.maximal_face_darts_iff' depends on axioms: [propext, Classical.choice, Quot.sound]
info: Probe/FoundationAudit.lean:156:0: 'JSP512Probe.RotationSystem.maximal_face_three_steps' depends on axioms: [propext, Classical.choice, Quot.sound]
ℹ [1421/1445] Replayed Probe.ColorInductionAudit
info: Probe/ColorInductionAudit.lean:9:0: 'JSP512Probe.ListColoring.reserve_two' depends on axioms: [propext, Classical.choice, Quot.sound]
info: Probe/ColorInductionAudit.lean:10:0: 'JSP512Probe.ListColoring.five_to_three' depends on axioms: [propext, Classical.choice, Quot.sound]
info: Probe/ColorInductionAudit.lean:11:0: 'JSP512Probe.ListColoring.extend_two_choices' depends on axioms: [propext, Classical.choice, Quot.sound]
info: Probe/ColorInductionAudit.lean:12:0: 'JSP512Probe.ListColoring.old_boundary_list_unchanged' depends on axioms: [propext, Classical.choice, Quot.sound]
info: Probe/ColorInductionAudit.lean:13:0: 'JSP512Probe.ListColoring.reduced_list_bounds' depends on axioms: [propext, Classical.choice, Quot.sound]
info: Probe/ColorInductionAudit.lean:14:0: 'JSP512Probe.ListColoring.protected_lists_unchanged' depends on axioms: [propext, Classical.choice, Quot.sound]
info: Probe/ColorInductionAudit.lean:15:0: 'JSP512Probe.ListColoring.three_list_reduction' depends on axioms: [propext, Classical.choice, Quot.sound]
info: Probe/ColorInductionAudit.lean:16:0: 'JSP512Probe.RotationSystem.triangular_sector_endpoints' depends on axioms: [propext, Classical.choice, Quot.sound]
info: Probe/ColorInductionAudit.lean:17:0: 'JSP512Probe.RotationSystem.triangular_neighbors_adj' depends on axioms: [propext, Classical.choice, Quot.sound]
info: Probe/ColorInductionAudit.lean:18:0: 'JSP512Probe.RotationSystem.neighborRotation_sameCycle' depends on axioms: [propext, Classical.choice, Quot.sound]
info: Probe/ColorInductionAudit.lean:19:0: 'JSP512Probe.RotationSystem.neighborRotation_adj' depends on axioms: [propext, Classical.choice, Quot.sound]
info: Probe/ColorInductionAudit.lean:20:0: 'JSP512Probe.RotationSystem.neighborRotation_ne_self' depends on axioms: [propext, Classical.choice, Quot.sound]
info: Probe/ColorInductionAudit.lean:22:0: 'JSP512Probe.RotationSystem.sector_endpoints_of_closed' depends on axioms: [propext, Classical.choice, Quot.sound]
info: Probe/ColorInductionAudit.lean:23:0: 'JSP512Probe.RotationSystem.neighborRotation_adj_except' depends on axioms: [propext, Classical.choice, Quot.sound]
info: Probe/ColorInductionAudit.lean:25:0: 'JSP512Probe.RotationSystem.IsTriangulatedDisk.reroot' depends on axioms: [propext, Classical.choice, Quot.sound]
info: Probe/ColorInductionAudit.lean:26:0: 'JSP512Probe.RotationSystem.disk_delete_instance' depends on axioms: [propext, Classical.choice, Quot.sound]
info: Probe/ColorInductionAudit.lean:27:0: 'JSP512Probe.RotationSystem.deleted_outer_edge' depends on axioms: [propext, Classical.choice, Quot.sound]
info: Probe/ColorInductionAudit.lean:28:0: 'JSP512Probe.RotationSystem.disk_list_reduction' depends on axioms: [propext, Classical.choice, Quot.sound]
info: Probe/ColorInductionAudit.lean:29:0: 'JSP512Probe.RotationSystem.disk_backtracking_vertices' depends on axioms: [propext, Classical.choice, Quot.sound]
info: Probe/ColorInductionAudit.lean:30:0: 'JSP512Probe.RotationSystem.disk_backtracking_coloring' depends on axioms: [propext, Classical.choice, Quot.sound]
info: Probe/ColorInductionAudit.lean:32:0: 'JSP512Probe.ListColoring.glue_induced' depends on axioms: [propext, Classical.choice, Quot.sound]
info: Probe/ColorInductionAudit.lean:33:0: 'JSP512Probe.ListColoring.glue_induced_lists' depends on axioms: [propext, Classical.choice, Quot.sound]
info: Probe/ColorInductionAudit.lean:34:0: 'JSP512Probe.ListColoring.glue_along_chord' depends on axioms: [propext, Classical.choice, Quot.sound]
info: Probe/ColorInductionAudit.lean:35:0: 'JSP512Probe.ListColoring.chord_endpoint_colors_ne' depends on axioms: [propext, Classical.choice, Quot.sound]
info: Probe/ColorInductionAudit.lean:36:0: 'JSP512Probe.ListColoring.chordLists_unchanged' depends on axioms: [propext, Quot.sound]
info: Probe/ColorInductionAudit.lean:37:0: 'JSP512Probe.ListColoring.chord_list_bounds' depends on axioms: [propext, Classical.choice, Quot.sound]
info: Probe/ColorInductionAudit.lean:39:0: 'JSP512Probe.RotationSystem.induced_disk_list_bounds' depends on axioms: [propext, Classical.choice, Quot.sound]
info: Probe/ColorInductionAudit.lean:41:0: 'JSP512Probe.RotationSystem.induced_chord_list_bounds' depends on axioms: [propext, Classical.choice, Quot.sound]
info: Probe/ColorInductionAudit.lean:43:0: 'JSP512Probe.ListColoring.protected_edge_side' does not depend on any axioms
info: Probe/ColorInductionAudit.lean:45:0: 'JSP512Probe.RotationSystem.ChordSectorData.predecessor_not_restored_exposed' depends on axioms: [propext,
 Classical.choice,
 Quot.sound]
info: Probe/ColorInductionAudit.lean:47:0: 'JSP512Probe.RotationSystem.ChordSectorData.protected_vertices' depends on axioms: [propext,
 Classical.choice,
 Quot.sound]
info: Probe/ColorInductionAudit.lean:49:0: 'JSP512Probe.RotationSystem.facialVertices_reroot' depends on axioms: [propext, Classical.choice, Quot.sound]
info: Probe/ColorInductionAudit.lean:50:0: 'JSP512Probe.RotationSystem.ChordSectorData.precolored_step' depends on axioms: [propext, Classical.choice, Quot.sound]
info: Probe/ColorInductionAudit.lean:51:0: 'JSP512Probe.RotationSystem.disk_list_reduction_region' depends on axioms: [propext, Classical.choice, Quot.sound]
info: Probe/ColorInductionAudit.lean:52:0: 'JSP512Probe.RotationSystem.precolored_delete_step' depends on axioms: [propext, Classical.choice, Quot.sound]
info: Probe/ColorInductionAudit.lean:53:0: 'JSP512Probe.RotationSystem.triangulated_disk_precolored' depends on axioms: [propext, Classical.choice, Quot.sound]
info: Probe/ColorInductionAudit.lean:54:0: 'JSP512Probe.RotationSystem.triangulated_disk_list_coloring' depends on axioms: [propext, Classical.choice, Quot.sound]
info: Probe/ColorInductionAudit.lean:55:0: 'JSP512Probe.RotationSystem.small_graph_list_coloring' depends on axioms: [propext, Classical.choice, Quot.sound]
info: Probe/ColorInductionAudit.lean:56:0: 'JSP512Probe.RotationSystem.genusZero_five_list_coloring' depends on axioms: [propext, Classical.choice, Quot.sound]
ℹ [1422/1445] Replayed Probe.VertexDeletionAudit
info: Probe/VertexDeletionAudit.lean:4:0: 'JSP512Probe.CycleSurgery.fiberPermutation' depends on axioms: [Quot.sound]
info: Probe/VertexDeletionAudit.lean:5:0: 'JSP512Probe.CycleSurgery.fiberPermutation_cycles' depends on axioms: [propext, Classical.choice, Quot.sound]
info: Probe/VertexDeletionAudit.lean:6:0: 'JSP512Probe.RotationSystem.vertexLocal_source' depends on axioms: [propext, Classical.choice, Quot.sound]
info: Probe/VertexDeletionAudit.lean:7:0: 'JSP512Probe.RotationSystem.vertexErased_incoming_fixed' depends on axioms: [propext, Classical.choice, Quot.sound]
info: Probe/VertexDeletionAudit.lean:8:0: 'JSP512Probe.RotationSystem.vertex_survives_iff' depends on axioms: [propext, Classical.choice, Quot.sound]
info: Probe/VertexDeletionAudit.lean:9:0: 'JSP512Probe.RotationSystem.deleteVertex' depends on axioms: [propext, Classical.choice, Quot.sound]
info: Probe/VertexDeletionAudit.lean:10:0: 'JSP512Probe.RotationSystem.vertex_deleted_face' depends on axioms: [propext, Classical.choice, Quot.sound]
info: Probe/VertexDeletionAudit.lean:11:0: 'JSP512Probe.RotationSystem.vertexErased_apply' depends on axioms: [propext, Classical.choice, Quot.sound]
info: Probe/VertexDeletionAudit.lean:12:0: 'JSP512Probe.RotationSystem.vertex_deleted_face_formula' depends on axioms: [propext, Classical.choice, Quot.sound]
info: Probe/VertexDeletionAudit.lean:13:0: 'JSP512Probe.RotationSystem.sector_survives' depends on axioms: [propext, Classical.choice, Quot.sound]
info: Probe/VertexDeletionAudit.lean:14:0: 'JSP512Probe.RotationSystem.sector_deleted_face' depends on axioms: [propext, Classical.choice, Quot.sound]
info: Probe/VertexDeletionAudit.lean:15:0: 'JSP512Probe.RotationSystem.sector_predecessor_step' depends on axioms: [propext, Classical.choice, Quot.sound]
info: Probe/VertexDeletionAudit.lean:16:0: 'JSP512Probe.RotationSystem.deleted_face_step_of_survives' depends on axioms: [propext, Classical.choice, Quot.sound]
info: Probe/VertexDeletionAudit.lean:17:0: 'JSP512Probe.RotationSystem.deleted_triangle_preserved' depends on axioms: [propext, Classical.choice, Quot.sound]
info: Probe/VertexDeletionAudit.lean:18:0: 'JSP512Probe.RotationSystem.boundarySector_injective' depends on axioms: [propext, Classical.choice, Quot.sound]
info: Probe/VertexDeletionAudit.lean:19:0: 'JSP512Probe.RotationSystem.boundarySector_step' depends on axioms: [propext, Classical.choice, Quot.sound]
info: Probe/VertexDeletionAudit.lean:20:0: 'JSP512Probe.RotationSystem.deleted_boundary_orbit' depends on axioms: [propext, Classical.choice, Quot.sound]
info: Probe/VertexDeletionAudit.lean:21:0: 'JSP512Probe.RotationSystem.deleted_boundary_vertices' depends on axioms: [propext, Classical.choice, Quot.sound]
info: Probe/VertexDeletionAudit.lean:22:0: 'JSP512Probe.RotationSystem.deleted_boundary_source_injective' depends on axioms: [propext,
 Classical.choice,
 Quot.sound]
info: Probe/VertexDeletionAudit.lean:23:0: 'JSP512Probe.RotationSystem.deleted_nonboundary_step' depends on axioms: [propext, Classical.choice, Quot.sound]
info: Probe/VertexDeletionAudit.lean:24:0: 'JSP512Probe.RotationSystem.deleted_nonboundary_triangular' depends on axioms: [propext, Classical.choice, Quot.sound]
info: Probe/VertexDeletionAudit.lean:25:0: 'JSP512Probe.RotationSystem.deleted_boundary_length' depends on axioms: [propext, Classical.choice, Quot.sound]
info: Probe/VertexDeletionAudit.lean:27:0: 'JSP512Probe.CycleSurgery.orbitSize_eq_three' depends on axioms: [propext, Classical.choice, Quot.sound]
info: Probe/VertexDeletionAudit.lean:28:0: 'JSP512Probe.CycleSurgery.orbit_size_exact' depends on axioms: [propext, Classical.choice, Quot.sound]
info: Probe/VertexDeletionAudit.lean:29:0: 'JSP512Probe.RotationSystem.deleted_face_count' depends on axioms: [propext, Classical.choice, Quot.sound]
info: Probe/VertexDeletionAudit.lean:30:0: 'JSP512Probe.RotationSystem.triangular_face_count' depends on axioms: [propext, Classical.choice, Quot.sound]
info: Probe/VertexDeletionAudit.lean:31:0: 'JSP512Probe.RotationSystem.vertex_deleted_edge_count' depends on axioms: [propext, Classical.choice, Quot.sound]
info: Probe/VertexDeletionAudit.lean:32:0: 'JSP512Probe.RotationSystem.vertex_deleted_vertex_count' depends on axioms: [propext, Classical.choice, Quot.sound]
info: Probe/VertexDeletionAudit.lean:33:0: 'JSP512Probe.RotationSystem.maximal_deleteVertex_genusZero' depends on axioms: [propext, Classical.choice, Quot.sound]
info: Probe/VertexDeletionAudit.lean:35:0: 'JSP512Probe.RotationSystem.outer_face_fan' depends on axioms: [propext, Classical.choice, Quot.sound]
info: Probe/VertexDeletionAudit.lean:36:0: 'JSP512Probe.RotationSystem.fan_neighbor_preconnected' depends on axioms: [propext, Classical.choice, Quot.sound]
info: Probe/VertexDeletionAudit.lean:37:0: 'JSP512Probe.RotationSystem.vertex_deleted_preconnected_of_neighbors' depends on axioms: [propext,
 Classical.choice,
 Quot.sound]
info: Probe/VertexDeletionAudit.lean:38:0: 'JSP512Probe.RotationSystem.outer_vertex_deleted_connected' depends on axioms: [propext, Classical.choice, Quot.sound]
info: Probe/VertexDeletionAudit.lean:39:0: 'JSP512Probe.RotationSystem.inner_sector_not_outer' depends on axioms: [propext, Classical.choice, Quot.sound]
info: Probe/VertexDeletionAudit.lean:40:0: 'JSP512Probe.RotationSystem.outer_splice_entry' depends on axioms: [propext, Classical.choice, Quot.sound]
info: Probe/VertexDeletionAudit.lean:41:0: 'JSP512Probe.RotationSystem.outer_splice_exit' depends on axioms: [propext, Classical.choice, Quot.sound]
info: Probe/VertexDeletionAudit.lean:43:0: 'JSP512Probe.RotationSystem.outer_region_sector' depends on axioms: [propext, Classical.choice, Quot.sound]
info: Probe/VertexDeletionAudit.lean:44:0: 'JSP512Probe.RotationSystem.outer_region_step' depends on axioms: [propext, Classical.choice, Quot.sound]
info: Probe/VertexDeletionAudit.lean:45:0: 'JSP512Probe.RotationSystem.outer_region_sameCycle' depends on axioms: [propext, Classical.choice, Quot.sound]
info: Probe/VertexDeletionAudit.lean:46:0: 'JSP512Probe.RotationSystem.outside_outer_region_step' depends on axioms: [propext, Classical.choice, Quot.sound]
info: Probe/VertexDeletionAudit.lean:47:0: 'JSP512Probe.RotationSystem.outside_outer_region_triangular' depends on axioms: [propext, Classical.choice, Quot.sound]
info: Probe/VertexDeletionAudit.lean:48:0: 'JSP512Probe.RotationSystem.outer_region_source_injective' depends on axioms: [propext, Classical.choice, Quot.sound]
info: Probe/VertexDeletionAudit.lean:49:0: 'JSP512Probe.RotationSystem.outer_region_vertices' depends on axioms: [propext, Classical.choice, Quot.sound]
info: Probe/VertexDeletionAudit.lean:51:0: 'JSP512Probe.RotationSystem.outer_fan_single_orbit' depends on axioms: [propext, Classical.choice, Quot.sound]
info: Probe/VertexDeletionAudit.lean:52:0: 'JSP512Probe.RotationSystem.old_outer_reaches_fan' depends on axioms: [propext, Classical.choice, Quot.sound]
info: Probe/VertexDeletionAudit.lean:53:0: 'JSP512Probe.RotationSystem.outer_region_single_orbit' depends on axioms: [propext, Classical.choice, Quot.sound]
info: Probe/VertexDeletionAudit.lean:54:0: 'JSP512Probe.RotationSystem.outer_deleted_boundary' depends on axioms: [propext, Classical.choice, Quot.sound]
info: Probe/VertexDeletionAudit.lean:55:0: 'JSP512Probe.RotationSystem.disk_face_count' depends on axioms: [propext, Classical.choice, Quot.sound]
info: Probe/VertexDeletionAudit.lean:57:0: 'JSP512Probe.RotationSystem.faceLength_eq_label_card' depends on axioms: [propext, Classical.choice, Quot.sound]
info: Probe/VertexDeletionAudit.lean:58:0: 'JSP512Probe.RotationSystem.nonbacktracking_corner_card' depends on axioms: [propext, Classical.choice, Quot.sound]
info: Probe/VertexDeletionAudit.lean:59:0: 'JSP512Probe.RotationSystem.outer_deleted_length' depends on axioms: [propext, Classical.choice, Quot.sound]
info: Probe/VertexDeletionAudit.lean:60:0: 'JSP512Probe.RotationSystem.disk_deleteVertex_genusZero' depends on axioms: [propext, Classical.choice, Quot.sound]
info: Probe/VertexDeletionAudit.lean:62:0: 'JSP512Probe.RotationSystem.outer_deleted_dart_length' depends on axioms: [propext, Classical.choice, Quot.sound]
info: Probe/VertexDeletionAudit.lean:63:0: 'JSP512Probe.RotationSystem.boundary_deleteVertex_genusZero' depends on axioms: [propext, Classical.choice, Quot.sound]
ℹ [1424/1445] Replayed Probe.ChordSeparationAudit
info: Probe/ChordSeparationAudit.lean:22:0: 'JSP512Probe.RotationSystem.split_cycles_at' depends on axioms: [propext, Classical.choice, Quot.sound]
info: Probe/ChordSeparationAudit.lean:23:0: 'JSP512Probe.RotationSystem.split_reaches_copies' depends on axioms: [propext, Classical.choice, Quot.sound]
info: Probe/ChordSeparationAudit.lean:24:0: 'JSP512Probe.RotationSystem.split_component_count_le_two' depends on axioms: [propext, Classical.choice, Quot.sound]
info: Probe/ChordSeparationAudit.lean:25:0: 'JSP512Probe.RotationSystem.split_separates_genusZero' depends on axioms: [propext, Classical.choice, Quot.sound]
info: Probe/ChordSeparationAudit.lean:26:0: 'JSP512Probe.RotationSystem.split_copies_not_reachable' depends on axioms: [propext, Classical.choice, Quot.sound]
info: Probe/ChordSeparationAudit.lean:28:0: 'JSP512Probe.RotationSystem.chord_exposes_repeated_vertex' depends on axioms: [propext, Classical.choice, Quot.sound]
info: Probe/ChordSeparationAudit.lean:29:0: 'JSP512Probe.RotationSystem.chord_deletion_separates' depends on axioms: [propext, Classical.choice, Quot.sound]
info: Probe/ChordSeparationAudit.lean:31:0: 'JSP512Probe.RotationSystem.split_sides_cover' depends on axioms: [propext, Classical.choice, Quot.sound]
info: Probe/ChordSeparationAudit.lean:32:0: 'JSP512Probe.RotationSystem.split_sides_edges' depends on axioms: [propext, Classical.choice, Quot.sound]
info: Probe/ChordSeparationAudit.lean:33:0: 'JSP512Probe.RotationSystem.split_sides_inter' depends on axioms: [propext, Classical.choice, Quot.sound]
info: Probe/ChordSeparationAudit.lean:34:0: 'JSP512Probe.RotationSystem.split_sides_proper' depends on axioms: [propext, Classical.choice, Quot.sound]
info: Probe/ChordSeparationAudit.lean:35:0: 'JSP512Probe.RotationSystem.split_sides_card_lt' depends on axioms: [propext, Classical.choice, Quot.sound]
info: Probe/ChordSeparationAudit.lean:36:0: 'JSP512Probe.RotationSystem.survivor_mem_restoreSide' does not depend on any axioms
info: Probe/ChordSeparationAudit.lean:37:0: 'JSP512Probe.RotationSystem.restore_separator' depends on axioms: [propext, Classical.choice, Quot.sound]
info: Probe/ChordSeparationAudit.lean:38:0: 'JSP512Probe.RotationSystem.chord_vertex_separator' depends on axioms: [propext, Classical.choice, Quot.sound]
info: Probe/ChordSeparationAudit.lean:40:0: 'JSP512Probe.RefinedRotation.projectHom' depends on axioms: [propext, Classical.choice, Quot.sound]
info: Probe/ChordSeparationAudit.lean:41:0: 'JSP512Probe.RotationSystem.splitSide_connected' depends on axioms: [propext, Classical.choice, Quot.sound]
info: Probe/ChordSeparationAudit.lean:42:0: 'JSP512Probe.RotationSystem.split_project_injective_on_component' depends on axioms: [propext,
 Classical.choice,
 Quot.sound]
info: Probe/ChordSeparationAudit.lean:43:0: 'JSP512Probe.RotationSystem.restoreSide_connected' depends on axioms: [propext, Quot.sound]
info: Probe/ChordSeparationAudit.lean:44:0: 'JSP512Probe.RotationSystem.chord_connected_separator' depends on axioms: [propext, Classical.choice, Quot.sound]
info: Probe/ChordSeparationAudit.lean:46:0: 'JSP512Probe.RotationSystem.split_project_reflects_adj' depends on axioms: [propext, Classical.choice, Quot.sound]
info: Probe/ChordSeparationAudit.lean:47:0: 'JSP512Probe.RotationSystem.split_component_iso' depends on axioms: [propext, Classical.choice, Quot.sound]
info: Probe/ChordSeparationAudit.lean:49:0: 'JSP512Probe.RotationSystem.splitSideRotation' depends on axioms: [propext, Classical.choice, Quot.sound]
info: Probe/ChordSeparationAudit.lean:50:0: 'JSP512Probe.RotationSystem.splitSideRotation_genusZero' depends on axioms: [propext, Classical.choice, Quot.sound]
info: Probe/ChordSeparationAudit.lean:52:0: 'JSP512Probe.CycleSurgery.split_cycle_partition' depends on axioms: [propext, Classical.choice, Quot.sound]
info: Probe/ChordSeparationAudit.lean:53:0: 'JSP512Probe.RefinedRotation.face_dart' depends on axioms: [propext, Classical.choice, Quot.sound]
info: Probe/ChordSeparationAudit.lean:54:0: 'JSP512Probe.RotationSystem.split_face_cycles' depends on axioms: [propext, Classical.choice, Quot.sound]
info: Probe/ChordSeparationAudit.lean:55:0: 'JSP512Probe.RotationSystem.split_outer_partition' depends on axioms: [propext, Classical.choice, Quot.sound]
info: Probe/ChordSeparationAudit.lean:56:0: 'JSP512Probe.RotationSystem.split_preserves_inner_triangle' depends on axioms: [propext, Classical.choice, Quot.sound]
info: Probe/ChordSeparationAudit.lean:57:0: 'JSP512Probe.RotationSystem.split_inner_faces' depends on axioms: [propext, Classical.choice, Quot.sound]
info: Probe/ChordSeparationAudit.lean:58:0: 'JSP512Probe.RotationSystem.split_component_inner' depends on axioms: [propext, Classical.choice, Quot.sound]
info: Probe/ChordSeparationAudit.lean:59:0: 'JSP512Probe.RotationSystem.split_restricted_inner' depends on axioms: [propext, Classical.choice, Quot.sound]
info: Probe/ChordSeparationAudit.lean:60:0: 'JSP512Probe.RotationSystem.splitSideRotation_inner' depends on axioms: [propext, Classical.choice, Quot.sound]
info: Probe/ChordSeparationAudit.lean:62:0: 'JSP512Probe.CycleSurgery.split_cycle_interval' depends on axioms: [propext, Classical.choice, Quot.sound]
info: Probe/ChordSeparationAudit.lean:63:0: 'JSP512Probe.RotationSystem.split_outer_interval' depends on axioms: [propext, Classical.choice, Quot.sound]
info: Probe/ChordSeparationAudit.lean:64:0: 'JSP512Probe.EdgeInsertion.FaceRoute.power_list' depends on axioms: [propext, Classical.choice, Quot.sound]
info: Probe/ChordSeparationAudit.lean:66:0: 'JSP512Probe.EdgeInsertion.FaceRoute.of_steps' depends on axioms: [propext, Quot.sound]
info: Probe/ChordSeparationAudit.lean:67:0: 'JSP512Probe.RotationSystem.sector_target_injective' depends on axioms: [propext, Classical.choice, Quot.sound]
info: Probe/ChordSeparationAudit.lean:68:0: 'JSP512Probe.RotationSystem.sector_interval_route' depends on axioms: [propext, Classical.choice, Quot.sound]
info: Probe/ChordSeparationAudit.lean:69:0: 'JSP512Probe.RotationSystem.sector_interval_targets' depends on axioms: [propext, Classical.choice, Quot.sound]
info: Probe/ChordSeparationAudit.lean:70:0: 'JSP512Probe.RotationSystem.sector_interval_start_route' depends on axioms: [propext, Classical.choice, Quot.sound]
info: Probe/ChordSeparationAudit.lean:71:0: 'JSP512Probe.RotationSystem.source_sector_interval' depends on axioms: [propext, Classical.choice, Quot.sound]
info: Probe/ChordSeparationAudit.lean:72:0: 'JSP512Probe.RotationSystem.outer_source_sector_interval' depends on axioms: [propext, Classical.choice, Quot.sound]
info: Probe/ChordSeparationAudit.lean:74:0: 'JSP512Probe.RotationSystem.splitSideDart' depends on axioms: [propext, Classical.choice, Quot.sound]
info: Probe/ChordSeparationAudit.lean:75:0: 'JSP512Probe.RotationSystem.splitSideDart_face' depends on axioms: [propext, Classical.choice, Quot.sound]
info: Probe/ChordSeparationAudit.lean:76:0: 'JSP512Probe.RotationSystem.split_path_in_component' depends on axioms: [propext, Classical.choice, Quot.sound]
info: Probe/ChordSeparationAudit.lean:77:0: 'JSP512Probe.RotationSystem.splitSideDart_route' depends on axioms: [propext, Classical.choice, Quot.sound]
info: Probe/ChordSeparationAudit.lean:78:0: 'JSP512Probe.RotationSystem.splitSideDart_start_route' depends on axioms: [propext, Classical.choice, Quot.sound]
info: Probe/ChordSeparationAudit.lean:80:0: 'JSP512Probe.RotationSystem.chord_exposes_marked_vertex' depends on axioms: [propext, Classical.choice, Quot.sound]
info: Probe/ChordSeparationAudit.lean:81:0: 'JSP512Probe.RotationSystem.deleted_sector_not_old_outer' depends on axioms: [propext, Classical.choice, Quot.sound]
info: Probe/ChordSeparationAudit.lean:82:0: 'JSP512Probe.RotationSystem.chord_sector_cut_avoidance' depends on axioms: [propext, Classical.choice, Quot.sound]
info: Probe/ChordSeparationAudit.lean:83:0: 'JSP512Probe.RotationSystem.chord_sector_side_route' depends on axioms: [propext, Classical.choice, Quot.sound]
info: Probe/ChordSeparationAudit.lean:85:0: 'JSP512Probe.RotationSystem.splitSideDart_full_start_route' depends on axioms: [propext, Classical.choice, Quot.sound]
info: Probe/ChordSeparationAudit.lean:87:0: 'JSP512Probe.RotationSystem.sector_interval_avoids_predecessor' depends on axioms: [propext,
 Classical.choice,
 Quot.sound]
info: Probe/ChordSeparationAudit.lean:88:0: 'JSP512Probe.RotationSystem.sector_interval_source_avoidance' depends on axioms: [propext, Classical.choice, Quot.sound]
info: Probe/ChordSeparationAudit.lean:89:0: 'JSP512Probe.RotationSystem.chord_sector_full_side_route' depends on axioms: [propext, Classical.choice, Quot.sound]
info: Probe/ChordSeparationAudit.lean:91:0: 'JSP512Probe.CycleSurgery.two_cycle_intervals' depends on axioms: [propext, Classical.choice, Quot.sound]
info: Probe/ChordSeparationAudit.lean:93:0: 'JSP512Probe.RotationSystem.source_neighbor_partition' depends on axioms: [propext, Classical.choice, Quot.sound]
info: Probe/ChordSeparationAudit.lean:95:0: 'JSP512Probe.RotationSystem.complementary_sector_interval' depends on axioms: [propext, Classical.choice, Quot.sound]
info: Probe/ChordSeparationAudit.lean:97:0: 'JSP512Probe.RotationSystem.outer_complementary_sector_interval' depends on axioms: [propext,
 Classical.choice,
 Quot.sound]
info: Probe/ChordSeparationAudit.lean:99:0: 'JSP512Probe.RotationSystem.split_path_ending_at_cut' depends on axioms: [propext, Classical.choice, Quot.sound]
info: Probe/ChordSeparationAudit.lean:101:0: 'JSP512Probe.RotationSystem.complementary_sector_side' depends on axioms: [propext, Classical.choice, Quot.sound]
info: Probe/ChordSeparationAudit.lean:103:0: 'JSP512Probe.RotationSystem.complementary_sector_full_side_route' depends on axioms: [propext,
 Classical.choice,
 Quot.sound]
info: Probe/ChordSeparationAudit.lean:105:0: 'JSP512Probe.RotationSystem.sector_paths_cover' depends on axioms: [propext, Classical.choice, Quot.sound]
info: Probe/ChordSeparationAudit.lean:107:0: 'JSP512Probe.RotationSystem.sector_paths_neighbors' depends on axioms: [propext, Classical.choice, Quot.sound]
info: Probe/ChordSeparationAudit.lean:109:0: 'JSP512Probe.RotationSystem.split_side_neighbor_coverage' depends on axioms: [propext, Classical.choice, Quot.sound]
info: Probe/ChordSeparationAudit.lean:111:0: 'JSP512Probe.RotationSystem.chord_sector_neighbors' depends on axioms: [propext, Classical.choice, Quot.sound]
info: Probe/ChordSeparationAudit.lean:113:0: 'JSP512Probe.RotationSystem.outer_region_path_cover' depends on axioms: [propext, Classical.choice, Quot.sound]
info: Probe/ChordSeparationAudit.lean:115:0: 'JSP512Probe.RotationSystem.split_residual_old_boundary' depends on axioms: [propext, Classical.choice, Quot.sound]
info: Probe/ChordSeparationAudit.lean:117:0: 'JSP512Probe.RotationSystem.old_boundary_survivors_simple' depends on axioms: [propext, Classical.choice, Quot.sound]
info: Probe/ChordSeparationAudit.lean:119:0: 'JSP512Probe.RotationSystem.old_boundary_avoids_attachment' depends on axioms: [propext, Classical.choice, Quot.sound]
info: Probe/ChordSeparationAudit.lean:121:0: 'JSP512Probe.RotationSystem.old_boundary_avoids_other_cut' depends on axioms: [propext, Classical.choice, Quot.sound]
info: Probe/ChordSeparationAudit.lean:123:0: 'JSP512Probe.RotationSystem.splitSideDart_surjective' depends on axioms: [propext, Classical.choice, Quot.sound]
info: Probe/ChordSeparationAudit.lean:125:0: 'JSP512Probe.RotationSystem.splitSideDart_injective' depends on axioms: [propext, Classical.choice, Quot.sound]
info: Probe/ChordSeparationAudit.lean:127:0: 'JSP512Probe.RotationSystem.splitSideDart_face_cycles' depends on axioms: [propext, Classical.choice, Quot.sound]
info: Probe/ChordSeparationAudit.lean:129:0: 'JSP512Probe.RotationSystem.splitSideDart_outer_lift' depends on axioms: [propext, Classical.choice, Quot.sound]
info: Probe/ChordSeparationAudit.lean:131:0: 'JSP512Probe.RotationSystem.splitSideDart_residual_lift' depends on axioms: [propext, Classical.choice, Quot.sound]
info: Probe/ChordSeparationAudit.lean:133:0: 'JSP512Probe.RotationSystem.splitSideDart_residual_conditions' depends on axioms: [propext,
 Classical.choice,
 Quot.sound]
info: Probe/ChordSeparationAudit.lean:135:0: 'JSP512Probe.RotationSystem.exposed_side_residual_conditions' depends on axioms: [propext, Classical.choice, Quot.sound]
info: Probe/ChordSeparationAudit.lean:137:0: 'JSP512Probe.RotationSystem.boundary_side_residual_conditions' depends on axioms: [propext,
 Classical.choice,
 Quot.sound]
info: Probe/ChordSeparationAudit.lean:139:0: 'JSP512Probe.RotationSystem.split_outer_same_component' depends on axioms: [propext, Classical.choice, Quot.sound]
info: Probe/ChordSeparationAudit.lean:141:0: 'JSP512Probe.RotationSystem.splitSideDart_triangle' depends on axioms: [propext, Classical.choice, Quot.sound]
info: Probe/ChordSeparationAudit.lean:143:0: 'JSP512Probe.RotationSystem.splitSideDart_inner_at' depends on axioms: [propext, Classical.choice, Quot.sound]
info: Probe/ChordSeparationAudit.lean:145:0: 'JSP512Probe.RotationSystem.splitSideDart_anchor_inner' depends on axioms: [propext, Classical.choice, Quot.sound]
info: Probe/ChordSeparationAudit.lean:147:0: 'JSP512Probe.RotationSystem.exposed_side_disk' depends on axioms: [propext, Classical.choice, Quot.sound]
info: Probe/ChordSeparationAudit.lean:149:0: 'JSP512Probe.RotationSystem.boundary_side_disk' depends on axioms: [propext, Classical.choice, Quot.sound]
info: Probe/ChordSeparationAudit.lean:151:0: 'JSP512Probe.RotationSystem.mapIso_disk' depends on axioms: [propext, Classical.choice, Quot.sound]
info: Probe/ChordSeparationAudit.lean:153:0: 'JSP512Probe.RotationSystem.mapIso_facialVertices' depends on axioms: [propext, Classical.choice, Quot.sound]
info: Probe/ChordSeparationAudit.lean:155:0: 'JSP512Probe.RotationSystem.restored_route_center' depends on axioms: [propext, Classical.choice, Quot.sound]
info: Probe/ChordSeparationAudit.lean:157:0: 'JSP512Probe.RotationSystem.restoredRouteIso' depends on axioms: [propext, Classical.choice, Quot.sound]
info: Probe/ChordSeparationAudit.lean:159:0: 'JSP512Probe.RotationSystem.chord_exposes_sector_vertex' depends on axioms: [propext, Classical.choice, Quot.sound]
info: Probe/ChordSeparationAudit.lean:161:0: 'JSP512Probe.RotationSystem.chord_sector_data' depends on axioms: [propext, Classical.choice, Quot.sound]
info: Probe/ChordSeparationAudit.lean:163:0: 'JSP512Probe.RotationSystem.ChordSectorData.exposed_disk' depends on axioms: [propext, Classical.choice, Quot.sound]
info: Probe/ChordSeparationAudit.lean:165:0: 'JSP512Probe.RotationSystem.ChordSectorData.boundary_disk' depends on axioms: [propext, Classical.choice, Quot.sound]
info: Probe/ChordSeparationAudit.lean:167:0: 'JSP512Probe.RotationSystem.ChordSectorData.separator' depends on axioms: [propext, Classical.choice, Quot.sound]
info: Probe/ChordSeparationAudit.lean:169:0: 'JSP512Probe.RotationSystem.chord_disk_separator' depends on axioms: [propext, Classical.choice, Quot.sound]
info: Probe/ChordSeparationAudit.lean:171:0: 'JSP512Probe.RotationSystem.splitSide_source_membership' depends on axioms: [propext, Classical.choice, Quot.sound]
info: Probe/ChordSeparationAudit.lean:173:0: 'JSP512Probe.RotationSystem.old_boundary_surviving_dart' depends on axioms: [propext, Classical.choice, Quot.sound]
info: Probe/ChordSeparationAudit.lean:175:0: 'JSP512Probe.RotationSystem.splitSideDart_residual_vertex' depends on axioms: [propext, Classical.choice, Quot.sound]
info: Probe/ChordSeparationAudit.lean:177:0: 'JSP512Probe.RotationSystem.old_boundary_side_residual' depends on axioms: [propext, Classical.choice, Quot.sound]
info: Probe/ChordSeparationAudit.lean:179:0: 'JSP512Probe.RotationSystem.ChordSectorData.chord_ne_predecessor' depends on axioms: [propext,
 Classical.choice,
 Quot.sound]
info: Probe/ChordSeparationAudit.lean:181:0: 'JSP512Probe.RotationSystem.ChordSectorData.predecessor_side' depends on axioms: [propext, Classical.choice, Quot.sound]
info: Probe/ChordSeparationAudit.lean:183:0: 'JSP512Probe.RotationSystem.ChordSectorData.exposed_avoids_predecessor' depends on axioms: [propext,
 Classical.choice,
 Quot.sound]
info: Probe/ChordSeparationAudit.lean:185:0: 'JSP512Probe.RotationSystem.old_cut_side_residual' depends on axioms: [propext, Classical.choice, Quot.sound]
info: Probe/ChordSeparationAudit.lean:187:0: 'JSP512Probe.RotationSystem.ChordSectorData.exposed_disk_boundary' depends on axioms: [propext,
 Classical.choice,
 Quot.sound]
info: Probe/ChordSeparationAudit.lean:189:0: 'JSP512Probe.RotationSystem.ChordSectorData.boundary_disk_boundary' depends on axioms: [propext,
 Classical.choice,
 Quot.sound]
info: Probe/ChordSeparationAudit.lean:191:0: 'JSP512Probe.RotationSystem.chord_disk_separator_boundary' depends on axioms: [propext, Classical.choice, Quot.sound]
info: Probe/ChordSeparationAudit.lean:193:0: 'JSP512Probe.RotationSystem.boundary_side_disk_edges' depends on axioms: [propext, Classical.choice, Quot.sound]
info: Probe/ChordSeparationAudit.lean:195:0: 'JSP512Probe.RotationSystem.ChordSectorData.incoming_component' depends on axioms: [propext,
 Classical.choice,
 Quot.sound]
info: Probe/ChordSeparationAudit.lean:196:0: 'JSP512Probe.RotationSystem.ChordSectorData.boundary_disk_boundary_edges' depends on axioms: [propext,
 Classical.choice,
 Quot.sound]
info: Probe/ChordSeparationAudit.lean:197:0: 'JSP512Probe.RotationSystem.chord_disk_separator_boundary_edges' depends on axioms: [propext,
 Classical.choice,
 Quot.sound]
ℹ [1425/1445] Replayed Probe.ComponentRotationAudit
info: Probe/ComponentRotationAudit.lean:3:0: 'JSP512Probe.RotationSystem.closedDartEquiv' depends on axioms: [propext, Quot.sound]
info: Probe/ComponentRotationAudit.lean:4:0: 'JSP512Probe.RotationSystem.restrictClosed' depends on axioms: [propext, Classical.choice, Quot.sound]
info: Probe/ComponentRotationAudit.lean:5:0: 'JSP512Probe.RotationSystem.restrictClosed_face' depends on axioms: [propext, Classical.choice, Quot.sound]
info: Probe/ComponentRotationAudit.lean:6:0: 'JSP512Probe.RotationSystem.restrictClosed_face_cycles' depends on axioms: [propext, Classical.choice, Quot.sound]
info: Probe/ComponentRotationAudit.lean:7:0: 'JSP512Probe.RotationSystem.face_cycle_in_closed' depends on axioms: [propext, Classical.choice, Quot.sound]
info: Probe/ComponentRotationAudit.lean:8:0: 'JSP512Probe.RotationSystem.restrictClosed_faceLength' depends on axioms: [propext, Classical.choice, Quot.sound]
info: Probe/ComponentRotationAudit.lean:9:0: 'JSP512Probe.RotationSystem.restrictClosed_triangle' depends on axioms: [propext, Classical.choice, Quot.sound]
info: Probe/ComponentRotationAudit.lean:10:0: 'JSP512Probe.RotationSystem.componentRotation' depends on axioms: [propext, Classical.choice, Quot.sound]
info: Probe/ComponentRotationAudit.lean:12:0: 'JSP512Probe.RotationSystem.sum_component_vertices' depends on axioms: [propext, Classical.choice, Quot.sound]
info: Probe/ComponentRotationAudit.lean:13:0: 'JSP512Probe.RotationSystem.componentDartsEquiv' depends on axioms: [propext, Classical.choice, Quot.sound]
info: Probe/ComponentRotationAudit.lean:14:0: 'JSP512Probe.RotationSystem.sum_component_edges' depends on axioms: [propext, Classical.choice, Quot.sound]
info: Probe/ComponentRotationAudit.lean:15:0: 'JSP512Probe.RotationSystem.componentSupportEquiv' depends on axioms: [propext, Quot.sound]
info: Probe/ComponentRotationAudit.lean:16:0: 'JSP512Probe.RotationSystem.sum_component_support' depends on axioms: [propext, Classical.choice, Quot.sound]
info: Probe/ComponentRotationAudit.lean:17:0: 'JSP512Probe.RotationSystem.faceComponent' depends on axioms: [propext, Classical.choice, Quot.sound]
info: Probe/ComponentRotationAudit.lean:18:0: 'JSP512Probe.RotationSystem.componentFaceMap' depends on axioms: [propext, Classical.choice, Quot.sound]
info: Probe/ComponentRotationAudit.lean:19:0: 'JSP512Probe.RotationSystem.faceComponent_map' depends on axioms: [propext, Classical.choice, Quot.sound]
info: Probe/ComponentRotationAudit.lean:20:0: 'JSP512Probe.RotationSystem.componentFacesEquiv' depends on axioms: [propext, Classical.choice, Quot.sound]
info: Probe/ComponentRotationAudit.lean:21:0: 'JSP512Probe.RotationSystem.sum_component_faces' depends on axioms: [propext, Classical.choice, Quot.sound]
info: Probe/ComponentRotationAudit.lean:22:0: 'JSP512Probe.RotationSystem.componentDefect' depends on axioms: [propext, Classical.choice, Quot.sound]
info: Probe/ComponentRotationAudit.lean:23:0: 'JSP512Probe.RotationSystem.componentDefect_nonnegative' depends on axioms: [propext, Classical.choice, Quot.sound]
info: Probe/ComponentRotationAudit.lean:24:0: 'JSP512Probe.RotationSystem.sum_componentDefect' depends on axioms: [propext, Classical.choice, Quot.sound]
info: Probe/ComponentRotationAudit.lean:25:0: 'JSP512Probe.RotationSystem.componentRotation_genusZero' depends on axioms: [propext, Classical.choice, Quot.sound]
ℹ [1426/1445] Replayed Probe.RotationIsoAudit
info: Probe/RotationIsoAudit.lean:3:0: 'JSP512Probe.RotationSystem.isoDarts' depends on axioms: [propext, Quot.sound]
info: Probe/RotationIsoAudit.lean:4:0: 'JSP512Probe.RotationSystem.isoDarts_reverse' depends on axioms: [propext, Quot.sound]
info: Probe/RotationIsoAudit.lean:5:0: 'JSP512Probe.RotationSystem.mapIso' depends on axioms: [propext, Classical.choice, Quot.sound]
info: Probe/RotationIsoAudit.lean:6:0: 'JSP512Probe.RotationSystem.mapIso_face' depends on axioms: [propext, Classical.choice, Quot.sound]
info: Probe/RotationIsoAudit.lean:7:0: 'JSP512Probe.RotationSystem.mapIso_face_cycles' depends on axioms: [propext, Classical.choice, Quot.sound]
info: Probe/RotationIsoAudit.lean:8:0: 'JSP512Probe.RotationSystem.mapIso_faceLength' depends on axioms: [propext, Classical.choice, Quot.sound]
info: Probe/RotationIsoAudit.lean:9:0: 'JSP512Probe.RotationSystem.mapIso_triangle' depends on axioms: [propext, Classical.choice, Quot.sound]
info: Probe/RotationIsoAudit.lean:10:0: 'JSP512Probe.RotationSystem.mapIso_faceCount' depends on axioms: [propext, Classical.choice, Quot.sound]
info: Probe/RotationIsoAudit.lean:11:0: 'JSP512Probe.RotationSystem.mapIso_eulerDefect' depends on axioms: [propext, Classical.choice, Quot.sound]
info: Probe/RotationIsoAudit.lean:12:0: 'JSP512Probe.RotationSystem.mapIso_genusZero' depends on axioms: [propext, Classical.choice, Quot.sound]
ℹ [1427/1445] Replayed Probe.FanInsertionAudit
info: Probe/FanInsertionAudit.lean:7:0: 'JSP512Probe.EdgeInsertion.added_face_old_away' depends on axioms: [propext, Classical.choice, Quot.sound]
info: Probe/FanInsertionAudit.lean:8:0: 'JSP512Probe.EdgeInsertion.added_face_left' depends on axioms: [propext, Classical.choice, Quot.sound]
info: Probe/FanInsertionAudit.lean:9:0: 'JSP512Probe.EdgeInsertion.added_face_right' depends on axioms: [propext, Classical.choice, Quot.sound]
info: Probe/FanInsertionAudit.lean:10:0: 'JSP512Probe.EdgeInsertion.added_face_reverse' depends on axioms: [propext, Classical.choice, Quot.sound]
info: Probe/FanInsertionAudit.lean:11:0: 'JSP512Probe.EdgeInsertion.added_face_forward' depends on axioms: [propext, Classical.choice, Quot.sound]
info: Probe/FanInsertionAudit.lean:12:0: 'JSP512Probe.EdgeInsertion.added_ear_triangle' depends on axioms: [propext, Classical.choice, Quot.sound]
info: Probe/FanInsertionAudit.lean:13:0: 'JSP512Probe.EdgeInsertion.added_ear_genusZero' depends on axioms: [propext, Classical.choice, Quot.sound]
info: Probe/FanInsertionAudit.lean:14:0: 'JSP512Probe.EdgeInsertion.added_ear_preserves_triangle' depends on axioms: [propext, Classical.choice, Quot.sound]
info: Probe/FanInsertionAudit.lean:15:0: 'JSP512Probe.EdgeInsertion.pendant_face_embed' depends on axioms: [propext, Classical.choice, Quot.sound]
info: Probe/FanInsertionAudit.lean:16:0: 'JSP512Probe.EdgeInsertion.pendant_face_anchor' depends on axioms: [propext, Classical.choice, Quot.sound]
info: Probe/FanInsertionAudit.lean:17:0: 'JSP512Probe.EdgeInsertion.pendant_face_forward' depends on axioms: [propext, Classical.choice, Quot.sound]
info: Probe/FanInsertionAudit.lean:18:0: 'JSP512Probe.EdgeInsertion.pendant_face_reverse' depends on axioms: [propext, Classical.choice, Quot.sound]
info: Probe/FanInsertionAudit.lean:19:0: 'JSP512Probe.EdgeInsertion.pendant_face_old_away' depends on axioms: [propext, Classical.choice, Quot.sound]
info: Probe/FanInsertionAudit.lean:21:0: 'JSP512Probe.RotationSystem.isolateDarts' depends on axioms: [propext, Classical.choice]
info: Probe/FanInsertionAudit.lean:22:0: 'JSP512Probe.RotationSystem.isolateDarts_reverse' depends on axioms: [propext, Classical.choice, Quot.sound]
info: Probe/FanInsertionAudit.lean:23:0: 'JSP512Probe.RotationSystem.withIsolate_none_support' depends on axioms: [propext]
info: Probe/FanInsertionAudit.lean:24:0: 'JSP512Probe.RotationSystem.withIsolate_reachable' depends on axioms: [propext]
info: Probe/FanInsertionAudit.lean:25:0: 'JSP512Probe.RotationSystem.withIsolate_none_reachable' depends on axioms: [propext]
info: Probe/FanInsertionAudit.lean:26:0: 'JSP512Probe.RotationSystem.addIsolate' depends on axioms: [propext, Classical.choice, Quot.sound]
info: Probe/FanInsertionAudit.lean:27:0: 'JSP512Probe.RotationSystem.addIsolate_face' depends on axioms: [propext, Classical.choice, Quot.sound]
info: Probe/FanInsertionAudit.lean:28:0: 'JSP512Probe.RotationSystem.addIsolate_faceCount' depends on axioms: [propext, Classical.choice, Quot.sound]
info: Probe/FanInsertionAudit.lean:29:0: 'JSP512Probe.RotationSystem.withIsolate_component_count' depends on axioms: [propext, Classical.choice, Quot.sound]
info: Probe/FanInsertionAudit.lean:30:0: 'JSP512Probe.RotationSystem.addIsolate_eulerDefect' depends on axioms: [propext, Classical.choice, Quot.sound]
info: Probe/FanInsertionAudit.lean:31:0: 'JSP512Probe.RotationSystem.addIsolate_genusZero' depends on axioms: [propext, Classical.choice, Quot.sound]
info: Probe/FanInsertionAudit.lean:32:0: 'JSP512Probe.RotationSystem.fanStartGraph' depends on axioms: [propext]
info: Probe/FanInsertionAudit.lean:33:0: 'JSP512Probe.RotationSystem.fanStartGraph_center_adj' depends on axioms: [propext]
info: Probe/FanInsertionAudit.lean:34:0: 'JSP512Probe.RotationSystem.fanStartGraph_connected' depends on axioms: [propext]
info: Probe/FanInsertionAudit.lean:35:0: 'JSP512Probe.RotationSystem.startFan' depends on axioms: [propext, Classical.choice, Quot.sound]
info: Probe/FanInsertionAudit.lean:36:0: 'JSP512Probe.RotationSystem.startFan_genusZero' depends on axioms: [propext, Classical.choice, Quot.sound]
info: Probe/FanInsertionAudit.lean:37:0: 'JSP512Probe.RotationSystem.restoredVertexEquiv' depends on axioms: [Classical.choice]
info: Probe/FanInsertionAudit.lean:39:0: 'JSP512Probe.CycleSurgery.three_step_cycle_iff' depends on axioms: [propext, Classical.choice, Quot.sound]
info: Probe/FanInsertionAudit.lean:40:0: 'JSP512Probe.EdgeInsertion.added_ear_cycle_iff' depends on axioms: [propext, Classical.choice, Quot.sound]
info: Probe/FanInsertionAudit.lean:41:0: 'JSP512Probe.EdgeInsertion.added_ear_forward_separate' depends on axioms: [propext, Classical.choice, Quot.sound]
info: Probe/FanInsertionAudit.lean:42:0: 'JSP512Probe.EdgeInsertion.added_ear_survives_next' depends on axioms: [propext, Classical.choice, Quot.sound]
info: Probe/FanInsertionAudit.lean:44:0: 'JSP512Probe.EdgeInsertion.added_rotate_anchor' depends on axioms: [propext, Classical.choice, Quot.sound]
info: Probe/FanInsertionAudit.lean:45:0: 'JSP512Probe.EdgeInsertion.added_next_path' depends on axioms: [propext, Classical.choice, Quot.sound]
info: Probe/FanInsertionAudit.lean:46:0: 'JSP512Probe.EdgeInsertion.added_next_corner' depends on axioms: [propext, Classical.choice, Quot.sound]
info: Probe/FanInsertionAudit.lean:47:0: 'JSP512Probe.EdgeInsertion.added_next_missing' depends on axioms: [propext, Classical.choice, Quot.sound]
info: Probe/FanInsertionAudit.lean:48:0: 'JSP512Probe.EdgeInsertion.advanceFan' depends on axioms: [propext, Classical.choice, Quot.sound]
info: Probe/FanInsertionAudit.lean:49:0: 'JSP512Probe.EdgeInsertion.advanceFan_genusZero' depends on axioms: [propext, Classical.choice, Quot.sound]
info: Probe/FanInsertionAudit.lean:50:0: 'JSP512Probe.EdgeInsertion.advanceFan_preserves_ear' depends on axioms: [propext, Classical.choice, Quot.sound]
info: Probe/FanInsertionAudit.lean:52:0: 'JSP512Probe.EdgeInsertion.FaceRoute' does not depend on any axioms
info: Probe/FanInsertionAudit.lean:53:0: 'JSP512Probe.EdgeInsertion.FaceRoute.map_steps' depends on axioms: [propext]
info: Probe/FanInsertionAudit.lean:54:0: 'JSP512Probe.EdgeInsertion.FanRoute' depends on axioms: [propext, Classical.choice, Quot.sound]
info: Probe/FanInsertionAudit.lean:55:0: 'JSP512Probe.EdgeInsertion.FanRoute.tail' depends on axioms: [propext, Classical.choice, Quot.sound]
info: Probe/FanInsertionAudit.lean:56:0: 'JSP512Probe.EdgeInsertion.finite_fan_exists' depends on axioms: [propext, Classical.choice, Quot.sound]
info: Probe/FanInsertionAudit.lean:57:0: 'JSP512Probe.EdgeInsertion.FanRoute.complete' depends on axioms: [propext, Classical.choice, Quot.sound]
info: Probe/FanInsertionAudit.lean:59:0: 'JSP512Probe.CycleSurgery.three_step_of_sameCycle' depends on axioms: [propext, Classical.choice, Quot.sound]
info: Probe/FanInsertionAudit.lean:60:0: 'JSP512Probe.EdgeInsertion.added_outer_partition' depends on axioms: [propext, Classical.choice, Quot.sound]
info: Probe/FanInsertionAudit.lean:61:0: 'JSP512Probe.EdgeInsertion.added_inner_triangles' depends on axioms: [propext, Classical.choice, Quot.sound]
info: Probe/FanInsertionAudit.lean:62:0: 'JSP512Probe.EdgeInsertion.triangulated_fan_exists' depends on axioms: [propext, Classical.choice, Quot.sound]
info: Probe/FanInsertionAudit.lean:63:0: 'JSP512Probe.EdgeInsertion.FanRoute.complete_with_inner_faces' depends on axioms: [propext,
 Classical.choice,
 Quot.sound]
info: Probe/FanInsertionAudit.lean:65:0: 'JSP512Probe.EdgeInsertion.added_outer_projects' depends on axioms: [propext, Classical.choice, Quot.sound]
info: Probe/FanInsertionAudit.lean:66:0: 'JSP512Probe.EdgeInsertion.added_outer_not_ear' depends on axioms: [propext, Classical.choice, Quot.sound]
info: Probe/FanInsertionAudit.lean:67:0: 'JSP512Probe.EdgeInsertion.added_outer_old_iff' depends on axioms: [propext, Classical.choice, Quot.sound]
info: Probe/FanInsertionAudit.lean:68:0: 'JSP512Probe.EdgeInsertion.added_outer_representative' depends on axioms: [propext, Classical.choice, Quot.sound]
info: Probe/FanInsertionAudit.lean:69:0: 'JSP512Probe.EdgeInsertion.added_outer_simple' depends on axioms: [propext, Classical.choice, Quot.sound]
info: Probe/FanInsertionAudit.lean:70:0: 'JSP512Probe.EdgeInsertion.FanRoute.complete_disk' depends on axioms: [propext, Classical.choice, Quot.sound]
info: Probe/FanInsertionAudit.lean:72:0: 'JSP512Probe.EdgeInsertion.ResidualBoundarySimple' depends on axioms: [propext, Classical.choice, Quot.sound]
info: Probe/FanInsertionAudit.lean:73:0: 'JSP512Probe.EdgeInsertion.FanRoute.first_spoke_not_mem' depends on axioms: [propext, Classical.choice, Quot.sound]
info: Probe/FanInsertionAudit.lean:74:0: 'JSP512Probe.EdgeInsertion.FanRoute.residual_simple_tail' depends on axioms: [propext, Classical.choice, Quot.sound]
info: Probe/FanInsertionAudit.lean:75:0: 'JSP512Probe.EdgeInsertion.ResidualBoundaryVertex' depends on axioms: [propext, Classical.choice, Quot.sound]
info: Probe/FanInsertionAudit.lean:76:0: 'JSP512Probe.EdgeInsertion.FanRoute.residual_vertices_tail' depends on axioms: [propext, Classical.choice, Quot.sound]
info: Probe/FanInsertionAudit.lean:77:0: 'JSP512Probe.EdgeInsertion.FanRoute.complete_disk_of_residual' depends on axioms: [propext,
 Classical.choice,
 Quot.sound]
info: Probe/FanInsertionAudit.lean:79:0: 'JSP512Probe.RotationSystem.startAnchor' depends on axioms: [propext]
info: Probe/FanInsertionAudit.lean:80:0: 'JSP512Probe.RotationSystem.startOldDart' depends on axioms: [propext]
info: Probe/FanInsertionAudit.lean:81:0: 'JSP512Probe.RotationSystem.startFan_rotate_anchor' depends on axioms: [propext, Classical.choice, Quot.sound]
info: Probe/FanInsertionAudit.lean:82:0: 'JSP512Probe.RotationSystem.startFan_face_anchor' depends on axioms: [propext, Classical.choice, Quot.sound]
info: Probe/FanInsertionAudit.lean:83:0: 'JSP512Probe.RotationSystem.startFan_face_old' depends on axioms: [propext, Classical.choice, Quot.sound]
info: Probe/FanInsertionAudit.lean:84:0: 'JSP512Probe.RotationSystem.startFan_route' depends on axioms: [propext, Classical.choice, Quot.sound]
info: Probe/FanInsertionAudit.lean:85:0: 'JSP512Probe.RotationSystem.startFan_complete' depends on axioms: [propext, Classical.choice, Quot.sound]
info: Probe/FanInsertionAudit.lean:86:0: 'JSP512Probe.RotationSystem.restoredFanIso' depends on axioms: [propext, Classical.choice, Quot.sound]
info: Probe/FanInsertionAudit.lean:88:0: 'JSP512Probe.EdgeInsertion.pendant_old_face_cycles' depends on axioms: [propext, Classical.choice, Quot.sound]
info: Probe/FanInsertionAudit.lean:89:0: 'JSP512Probe.EdgeInsertion.pendant_new_face_cycles' depends on axioms: [propext, Classical.choice, Quot.sound]
info: Probe/FanInsertionAudit.lean:90:0: 'JSP512Probe.RotationSystem.startFan_dart_cases' depends on axioms: [propext, Classical.choice, Quot.sound]
info: Probe/FanInsertionAudit.lean:91:0: 'JSP512Probe.RotationSystem.startFan_face_forward' depends on axioms: [propext, Classical.choice, Quot.sound]
info: Probe/FanInsertionAudit.lean:92:0: 'JSP512Probe.RotationSystem.startFan_outer_old_iff' depends on axioms: [propext, Classical.choice, Quot.sound]
info: Probe/FanInsertionAudit.lean:93:0: 'JSP512Probe.RotationSystem.startFan_old_triangle' depends on axioms: [propext, Classical.choice, Quot.sound]
info: Probe/FanInsertionAudit.lean:94:0: 'JSP512Probe.RotationSystem.startFan_inner' depends on axioms: [propext, Classical.choice, Quot.sound]
info: Probe/FanInsertionAudit.lean:95:0: 'JSP512Probe.RotationSystem.startFan_residual_simple' depends on axioms: [propext, Classical.choice, Quot.sound]
info: Probe/FanInsertionAudit.lean:96:0: 'JSP512Probe.RotationSystem.startFan_residual_vertices' depends on axioms: [propext, Classical.choice, Quot.sound]
info: Probe/FanInsertionAudit.lean:97:0: 'JSP512Probe.RotationSystem.startFan_disk' depends on axioms: [propext, Classical.choice, Quot.sound]
info: Probe/FanInsertionAudit.lean:99:0: 'JSP512Probe.EdgeInsertion.triangulated_fan_exists_edges' depends on axioms: [propext, Classical.choice, Quot.sound]
info: Probe/FanInsertionAudit.lean:101:0: 'JSP512Probe.EdgeInsertion.FanRoute.complete_disk_of_residual_edges' depends on axioms: [propext,
 Classical.choice,
 Quot.sound]
info: Probe/FanInsertionAudit.lean:103:0: 'JSP512Probe.RotationSystem.startFan_disk_edges' depends on axioms: [propext, Classical.choice, Quot.sound]
✔ [1438/1445] Built Probe.StraightLineCertificate (3.0s)
✔ [1439/1445] Built Probe.GutnerGraph (4.6s)
✔ [1440/1445] Built Probe.GutnerObstruction (6.8s)
✔ [1441/1445] Built Probe.GutnerCoordinates (226s)
✔ [1442/1445] Built Probe.GutnerDrawing (9.3s)
ℹ [1443/1445] Built Probe.SharpnessAudit (2.1s)
info: Probe/SharpnessAudit.lean:3:0: 'JSP512Probe.Gutner.vertex_injective' depends on axioms: [propext, Quot.sound]
info: Probe/SharpnessAudit.lean:4:0: 'JSP512Probe.Gutner.colors_cover' depends on axioms: [propext, Classical.choice, Quot.sound]
info: Probe/SharpnessAudit.lean:5:0: 'JSP512Probe.Gutner.lists_card' depends on axioms: [propext, Classical.choice, Quot.sound]
info: Probe/SharpnessAudit.lean:6:0: 'JSP512Probe.Gutner.block_obstruction' depends on axioms: [propext, Classical.choice, Quot.sound]
info: Probe/SharpnessAudit.lean:7:0: 'JSP512Probe.Gutner.no_list_coloring' depends on axioms: [propext, Classical.choice, Quot.sound]
info: Probe/SharpnessAudit.lean:8:0: 'JSP512Probe.StraightLine.mix_line' depends on axioms: [propext, Classical.choice, Quot.sound]
info: Probe/SharpnessAudit.lean:9:0: 'JSP512Probe.StraightLine.convex_nonzero' depends on axioms: [propext, Classical.choice, Quot.sound]
info: Probe/SharpnessAudit.lean:10:0: 'JSP512Probe.StraightLine.separated_segments' depends on axioms: [propext, Classical.choice, Quot.sound]
info: Probe/SharpnessAudit.lean:11:0: 'JSP512Probe.StraightLine.drawingOfChecks' depends on axioms: [propext, Classical.choice, Quot.sound]
info: Probe/SharpnessAudit.lean:12:0: 'JSP512Probe.Gutner.position_injective' depends on axioms: [propext, Classical.choice, Quot.sound]
info: Probe/SharpnessAudit.lean:13:0: 'JSP512Probe.Gutner.vertex_checks' depends on axioms: [propext, Classical.choice, Quot.sound]
info: Probe/SharpnessAudit.lean:14:0: 'JSP512Probe.Gutner.pair_checks' depends on axioms: [propext, Classical.choice, Quot.sound]
info: Probe/SharpnessAudit.lean:15:0: 'JSP512Probe.Gutner.adj_edge' depends on axioms: [propext, Classical.choice, Quot.sound]
info: Probe/SharpnessAudit.lean:16:0: 'JSP512Probe.Gutner.drawing' depends on axioms: [propext, Classical.choice, Quot.sound]
info: Probe/SharpnessAudit.lean:17:0: 'JSP512Probe.Gutner.geometric_four_list_obstruction' depends on axioms: [propext, Classical.choice, Quot.sound]
✔ [1444/1445] Built Probe (2.2s)
Build completed successfully (1445 jobs).
'JSP512Probe.RotationSystem.split_cycles_at' depends on axioms: [propext, Classical.choice, Quot.sound]
'JSP512Probe.RotationSystem.split_reaches_copies' depends on axioms: [propext, Classical.choice, Quot.sound]
'JSP512Probe.RotationSystem.split_component_count_le_two' depends on axioms: [propext, Classical.choice, Quot.sound]
'JSP512Probe.RotationSystem.split_separates_genusZero' depends on axioms: [propext, Classical.choice, Quot.sound]
'JSP512Probe.RotationSystem.split_copies_not_reachable' depends on axioms: [propext, Classical.choice, Quot.sound]
'JSP512Probe.RotationSystem.chord_exposes_repeated_vertex' depends on axioms: [propext, Classical.choice, Quot.sound]
'JSP512Probe.RotationSystem.chord_deletion_separates' depends on axioms: [propext, Classical.choice, Quot.sound]
'JSP512Probe.RotationSystem.split_sides_cover' depends on axioms: [propext, Classical.choice, Quot.sound]
'JSP512Probe.RotationSystem.split_sides_edges' depends on axioms: [propext, Classical.choice, Quot.sound]
'JSP512Probe.RotationSystem.split_sides_inter' depends on axioms: [propext, Classical.choice, Quot.sound]
'JSP512Probe.RotationSystem.split_sides_proper' depends on axioms: [propext, Classical.choice, Quot.sound]
'JSP512Probe.RotationSystem.split_sides_card_lt' depends on axioms: [propext, Classical.choice, Quot.sound]
'JSP512Probe.RotationSystem.survivor_mem_restoreSide' does not depend on any axioms
'JSP512Probe.RotationSystem.restore_separator' depends on axioms: [propext, Classical.choice, Quot.sound]
'JSP512Probe.RotationSystem.chord_vertex_separator' depends on axioms: [propext, Classical.choice, Quot.sound]
'JSP512Probe.RefinedRotation.projectHom' depends on axioms: [propext, Classical.choice, Quot.sound]
'JSP512Probe.RotationSystem.splitSide_connected' depends on axioms: [propext, Classical.choice, Quot.sound]
'JSP512Probe.RotationSystem.split_project_injective_on_component' depends on axioms: [propext,
 Classical.choice,
 Quot.sound]
'JSP512Probe.RotationSystem.restoreSide_connected' depends on axioms: [propext, Quot.sound]
'JSP512Probe.RotationSystem.chord_connected_separator' depends on axioms: [propext, Classical.choice, Quot.sound]
'JSP512Probe.RotationSystem.split_project_reflects_adj' depends on axioms: [propext, Classical.choice, Quot.sound]
'JSP512Probe.RotationSystem.split_component_iso' depends on axioms: [propext, Classical.choice, Quot.sound]
'JSP512Probe.RotationSystem.splitSideRotation' depends on axioms: [propext, Classical.choice, Quot.sound]
'JSP512Probe.RotationSystem.splitSideRotation_genusZero' depends on axioms: [propext, Classical.choice, Quot.sound]
'JSP512Probe.CycleSurgery.split_cycle_partition' depends on axioms: [propext, Classical.choice, Quot.sound]
'JSP512Probe.RefinedRotation.face_dart' depends on axioms: [propext, Classical.choice, Quot.sound]
'JSP512Probe.RotationSystem.split_face_cycles' depends on axioms: [propext, Classical.choice, Quot.sound]
'JSP512Probe.RotationSystem.split_outer_partition' depends on axioms: [propext, Classical.choice, Quot.sound]
'JSP512Probe.RotationSystem.split_preserves_inner_triangle' depends on axioms: [propext, Classical.choice, Quot.sound]
'JSP512Probe.RotationSystem.split_inner_faces' depends on axioms: [propext, Classical.choice, Quot.sound]
'JSP512Probe.RotationSystem.split_component_inner' depends on axioms: [propext, Classical.choice, Quot.sound]
'JSP512Probe.RotationSystem.split_restricted_inner' depends on axioms: [propext, Classical.choice, Quot.sound]
'JSP512Probe.RotationSystem.splitSideRotation_inner' depends on axioms: [propext, Classical.choice, Quot.sound]
'JSP512Probe.CycleSurgery.split_cycle_interval' depends on axioms: [propext, Classical.choice, Quot.sound]
'JSP512Probe.RotationSystem.split_outer_interval' depends on axioms: [propext, Classical.choice, Quot.sound]
'JSP512Probe.EdgeInsertion.FaceRoute.power_list' depends on axioms: [propext, Classical.choice, Quot.sound]
'JSP512Probe.EdgeInsertion.FaceRoute.of_steps' depends on axioms: [propext, Quot.sound]
'JSP512Probe.RotationSystem.sector_target_injective' depends on axioms: [propext, Classical.choice, Quot.sound]
'JSP512Probe.RotationSystem.sector_interval_route' depends on axioms: [propext, Classical.choice, Quot.sound]
'JSP512Probe.RotationSystem.sector_interval_targets' depends on axioms: [propext, Classical.choice, Quot.sound]
'JSP512Probe.RotationSystem.sector_interval_start_route' depends on axioms: [propext, Classical.choice, Quot.sound]
'JSP512Probe.RotationSystem.source_sector_interval' depends on axioms: [propext, Classical.choice, Quot.sound]
'JSP512Probe.RotationSystem.outer_source_sector_interval' depends on axioms: [propext, Classical.choice, Quot.sound]
'JSP512Probe.RotationSystem.splitSideDart' depends on axioms: [propext, Classical.choice, Quot.sound]
'JSP512Probe.RotationSystem.splitSideDart_face' depends on axioms: [propext, Classical.choice, Quot.sound]
'JSP512Probe.RotationSystem.split_path_in_component' depends on axioms: [propext, Classical.choice, Quot.sound]
'JSP512Probe.RotationSystem.splitSideDart_route' depends on axioms: [propext, Classical.choice, Quot.sound]
'JSP512Probe.RotationSystem.splitSideDart_start_route' depends on axioms: [propext, Classical.choice, Quot.sound]
'JSP512Probe.RotationSystem.chord_exposes_marked_vertex' depends on axioms: [propext, Classical.choice, Quot.sound]
'JSP512Probe.RotationSystem.deleted_sector_not_old_outer' depends on axioms: [propext, Classical.choice, Quot.sound]
'JSP512Probe.RotationSystem.chord_sector_cut_avoidance' depends on axioms: [propext, Classical.choice, Quot.sound]
'JSP512Probe.RotationSystem.chord_sector_side_route' depends on axioms: [propext, Classical.choice, Quot.sound]
'JSP512Probe.RotationSystem.splitSideDart_full_start_route' depends on axioms: [propext, Classical.choice, Quot.sound]
'JSP512Probe.RotationSystem.sector_interval_avoids_predecessor' depends on axioms: [propext,
 Classical.choice,
 Quot.sound]
'JSP512Probe.RotationSystem.sector_interval_source_avoidance' depends on axioms: [propext, Classical.choice, Quot.sound]
'JSP512Probe.RotationSystem.chord_sector_full_side_route' depends on axioms: [propext, Classical.choice, Quot.sound]
'JSP512Probe.CycleSurgery.two_cycle_intervals' depends on axioms: [propext, Classical.choice, Quot.sound]
'JSP512Probe.RotationSystem.source_neighbor_partition' depends on axioms: [propext, Classical.choice, Quot.sound]
'JSP512Probe.RotationSystem.complementary_sector_interval' depends on axioms: [propext, Classical.choice, Quot.sound]
'JSP512Probe.RotationSystem.outer_complementary_sector_interval' depends on axioms: [propext,
 Classical.choice,
 Quot.sound]
'JSP512Probe.RotationSystem.split_path_ending_at_cut' depends on axioms: [propext, Classical.choice, Quot.sound]
'JSP512Probe.RotationSystem.complementary_sector_side' depends on axioms: [propext, Classical.choice, Quot.sound]
'JSP512Probe.RotationSystem.complementary_sector_full_side_route' depends on axioms: [propext,
 Classical.choice,
 Quot.sound]
'JSP512Probe.RotationSystem.sector_paths_cover' depends on axioms: [propext, Classical.choice, Quot.sound]
'JSP512Probe.RotationSystem.sector_paths_neighbors' depends on axioms: [propext, Classical.choice, Quot.sound]
'JSP512Probe.RotationSystem.split_side_neighbor_coverage' depends on axioms: [propext, Classical.choice, Quot.sound]
'JSP512Probe.RotationSystem.chord_sector_neighbors' depends on axioms: [propext, Classical.choice, Quot.sound]
'JSP512Probe.RotationSystem.outer_region_path_cover' depends on axioms: [propext, Classical.choice, Quot.sound]
'JSP512Probe.RotationSystem.split_residual_old_boundary' depends on axioms: [propext, Classical.choice, Quot.sound]
'JSP512Probe.RotationSystem.old_boundary_survivors_simple' depends on axioms: [propext, Classical.choice, Quot.sound]
'JSP512Probe.RotationSystem.old_boundary_avoids_attachment' depends on axioms: [propext, Classical.choice, Quot.sound]
'JSP512Probe.RotationSystem.old_boundary_avoids_other_cut' depends on axioms: [propext, Classical.choice, Quot.sound]
'JSP512Probe.RotationSystem.splitSideDart_surjective' depends on axioms: [propext, Classical.choice, Quot.sound]
'JSP512Probe.RotationSystem.splitSideDart_injective' depends on axioms: [propext, Classical.choice, Quot.sound]
'JSP512Probe.RotationSystem.splitSideDart_face_cycles' depends on axioms: [propext, Classical.choice, Quot.sound]
'JSP512Probe.RotationSystem.splitSideDart_outer_lift' depends on axioms: [propext, Classical.choice, Quot.sound]
'JSP512Probe.RotationSystem.splitSideDart_residual_lift' depends on axioms: [propext, Classical.choice, Quot.sound]
'JSP512Probe.RotationSystem.splitSideDart_residual_conditions' depends on axioms: [propext,
 Classical.choice,
 Quot.sound]
'JSP512Probe.RotationSystem.exposed_side_residual_conditions' depends on axioms: [propext, Classical.choice, Quot.sound]
'JSP512Probe.RotationSystem.boundary_side_residual_conditions' depends on axioms: [propext,
 Classical.choice,
 Quot.sound]
'JSP512Probe.RotationSystem.split_outer_same_component' depends on axioms: [propext, Classical.choice, Quot.sound]
'JSP512Probe.RotationSystem.splitSideDart_triangle' depends on axioms: [propext, Classical.choice, Quot.sound]
'JSP512Probe.RotationSystem.splitSideDart_inner_at' depends on axioms: [propext, Classical.choice, Quot.sound]
'JSP512Probe.RotationSystem.splitSideDart_anchor_inner' depends on axioms: [propext, Classical.choice, Quot.sound]
'JSP512Probe.RotationSystem.exposed_side_disk' depends on axioms: [propext, Classical.choice, Quot.sound]
'JSP512Probe.RotationSystem.boundary_side_disk' depends on axioms: [propext, Classical.choice, Quot.sound]
'JSP512Probe.RotationSystem.mapIso_disk' depends on axioms: [propext, Classical.choice, Quot.sound]
'JSP512Probe.RotationSystem.mapIso_facialVertices' depends on axioms: [propext, Classical.choice, Quot.sound]
'JSP512Probe.RotationSystem.restored_route_center' depends on axioms: [propext, Classical.choice, Quot.sound]
'JSP512Probe.RotationSystem.restoredRouteIso' depends on axioms: [propext, Classical.choice, Quot.sound]
'JSP512Probe.RotationSystem.chord_exposes_sector_vertex' depends on axioms: [propext, Classical.choice, Quot.sound]
'JSP512Probe.RotationSystem.chord_sector_data' depends on axioms: [propext, Classical.choice, Quot.sound]
'JSP512Probe.RotationSystem.ChordSectorData.exposed_disk' depends on axioms: [propext, Classical.choice, Quot.sound]
'JSP512Probe.RotationSystem.ChordSectorData.boundary_disk' depends on axioms: [propext, Classical.choice, Quot.sound]
'JSP512Probe.RotationSystem.ChordSectorData.separator' depends on axioms: [propext, Classical.choice, Quot.sound]
'JSP512Probe.RotationSystem.chord_disk_separator' depends on axioms: [propext, Classical.choice, Quot.sound]
'JSP512Probe.RotationSystem.splitSide_source_membership' depends on axioms: [propext, Classical.choice, Quot.sound]
'JSP512Probe.RotationSystem.old_boundary_surviving_dart' depends on axioms: [propext, Classical.choice, Quot.sound]
'JSP512Probe.RotationSystem.splitSideDart_residual_vertex' depends on axioms: [propext, Classical.choice, Quot.sound]
'JSP512Probe.RotationSystem.old_boundary_side_residual' depends on axioms: [propext, Classical.choice, Quot.sound]
'JSP512Probe.RotationSystem.ChordSectorData.chord_ne_predecessor' depends on axioms: [propext,
 Classical.choice,
 Quot.sound]
'JSP512Probe.RotationSystem.ChordSectorData.predecessor_side' depends on axioms: [propext, Classical.choice, Quot.sound]
'JSP512Probe.RotationSystem.ChordSectorData.exposed_avoids_predecessor' depends on axioms: [propext,
 Classical.choice,
 Quot.sound]
'JSP512Probe.RotationSystem.old_cut_side_residual' depends on axioms: [propext, Classical.choice, Quot.sound]
'JSP512Probe.RotationSystem.ChordSectorData.exposed_disk_boundary' depends on axioms: [propext,
 Classical.choice,
 Quot.sound]
'JSP512Probe.RotationSystem.ChordSectorData.boundary_disk_boundary' depends on axioms: [propext,
 Classical.choice,
 Quot.sound]
'JSP512Probe.RotationSystem.chord_disk_separator_boundary' depends on axioms: [propext, Classical.choice, Quot.sound]
'JSP512Probe.RotationSystem.boundary_side_disk_edges' depends on axioms: [propext, Classical.choice, Quot.sound]
'JSP512Probe.RotationSystem.ChordSectorData.incoming_component' depends on axioms: [propext,
 Classical.choice,
 Quot.sound]
'JSP512Probe.RotationSystem.ChordSectorData.boundary_disk_boundary_edges' depends on axioms: [propext,
 Classical.choice,
 Quot.sound]
'JSP512Probe.RotationSystem.chord_disk_separator_boundary_edges' depends on axioms: [propext,
 Classical.choice,
 Quot.sound]
'JSP512Probe.ListColoring.reserve_two' depends on axioms: [propext, Classical.choice, Quot.sound]
'JSP512Probe.ListColoring.five_to_three' depends on axioms: [propext, Classical.choice, Quot.sound]
'JSP512Probe.ListColoring.extend_two_choices' depends on axioms: [propext, Classical.choice, Quot.sound]
'JSP512Probe.ListColoring.old_boundary_list_unchanged' depends on axioms: [propext, Classical.choice, Quot.sound]
'JSP512Probe.ListColoring.reduced_list_bounds' depends on axioms: [propext, Classical.choice, Quot.sound]
'JSP512Probe.ListColoring.protected_lists_unchanged' depends on axioms: [propext, Classical.choice, Quot.sound]
'JSP512Probe.ListColoring.three_list_reduction' depends on axioms: [propext, Classical.choice, Quot.sound]
'JSP512Probe.RotationSystem.triangular_sector_endpoints' depends on axioms: [propext, Classical.choice, Quot.sound]
'JSP512Probe.RotationSystem.triangular_neighbors_adj' depends on axioms: [propext, Classical.choice, Quot.sound]
'JSP512Probe.RotationSystem.neighborRotation_sameCycle' depends on axioms: [propext, Classical.choice, Quot.sound]
'JSP512Probe.RotationSystem.neighborRotation_adj' depends on axioms: [propext, Classical.choice, Quot.sound]
'JSP512Probe.RotationSystem.neighborRotation_ne_self' depends on axioms: [propext, Classical.choice, Quot.sound]
'JSP512Probe.RotationSystem.sector_endpoints_of_closed' depends on axioms: [propext, Classical.choice, Quot.sound]
'JSP512Probe.RotationSystem.neighborRotation_adj_except' depends on axioms: [propext, Classical.choice, Quot.sound]
'JSP512Probe.RotationSystem.IsTriangulatedDisk.reroot' depends on axioms: [propext, Classical.choice, Quot.sound]
'JSP512Probe.RotationSystem.disk_delete_instance' depends on axioms: [propext, Classical.choice, Quot.sound]
'JSP512Probe.RotationSystem.deleted_outer_edge' depends on axioms: [propext, Classical.choice, Quot.sound]
'JSP512Probe.RotationSystem.disk_list_reduction' depends on axioms: [propext, Classical.choice, Quot.sound]
'JSP512Probe.RotationSystem.disk_backtracking_vertices' depends on axioms: [propext, Classical.choice, Quot.sound]
'JSP512Probe.RotationSystem.disk_backtracking_coloring' depends on axioms: [propext, Classical.choice, Quot.sound]
'JSP512Probe.ListColoring.glue_induced' depends on axioms: [propext, Classical.choice, Quot.sound]
'JSP512Probe.ListColoring.glue_induced_lists' depends on axioms: [propext, Classical.choice, Quot.sound]
'JSP512Probe.ListColoring.glue_along_chord' depends on axioms: [propext, Classical.choice, Quot.sound]
'JSP512Probe.ListColoring.chord_endpoint_colors_ne' depends on axioms: [propext, Classical.choice, Quot.sound]
'JSP512Probe.ListColoring.chordLists_unchanged' depends on axioms: [propext, Quot.sound]
'JSP512Probe.ListColoring.chord_list_bounds' depends on axioms: [propext, Classical.choice, Quot.sound]
'JSP512Probe.RotationSystem.induced_disk_list_bounds' depends on axioms: [propext, Classical.choice, Quot.sound]
'JSP512Probe.RotationSystem.induced_chord_list_bounds' depends on axioms: [propext, Classical.choice, Quot.sound]
'JSP512Probe.ListColoring.protected_edge_side' does not depend on any axioms
'JSP512Probe.RotationSystem.ChordSectorData.predecessor_not_restored_exposed' depends on axioms: [propext,
 Classical.choice,
 Quot.sound]
'JSP512Probe.RotationSystem.ChordSectorData.protected_vertices' depends on axioms: [propext,
 Classical.choice,
 Quot.sound]
'JSP512Probe.RotationSystem.facialVertices_reroot' depends on axioms: [propext, Classical.choice, Quot.sound]
'JSP512Probe.RotationSystem.ChordSectorData.precolored_step' depends on axioms: [propext, Classical.choice, Quot.sound]
'JSP512Probe.RotationSystem.disk_list_reduction_region' depends on axioms: [propext, Classical.choice, Quot.sound]
'JSP512Probe.RotationSystem.precolored_delete_step' depends on axioms: [propext, Classical.choice, Quot.sound]
'JSP512Probe.RotationSystem.triangulated_disk_precolored' depends on axioms: [propext, Classical.choice, Quot.sound]
'JSP512Probe.RotationSystem.triangulated_disk_list_coloring' depends on axioms: [propext, Classical.choice, Quot.sound]
'JSP512Probe.RotationSystem.small_graph_list_coloring' depends on axioms: [propext, Classical.choice, Quot.sound]
'JSP512Probe.RotationSystem.genusZero_five_list_coloring' depends on axioms: [propext, Classical.choice, Quot.sound]
'JSP512Probe.RotationSystem.closedDartEquiv' depends on axioms: [propext, Quot.sound]
'JSP512Probe.RotationSystem.restrictClosed' depends on axioms: [propext, Classical.choice, Quot.sound]
'JSP512Probe.RotationSystem.restrictClosed_face' depends on axioms: [propext, Classical.choice, Quot.sound]
'JSP512Probe.RotationSystem.restrictClosed_face_cycles' depends on axioms: [propext, Classical.choice, Quot.sound]
'JSP512Probe.RotationSystem.face_cycle_in_closed' depends on axioms: [propext, Classical.choice, Quot.sound]
'JSP512Probe.RotationSystem.restrictClosed_faceLength' depends on axioms: [propext, Classical.choice, Quot.sound]
'JSP512Probe.RotationSystem.restrictClosed_triangle' depends on axioms: [propext, Classical.choice, Quot.sound]
'JSP512Probe.RotationSystem.componentRotation' depends on axioms: [propext, Classical.choice, Quot.sound]
'JSP512Probe.RotationSystem.sum_component_vertices' depends on axioms: [propext, Classical.choice, Quot.sound]
'JSP512Probe.RotationSystem.componentDartsEquiv' depends on axioms: [propext, Classical.choice, Quot.sound]
'JSP512Probe.RotationSystem.sum_component_edges' depends on axioms: [propext, Classical.choice, Quot.sound]
'JSP512Probe.RotationSystem.componentSupportEquiv' depends on axioms: [propext, Quot.sound]
'JSP512Probe.RotationSystem.sum_component_support' depends on axioms: [propext, Classical.choice, Quot.sound]
'JSP512Probe.RotationSystem.faceComponent' depends on axioms: [propext, Classical.choice, Quot.sound]
'JSP512Probe.RotationSystem.componentFaceMap' depends on axioms: [propext, Classical.choice, Quot.sound]
'JSP512Probe.RotationSystem.faceComponent_map' depends on axioms: [propext, Classical.choice, Quot.sound]
'JSP512Probe.RotationSystem.componentFacesEquiv' depends on axioms: [propext, Classical.choice, Quot.sound]
'JSP512Probe.RotationSystem.sum_component_faces' depends on axioms: [propext, Classical.choice, Quot.sound]
'JSP512Probe.RotationSystem.componentDefect' depends on axioms: [propext, Classical.choice, Quot.sound]
'JSP512Probe.RotationSystem.componentDefect_nonnegative' depends on axioms: [propext, Classical.choice, Quot.sound]
'JSP512Probe.RotationSystem.sum_componentDefect' depends on axioms: [propext, Classical.choice, Quot.sound]
'JSP512Probe.RotationSystem.componentRotation_genusZero' depends on axioms: [propext, Classical.choice, Quot.sound]
'JSP512Probe.EdgeInsertion.added_face_old_away' depends on axioms: [propext, Classical.choice, Quot.sound]
'JSP512Probe.EdgeInsertion.added_face_left' depends on axioms: [propext, Classical.choice, Quot.sound]
'JSP512Probe.EdgeInsertion.added_face_right' depends on axioms: [propext, Classical.choice, Quot.sound]
'JSP512Probe.EdgeInsertion.added_face_reverse' depends on axioms: [propext, Classical.choice, Quot.sound]
'JSP512Probe.EdgeInsertion.added_face_forward' depends on axioms: [propext, Classical.choice, Quot.sound]
'JSP512Probe.EdgeInsertion.added_ear_triangle' depends on axioms: [propext, Classical.choice, Quot.sound]
'JSP512Probe.EdgeInsertion.added_ear_genusZero' depends on axioms: [propext, Classical.choice, Quot.sound]
'JSP512Probe.EdgeInsertion.added_ear_preserves_triangle' depends on axioms: [propext, Classical.choice, Quot.sound]
'JSP512Probe.EdgeInsertion.pendant_face_embed' depends on axioms: [propext, Classical.choice, Quot.sound]
'JSP512Probe.EdgeInsertion.pendant_face_anchor' depends on axioms: [propext, Classical.choice, Quot.sound]
'JSP512Probe.EdgeInsertion.pendant_face_forward' depends on axioms: [propext, Classical.choice, Quot.sound]
'JSP512Probe.EdgeInsertion.pendant_face_reverse' depends on axioms: [propext, Classical.choice, Quot.sound]
'JSP512Probe.EdgeInsertion.pendant_face_old_away' depends on axioms: [propext, Classical.choice, Quot.sound]
'JSP512Probe.RotationSystem.isolateDarts' depends on axioms: [propext, Classical.choice]
'JSP512Probe.RotationSystem.isolateDarts_reverse' depends on axioms: [propext, Classical.choice, Quot.sound]
'JSP512Probe.RotationSystem.withIsolate_none_support' depends on axioms: [propext]
'JSP512Probe.RotationSystem.withIsolate_reachable' depends on axioms: [propext]
'JSP512Probe.RotationSystem.withIsolate_none_reachable' depends on axioms: [propext]
'JSP512Probe.RotationSystem.addIsolate' depends on axioms: [propext, Classical.choice, Quot.sound]
'JSP512Probe.RotationSystem.addIsolate_face' depends on axioms: [propext, Classical.choice, Quot.sound]
'JSP512Probe.RotationSystem.addIsolate_faceCount' depends on axioms: [propext, Classical.choice, Quot.sound]
'JSP512Probe.RotationSystem.withIsolate_component_count' depends on axioms: [propext, Classical.choice, Quot.sound]
'JSP512Probe.RotationSystem.addIsolate_eulerDefect' depends on axioms: [propext, Classical.choice, Quot.sound]
'JSP512Probe.RotationSystem.addIsolate_genusZero' depends on axioms: [propext, Classical.choice, Quot.sound]
'JSP512Probe.RotationSystem.fanStartGraph' depends on axioms: [propext]
'JSP512Probe.RotationSystem.fanStartGraph_center_adj' depends on axioms: [propext]
'JSP512Probe.RotationSystem.fanStartGraph_connected' depends on axioms: [propext]
'JSP512Probe.RotationSystem.startFan' depends on axioms: [propext, Classical.choice, Quot.sound]
'JSP512Probe.RotationSystem.startFan_genusZero' depends on axioms: [propext, Classical.choice, Quot.sound]
'JSP512Probe.RotationSystem.restoredVertexEquiv' depends on axioms: [Classical.choice]
'JSP512Probe.CycleSurgery.three_step_cycle_iff' depends on axioms: [propext, Classical.choice, Quot.sound]
'JSP512Probe.EdgeInsertion.added_ear_cycle_iff' depends on axioms: [propext, Classical.choice, Quot.sound]
'JSP512Probe.EdgeInsertion.added_ear_forward_separate' depends on axioms: [propext, Classical.choice, Quot.sound]
'JSP512Probe.EdgeInsertion.added_ear_survives_next' depends on axioms: [propext, Classical.choice, Quot.sound]
'JSP512Probe.EdgeInsertion.added_rotate_anchor' depends on axioms: [propext, Classical.choice, Quot.sound]
'JSP512Probe.EdgeInsertion.added_next_path' depends on axioms: [propext, Classical.choice, Quot.sound]
'JSP512Probe.EdgeInsertion.added_next_corner' depends on axioms: [propext, Classical.choice, Quot.sound]
'JSP512Probe.EdgeInsertion.added_next_missing' depends on axioms: [propext, Classical.choice, Quot.sound]
'JSP512Probe.EdgeInsertion.advanceFan' depends on axioms: [propext, Classical.choice, Quot.sound]
'JSP512Probe.EdgeInsertion.advanceFan_genusZero' depends on axioms: [propext, Classical.choice, Quot.sound]
'JSP512Probe.EdgeInsertion.advanceFan_preserves_ear' depends on axioms: [propext, Classical.choice, Quot.sound]
'JSP512Probe.EdgeInsertion.FaceRoute' does not depend on any axioms
'JSP512Probe.EdgeInsertion.FaceRoute.map_steps' depends on axioms: [propext]
'JSP512Probe.EdgeInsertion.FanRoute' depends on axioms: [propext, Classical.choice, Quot.sound]
'JSP512Probe.EdgeInsertion.FanRoute.tail' depends on axioms: [propext, Classical.choice, Quot.sound]
'JSP512Probe.EdgeInsertion.finite_fan_exists' depends on axioms: [propext, Classical.choice, Quot.sound]
'JSP512Probe.EdgeInsertion.FanRoute.complete' depends on axioms: [propext, Classical.choice, Quot.sound]
'JSP512Probe.CycleSurgery.three_step_of_sameCycle' depends on axioms: [propext, Classical.choice, Quot.sound]
'JSP512Probe.EdgeInsertion.added_outer_partition' depends on axioms: [propext, Classical.choice, Quot.sound]
'JSP512Probe.EdgeInsertion.added_inner_triangles' depends on axioms: [propext, Classical.choice, Quot.sound]
'JSP512Probe.EdgeInsertion.triangulated_fan_exists' depends on axioms: [propext, Classical.choice, Quot.sound]
'JSP512Probe.EdgeInsertion.FanRoute.complete_with_inner_faces' depends on axioms: [propext,
 Classical.choice,
 Quot.sound]
'JSP512Probe.EdgeInsertion.added_outer_projects' depends on axioms: [propext, Classical.choice, Quot.sound]
'JSP512Probe.EdgeInsertion.added_outer_not_ear' depends on axioms: [propext, Classical.choice, Quot.sound]
'JSP512Probe.EdgeInsertion.added_outer_old_iff' depends on axioms: [propext, Classical.choice, Quot.sound]
'JSP512Probe.EdgeInsertion.added_outer_representative' depends on axioms: [propext, Classical.choice, Quot.sound]
'JSP512Probe.EdgeInsertion.added_outer_simple' depends on axioms: [propext, Classical.choice, Quot.sound]
'JSP512Probe.EdgeInsertion.FanRoute.complete_disk' depends on axioms: [propext, Classical.choice, Quot.sound]
'JSP512Probe.EdgeInsertion.ResidualBoundarySimple' depends on axioms: [propext, Classical.choice, Quot.sound]
'JSP512Probe.EdgeInsertion.FanRoute.first_spoke_not_mem' depends on axioms: [propext, Classical.choice, Quot.sound]
'JSP512Probe.EdgeInsertion.FanRoute.residual_simple_tail' depends on axioms: [propext, Classical.choice, Quot.sound]
'JSP512Probe.EdgeInsertion.ResidualBoundaryVertex' depends on axioms: [propext, Classical.choice, Quot.sound]
'JSP512Probe.EdgeInsertion.FanRoute.residual_vertices_tail' depends on axioms: [propext, Classical.choice, Quot.sound]
'JSP512Probe.EdgeInsertion.FanRoute.complete_disk_of_residual' depends on axioms: [propext,
 Classical.choice,
 Quot.sound]
'JSP512Probe.RotationSystem.startAnchor' depends on axioms: [propext]
'JSP512Probe.RotationSystem.startOldDart' depends on axioms: [propext]
'JSP512Probe.RotationSystem.startFan_rotate_anchor' depends on axioms: [propext, Classical.choice, Quot.sound]
'JSP512Probe.RotationSystem.startFan_face_anchor' depends on axioms: [propext, Classical.choice, Quot.sound]
'JSP512Probe.RotationSystem.startFan_face_old' depends on axioms: [propext, Classical.choice, Quot.sound]
'JSP512Probe.RotationSystem.startFan_route' depends on axioms: [propext, Classical.choice, Quot.sound]
'JSP512Probe.RotationSystem.startFan_complete' depends on axioms: [propext, Classical.choice, Quot.sound]
'JSP512Probe.RotationSystem.restoredFanIso' depends on axioms: [propext, Classical.choice, Quot.sound]
'JSP512Probe.EdgeInsertion.pendant_old_face_cycles' depends on axioms: [propext, Classical.choice, Quot.sound]
'JSP512Probe.EdgeInsertion.pendant_new_face_cycles' depends on axioms: [propext, Classical.choice, Quot.sound]
'JSP512Probe.RotationSystem.startFan_dart_cases' depends on axioms: [propext, Classical.choice, Quot.sound]
'JSP512Probe.RotationSystem.startFan_face_forward' depends on axioms: [propext, Classical.choice, Quot.sound]
'JSP512Probe.RotationSystem.startFan_outer_old_iff' depends on axioms: [propext, Classical.choice, Quot.sound]
'JSP512Probe.RotationSystem.startFan_old_triangle' depends on axioms: [propext, Classical.choice, Quot.sound]
'JSP512Probe.RotationSystem.startFan_inner' depends on axioms: [propext, Classical.choice, Quot.sound]
'JSP512Probe.RotationSystem.startFan_residual_simple' depends on axioms: [propext, Classical.choice, Quot.sound]
'JSP512Probe.RotationSystem.startFan_residual_vertices' depends on axioms: [propext, Classical.choice, Quot.sound]
'JSP512Probe.RotationSystem.startFan_disk' depends on axioms: [propext, Classical.choice, Quot.sound]
'JSP512Probe.EdgeInsertion.triangulated_fan_exists_edges' depends on axioms: [propext, Classical.choice, Quot.sound]
'JSP512Probe.EdgeInsertion.FanRoute.complete_disk_of_residual_edges' depends on axioms: [propext,
 Classical.choice,
 Quot.sound]
'JSP512Probe.RotationSystem.startFan_disk_edges' depends on axioms: [propext, Classical.choice, Quot.sound]
'JSP512Probe.RotationSystem.sameCycle_iff_source' depends on axioms: [propext, Classical.choice, Quot.sound]
'JSP512Probe.RotationSystem.vertexOrbit_card' depends on axioms: [propext, Classical.choice, Quot.sound]
'JSP512Probe.RotationSystem.face_ne_self' depends on axioms: [propext, Classical.choice, Quot.sound]
'JSP512Probe.CycleSurgery.eraseAt_sameCycle_iff' depends on axioms: [propext, Classical.choice, Quot.sound]
'JSP512Probe.CycleSurgery.delete_sameCycle_iff' depends on axioms: [propext, Classical.choice, Quot.sound]
'JSP512Probe.CycleSurgery.delete_fiber_cycles' depends on axioms: [propext, Classical.choice, Quot.sound]
'JSP512Probe.RotationSystem.deleteEdge' depends on axioms: [propext, Classical.choice, Quot.sound]
'JSP512Probe.RotationSystem.deleted_cycles' depends on axioms: [propext, Classical.choice, Quot.sound]
'JSP512Probe.RotationSystem.deleted_face' depends on axioms: [propext, Classical.choice, Quot.sound]
'JSP512Probe.RotationSystem.ambient_face_surgery' depends on axioms: [propext, Classical.choice, Quot.sound]
'JSP512Probe.RotationSystem.removed_face_orbit' depends on axioms: [propext, Classical.choice, Quot.sound]
'JSP512Probe.quotient_card_remove_class' depends on axioms: [propext, Classical.choice, Quot.sound]
'JSP512Probe.sameCycle_embedding' depends on axioms: [propext, Classical.choice, Quot.sound]
'JSP512Probe.RotationSystem.ambient_face_count' depends on axioms: [propext, Classical.choice, Quot.sound]
'JSP512Probe.CycleSurgery.swap_joins' depends on axioms: [propext, Classical.choice, Quot.sound]
'JSP512Probe.CycleSurgery.swap_cycles_label' depends on axioms: [propext, Classical.choice, Quot.sound]
'JSP512Probe.CycleSurgery.swap_cycle_count' depends on axioms: [propext, Classical.choice, Quot.sound]
'JSP512Probe.CycleSurgery.swap_split_count' depends on axioms: [propext, Classical.choice, Quot.sound]
'JSP512Probe.RotationSystem.delete_face_count_same' depends on axioms: [propext, Classical.choice, Quot.sound]
'JSP512Probe.RotationSystem.delete_face_count_different' depends on axioms: [propext, Classical.choice, Quot.sound]
'JSP512Probe.RotationSystem.delete_face_count_source_leaf' depends on axioms: [propext, Classical.choice, Quot.sound]
'JSP512Probe.RotationSystem.delete_face_count_target_leaf' depends on axioms: [propext, Classical.choice, Quot.sound]
'JSP512Probe.RotationSystem.delete_face_count_isolated_edge' depends on axioms: [propext, Classical.choice, Quot.sound]
'JSP512Probe.RotationSystem.bridge_same_face' depends on axioms: [propext, Classical.choice, Quot.sound]
'JSP512Probe.RotationSystem.bridge_component_count' depends on axioms: [propext, Classical.choice, Quot.sound]
'JSP512Probe.RotationSystem.nonbridge_component_count' depends on axioms: [propext, Classical.choice, Quot.sound]
'JSP512Probe.RotationSystem.supportSize_delete' depends on axioms: [propext, Classical.choice, Quot.sound]
'JSP512Probe.RotationSystem.defect_delete_le' depends on axioms: [propext, Classical.choice, Quot.sound]
'JSP512Probe.RotationSystem.defect_nonnegative' depends on axioms: [propext, Classical.choice, Quot.sound]
'JSP512Probe.RotationSystem.genusZero_delete' depends on axioms: [propext, Classical.choice, Quot.sound]
'JSP512Probe.RotationSystem.genusZero_bridge_iff_sameFace' depends on axioms: [propext, Classical.choice, Quot.sound]
'JSP512Probe.RotationSystem.genusZero_subgraph' depends on axioms: [propext, Classical.choice, Quot.sound]
'JSP512Probe.CycleSurgery.erase_insertAfter' depends on axioms: [propext, Classical.choice, Quot.sound]
'JSP512Probe.CycleSurgery.insertAfter_sameCycle' depends on axioms: [propext, Classical.choice, Quot.sound]
'JSP512Probe.CycleSurgery.insertAfter_new_cycle' depends on axioms: [propext, Classical.choice, Quot.sound]
'JSP512Probe.CycleSurgery.insertAfter_orbit_count' depends on axioms: [propext, Classical.choice, Quot.sound]
'JSP512Probe.CycleSurgery.insertAfter_fiber_cycles' depends on axioms: [propext, Classical.choice, Quot.sound]
'JSP512Probe.CycleSurgery.insertAfter_preserves_label' depends on axioms: [propext, Classical.choice, Quot.sound]
'JSP512Probe.CycleSurgery.fresh_source_fiber_cycles' depends on axioms: [propext, Classical.choice, Quot.sound]
'JSP512Probe.EdgeInsertion.dartEquiv' depends on axioms: [propext, Classical.choice]
'JSP512Probe.EdgeInsertion.addEdge' depends on axioms: [propext, Classical.choice, Quot.sound]
'JSP512Probe.EdgeInsertion.added_cycles' depends on axioms: [propext, Classical.choice, Quot.sound]
'JSP512Probe.EdgeInsertion.added_face_embed' depends on axioms: [propext, Classical.choice, Quot.sound]
'JSP512Probe.CycleSurgery.insertAfter_old' depends on axioms: [propext, Classical.choice, Quot.sound]
'JSP512Probe.EdgeInsertion.face_insertion_formula' depends on axioms: [propext, Classical.choice, Quot.sound]
'JSP512Probe.EdgeInsertion.added_face_count_eq_cut' depends on axioms: [propext, Classical.choice, Quot.sound]
'JSP512Probe.EdgeInsertion.cofacial_added_face_count' depends on axioms: [propext, Classical.choice, Quot.sound]
'JSP512Probe.EdgeInsertion.added_edge_count' depends on axioms: [propext, Classical.choice, Quot.sound]
'JSP512Probe.EdgeInsertion.added_component_count' depends on axioms: [propext, Classical.choice, Quot.sound]
'JSP512Probe.EdgeInsertion.cofacial_defect' depends on axioms: [propext, Classical.choice, Quot.sound]
'JSP512Probe.EdgeInsertion.cofacial_genusZero' depends on axioms: [propext, Classical.choice, Quot.sound]
'JSP512Probe.RotationSystem.exists_maximal_augmentation' depends on axioms: [propext, Classical.choice, Quot.sound]
'JSP512Probe.RotationSystem.maximal_cofacial_adj' depends on axioms: [propext, Classical.choice, Quot.sound]
'JSP512Probe.RotationSystem.maximal_face_vertices_adj' depends on axioms: [propext, Classical.choice, Quot.sound]
'JSP512Probe.RotationSystem.maximal_supergraph_eq' depends on axioms: [propext, Classical.choice, Quot.sound]
'JSP512Probe.RotationSystem.maximal_face_isClique' depends on axioms: [propext, Classical.choice, Quot.sound]
'JSP512Probe.RotationSystem.maximal_bridge_source_fixed' depends on axioms: [propext, Classical.choice, Quot.sound]
'JSP512Probe.RotationSystem.maximal_bridge_endpoints_fixed' depends on axioms: [propext, Classical.choice, Quot.sound]
'JSP512Probe.EdgeInsertion.delete_added_edge' depends on axioms: [propext, Classical.choice, Quot.sound]
'JSP512Probe.EdgeInsertion.separate_component_count' depends on axioms: [propext, Classical.choice, Quot.sound]
'JSP512Probe.EdgeInsertion.separate_face_count' depends on axioms: [propext, Classical.choice, Quot.sound]
'JSP512Probe.EdgeInsertion.separate_defect' depends on axioms: [propext, Classical.choice, Quot.sound]
'JSP512Probe.EdgeInsertion.separate_genusZero' depends on axioms: [propext, Classical.choice, Quot.sound]
'JSP512Probe.RotationSystem.maximal_dart_sources_reachable' depends on axioms: [propext, Classical.choice, Quot.sound]
'JSP512Probe.RotationSystem.maximal_support_reachable' depends on axioms: [propext, Classical.choice, Quot.sound]
'JSP512Probe.EdgeInsertion.pendant_cycles' depends on axioms: [propext, Classical.choice, Quot.sound]
'JSP512Probe.EdgeInsertion.addPendant' depends on axioms: [propext, Classical.choice, Quot.sound]
'JSP512Probe.EdgeInsertion.pendant_face_formula' depends on axioms: [propext, Classical.choice, Quot.sound]
'JSP512Probe.EdgeInsertion.pendant_face_count' depends on axioms: [propext, Classical.choice, Quot.sound]
'JSP512Probe.EdgeInsertion.delete_pendant_edge' depends on axioms: [propext, Classical.choice, Quot.sound]
'JSP512Probe.EdgeInsertion.pendant_defect' depends on axioms: [propext, Classical.choice, Quot.sound]
'JSP512Probe.EdgeInsertion.pendant_genusZero' depends on axioms: [propext, Classical.choice, Quot.sound]
'JSP512Probe.RotationSystem.maximal_support_univ' depends on axioms: [propext, Classical.choice, Quot.sound]
'JSP512Probe.RotationSystem.maximal_connected_of_dart' depends on axioms: [propext, Classical.choice, Quot.sound]
'JSP512Probe.EdgeInsertion.singleEdgeRotation' depends on axioms: [propext, Classical.choice, Quot.sound]
'JSP512Probe.EdgeInsertion.singleEdge_genusZero' depends on axioms: [propext, Classical.choice, Quot.sound]
'JSP512Probe.RotationSystem.maximal_preconnected' depends on axioms: [propext, Classical.choice, Quot.sound]
'JSP512Probe.RotationSystem.maximal_connected' depends on axioms: [propext, Classical.choice, Quot.sound]
'JSP512Probe.RotationSystem.reachable_of_endpoints_fixed' depends on axioms: [propext, Classical.choice, Quot.sound]
'JSP512Probe.RotationSystem.maximal_bridge_card' depends on axioms: [propext, Classical.choice, Quot.sound]
'JSP512Probe.RotationSystem.maximal_not_bridge' depends on axioms: [propext, Classical.choice, Quot.sound]
'JSP512Probe.RotationSystem.maximal_edge_distinct_faces' depends on axioms: [propext, Classical.choice, Quot.sound]
'JSP512Probe.RotationSystem.maximal_face_edge_injective' depends on axioms: [propext, Classical.choice, Quot.sound]
'JSP512Probe.RotationSystem.maximal_face_two_steps_ne' depends on axioms: [propext, Classical.choice, Quot.sound]
'JSP512Probe.RotationSystem.maximal_rotations_nonfixed' depends on axioms: [propext, Classical.choice, Quot.sound]
'JSP512Probe.RotationSystem.maximal_consecutive_neighbors_adj' depends on axioms: [propext,
 Classical.choice,
 Quot.sound]
'JSP512Probe.RotationSystem.maximal_neighbor_preconnected' depends on axioms: [propext, Classical.choice, Quot.sound]
'JSP512Probe.RotationSystem.maximal_vertex_deleted_preconnected' depends on axioms: [propext,
 Classical.choice,
 Quot.sound]
'JSP512Probe.RotationSystem.maximal_vertex_deleted_connected' depends on axioms: [propext, Classical.choice, Quot.sound]
'JSP512Probe.RefinedRotation.cycle_source' depends on axioms: [propext, Classical.choice, Quot.sound]
'JSP512Probe.RefinedRotation.dart_bijective' depends on axioms: [propext, Classical.choice, Quot.sound]
'JSP512Probe.RefinedRotation.rotation' depends on axioms: [propext, Classical.choice, Quot.sound]
'JSP512Probe.RefinedRotation.face_count' depends on axioms: [propext, Classical.choice, Quot.sound]
'JSP512Probe.RefinedRotation.full_support' depends on axioms: [propext, Classical.choice, Quot.sound]
'JSP512Probe.RefinedRotation.edge_count' depends on axioms: [propext, Classical.choice, Quot.sound]
'JSP512Probe.RotationSystem.split_source' depends on axioms: [propext, Classical.choice, Quot.sound]
'JSP512Probe.RotationSystem.split_cycles_away' depends on axioms: [propext, Classical.choice, Quot.sound]
'JSP512Probe.RotationSystem.split_graph_connected' depends on axioms: [propext, Classical.choice, Quot.sound]
'JSP512Probe.RotationSystem.maximal_face_vertex_injective' depends on axioms: [propext, Classical.choice, Quot.sound]
'JSP512Probe.RotationSystem.maximal_face_source_injOn' depends on axioms: [propext, Classical.choice, Quot.sound]
'JSP512Probe.RotationSystem.maximal_face_size_le' depends on axioms: [propext, Classical.choice, Quot.sound]
'JSP512Probe.CycleSurgery.sum_orbitSize' depends on axioms: [propext, Classical.choice, Quot.sound]
'JSP512Probe.CycleSurgery.orbitSize_three_le' depends on axioms: [propext, Classical.choice, Quot.sound]
'JSP512Probe.CycleSurgery.orbit_size_budget' depends on axioms: [propext, Classical.choice, Quot.sound]
'JSP512Probe.RotationSystem.faceLength_eq_card' depends on axioms: [propext, Classical.choice, Quot.sound]
'JSP512Probe.RotationSystem.rotate_fixed_of_face_two_steps' depends on axioms: [propext, Classical.choice, Quot.sound]
'JSP512Probe.RotationSystem.face_length_budget' depends on axioms: [propext, Classical.choice, Quot.sound]
'JSP512Probe.RotationSystem.genusZero_edge_face_bound' depends on axioms: [propext, Classical.choice, Quot.sound]
'JSP512Probe.RotationSystem.maximal_edge_face_bound' depends on axioms: [propext, Classical.choice, Quot.sound]
'JSP512Probe.RotationSystem.delete_face_step_unchanged' depends on axioms: [propext, Classical.choice, Quot.sound]
'JSP512Probe.RotationSystem.genusZero_subgraph_preserving_steps' depends on axioms: [propext,
 Classical.choice,
 Quot.sound]
'JSP512Probe.RotationSystem.complete_rotations_nonfixed' depends on axioms: [propext, Classical.choice, Quot.sound]
'JSP512Probe.RotationSystem.complete_spanning_face_impossible' depends on axioms: [propext,
 Classical.choice,
 Quot.sound]
'JSP512Probe.RotationSystem.component_support_count' depends on axioms: [propext, Classical.choice, Quot.sound]
'JSP512Probe.RotationSystem.realized_genusZero' depends on axioms: [propext, Classical.choice, Quot.sound]
'JSP512Probe.RotationSystem.maximal_faceLength_le_three' depends on axioms: [propext, Classical.choice, Quot.sound]
'JSP512Probe.RotationSystem.maximal_faceLength_eq_three' depends on axioms: [propext, Classical.choice, Quot.sound]
'JSP512Probe.RotationSystem.exists_triangular_augmentation' depends on axioms: [propext, Classical.choice, Quot.sound]
'JSP512Probe.RotationSystem.maximal_face_darts_iff' depends on axioms: [propext, Classical.choice, Quot.sound]
'JSP512Probe.RotationSystem.maximal_face_three_steps' depends on axioms: [propext, Classical.choice, Quot.sound]
'JSP512Probe.RotationSystem.isoDarts' depends on axioms: [propext, Quot.sound]
'JSP512Probe.RotationSystem.isoDarts_reverse' depends on axioms: [propext, Quot.sound]
'JSP512Probe.RotationSystem.mapIso' depends on axioms: [propext, Classical.choice, Quot.sound]
'JSP512Probe.RotationSystem.mapIso_face' depends on axioms: [propext, Classical.choice, Quot.sound]
'JSP512Probe.RotationSystem.mapIso_face_cycles' depends on axioms: [propext, Classical.choice, Quot.sound]
'JSP512Probe.RotationSystem.mapIso_faceLength' depends on axioms: [propext, Classical.choice, Quot.sound]
'JSP512Probe.RotationSystem.mapIso_triangle' depends on axioms: [propext, Classical.choice, Quot.sound]
'JSP512Probe.RotationSystem.mapIso_faceCount' depends on axioms: [propext, Classical.choice, Quot.sound]
'JSP512Probe.RotationSystem.mapIso_eulerDefect' depends on axioms: [propext, Classical.choice, Quot.sound]
'JSP512Probe.RotationSystem.mapIso_genusZero' depends on axioms: [propext, Classical.choice, Quot.sound]
'JSP512Probe.Gutner.vertex_injective' depends on axioms: [propext, Quot.sound]
'JSP512Probe.Gutner.colors_cover' depends on axioms: [propext, Classical.choice, Quot.sound]
'JSP512Probe.Gutner.lists_card' depends on axioms: [propext, Classical.choice, Quot.sound]
'JSP512Probe.Gutner.block_obstruction' depends on axioms: [propext, Classical.choice, Quot.sound]
'JSP512Probe.Gutner.no_list_coloring' depends on axioms: [propext, Classical.choice, Quot.sound]
'JSP512Probe.StraightLine.mix_line' depends on axioms: [propext, Classical.choice, Quot.sound]
'JSP512Probe.StraightLine.convex_nonzero' depends on axioms: [propext, Classical.choice, Quot.sound]
'JSP512Probe.StraightLine.separated_segments' depends on axioms: [propext, Classical.choice, Quot.sound]
'JSP512Probe.StraightLine.drawingOfChecks' depends on axioms: [propext, Classical.choice, Quot.sound]
'JSP512Probe.Gutner.position_injective' depends on axioms: [propext, Classical.choice, Quot.sound]
'JSP512Probe.Gutner.vertex_checks' depends on axioms: [propext, Classical.choice, Quot.sound]
'JSP512Probe.Gutner.pair_checks' depends on axioms: [propext, Classical.choice, Quot.sound]
'JSP512Probe.Gutner.adj_edge' depends on axioms: [propext, Classical.choice, Quot.sound]
'JSP512Probe.Gutner.drawing' depends on axioms: [propext, Classical.choice, Quot.sound]
'JSP512Probe.Gutner.geometric_four_list_obstruction' depends on axioms: [propext, Classical.choice, Quot.sound]
'JSP512Probe.CycleSurgery.fiberPermutation' depends on axioms: [Quot.sound]
'JSP512Probe.CycleSurgery.fiberPermutation_cycles' depends on axioms: [propext, Classical.choice, Quot.sound]
'JSP512Probe.RotationSystem.vertexLocal_source' depends on axioms: [propext, Classical.choice, Quot.sound]
'JSP512Probe.RotationSystem.vertexErased_incoming_fixed' depends on axioms: [propext, Classical.choice, Quot.sound]
'JSP512Probe.RotationSystem.vertex_survives_iff' depends on axioms: [propext, Classical.choice, Quot.sound]
'JSP512Probe.RotationSystem.deleteVertex' depends on axioms: [propext, Classical.choice, Quot.sound]
'JSP512Probe.RotationSystem.vertex_deleted_face' depends on axioms: [propext, Classical.choice, Quot.sound]
'JSP512Probe.RotationSystem.vertexErased_apply' depends on axioms: [propext, Classical.choice, Quot.sound]
'JSP512Probe.RotationSystem.vertex_deleted_face_formula' depends on axioms: [propext, Classical.choice, Quot.sound]
'JSP512Probe.RotationSystem.sector_survives' depends on axioms: [propext, Classical.choice, Quot.sound]
'JSP512Probe.RotationSystem.sector_deleted_face' depends on axioms: [propext, Classical.choice, Quot.sound]
'JSP512Probe.RotationSystem.sector_predecessor_step' depends on axioms: [propext, Classical.choice, Quot.sound]
'JSP512Probe.RotationSystem.deleted_face_step_of_survives' depends on axioms: [propext, Classical.choice, Quot.sound]
'JSP512Probe.RotationSystem.deleted_triangle_preserved' depends on axioms: [propext, Classical.choice, Quot.sound]
'JSP512Probe.RotationSystem.boundarySector_injective' depends on axioms: [propext, Classical.choice, Quot.sound]
'JSP512Probe.RotationSystem.boundarySector_step' depends on axioms: [propext, Classical.choice, Quot.sound]
'JSP512Probe.RotationSystem.deleted_boundary_orbit' depends on axioms: [propext, Classical.choice, Quot.sound]
'JSP512Probe.RotationSystem.deleted_boundary_vertices' depends on axioms: [propext, Classical.choice, Quot.sound]
'JSP512Probe.RotationSystem.deleted_boundary_source_injective' depends on axioms: [propext,
 Classical.choice,
 Quot.sound]
'JSP512Probe.RotationSystem.deleted_nonboundary_step' depends on axioms: [propext, Classical.choice, Quot.sound]
'JSP512Probe.RotationSystem.deleted_nonboundary_triangular' depends on axioms: [propext, Classical.choice, Quot.sound]
'JSP512Probe.RotationSystem.deleted_boundary_length' depends on axioms: [propext, Classical.choice, Quot.sound]
'JSP512Probe.CycleSurgery.orbitSize_eq_three' depends on axioms: [propext, Classical.choice, Quot.sound]
'JSP512Probe.CycleSurgery.orbit_size_exact' depends on axioms: [propext, Classical.choice, Quot.sound]
'JSP512Probe.RotationSystem.deleted_face_count' depends on axioms: [propext, Classical.choice, Quot.sound]
'JSP512Probe.RotationSystem.triangular_face_count' depends on axioms: [propext, Classical.choice, Quot.sound]
'JSP512Probe.RotationSystem.vertex_deleted_edge_count' depends on axioms: [propext, Classical.choice, Quot.sound]
'JSP512Probe.RotationSystem.vertex_deleted_vertex_count' depends on axioms: [propext, Classical.choice, Quot.sound]
'JSP512Probe.RotationSystem.maximal_deleteVertex_genusZero' depends on axioms: [propext, Classical.choice, Quot.sound]
'JSP512Probe.RotationSystem.outer_face_fan' depends on axioms: [propext, Classical.choice, Quot.sound]
'JSP512Probe.RotationSystem.fan_neighbor_preconnected' depends on axioms: [propext, Classical.choice, Quot.sound]
'JSP512Probe.RotationSystem.vertex_deleted_preconnected_of_neighbors' depends on axioms: [propext,
 Classical.choice,
 Quot.sound]
'JSP512Probe.RotationSystem.outer_vertex_deleted_connected' depends on axioms: [propext, Classical.choice, Quot.sound]
'JSP512Probe.RotationSystem.inner_sector_not_outer' depends on axioms: [propext, Classical.choice, Quot.sound]
'JSP512Probe.RotationSystem.outer_splice_entry' depends on axioms: [propext, Classical.choice, Quot.sound]
'JSP512Probe.RotationSystem.outer_splice_exit' depends on axioms: [propext, Classical.choice, Quot.sound]
'JSP512Probe.RotationSystem.outer_region_sector' depends on axioms: [propext, Classical.choice, Quot.sound]
'JSP512Probe.RotationSystem.outer_region_step' depends on axioms: [propext, Classical.choice, Quot.sound]
'JSP512Probe.RotationSystem.outer_region_sameCycle' depends on axioms: [propext, Classical.choice, Quot.sound]
'JSP512Probe.RotationSystem.outside_outer_region_step' depends on axioms: [propext, Classical.choice, Quot.sound]
'JSP512Probe.RotationSystem.outside_outer_region_triangular' depends on axioms: [propext, Classical.choice, Quot.sound]
'JSP512Probe.RotationSystem.outer_region_source_injective' depends on axioms: [propext, Classical.choice, Quot.sound]
'JSP512Probe.RotationSystem.outer_region_vertices' depends on axioms: [propext, Classical.choice, Quot.sound]
'JSP512Probe.RotationSystem.outer_fan_single_orbit' depends on axioms: [propext, Classical.choice, Quot.sound]
'JSP512Probe.RotationSystem.old_outer_reaches_fan' depends on axioms: [propext, Classical.choice, Quot.sound]
'JSP512Probe.RotationSystem.outer_region_single_orbit' depends on axioms: [propext, Classical.choice, Quot.sound]
'JSP512Probe.RotationSystem.outer_deleted_boundary' depends on axioms: [propext, Classical.choice, Quot.sound]
'JSP512Probe.RotationSystem.disk_face_count' depends on axioms: [propext, Classical.choice, Quot.sound]
'JSP512Probe.RotationSystem.faceLength_eq_label_card' depends on axioms: [propext, Classical.choice, Quot.sound]
'JSP512Probe.RotationSystem.nonbacktracking_corner_card' depends on axioms: [propext, Classical.choice, Quot.sound]
'JSP512Probe.RotationSystem.outer_deleted_length' depends on axioms: [propext, Classical.choice, Quot.sound]
'JSP512Probe.RotationSystem.disk_deleteVertex_genusZero' depends on axioms: [propext, Classical.choice, Quot.sound]
'JSP512Probe.RotationSystem.outer_deleted_dart_length' depends on axioms: [propext, Classical.choice, Quot.sound]
'JSP512Probe.RotationSystem.boundary_deleteVertex_genusZero' depends on axioms: [propext, Classical.choice, Quot.sound]
PASS: source integrity, full build of 131 modules, and 456 named axiom audits.
