SunPrize\Certificate\Theory012.lean:481:56: warning: This simp argument is unused:
  not_le

Hint: Omit it from the simp argument list.
  [apply] simp only [not_lt] at h ⊢

Note: This linter can be disabled with `set_option linter.unusedSimpArgs false`
SunPrize\Certificate\Theory012.lean:489:56: warning: This simp argument is unused:
  not_le

Hint: Omit it from the simp argument list.
  [apply] simp only [not_lt] at h ⊢

Note: This linter can be disabled with `set_option linter.unusedSimpArgs false`
SunPrize\Certificate\Theory012.lean:491:56: warning: This simp argument is unused:
  not_le

Hint: Omit it from the simp argument list.
  [apply] simp only [not_lt] at h ⊢

Note: This linter can be disabled with `set_option linter.unusedSimpArgs false`
SunPrize\Certificate\Theory012.lean:493:56: warning: This simp argument is unused:
  not_le

Hint: Omit it from the simp argument list.
  [apply] simp only [not_lt] at h ⊢

Note: This linter can be disabled with `set_option linter.unusedSimpArgs false`
SunPrize\Certificate\Theory012.lean:495:56: warning: This simp argument is unused:
  not_le

Hint: Omit it from the simp argument list.
  [apply] simp only [not_lt] at h ⊢

Note: This linter can be disabled with `set_option linter.unusedSimpArgs false`
SunPrize\Certificate\Theory012.lean:497:56: warning: This simp argument is unused:
  not_le

Hint: Omit it from the simp argument list.
  [apply] simp only [not_lt] at h ⊢

Note: This linter can be disabled with `set_option linter.unusedSimpArgs false`
SunPrize\Certificate\Theory012.lean:499:56: warning: This simp argument is unused:
  not_le

Hint: Omit it from the simp argument list.
  [apply] simp only [not_lt] at h ⊢

Note: This linter can be disabled with `set_option linter.unusedSimpArgs false`
SunPrize\Certificate\Theory012.lean:483:32: warning: Unused tactic linter: `(try simp only [not_lt, not_le] at h ⊢)` does nothing

Note: This linter can be disabled with `set_option linter.unusedTactic false`
SunPrize\Certificate\Theory012.lean:485:32: warning: Unused tactic linter: `(try simp only [not_lt, not_le] at h ⊢)` does nothing

Note: This linter can be disabled with `set_option linter.unusedTactic false`
SunPrize\Certificate\Theory012.lean:487:32: warning: Unused tactic linter: `(try simp only [not_lt, not_le] at h ⊢)` does nothing

Note: This linter can be disabled with `set_option linter.unusedTactic false`
SunPrize\Certificate\Theory012.lean:514:56: warning: This simp argument is unused:
  not_le

Hint: Omit it from the simp argument list.
  [apply] simp only [not_lt] at h ⊢

Note: This linter can be disabled with `set_option linter.unusedSimpArgs false`
SunPrize\Certificate\Theory012.lean:516:56: warning: This simp argument is unused:
  not_le

Hint: Omit it from the simp argument list.
  [apply] simp only [not_lt] at h ⊢

Note: This linter can be disabled with `set_option linter.unusedSimpArgs false`
SunPrize\Certificate\Theory012.lean:518:56: warning: This simp argument is unused:
  not_le

Hint: Omit it from the simp argument list.
  [apply] simp only [not_lt] at h ⊢

Note: This linter can be disabled with `set_option linter.unusedSimpArgs false`
SunPrize\Certificate\Theory012.lean:520:56: warning: This simp argument is unused:
  not_le

Hint: Omit it from the simp argument list.
  [apply] simp only [not_lt] at h ⊢

Note: This linter can be disabled with `set_option linter.unusedSimpArgs false`
SunPrize\Certificate\Theory012.lean:522:56: warning: This simp argument is unused:
  not_le

Hint: Omit it from the simp argument list.
  [apply] simp only [not_lt] at h ⊢

Note: This linter can be disabled with `set_option linter.unusedSimpArgs false`
SunPrize\Certificate\Theory012.lean:530:56: warning: This simp argument is unused:
  not_le

Hint: Omit it from the simp argument list.
  [apply] simp only [not_lt] at h ⊢

Note: This linter can be disabled with `set_option linter.unusedSimpArgs false`
SunPrize\Certificate\Theory012.lean:532:56: warning: This simp argument is unused:
  not_le

Hint: Omit it from the simp argument list.
  [apply] simp only [not_lt] at h ⊢

Note: This linter can be disabled with `set_option linter.unusedSimpArgs false`
SunPrize\Certificate\Theory012.lean:524:32: warning: Unused tactic linter: `(try simp only [not_lt, not_le] at h ⊢)` does nothing

Note: This linter can be disabled with `set_option linter.unusedTactic false`
SunPrize\Certificate\Theory012.lean:526:32: warning: Unused tactic linter: `(try simp only [not_lt, not_le] at h ⊢)` does nothing

Note: This linter can be disabled with `set_option linter.unusedTactic false`
SunPrize\Certificate\Theory012.lean:528:32: warning: Unused tactic linter: `(try simp only [not_lt, not_le] at h ⊢)` does nothing

Note: This linter can be disabled with `set_option linter.unusedTactic false`
SunPrize\Certificate\Theory012.lean:547:56: warning: This simp argument is unused:
  not_le

Hint: Omit it from the simp argument list.
  [apply] simp only [not_lt] at h ⊢

Note: This linter can be disabled with `set_option linter.unusedSimpArgs false`
SunPrize\Certificate\Theory012.lean:549:56: warning: This simp argument is unused:
  not_le

Hint: Omit it from the simp argument list.
  [apply] simp only [not_lt] at h ⊢

Note: This linter can be disabled with `set_option linter.unusedSimpArgs false`
SunPrize\Certificate\Theory012.lean:551:56: warning: This simp argument is unused:
  not_le

Hint: Omit it from the simp argument list.
  [apply] simp only [not_lt] at h ⊢

Note: This linter can be disabled with `set_option linter.unusedSimpArgs false`
SunPrize\Certificate\Theory012.lean:553:56: warning: This simp argument is unused:
  not_le

Hint: Omit it from the simp argument list.
  [apply] simp only [not_lt] at h ⊢

Note: This linter can be disabled with `set_option linter.unusedSimpArgs false`
SunPrize\Certificate\Theory012.lean:555:56: warning: This simp argument is unused:
  not_le

Hint: Omit it from the simp argument list.
  [apply] simp only [not_lt] at h ⊢

Note: This linter can be disabled with `set_option linter.unusedSimpArgs false`
SunPrize\Certificate\Theory012.lean:563:56: warning: This simp argument is unused:
  not_le

Hint: Omit it from the simp argument list.
  [apply] simp only [not_lt] at h ⊢

Note: This linter can be disabled with `set_option linter.unusedSimpArgs false`
SunPrize\Certificate\Theory012.lean:565:56: warning: This simp argument is unused:
  not_le

Hint: Omit it from the simp argument list.
  [apply] simp only [not_lt] at h ⊢

Note: This linter can be disabled with `set_option linter.unusedSimpArgs false`
SunPrize\Certificate\Theory012.lean:557:32: warning: Unused tactic linter: `(try simp only [not_lt, not_le] at h ⊢)` does nothing

Note: This linter can be disabled with `set_option linter.unusedTactic false`
SunPrize\Certificate\Theory012.lean:559:32: warning: Unused tactic linter: `(try simp only [not_lt, not_le] at h ⊢)` does nothing

Note: This linter can be disabled with `set_option linter.unusedTactic false`
SunPrize\Certificate\Theory012.lean:561:32: warning: Unused tactic linter: `(try simp only [not_lt, not_le] at h ⊢)` does nothing

Note: This linter can be disabled with `set_option linter.unusedTactic false`
SunPrize\Certificate\Theory012.lean:573:56: warning: This simp argument is unused:
  not_le

Hint: Omit it from the simp argument list.
  [apply] simp only [not_lt] at h ⊢

Note: This linter can be disabled with `set_option linter.unusedSimpArgs false`
SunPrize\Certificate\Theory012.lean:581:56: warning: This simp argument is unused:
  not_le

Hint: Omit it from the simp argument list.
  [apply] simp only [not_lt] at h ⊢

Note: This linter can be disabled with `set_option linter.unusedSimpArgs false`
SunPrize\Certificate\Theory012.lean:583:56: warning: This simp argument is unused:
  not_le

Hint: Omit it from the simp argument list.
  [apply] simp only [not_lt] at h ⊢

Note: This linter can be disabled with `set_option linter.unusedSimpArgs false`
SunPrize\Certificate\Theory012.lean:585:56: warning: This simp argument is unused:
  not_le

Hint: Omit it from the simp argument list.
  [apply] simp only [not_lt] at h ⊢

Note: This linter can be disabled with `set_option linter.unusedSimpArgs false`
SunPrize\Certificate\Theory012.lean:587:56: warning: This simp argument is unused:
  not_le

Hint: Omit it from the simp argument list.
  [apply] simp only [not_lt] at h ⊢

Note: This linter can be disabled with `set_option linter.unusedSimpArgs false`
SunPrize\Certificate\Theory012.lean:589:56: warning: This simp argument is unused:
  not_le

Hint: Omit it from the simp argument list.
  [apply] simp only [not_lt] at h ⊢

Note: This linter can be disabled with `set_option linter.unusedSimpArgs false`
SunPrize\Certificate\Theory012.lean:591:56: warning: This simp argument is unused:
  not_le

Hint: Omit it from the simp argument list.
  [apply] simp only [not_lt] at h ⊢

Note: This linter can be disabled with `set_option linter.unusedSimpArgs false`
SunPrize\Certificate\Theory012.lean:575:32: warning: Unused tactic linter: `(try simp only [not_lt, not_le] at h ⊢)` does nothing

Note: This linter can be disabled with `set_option linter.unusedTactic false`
SunPrize\Certificate\Theory012.lean:577:32: warning: Unused tactic linter: `(try simp only [not_lt, not_le] at h ⊢)` does nothing

Note: This linter can be disabled with `set_option linter.unusedTactic false`
SunPrize\Certificate\Theory012.lean:579:32: warning: Unused tactic linter: `(try simp only [not_lt, not_le] at h ⊢)` does nothing

Note: This linter can be disabled with `set_option linter.unusedTactic false`
SunPrize\Certificate\Theory012.lean:599:56: warning: This simp argument is unused:
  not_le

Hint: Omit it from the simp argument list.
  [apply] simp only [not_lt] at h ⊢

Note: This linter can be disabled with `set_option linter.unusedSimpArgs false`
SunPrize\Certificate\Theory012.lean:601:56: warning: This simp argument is unused:
  not_le

Hint: Omit it from the simp argument list.
  [apply] simp only [not_lt] at h ⊢

Note: This linter can be disabled with `set_option linter.unusedSimpArgs false`
SunPrize\Certificate\Theory012.lean:603:56: warning: This simp argument is unused:
  not_le

Hint: Omit it from the simp argument list.
  [apply] simp only [not_lt] at h ⊢

Note: This linter can be disabled with `set_option linter.unusedSimpArgs false`
SunPrize\Certificate\Theory012.lean:605:56: warning: This simp argument is unused:
  not_le

Hint: Omit it from the simp argument list.
  [apply] simp only [not_lt] at h ⊢

Note: This linter can be disabled with `set_option linter.unusedSimpArgs false`
SunPrize\Certificate\Theory012.lean:607:56: warning: This simp argument is unused:
  not_le

Hint: Omit it from the simp argument list.
  [apply] simp only [not_lt] at h ⊢

Note: This linter can be disabled with `set_option linter.unusedSimpArgs false`
SunPrize\Certificate\Theory012.lean:609:56: warning: This simp argument is unused:
  not_le

Hint: Omit it from the simp argument list.
  [apply] simp only [not_lt] at h ⊢

Note: This linter can be disabled with `set_option linter.unusedSimpArgs false`
SunPrize\Certificate\Theory012.lean:617:56: warning: This simp argument is unused:
  not_le

Hint: Omit it from the simp argument list.
  [apply] simp only [not_lt] at h ⊢

Note: This linter can be disabled with `set_option linter.unusedSimpArgs false`
SunPrize\Certificate\Theory012.lean:611:32: warning: Unused tactic linter: `(try simp only [not_lt, not_le] at h ⊢)` does nothing

Note: This linter can be disabled with `set_option linter.unusedTactic false`
SunPrize\Certificate\Theory012.lean:613:32: warning: Unused tactic linter: `(try simp only [not_lt, not_le] at h ⊢)` does nothing

Note: This linter can be disabled with `set_option linter.unusedTactic false`
SunPrize\Certificate\Theory012.lean:615:32: warning: Unused tactic linter: `(try simp only [not_lt, not_le] at h ⊢)` does nothing

Note: This linter can be disabled with `set_option linter.unusedTactic false`
SunPrize\Certificate\Theory012.lean:631:56: warning: This simp argument is unused:
  not_le

Hint: Omit it from the simp argument list.
  [apply] simp only [not_lt] at h ⊢

Note: This linter can be disabled with `set_option linter.unusedSimpArgs false`
SunPrize\Certificate\Theory012.lean:633:56: warning: This simp argument is unused:
  not_le

Hint: Omit it from the simp argument list.
  [apply] simp only [not_lt] at h ⊢

Note: This linter can be disabled with `set_option linter.unusedSimpArgs false`
SunPrize\Certificate\Theory012.lean:635:56: warning: This simp argument is unused:
  not_le

Hint: Omit it from the simp argument list.
  [apply] simp only [not_lt] at h ⊢

Note: This linter can be disabled with `set_option linter.unusedSimpArgs false`
SunPrize\Certificate\Theory012.lean:637:56: warning: This simp argument is unused:
  not_le

Hint: Omit it from the simp argument list.
  [apply] simp only [not_lt] at h ⊢

Note: This linter can be disabled with `set_option linter.unusedSimpArgs false`
SunPrize\Certificate\Theory012.lean:639:56: warning: This simp argument is unused:
  not_le

Hint: Omit it from the simp argument list.
  [apply] simp only [not_lt] at h ⊢

Note: This linter can be disabled with `set_option linter.unusedSimpArgs false`
SunPrize\Certificate\Theory012.lean:641:56: warning: This simp argument is unused:
  not_le

Hint: Omit it from the simp argument list.
  [apply] simp only [not_lt] at h ⊢

Note: This linter can be disabled with `set_option linter.unusedSimpArgs false`
SunPrize\Certificate\Theory012.lean:643:56: warning: This simp argument is unused:
  not_le

Hint: Omit it from the simp argument list.
  [apply] simp only [not_lt] at h ⊢

Note: This linter can be disabled with `set_option linter.unusedSimpArgs false`
SunPrize\Certificate\Theory012.lean:625:32: warning: Unused tactic linter: `(try simp only [not_lt, not_le] at h ⊢)` does nothing

Note: This linter can be disabled with `set_option linter.unusedTactic false`
SunPrize\Certificate\Theory012.lean:627:32: warning: Unused tactic linter: `(try simp only [not_lt, not_le] at h ⊢)` does nothing

Note: This linter can be disabled with `set_option linter.unusedTactic false`
SunPrize\Certificate\Theory012.lean:629:32: warning: Unused tactic linter: `(try simp only [not_lt, not_le] at h ⊢)` does nothing

Note: This linter can be disabled with `set_option linter.unusedTactic false`
SunPrize\Certificate\Theory012.lean:651:56: warning: This simp argument is unused:
  not_le

Hint: Omit it from the simp argument list.
  [apply] simp only [not_lt] at h ⊢

Note: This linter can be disabled with `set_option linter.unusedSimpArgs false`
SunPrize\Certificate\Theory012.lean:653:56: warning: This simp argument is unused:
  not_le

Hint: Omit it from the simp argument list.
  [apply] simp only [not_lt] at h ⊢

Note: This linter can be disabled with `set_option linter.unusedSimpArgs false`
SunPrize\Certificate\Theory012.lean:655:56: warning: This simp argument is unused:
  not_le

Hint: Omit it from the simp argument list.
  [apply] simp only [not_lt] at h ⊢

Note: This linter can be disabled with `set_option linter.unusedSimpArgs false`
SunPrize\Certificate\Theory012.lean:657:56: warning: This simp argument is unused:
  not_le

Hint: Omit it from the simp argument list.
  [apply] simp only [not_lt] at h ⊢

Note: This linter can be disabled with `set_option linter.unusedSimpArgs false`
SunPrize\Certificate\Theory012.lean:659:56: warning: This simp argument is unused:
  not_le

Hint: Omit it from the simp argument list.
  [apply] simp only [not_lt] at h ⊢

Note: This linter can be disabled with `set_option linter.unusedSimpArgs false`
SunPrize\Certificate\Theory012.lean:667:56: warning: This simp argument is unused:
  not_le

Hint: Omit it from the simp argument list.
  [apply] simp only [not_lt] at h ⊢

Note: This linter can be disabled with `set_option linter.unusedSimpArgs false`
SunPrize\Certificate\Theory012.lean:669:56: warning: This simp argument is unused:
  not_le

Hint: Omit it from the simp argument list.
  [apply] simp only [not_lt] at h ⊢

Note: This linter can be disabled with `set_option linter.unusedSimpArgs false`
SunPrize\Certificate\Theory012.lean:661:32: warning: Unused tactic linter: `(try simp only [not_lt, not_le] at h ⊢)` does nothing

Note: This linter can be disabled with `set_option linter.unusedTactic false`
SunPrize\Certificate\Theory012.lean:663:32: warning: Unused tactic linter: `(try simp only [not_lt, not_le] at h ⊢)` does nothing

Note: This linter can be disabled with `set_option linter.unusedTactic false`
SunPrize\Certificate\Theory012.lean:665:32: warning: Unused tactic linter: `(try simp only [not_lt, not_le] at h ⊢)` does nothing

Note: This linter can be disabled with `set_option linter.unusedTactic false`
SunPrize\Certificate\Theory012.lean:690:56: warning: This simp argument is unused:
  not_le

Hint: Omit it from the simp argument list.
  [apply] simp only [not_lt] at h ⊢

Note: This linter can be disabled with `set_option linter.unusedSimpArgs false`
SunPrize\Certificate\Theory012.lean:692:56: warning: This simp argument is unused:
  not_le

Hint: Omit it from the simp argument list.
  [apply] simp only [not_lt] at h ⊢

Note: This linter can be disabled with `set_option linter.unusedSimpArgs false`
SunPrize\Certificate\Theory012.lean:694:56: warning: This simp argument is unused:
  not_le

Hint: Omit it from the simp argument list.
  [apply] simp only [not_lt] at h ⊢

Note: This linter can be disabled with `set_option linter.unusedSimpArgs false`
SunPrize\Certificate\Theory012.lean:696:56: warning: This simp argument is unused:
  not_le

Hint: Omit it from the simp argument list.
  [apply] simp only [not_lt] at h ⊢

Note: This linter can be disabled with `set_option linter.unusedSimpArgs false`
SunPrize\Certificate\Theory012.lean:698:56: warning: This simp argument is unused:
  not_le

Hint: Omit it from the simp argument list.
  [apply] simp only [not_lt] at h ⊢

Note: This linter can be disabled with `set_option linter.unusedSimpArgs false`
SunPrize\Certificate\Theory012.lean:700:56: warning: This simp argument is unused:
  not_le

Hint: Omit it from the simp argument list.
  [apply] simp only [not_lt] at h ⊢

Note: This linter can be disabled with `set_option linter.unusedSimpArgs false`
SunPrize\Certificate\Theory012.lean:702:56: warning: This simp argument is unused:
  not_le

Hint: Omit it from the simp argument list.
  [apply] simp only [not_lt] at h ⊢

Note: This linter can be disabled with `set_option linter.unusedSimpArgs false`
SunPrize\Certificate\Theory012.lean:684:32: warning: Unused tactic linter: `(try simp only [not_lt, not_le] at h ⊢)` does nothing

Note: This linter can be disabled with `set_option linter.unusedTactic false`
SunPrize\Certificate\Theory012.lean:686:32: warning: Unused tactic linter: `(try simp only [not_lt, not_le] at h ⊢)` does nothing

Note: This linter can be disabled with `set_option linter.unusedTactic false`
SunPrize\Certificate\Theory012.lean:688:32: warning: Unused tactic linter: `(try simp only [not_lt, not_le] at h ⊢)` does nothing

Note: This linter can be disabled with `set_option linter.unusedTactic false`
SunPrize\Certificate\Theory012.lean:723:56: warning: This simp argument is unused:
  not_le

Hint: Omit it from the simp argument list.
  [apply] simp only [not_lt] at h ⊢

Note: This linter can be disabled with `set_option linter.unusedSimpArgs false`
SunPrize\Certificate\Theory012.lean:725:56: warning: This simp argument is unused:
  not_le

Hint: Omit it from the simp argument list.
  [apply] simp only [not_lt] at h ⊢

Note: This linter can be disabled with `set_option linter.unusedSimpArgs false`
SunPrize\Certificate\Theory012.lean:727:56: warning: This simp argument is unused:
  not_le

Hint: Omit it from the simp argument list.
  [apply] simp only [not_lt] at h ⊢

Note: This linter can be disabled with `set_option linter.unusedSimpArgs false`
SunPrize\Certificate\Theory012.lean:729:56: warning: This simp argument is unused:
  not_le

Hint: Omit it from the simp argument list.
  [apply] simp only [not_lt] at h ⊢

Note: This linter can be disabled with `set_option linter.unusedSimpArgs false`
SunPrize\Certificate\Theory012.lean:731:56: warning: This simp argument is unused:
  not_le

Hint: Omit it from the simp argument list.
  [apply] simp only [not_lt] at h ⊢

Note: This linter can be disabled with `set_option linter.unusedSimpArgs false`
SunPrize\Certificate\Theory012.lean:733:56: warning: This simp argument is unused:
  not_le

Hint: Omit it from the simp argument list.
  [apply] simp only [not_lt] at h ⊢

Note: This linter can be disabled with `set_option linter.unusedSimpArgs false`
SunPrize\Certificate\Theory012.lean:735:56: warning: This simp argument is unused:
  not_le

Hint: Omit it from the simp argument list.
  [apply] simp only [not_lt] at h ⊢

Note: This linter can be disabled with `set_option linter.unusedSimpArgs false`
SunPrize\Certificate\Theory012.lean:717:32: warning: Unused tactic linter: `(try simp only [not_lt, not_le] at h ⊢)` does nothing

Note: This linter can be disabled with `set_option linter.unusedTactic false`
SunPrize\Certificate\Theory012.lean:719:32: warning: Unused tactic linter: `(try simp only [not_lt, not_le] at h ⊢)` does nothing

Note: This linter can be disabled with `set_option linter.unusedTactic false`
SunPrize\Certificate\Theory012.lean:721:32: warning: Unused tactic linter: `(try simp only [not_lt, not_le] at h ⊢)` does nothing

Note: This linter can be disabled with `set_option linter.unusedTactic false`
SunPrize\Certificate\Theory012.lean:743:56: warning: This simp argument is unused:
  not_le

Hint: Omit it from the simp argument list.
  [apply] simp only [not_lt] at h ⊢

Note: This linter can be disabled with `set_option linter.unusedSimpArgs false`
SunPrize\Certificate\Theory012.lean:745:56: warning: This simp argument is unused:
  not_le

Hint: Omit it from the simp argument list.
  [apply] simp only [not_lt] at h ⊢

Note: This linter can be disabled with `set_option linter.unusedSimpArgs false`
SunPrize\Certificate\Theory012.lean:747:56: warning: This simp argument is unused:
  not_le

Hint: Omit it from the simp argument list.
  [apply] simp only [not_lt] at h ⊢

Note: This linter can be disabled with `set_option linter.unusedSimpArgs false`
SunPrize\Certificate\Theory012.lean:749:56: warning: This simp argument is unused:
  not_le

Hint: Omit it from the simp argument list.
  [apply] simp only [not_lt] at h ⊢

Note: This linter can be disabled with `set_option linter.unusedSimpArgs false`
SunPrize\Certificate\Theory012.lean:751:56: warning: This simp argument is unused:
  not_le

Hint: Omit it from the simp argument list.
  [apply] simp only [not_lt] at h ⊢

Note: This linter can be disabled with `set_option linter.unusedSimpArgs false`
SunPrize\Certificate\Theory012.lean:753:56: warning: This simp argument is unused:
  not_le

Hint: Omit it from the simp argument list.
  [apply] simp only [not_lt] at h ⊢

Note: This linter can be disabled with `set_option linter.unusedSimpArgs false`
SunPrize\Certificate\Theory012.lean:761:56: warning: This simp argument is unused:
  not_le

Hint: Omit it from the simp argument list.
  [apply] simp only [not_lt] at h ⊢

Note: This linter can be disabled with `set_option linter.unusedSimpArgs false`
SunPrize\Certificate\Theory012.lean:755:32: warning: Unused tactic linter: `(try simp only [not_lt, not_le] at h ⊢)` does nothing

Note: This linter can be disabled with `set_option linter.unusedTactic false`
SunPrize\Certificate\Theory012.lean:757:32: warning: Unused tactic linter: `(try simp only [not_lt, not_le] at h ⊢)` does nothing

Note: This linter can be disabled with `set_option linter.unusedTactic false`
SunPrize\Certificate\Theory012.lean:759:32: warning: Unused tactic linter: `(try simp only [not_lt, not_le] at h ⊢)` does nothing

Note: This linter can be disabled with `set_option linter.unusedTactic false`
SunPrize\Certificate\Theory012.lean:776:56: warning: This simp argument is unused:
  not_le

Hint: Omit it from the simp argument list.
  [apply] simp only [not_lt] at h ⊢

Note: This linter can be disabled with `set_option linter.unusedSimpArgs false`
SunPrize\Certificate\Theory012.lean:784:56: warning: This simp argument is unused:
  not_le

Hint: Omit it from the simp argument list.
  [apply] simp only [not_lt] at h ⊢

Note: This linter can be disabled with `set_option linter.unusedSimpArgs false`
SunPrize\Certificate\Theory012.lean:786:56: warning: This simp argument is unused:
  not_le

Hint: Omit it from the simp argument list.
  [apply] simp only [not_lt] at h ⊢

Note: This linter can be disabled with `set_option linter.unusedSimpArgs false`
SunPrize\Certificate\Theory012.lean:788:56: warning: This simp argument is unused:
  not_le

Hint: Omit it from the simp argument list.
  [apply] simp only [not_lt] at h ⊢

Note: This linter can be disabled with `set_option linter.unusedSimpArgs false`
SunPrize\Certificate\Theory012.lean:790:56: warning: This simp argument is unused:
  not_le

Hint: Omit it from the simp argument list.
  [apply] simp only [not_lt] at h ⊢

Note: This linter can be disabled with `set_option linter.unusedSimpArgs false`
SunPrize\Certificate\Theory012.lean:792:56: warning: This simp argument is unused:
  not_le

Hint: Omit it from the simp argument list.
  [apply] simp only [not_lt] at h ⊢

Note: This linter can be disabled with `set_option linter.unusedSimpArgs false`
SunPrize\Certificate\Theory012.lean:794:56: warning: This simp argument is unused:
  not_le

Hint: Omit it from the simp argument list.
  [apply] simp only [not_lt] at h ⊢

Note: This linter can be disabled with `set_option linter.unusedSimpArgs false`
SunPrize\Certificate\Theory012.lean:778:32: warning: Unused tactic linter: `(try simp only [not_lt, not_le] at h ⊢)` does nothing

Note: This linter can be disabled with `set_option linter.unusedTactic false`
SunPrize\Certificate\Theory012.lean:780:32: warning: Unused tactic linter: `(try simp only [not_lt, not_le] at h ⊢)` does nothing

Note: This linter can be disabled with `set_option linter.unusedTactic false`
SunPrize\Certificate\Theory012.lean:782:32: warning: Unused tactic linter: `(try simp only [not_lt, not_le] at h ⊢)` does nothing

Note: This linter can be disabled with `set_option linter.unusedTactic false`
SunPrize\Certificate\Theory012.lean:802:56: warning: This simp argument is unused:
  not_le

Hint: Omit it from the simp argument list.
  [apply] simp only [not_lt] at h ⊢

Note: This linter can be disabled with `set_option linter.unusedSimpArgs false`
SunPrize\Certificate\Theory012.lean:804:56: warning: This simp argument is unused:
  not_le

Hint: Omit it from the simp argument list.
  [apply] simp only [not_lt] at h ⊢

Note: This linter can be disabled with `set_option linter.unusedSimpArgs false`
SunPrize\Certificate\Theory012.lean:806:56: warning: This simp argument is unused:
  not_le

Hint: Omit it from the simp argument list.
  [apply] simp only [not_lt] at h ⊢

Note: This linter can be disabled with `set_option linter.unusedSimpArgs false`
SunPrize\Certificate\Theory012.lean:808:56: warning: This simp argument is unused:
  not_le

Hint: Omit it from the simp argument list.
  [apply] simp only [not_lt] at h ⊢

Note: This linter can be disabled with `set_option linter.unusedSimpArgs false`
SunPrize\Certificate\Theory012.lean:810:56: warning: This simp argument is unused:
  not_le

Hint: Omit it from the simp argument list.
  [apply] simp only [not_lt] at h ⊢

Note: This linter can be disabled with `set_option linter.unusedSimpArgs false`
SunPrize\Certificate\Theory012.lean:818:56: warning: This simp argument is unused:
  not_le

Hint: Omit it from the simp argument list.
  [apply] simp only [not_lt] at h ⊢

Note: This linter can be disabled with `set_option linter.unusedSimpArgs false`
SunPrize\Certificate\Theory012.lean:820:56: warning: This simp argument is unused:
  not_le

Hint: Omit it from the simp argument list.
  [apply] simp only [not_lt] at h ⊢

Note: This linter can be disabled with `set_option linter.unusedSimpArgs false`
SunPrize\Certificate\Theory012.lean:812:32: warning: Unused tactic linter: `(try simp only [not_lt, not_le] at h ⊢)` does nothing

Note: This linter can be disabled with `set_option linter.unusedTactic false`
SunPrize\Certificate\Theory012.lean:814:32: warning: Unused tactic linter: `(try simp only [not_lt, not_le] at h ⊢)` does nothing

Note: This linter can be disabled with `set_option linter.unusedTactic false`
SunPrize\Certificate\Theory012.lean:816:32: warning: Unused tactic linter: `(try simp only [not_lt, not_le] at h ⊢)` does nothing

Note: This linter can be disabled with `set_option linter.unusedTactic false`
SunPrize\Certificate\Theory012.lean:828:56: warning: This simp argument is unused:
  not_le

Hint: Omit it from the simp argument list.
  [apply] simp only [not_lt] at h ⊢

Note: This linter can be disabled with `set_option linter.unusedSimpArgs false`
SunPrize\Certificate\Theory012.lean:836:56: warning: This simp argument is unused:
  not_le

Hint: Omit it from the simp argument list.
  [apply] simp only [not_lt] at h ⊢

Note: This linter can be disabled with `set_option linter.unusedSimpArgs false`
SunPrize\Certificate\Theory012.lean:838:56: warning: This simp argument is unused:
  not_le

Hint: Omit it from the simp argument list.
  [apply] simp only [not_lt] at h ⊢

Note: This linter can be disabled with `set_option linter.unusedSimpArgs false`
SunPrize\Certificate\Theory012.lean:840:56: warning: This simp argument is unused:
  not_le

Hint: Omit it from the simp argument list.
  [apply] simp only [not_lt] at h ⊢

Note: This linter can be disabled with `set_option linter.unusedSimpArgs false`
SunPrize\Certificate\Theory012.lean:842:56: warning: This simp argument is unused:
  not_le

Hint: Omit it from the simp argument list.
  [apply] simp only [not_lt] at h ⊢

Note: This linter can be disabled with `set_option linter.unusedSimpArgs false`
SunPrize\Certificate\Theory012.lean:844:56: warning: This simp argument is unused:
  not_le

Hint: Omit it from the simp argument list.
  [apply] simp only [not_lt] at h ⊢

Note: This linter can be disabled with `set_option linter.unusedSimpArgs false`
SunPrize\Certificate\Theory012.lean:846:56: warning: This simp argument is unused:
  not_le

Hint: Omit it from the simp argument list.
  [apply] simp only [not_lt] at h ⊢

Note: This linter can be disabled with `set_option linter.unusedSimpArgs false`
SunPrize\Certificate\Theory012.lean:830:32: warning: Unused tactic linter: `(try simp only [not_lt, not_le] at h ⊢)` does nothing

Note: This linter can be disabled with `set_option linter.unusedTactic false`
SunPrize\Certificate\Theory012.lean:832:32: warning: Unused tactic linter: `(try simp only [not_lt, not_le] at h ⊢)` does nothing

Note: This linter can be disabled with `set_option linter.unusedTactic false`
SunPrize\Certificate\Theory012.lean:834:32: warning: Unused tactic linter: `(try simp only [not_lt, not_le] at h ⊢)` does nothing

Note: This linter can be disabled with `set_option linter.unusedTactic false`
SunPrize\Certificate\Theory012.lean:861:56: warning: This simp argument is unused:
  not_le

Hint: Omit it from the simp argument list.
  [apply] simp only [not_lt] at h ⊢

Note: This linter can be disabled with `set_option linter.unusedSimpArgs false`
SunPrize\Certificate\Theory012.lean:863:56: warning: This simp argument is unused:
  not_le

Hint: Omit it from the simp argument list.
  [apply] simp only [not_lt] at h ⊢

Note: This linter can be disabled with `set_option linter.unusedSimpArgs false`
SunPrize\Certificate\Theory012.lean:865:56: warning: This simp argument is unused:
  not_le

Hint: Omit it from the simp argument list.
  [apply] simp only [not_lt] at h ⊢

Note: This linter can be disabled with `set_option linter.unusedSimpArgs false`
SunPrize\Certificate\Theory012.lean:867:56: warning: This simp argument is unused:
  not_le

Hint: Omit it from the simp argument list.
  [apply] simp only [not_lt] at h ⊢

Note: This linter can be disabled with `set_option linter.unusedSimpArgs false`
SunPrize\Certificate\Theory012.lean:869:56: warning: This simp argument is unused:
  not_le

Hint: Omit it from the simp argument list.
  [apply] simp only [not_lt] at h ⊢

Note: This linter can be disabled with `set_option linter.unusedSimpArgs false`
SunPrize\Certificate\Theory012.lean:877:56: warning: This simp argument is unused:
  not_le

Hint: Omit it from the simp argument list.
  [apply] simp only [not_lt] at h ⊢

Note: This linter can be disabled with `set_option linter.unusedSimpArgs false`
SunPrize\Certificate\Theory012.lean:879:56: warning: This simp argument is unused:
  not_le

Hint: Omit it from the simp argument list.
  [apply] simp only [not_lt] at h ⊢

Note: This linter can be disabled with `set_option linter.unusedSimpArgs false`
SunPrize\Certificate\Theory012.lean:871:32: warning: Unused tactic linter: `(try simp only [not_lt, not_le] at h ⊢)` does nothing

Note: This linter can be disabled with `set_option linter.unusedTactic false`
SunPrize\Certificate\Theory012.lean:873:32: warning: Unused tactic linter: `(try simp only [not_lt, not_le] at h ⊢)` does nothing

Note: This linter can be disabled with `set_option linter.unusedTactic false`
SunPrize\Certificate\Theory012.lean:875:32: warning: Unused tactic linter: `(try simp only [not_lt, not_le] at h ⊢)` does nothing

Note: This linter can be disabled with `set_option linter.unusedTactic false`
SunPrize\Certificate\Theory012.lean:887:56: warning: This simp argument is unused:
  not_le

Hint: Omit it from the simp argument list.
  [apply] simp only [not_lt] at h ⊢

Note: This linter can be disabled with `set_option linter.unusedSimpArgs false`
SunPrize\Certificate\Theory012.lean:889:56: warning: This simp argument is unused:
  not_le

Hint: Omit it from the simp argument list.
  [apply] simp only [not_lt] at h ⊢

Note: This linter can be disabled with `set_option linter.unusedSimpArgs false`
SunPrize\Certificate\Theory012.lean:891:56: warning: This simp argument is unused:
  not_le

Hint: Omit it from the simp argument list.
  [apply] simp only [not_lt] at h ⊢

Note: This linter can be disabled with `set_option linter.unusedSimpArgs false`
SunPrize\Certificate\Theory012.lean:893:56: warning: This simp argument is unused:
  not_le

Hint: Omit it from the simp argument list.
  [apply] simp only [not_lt] at h ⊢

Note: This linter can be disabled with `set_option linter.unusedSimpArgs false`
SunPrize\Certificate\Theory012.lean:895:56: warning: This simp argument is unused:
  not_le

Hint: Omit it from the simp argument list.
  [apply] simp only [not_lt] at h ⊢

Note: This linter can be disabled with `set_option linter.unusedSimpArgs false`
SunPrize\Certificate\Theory012.lean:903:56: warning: This simp argument is unused:
  not_le

Hint: Omit it from the simp argument list.
  [apply] simp only [not_lt] at h ⊢

Note: This linter can be disabled with `set_option linter.unusedSimpArgs false`
SunPrize\Certificate\Theory012.lean:905:56: warning: This simp argument is unused:
  not_le

Hint: Omit it from the simp argument list.
  [apply] simp only [not_lt] at h ⊢

Note: This linter can be disabled with `set_option linter.unusedSimpArgs false`
SunPrize\Certificate\Theory012.lean:897:32: warning: Unused tactic linter: `(try simp only [not_lt, not_le] at h ⊢)` does nothing

Note: This linter can be disabled with `set_option linter.unusedTactic false`
SunPrize\Certificate\Theory012.lean:899:32: warning: Unused tactic linter: `(try simp only [not_lt, not_le] at h ⊢)` does nothing

Note: This linter can be disabled with `set_option linter.unusedTactic false`
SunPrize\Certificate\Theory012.lean:901:32: warning: Unused tactic linter: `(try simp only [not_lt, not_le] at h ⊢)` does nothing

Note: This linter can be disabled with `set_option linter.unusedTactic false`
SunPrize\Certificate\Theory012.lean:919:56: warning: This simp argument is unused:
  not_le

Hint: Omit it from the simp argument list.
  [apply] simp only [not_lt] at h ⊢

Note: This linter can be disabled with `set_option linter.unusedSimpArgs false`
SunPrize\Certificate\Theory012.lean:921:56: warning: This simp argument is unused:
  not_le

Hint: Omit it from the simp argument list.
  [apply] simp only [not_lt] at h ⊢

Note: This linter can be disabled with `set_option linter.unusedSimpArgs false`
SunPrize\Certificate\Theory012.lean:923:56: warning: This simp argument is unused:
  not_le

Hint: Omit it from the simp argument list.
  [apply] simp only [not_lt] at h ⊢

Note: This linter can be disabled with `set_option linter.unusedSimpArgs false`
SunPrize\Certificate\Theory012.lean:925:56: warning: This simp argument is unused:
  not_le

Hint: Omit it from the simp argument list.
  [apply] simp only [not_lt] at h ⊢

Note: This linter can be disabled with `set_option linter.unusedSimpArgs false`
SunPrize\Certificate\Theory012.lean:927:56: warning: This simp argument is unused:
  not_le

Hint: Omit it from the simp argument list.
  [apply] simp only [not_lt] at h ⊢

Note: This linter can be disabled with `set_option linter.unusedSimpArgs false`
SunPrize\Certificate\Theory012.lean:929:56: warning: This simp argument is unused:
  not_le

Hint: Omit it from the simp argument list.
  [apply] simp only [not_lt] at h ⊢

Note: This linter can be disabled with `set_option linter.unusedSimpArgs false`
SunPrize\Certificate\Theory012.lean:931:56: warning: This simp argument is unused:
  not_le

Hint: Omit it from the simp argument list.
  [apply] simp only [not_lt] at h ⊢

Note: This linter can be disabled with `set_option linter.unusedSimpArgs false`
SunPrize\Certificate\Theory012.lean:913:32: warning: Unused tactic linter: `(try simp only [not_lt, not_le] at h ⊢)` does nothing

Note: This linter can be disabled with `set_option linter.unusedTactic false`
SunPrize\Certificate\Theory012.lean:915:32: warning: Unused tactic linter: `(try simp only [not_lt, not_le] at h ⊢)` does nothing

Note: This linter can be disabled with `set_option linter.unusedTactic false`
SunPrize\Certificate\Theory012.lean:917:32: warning: Unused tactic linter: `(try simp only [not_lt, not_le] at h ⊢)` does nothing

Note: This linter can be disabled with `set_option linter.unusedTactic false`
SunPrize\Certificate\Theory012.lean:939:56: warning: This simp argument is unused:
  not_le

Hint: Omit it from the simp argument list.
  [apply] simp only [not_lt] at h ⊢

Note: This linter can be disabled with `set_option linter.unusedSimpArgs false`
SunPrize\Certificate\Theory012.lean:947:56: warning: This simp argument is unused:
  not_le

Hint: Omit it from the simp argument list.
  [apply] simp only [not_lt] at h ⊢

Note: This linter can be disabled with `set_option linter.unusedSimpArgs false`
SunPrize\Certificate\Theory012.lean:949:56: warning: This simp argument is unused:
  not_le

Hint: Omit it from the simp argument list.
  [apply] simp only [not_lt] at h ⊢

Note: This linter can be disabled with `set_option linter.unusedSimpArgs false`
SunPrize\Certificate\Theory012.lean:951:56: warning: This simp argument is unused:
  not_le

Hint: Omit it from the simp argument list.
  [apply] simp only [not_lt] at h ⊢

Note: This linter can be disabled with `set_option linter.unusedSimpArgs false`
SunPrize\Certificate\Theory012.lean:953:56: warning: This simp argument is unused:
  not_le

Hint: Omit it from the simp argument list.
  [apply] simp only [not_lt] at h ⊢

Note: This linter can be disabled with `set_option linter.unusedSimpArgs false`
SunPrize\Certificate\Theory012.lean:955:56: warning: This simp argument is unused:
  not_le

Hint: Omit it from the simp argument list.
  [apply] simp only [not_lt] at h ⊢

Note: This linter can be disabled with `set_option linter.unusedSimpArgs false`
SunPrize\Certificate\Theory012.lean:957:56: warning: This simp argument is unused:
  not_le

Hint: Omit it from the simp argument list.
  [apply] simp only [not_lt] at h ⊢

Note: This linter can be disabled with `set_option linter.unusedSimpArgs false`
SunPrize\Certificate\Theory012.lean:941:32: warning: Unused tactic linter: `(try simp only [not_lt, not_le] at h ⊢)` does nothing

Note: This linter can be disabled with `set_option linter.unusedTactic false`
SunPrize\Certificate\Theory012.lean:943:32: warning: Unused tactic linter: `(try simp only [not_lt, not_le] at h ⊢)` does nothing

Note: This linter can be disabled with `set_option linter.unusedTactic false`
SunPrize\Certificate\Theory012.lean:945:32: warning: Unused tactic linter: `(try simp only [not_lt, not_le] at h ⊢)` does nothing

Note: This linter can be disabled with `set_option linter.unusedTactic false`
SunPrize\Certificate\Theory012.lean:979:56: warning: This simp argument is unused:
  not_le

Hint: Omit it from the simp argument list.
  [apply] simp only [not_lt] at h ⊢

Note: This linter can be disabled with `set_option linter.unusedSimpArgs false`
SunPrize\Certificate\Theory012.lean:987:56: warning: This simp argument is unused:
  not_le

Hint: Omit it from the simp argument list.
  [apply] simp only [not_lt] at h ⊢

Note: This linter can be disabled with `set_option linter.unusedSimpArgs false`
SunPrize\Certificate\Theory012.lean:989:56: warning: This simp argument is unused:
  not_le

Hint: Omit it from the simp argument list.
  [apply] simp only [not_lt] at h ⊢

Note: This linter can be disabled with `set_option linter.unusedSimpArgs false`
SunPrize\Certificate\Theory012.lean:991:56: warning: This simp argument is unused:
  not_le

Hint: Omit it from the simp argument list.
  [apply] simp only [not_lt] at h ⊢

Note: This linter can be disabled with `set_option linter.unusedSimpArgs false`
SunPrize\Certificate\Theory012.lean:993:56: warning: This simp argument is unused:
  not_le

Hint: Omit it from the simp argument list.
  [apply] simp only [not_lt] at h ⊢

Note: This linter can be disabled with `set_option linter.unusedSimpArgs false`
SunPrize\Certificate\Theory012.lean:995:56: warning: This simp argument is unused:
  not_le

Hint: Omit it from the simp argument list.
  [apply] simp only [not_lt] at h ⊢

Note: This linter can be disabled with `set_option linter.unusedSimpArgs false`
SunPrize\Certificate\Theory012.lean:997:56: warning: This simp argument is unused:
  not_le

Hint: Omit it from the simp argument list.
  [apply] simp only [not_lt] at h ⊢

Note: This linter can be disabled with `set_option linter.unusedSimpArgs false`
SunPrize\Certificate\Theory012.lean:981:32: warning: Unused tactic linter: `(try simp only [not_lt, not_le] at h ⊢)` does nothing

Note: This linter can be disabled with `set_option linter.unusedTactic false`
SunPrize\Certificate\Theory012.lean:983:32: warning: Unused tactic linter: `(try simp only [not_lt, not_le] at h ⊢)` does nothing

Note: This linter can be disabled with `set_option linter.unusedTactic false`
SunPrize\Certificate\Theory012.lean:985:32: warning: Unused tactic linter: `(try simp only [not_lt, not_le] at h ⊢)` does nothing

Note: This linter can be disabled with `set_option linter.unusedTactic false`
SunPrize\Certificate\Theory012.lean:1019:56: warning: This simp argument is unused:
  not_le

Hint: Omit it from the simp argument list.
  [apply] simp only [not_lt] at h ⊢

Note: This linter can be disabled with `set_option linter.unusedSimpArgs false`
SunPrize\Certificate\Theory012.lean:1021:56: warning: This simp argument is unused:
  not_le

Hint: Omit it from the simp argument list.
  [apply] simp only [not_lt] at h ⊢

Note: This linter can be disabled with `set_option linter.unusedSimpArgs false`
SunPrize\Certificate\Theory012.lean:1023:56: warning: This simp argument is unused:
  not_le

Hint: Omit it from the simp argument list.
  [apply] simp only [not_lt] at h ⊢

Note: This linter can be disabled with `set_option linter.unusedSimpArgs false`
SunPrize\Certificate\Theory012.lean:1025:56: warning: This simp argument is unused:
  not_le

Hint: Omit it from the simp argument list.
  [apply] simp only [not_lt] at h ⊢

Note: This linter can be disabled with `set_option linter.unusedSimpArgs false`
SunPrize\Certificate\Theory012.lean:1027:56: warning: This simp argument is unused:
  not_le

Hint: Omit it from the simp argument list.
  [apply] simp only [not_lt] at h ⊢

Note: This linter can be disabled with `set_option linter.unusedSimpArgs false`
SunPrize\Certificate\Theory012.lean:1035:56: warning: This simp argument is unused:
  not_le

Hint: Omit it from the simp argument list.
  [apply] simp only [not_lt] at h ⊢

Note: This linter can be disabled with `set_option linter.unusedSimpArgs false`
SunPrize\Certificate\Theory012.lean:1037:56: warning: This simp argument is unused:
  not_le

Hint: Omit it from the simp argument list.
  [apply] simp only [not_lt] at h ⊢

Note: This linter can be disabled with `set_option linter.unusedSimpArgs false`
SunPrize\Certificate\Theory012.lean:1029:32: warning: Unused tactic linter: `(try simp only [not_lt, not_le] at h ⊢)` does nothing

Note: This linter can be disabled with `set_option linter.unusedTactic false`
SunPrize\Certificate\Theory012.lean:1031:32: warning: Unused tactic linter: `(try simp only [not_lt, not_le] at h ⊢)` does nothing

Note: This linter can be disabled with `set_option linter.unusedTactic false`
SunPrize\Certificate\Theory012.lean:1033:32: warning: Unused tactic linter: `(try simp only [not_lt, not_le] at h ⊢)` does nothing

Note: This linter can be disabled with `set_option linter.unusedTactic false`
SunPrize\Certificate\Theory012.lean:1045:56: warning: This simp argument is unused:
  not_le

Hint: Omit it from the simp argument list.
  [apply] simp only [not_lt] at h ⊢

Note: This linter can be disabled with `set_option linter.unusedSimpArgs false`
SunPrize\Certificate\Theory012.lean:1047:56: warning: This simp argument is unused:
  not_le

Hint: Omit it from the simp argument list.
  [apply] simp only [not_lt] at h ⊢

Note: This linter can be disabled with `set_option linter.unusedSimpArgs false`
SunPrize\Certificate\Theory012.lean:1049:56: warning: This simp argument is unused:
  not_le

Hint: Omit it from the simp argument list.
  [apply] simp only [not_lt] at h ⊢

Note: This linter can be disabled with `set_option linter.unusedSimpArgs false`
SunPrize\Certificate\Theory012.lean:1051:56: warning: This simp argument is unused:
  not_le

Hint: Omit it from the simp argument list.
  [apply] simp only [not_lt] at h ⊢

Note: This linter can be disabled with `set_option linter.unusedSimpArgs false`
SunPrize\Certificate\Theory012.lean:1053:56: warning: This simp argument is unused:
  not_le

Hint: Omit it from the simp argument list.
  [apply] simp only [not_lt] at h ⊢

Note: This linter can be disabled with `set_option linter.unusedSimpArgs false`
SunPrize\Certificate\Theory012.lean:1061:56: warning: This simp argument is unused:
  not_le

Hint: Omit it from the simp argument list.
  [apply] simp only [not_lt] at h ⊢

Note: This linter can be disabled with `set_option linter.unusedSimpArgs false`
SunPrize\Certificate\Theory012.lean:1063:56: warning: This simp argument is unused:
  not_le

Hint: Omit it from the simp argument list.
  [apply] simp only [not_lt] at h ⊢

Note: This linter can be disabled with `set_option linter.unusedSimpArgs false`
SunPrize\Certificate\Theory012.lean:1055:32: warning: Unused tactic linter: `(try simp only [not_lt, not_le] at h ⊢)` does nothing

Note: This linter can be disabled with `set_option linter.unusedTactic false`
SunPrize\Certificate\Theory012.lean:1057:32: warning: Unused tactic linter: `(try simp only [not_lt, not_le] at h ⊢)` does nothing

Note: This linter can be disabled with `set_option linter.unusedTactic false`
SunPrize\Certificate\Theory012.lean:1059:32: warning: Unused tactic linter: `(try simp only [not_lt, not_le] at h ⊢)` does nothing

Note: This linter can be disabled with `set_option linter.unusedTactic false`
SunPrize\Certificate\Theory012.lean:1084:56: warning: This simp argument is unused:
  not_le

Hint: Omit it from the simp argument list.
  [apply] simp only [not_lt] at h ⊢

Note: This linter can be disabled with `set_option linter.unusedSimpArgs false`
SunPrize\Certificate\Theory012.lean:1086:56: warning: This simp argument is unused:
  not_le

Hint: Omit it from the simp argument list.
  [apply] simp only [not_lt] at h ⊢

Note: This linter can be disabled with `set_option linter.unusedSimpArgs false`
SunPrize\Certificate\Theory012.lean:1088:56: warning: This simp argument is unused:
  not_le

Hint: Omit it from the simp argument list.
  [apply] simp only [not_lt] at h ⊢

Note: This linter can be disabled with `set_option linter.unusedSimpArgs false`
SunPrize\Certificate\Theory012.lean:1090:56: warning: This simp argument is unused:
  not_le

Hint: Omit it from the simp argument list.
  [apply] simp only [not_lt] at h ⊢

Note: This linter can be disabled with `set_option linter.unusedSimpArgs false`
SunPrize\Certificate\Theory012.lean:1092:56: warning: This simp argument is unused:
  not_le

Hint: Omit it from the simp argument list.
  [apply] simp only [not_lt] at h ⊢

Note: This linter can be disabled with `set_option linter.unusedSimpArgs false`
SunPrize\Certificate\Theory012.lean:1094:56: warning: This simp argument is unused:
  not_le

Hint: Omit it from the simp argument list.
  [apply] simp only [not_lt] at h ⊢

Note: This linter can be disabled with `set_option linter.unusedSimpArgs false`
SunPrize\Certificate\Theory012.lean:1096:56: warning: This simp argument is unused:
  not_le

Hint: Omit it from the simp argument list.
  [apply] simp only [not_lt] at h ⊢

Note: This linter can be disabled with `set_option linter.unusedSimpArgs false`
SunPrize\Certificate\Theory012.lean:1078:32: warning: Unused tactic linter: `(try simp only [not_lt, not_le] at h ⊢)` does nothing

Note: This linter can be disabled with `set_option linter.unusedTactic false`
SunPrize\Certificate\Theory012.lean:1080:32: warning: Unused tactic linter: `(try simp only [not_lt, not_le] at h ⊢)` does nothing

Note: This linter can be disabled with `set_option linter.unusedTactic false`
SunPrize\Certificate\Theory012.lean:1082:32: warning: Unused tactic linter: `(try simp only [not_lt, not_le] at h ⊢)` does nothing

Note: This linter can be disabled with `set_option linter.unusedTactic false`
SunPrize\Certificate\Theory012.lean:1117:56: warning: This simp argument is unused:
  not_le

Hint: Omit it from the simp argument list.
  [apply] simp only [not_lt] at h ⊢

Note: This linter can be disabled with `set_option linter.unusedSimpArgs false`
SunPrize\Certificate\Theory012.lean:1119:56: warning: This simp argument is unused:
  not_le

Hint: Omit it from the simp argument list.
  [apply] simp only [not_lt] at h ⊢

Note: This linter can be disabled with `set_option linter.unusedSimpArgs false`
SunPrize\Certificate\Theory012.lean:1121:56: warning: This simp argument is unused:
  not_le

Hint: Omit it from the simp argument list.
  [apply] simp only [not_lt] at h ⊢

Note: This linter can be disabled with `set_option linter.unusedSimpArgs false`
SunPrize\Certificate\Theory012.lean:1123:56: warning: This simp argument is unused:
  not_le

Hint: Omit it from the simp argument list.
  [apply] simp only [not_lt] at h ⊢

Note: This linter can be disabled with `set_option linter.unusedSimpArgs false`
SunPrize\Certificate\Theory012.lean:1125:56: warning: This simp argument is unused:
  not_le

Hint: Omit it from the simp argument list.
  [apply] simp only [not_lt] at h ⊢

Note: This linter can be disabled with `set_option linter.unusedSimpArgs false`
SunPrize\Certificate\Theory012.lean:1127:56: warning: This simp argument is unused:
  not_le

Hint: Omit it from the simp argument list.
  [apply] simp only [not_lt] at h ⊢

Note: This linter can be disabled with `set_option linter.unusedSimpArgs false`
SunPrize\Certificate\Theory012.lean:1129:56: warning: This simp argument is unused:
  not_le

Hint: Omit it from the simp argument list.
  [apply] simp only [not_lt] at h ⊢

Note: This linter can be disabled with `set_option linter.unusedSimpArgs false`
SunPrize\Certificate\Theory012.lean:1111:32: warning: Unused tactic linter: `(try simp only [not_lt, not_le] at h ⊢)` does nothing

Note: This linter can be disabled with `set_option linter.unusedTactic false`
SunPrize\Certificate\Theory012.lean:1113:32: warning: Unused tactic linter: `(try simp only [not_lt, not_le] at h ⊢)` does nothing

Note: This linter can be disabled with `set_option linter.unusedTactic false`
SunPrize\Certificate\Theory012.lean:1115:32: warning: Unused tactic linter: `(try simp only [not_lt, not_le] at h ⊢)` does nothing

Note: This linter can be disabled with `set_option linter.unusedTactic false`
SunPrize\Certificate\Theory012.lean:1144:56: warning: This simp argument is unused:
  not_le

Hint: Omit it from the simp argument list.
  [apply] simp only [not_lt] at h ⊢

Note: This linter can be disabled with `set_option linter.unusedSimpArgs false`
SunPrize\Certificate\Theory012.lean:1146:56: warning: This simp argument is unused:
  not_le

Hint: Omit it from the simp argument list.
  [apply] simp only [not_lt] at h ⊢

Note: This linter can be disabled with `set_option linter.unusedSimpArgs false`
SunPrize\Certificate\Theory012.lean:1148:56: warning: This simp argument is unused:
  not_le

Hint: Omit it from the simp argument list.
  [apply] simp only [not_lt] at h ⊢

Note: This linter can be disabled with `set_option linter.unusedSimpArgs false`
SunPrize\Certificate\Theory012.lean:1150:56: warning: This simp argument is unused:
  not_le

Hint: Omit it from the simp argument list.
  [apply] simp only [not_lt] at h ⊢

Note: This linter can be disabled with `set_option linter.unusedSimpArgs false`
SunPrize\Certificate\Theory012.lean:1152:56: warning: This simp argument is unused:
  not_le

Hint: Omit it from the simp argument list.
  [apply] simp only [not_lt] at h ⊢

Note: This linter can be disabled with `set_option linter.unusedSimpArgs false`
SunPrize\Certificate\Theory012.lean:1160:56: warning: This simp argument is unused:
  not_le

Hint: Omit it from the simp argument list.
  [apply] simp only [not_lt] at h ⊢

Note: This linter can be disabled with `set_option linter.unusedSimpArgs false`
SunPrize\Certificate\Theory012.lean:1162:56: warning: This simp argument is unused:
  not_le

Hint: Omit it from the simp argument list.
  [apply] simp only [not_lt] at h ⊢

Note: This linter can be disabled with `set_option linter.unusedSimpArgs false`
SunPrize\Certificate\Theory012.lean:1154:32: warning: Unused tactic linter: `(try simp only [not_lt, not_le] at h ⊢)` does nothing

Note: This linter can be disabled with `set_option linter.unusedTactic false`
SunPrize\Certificate\Theory012.lean:1156:32: warning: Unused tactic linter: `(try simp only [not_lt, not_le] at h ⊢)` does nothing

Note: This linter can be disabled with `set_option linter.unusedTactic false`
SunPrize\Certificate\Theory012.lean:1158:32: warning: Unused tactic linter: `(try simp only [not_lt, not_le] at h ⊢)` does nothing

Note: This linter can be disabled with `set_option linter.unusedTactic false`
SunPrize\Certificate\Theory012.lean:1170:56: warning: This simp argument is unused:
  not_le

Hint: Omit it from the simp argument list.
  [apply] simp only [not_lt] at h ⊢

Note: This linter can be disabled with `set_option linter.unusedSimpArgs false`
SunPrize\Certificate\Theory012.lean:1178:56: warning: This simp argument is unused:
  not_le

Hint: Omit it from the simp argument list.
  [apply] simp only [not_lt] at h ⊢

Note: This linter can be disabled with `set_option linter.unusedSimpArgs false`
SunPrize\Certificate\Theory012.lean:1180:56: warning: This simp argument is unused:
  not_le

Hint: Omit it from the simp argument list.
  [apply] simp only [not_lt] at h ⊢

Note: This linter can be disabled with `set_option linter.unusedSimpArgs false`
SunPrize\Certificate\Theory012.lean:1182:56: warning: This simp argument is unused:
  not_le

Hint: Omit it from the simp argument list.
  [apply] simp only [not_lt] at h ⊢

Note: This linter can be disabled with `set_option linter.unusedSimpArgs false`
SunPrize\Certificate\Theory012.lean:1184:56: warning: This simp argument is unused:
  not_le

Hint: Omit it from the simp argument list.
  [apply] simp only [not_lt] at h ⊢

Note: This linter can be disabled with `set_option linter.unusedSimpArgs false`
SunPrize\Certificate\Theory012.lean:1186:56: warning: This simp argument is unused:
  not_le

Hint: Omit it from the simp argument list.
  [apply] simp only [not_lt] at h ⊢

Note: This linter can be disabled with `set_option linter.unusedSimpArgs false`
SunPrize\Certificate\Theory012.lean:1188:56: warning: This simp argument is unused:
  not_le

Hint: Omit it from the simp argument list.
  [apply] simp only [not_lt] at h ⊢

Note: This linter can be disabled with `set_option linter.unusedSimpArgs false`
SunPrize\Certificate\Theory012.lean:1172:32: warning: Unused tactic linter: `(try simp only [not_lt, not_le] at h ⊢)` does nothing

Note: This linter can be disabled with `set_option linter.unusedTactic false`
SunPrize\Certificate\Theory012.lean:1174:32: warning: Unused tactic linter: `(try simp only [not_lt, not_le] at h ⊢)` does nothing

Note: This linter can be disabled with `set_option linter.unusedTactic false`
SunPrize\Certificate\Theory012.lean:1176:32: warning: Unused tactic linter: `(try simp only [not_lt, not_le] at h ⊢)` does nothing

Note: This linter can be disabled with `set_option linter.unusedTactic false`
SunPrize\Certificate\Theory012.lean:1196:56: warning: This simp argument is unused:
  not_le

Hint: Omit it from the simp argument list.
  [apply] simp only [not_lt] at h ⊢

Note: This linter can be disabled with `set_option linter.unusedSimpArgs false`
SunPrize\Certificate\Theory012.lean:1198:56: warning: This simp argument is unused:
  not_le

Hint: Omit it from the simp argument list.
  [apply] simp only [not_lt] at h ⊢

Note: This linter can be disabled with `set_option linter.unusedSimpArgs false`
SunPrize\Certificate\Theory012.lean:1200:56: warning: This simp argument is unused:
  not_le

Hint: Omit it from the simp argument list.
  [apply] simp only [not_lt] at h ⊢

Note: This linter can be disabled with `set_option linter.unusedSimpArgs false`
SunPrize\Certificate\Theory012.lean:1202:56: warning: This simp argument is unused:
  not_le

Hint: Omit it from the simp argument list.
  [apply] simp only [not_lt] at h ⊢

Note: This linter can be disabled with `set_option linter.unusedSimpArgs false`
SunPrize\Certificate\Theory012.lean:1204:56: warning: This simp argument is unused:
  not_le

Hint: Omit it from the simp argument list.
  [apply] simp only [not_lt] at h ⊢

Note: This linter can be disabled with `set_option linter.unusedSimpArgs false`
SunPrize\Certificate\Theory012.lean:1212:56: warning: This simp argument is unused:
  not_le

Hint: Omit it from the simp argument list.
  [apply] simp only [not_lt] at h ⊢

Note: This linter can be disabled with `set_option linter.unusedSimpArgs false`
SunPrize\Certificate\Theory012.lean:1214:56: warning: This simp argument is unused:
  not_le

Hint: Omit it from the simp argument list.
  [apply] simp only [not_lt] at h ⊢

Note: This linter can be disabled with `set_option linter.unusedSimpArgs false`
SunPrize\Certificate\Theory012.lean:1206:32: warning: Unused tactic linter: `(try simp only [not_lt, not_le] at h ⊢)` does nothing

Note: This linter can be disabled with `set_option linter.unusedTactic false`
SunPrize\Certificate\Theory012.lean:1208:32: warning: Unused tactic linter: `(try simp only [not_lt, not_le] at h ⊢)` does nothing

Note: This linter can be disabled with `set_option linter.unusedTactic false`
SunPrize\Certificate\Theory012.lean:1210:32: warning: Unused tactic linter: `(try simp only [not_lt, not_le] at h ⊢)` does nothing

Note: This linter can be disabled with `set_option linter.unusedTactic false`
SunPrize\Certificate\Theory012.lean:1222:56: warning: This simp argument is unused:
  not_le

Hint: Omit it from the simp argument list.
  [apply] simp only [not_lt] at h ⊢

Note: This linter can be disabled with `set_option linter.unusedSimpArgs false`
SunPrize\Certificate\Theory012.lean:1224:56: warning: This simp argument is unused:
  not_le

Hint: Omit it from the simp argument list.
  [apply] simp only [not_lt] at h ⊢

Note: This linter can be disabled with `set_option linter.unusedSimpArgs false`
SunPrize\Certificate\Theory012.lean:1226:56: warning: This simp argument is unused:
  not_le

Hint: Omit it from the simp argument list.
  [apply] simp only [not_lt] at h ⊢

Note: This linter can be disabled with `set_option linter.unusedSimpArgs false`
SunPrize\Certificate\Theory012.lean:1228:56: warning: This simp argument is unused:
  not_le

Hint: Omit it from the simp argument list.
  [apply] simp only [not_lt] at h ⊢

Note: This linter can be disabled with `set_option linter.unusedSimpArgs false`
SunPrize\Certificate\Theory012.lean:1230:56: warning: This simp argument is unused:
  not_le

Hint: Omit it from the simp argument list.
  [apply] simp only [not_lt] at h ⊢

Note: This linter can be disabled with `set_option linter.unusedSimpArgs false`
SunPrize\Certificate\Theory012.lean:1238:56: warning: This simp argument is unused:
  not_le

Hint: Omit it from the simp argument list.
  [apply] simp only [not_lt] at h ⊢

Note: This linter can be disabled with `set_option linter.unusedSimpArgs false`
SunPrize\Certificate\Theory012.lean:1240:56: warning: This simp argument is unused:
  not_le

Hint: Omit it from the simp argument list.
  [apply] simp only [not_lt] at h ⊢

Note: This linter can be disabled with `set_option linter.unusedSimpArgs false`
SunPrize\Certificate\Theory012.lean:1232:32: warning: Unused tactic linter: `(try simp only [not_lt, not_le] at h ⊢)` does nothing

Note: This linter can be disabled with `set_option linter.unusedTactic false`
SunPrize\Certificate\Theory012.lean:1234:32: warning: Unused tactic linter: `(try simp only [not_lt, not_le] at h ⊢)` does nothing

Note: This linter can be disabled with `set_option linter.unusedTactic false`
SunPrize\Certificate\Theory012.lean:1236:32: warning: Unused tactic linter: `(try simp only [not_lt, not_le] at h ⊢)` does nothing

Note: This linter can be disabled with `set_option linter.unusedTactic false`
SunPrize\Certificate\Theory012.lean:1248:56: warning: This simp argument is unused:
  not_le

Hint: Omit it from the simp argument list.
  [apply] simp only [not_lt] at h ⊢

Note: This linter can be disabled with `set_option linter.unusedSimpArgs false`
SunPrize\Certificate\Theory012.lean:1256:56: warning: This simp argument is unused:
  not_le

Hint: Omit it from the simp argument list.
  [apply] simp only [not_lt] at h ⊢

Note: This linter can be disabled with `set_option linter.unusedSimpArgs false`
SunPrize\Certificate\Theory012.lean:1258:56: warning: This simp argument is unused:
  not_le

Hint: Omit it from the simp argument list.
  [apply] simp only [not_lt] at h ⊢

Note: This linter can be disabled with `set_option linter.unusedSimpArgs false`
SunPrize\Certificate\Theory012.lean:1260:56: warning: This simp argument is unused:
  not_le

Hint: Omit it from the simp argument list.
  [apply] simp only [not_lt] at h ⊢

Note: This linter can be disabled with `set_option linter.unusedSimpArgs false`
SunPrize\Certificate\Theory012.lean:1262:56: warning: This simp argument is unused:
  not_le

Hint: Omit it from the simp argument list.
  [apply] simp only [not_lt] at h ⊢

Note: This linter can be disabled with `set_option linter.unusedSimpArgs false`
SunPrize\Certificate\Theory012.lean:1264:56: warning: This simp argument is unused:
  not_le

Hint: Omit it from the simp argument list.
  [apply] simp only [not_lt] at h ⊢

Note: This linter can be disabled with `set_option linter.unusedSimpArgs false`
SunPrize\Certificate\Theory012.lean:1266:56: warning: This simp argument is unused:
  not_le

Hint: Omit it from the simp argument list.
  [apply] simp only [not_lt] at h ⊢

Note: This linter can be disabled with `set_option linter.unusedSimpArgs false`
SunPrize\Certificate\Theory012.lean:1250:32: warning: Unused tactic linter: `(try simp only [not_lt, not_le] at h ⊢)` does nothing

Note: This linter can be disabled with `set_option linter.unusedTactic false`
SunPrize\Certificate\Theory012.lean:1252:32: warning: Unused tactic linter: `(try simp only [not_lt, not_le] at h ⊢)` does nothing

Note: This linter can be disabled with `set_option linter.unusedTactic false`
SunPrize\Certificate\Theory012.lean:1254:32: warning: Unused tactic linter: `(try simp only [not_lt, not_le] at h ⊢)` does nothing

Note: This linter can be disabled with `set_option linter.unusedTactic false`
SunPrize\Certificate\Theory012.lean:1292:56: warning: This simp argument is unused:
  not_le

Hint: Omit it from the simp argument list.
  [apply] simp only [not_lt] at h ⊢

Note: This linter can be disabled with `set_option linter.unusedSimpArgs false`
SunPrize\Certificate\Theory012.lean:1294:56: warning: This simp argument is unused:
  not_le

Hint: Omit it from the simp argument list.
  [apply] simp only [not_lt] at h ⊢

Note: This linter can be disabled with `set_option linter.unusedSimpArgs false`
SunPrize\Certificate\Theory012.lean:1298:56: warning: This simp argument is unused:
  not_le

Hint: Omit it from the simp argument list.
  [apply] simp only [not_lt] at h ⊢

Note: This linter can be disabled with `set_option linter.unusedSimpArgs false`
SunPrize\Certificate\Theory012.lean:1300:56: warning: This simp argument is unused:
  not_le

Hint: Omit it from the simp argument list.
  [apply] simp only [not_lt] at h ⊢

Note: This linter can be disabled with `set_option linter.unusedSimpArgs false`
SunPrize\Certificate\Theory012.lean:1302:56: warning: This simp argument is unused:
  not_le

Hint: Omit it from the simp argument list.
  [apply] simp only [not_lt] at h ⊢

Note: This linter can be disabled with `set_option linter.unusedSimpArgs false`
SunPrize\Certificate\Theory012.lean:1304:56: warning: This simp argument is unused:
  not_le

Hint: Omit it from the simp argument list.
  [apply] simp only [not_lt] at h ⊢

Note: This linter can be disabled with `set_option linter.unusedSimpArgs false`
SunPrize\Certificate\Theory012.lean:1306:56: warning: This simp argument is unused:
  not_le

Hint: Omit it from the simp argument list.
  [apply] simp only [not_lt] at h ⊢

Note: This linter can be disabled with `set_option linter.unusedSimpArgs false`
SunPrize\Certificate\Theory012.lean:1288:32: warning: Unused tactic linter: `(try simp only [not_lt, not_le] at h ⊢)` does nothing

Note: This linter can be disabled with `set_option linter.unusedTactic false`
SunPrize\Certificate\Theory012.lean:1290:32: warning: Unused tactic linter: `(try simp only [not_lt, not_le] at h ⊢)` does nothing

Note: This linter can be disabled with `set_option linter.unusedTactic false`
SunPrize\Certificate\Theory012.lean:1296:32: warning: Unused tactic linter: `(try simp only [not_lt, not_le] at h ⊢)` does nothing

Note: This linter can be disabled with `set_option linter.unusedTactic false`
SunPrize\Certificate\Theory012.lean:1321:56: warning: This simp argument is unused:
  not_le

Hint: Omit it from the simp argument list.
  [apply] simp only [not_lt] at h ⊢

Note: This linter can be disabled with `set_option linter.unusedSimpArgs false`
SunPrize\Certificate\Theory012.lean:1323:56: warning: This simp argument is unused:
  not_le

Hint: Omit it from the simp argument list.
  [apply] simp only [not_lt] at h ⊢

Note: This linter can be disabled with `set_option linter.unusedSimpArgs false`
SunPrize\Certificate\Theory012.lean:1325:56: warning: This simp argument is unused:
  not_le

Hint: Omit it from the simp argument list.
  [apply] simp only [not_lt] at h ⊢

Note: This linter can be disabled with `set_option linter.unusedSimpArgs false`
SunPrize\Certificate\Theory012.lean:1327:56: warning: This simp argument is unused:
  not_le

Hint: Omit it from the simp argument list.
  [apply] simp only [not_lt] at h ⊢

Note: This linter can be disabled with `set_option linter.unusedSimpArgs false`
SunPrize\Certificate\Theory012.lean:1329:56: warning: This simp argument is unused:
  not_le

Hint: Omit it from the simp argument list.
  [apply] simp only [not_lt] at h ⊢

Note: This linter can be disabled with `set_option linter.unusedSimpArgs false`
SunPrize\Certificate\Theory012.lean:1337:56: warning: This simp argument is unused:
  not_le

Hint: Omit it from the simp argument list.
  [apply] simp only [not_lt] at h ⊢

Note: This linter can be disabled with `set_option linter.unusedSimpArgs false`
SunPrize\Certificate\Theory012.lean:1339:56: warning: This simp argument is unused:
  not_le

Hint: Omit it from the simp argument list.
  [apply] simp only [not_lt] at h ⊢

Note: This linter can be disabled with `set_option linter.unusedSimpArgs false`
SunPrize\Certificate\Theory012.lean:1331:32: warning: Unused tactic linter: `(try simp only [not_lt, not_le] at h ⊢)` does nothing

Note: This linter can be disabled with `set_option linter.unusedTactic false`
SunPrize\Certificate\Theory012.lean:1333:32: warning: Unused tactic linter: `(try simp only [not_lt, not_le] at h ⊢)` does nothing

Note: This linter can be disabled with `set_option linter.unusedTactic false`
SunPrize\Certificate\Theory012.lean:1335:32: warning: Unused tactic linter: `(try simp only [not_lt, not_le] at h ⊢)` does nothing

Note: This linter can be disabled with `set_option linter.unusedTactic false`
SunPrize\Certificate\Theory012.lean:1353:56: warning: This simp argument is unused:
  not_le

Hint: Omit it from the simp argument list.
  [apply] simp only [not_lt] at h ⊢

Note: This linter can be disabled with `set_option linter.unusedSimpArgs false`
SunPrize\Certificate\Theory012.lean:1355:56: warning: This simp argument is unused:
  not_le

Hint: Omit it from the simp argument list.
  [apply] simp only [not_lt] at h ⊢

Note: This linter can be disabled with `set_option linter.unusedSimpArgs false`
SunPrize\Certificate\Theory012.lean:1357:56: warning: This simp argument is unused:
  not_le

Hint: Omit it from the simp argument list.
  [apply] simp only [not_lt] at h ⊢

Note: This linter can be disabled with `set_option linter.unusedSimpArgs false`
SunPrize\Certificate\Theory012.lean:1359:56: warning: This simp argument is unused:
  not_le

Hint: Omit it from the simp argument list.
  [apply] simp only [not_lt] at h ⊢

Note: This linter can be disabled with `set_option linter.unusedSimpArgs false`
SunPrize\Certificate\Theory012.lean:1361:56: warning: This simp argument is unused:
  not_le

Hint: Omit it from the simp argument list.
  [apply] simp only [not_lt] at h ⊢

Note: This linter can be disabled with `set_option linter.unusedSimpArgs false`
SunPrize\Certificate\Theory012.lean:1363:56: warning: This simp argument is unused:
  not_le

Hint: Omit it from the simp argument list.
  [apply] simp only [not_lt] at h ⊢

Note: This linter can be disabled with `set_option linter.unusedSimpArgs false`
SunPrize\Certificate\Theory012.lean:1365:56: warning: This simp argument is unused:
  not_le

Hint: Omit it from the simp argument list.
  [apply] simp only [not_lt] at h ⊢

Note: This linter can be disabled with `set_option linter.unusedSimpArgs false`
SunPrize\Certificate\Theory012.lean:1347:32: warning: Unused tactic linter: `(try simp only [not_lt, not_le] at h ⊢)` does nothing

Note: This linter can be disabled with `set_option linter.unusedTactic false`
SunPrize\Certificate\Theory012.lean:1349:32: warning: Unused tactic linter: `(try simp only [not_lt, not_le] at h ⊢)` does nothing

Note: This linter can be disabled with `set_option linter.unusedTactic false`
SunPrize\Certificate\Theory012.lean:1351:32: warning: Unused tactic linter: `(try simp only [not_lt, not_le] at h ⊢)` does nothing

Note: This linter can be disabled with `set_option linter.unusedTactic false`
SunPrize\Certificate\Theory012.lean:1380:56: warning: This simp argument is unused:
  not_le

Hint: Omit it from the simp argument list.
  [apply] simp only [not_lt] at h ⊢

Note: This linter can be disabled with `set_option linter.unusedSimpArgs false`
SunPrize\Certificate\Theory012.lean:1382:56: warning: This simp argument is unused:
  not_le

Hint: Omit it from the simp argument list.
  [apply] simp only [not_lt] at h ⊢

Note: This linter can be disabled with `set_option linter.unusedSimpArgs false`
SunPrize\Certificate\Theory012.lean:1384:56: warning: This simp argument is unused:
  not_le

Hint: Omit it from the simp argument list.
  [apply] simp only [not_lt] at h ⊢

Note: This linter can be disabled with `set_option linter.unusedSimpArgs false`
SunPrize\Certificate\Theory012.lean:1386:56: warning: This simp argument is unused:
  not_le

Hint: Omit it from the simp argument list.
  [apply] simp only [not_lt] at h ⊢

Note: This linter can be disabled with `set_option linter.unusedSimpArgs false`
SunPrize\Certificate\Theory012.lean:1388:56: warning: This simp argument is unused:
  not_le

Hint: Omit it from the simp argument list.
  [apply] simp only [not_lt] at h ⊢

Note: This linter can be disabled with `set_option linter.unusedSimpArgs false`
SunPrize\Certificate\Theory012.lean:1396:56: warning: This simp argument is unused:
  not_le

Hint: Omit it from the simp argument list.
  [apply] simp only [not_lt] at h ⊢

Note: This linter can be disabled with `set_option linter.unusedSimpArgs false`
SunPrize\Certificate\Theory012.lean:1398:56: warning: This simp argument is unused:
  not_le

Hint: Omit it from the simp argument list.
  [apply] simp only [not_lt] at h ⊢

Note: This linter can be disabled with `set_option linter.unusedSimpArgs false`
SunPrize\Certificate\Theory012.lean:1390:32: warning: Unused tactic linter: `(try simp only [not_lt, not_le] at h ⊢)` does nothing

Note: This linter can be disabled with `set_option linter.unusedTactic false`
SunPrize\Certificate\Theory012.lean:1392:32: warning: Unused tactic linter: `(try simp only [not_lt, not_le] at h ⊢)` does nothing

Note: This linter can be disabled with `set_option linter.unusedTactic false`
SunPrize\Certificate\Theory012.lean:1394:32: warning: Unused tactic linter: `(try simp only [not_lt, not_le] at h ⊢)` does nothing

Note: This linter can be disabled with `set_option linter.unusedTactic false`
SunPrize\Certificate\Theory012.lean:1406:56: warning: This simp argument is unused:
  not_le

Hint: Omit it from the simp argument list.
  [apply] simp only [not_lt] at h ⊢

Note: This linter can be disabled with `set_option linter.unusedSimpArgs false`
SunPrize\Certificate\Theory012.lean:1408:56: warning: This simp argument is unused:
  not_le

Hint: Omit it from the simp argument list.
  [apply] simp only [not_lt] at h ⊢

Note: This linter can be disabled with `set_option linter.unusedSimpArgs false`
SunPrize\Certificate\Theory012.lean:1410:56: warning: This simp argument is unused:
  not_le

Hint: Omit it from the simp argument list.
  [apply] simp only [not_lt] at h ⊢

Note: This linter can be disabled with `set_option linter.unusedSimpArgs false`
SunPrize\Certificate\Theory012.lean:1418:56: warning: This simp argument is unused:
  not_le

Hint: Omit it from the simp argument list.
  [apply] simp only [not_lt] at h ⊢

Note: This linter can be disabled with `set_option linter.unusedSimpArgs false`
SunPrize\Certificate\Theory012.lean:1420:56: warning: This simp argument is unused:
  not_le

Hint: Omit it from the simp argument list.
  [apply] simp only [not_lt] at h ⊢

Note: This linter can be disabled with `set_option linter.unusedSimpArgs false`
SunPrize\Certificate\Theory012.lean:1422:56: warning: This simp argument is unused:
  not_le

Hint: Omit it from the simp argument list.
  [apply] simp only [not_lt] at h ⊢

Note: This linter can be disabled with `set_option linter.unusedSimpArgs false`
SunPrize\Certificate\Theory012.lean:1424:56: warning: This simp argument is unused:
  not_le

Hint: Omit it from the simp argument list.
  [apply] simp only [not_lt] at h ⊢

Note: This linter can be disabled with `set_option linter.unusedSimpArgs false`
SunPrize\Certificate\Theory012.lean:1412:32: warning: Unused tactic linter: `(try simp only [not_lt, not_le] at h ⊢)` does nothing

Note: This linter can be disabled with `set_option linter.unusedTactic false`
SunPrize\Certificate\Theory012.lean:1414:32: warning: Unused tactic linter: `(try simp only [not_lt, not_le] at h ⊢)` does nothing

Note: This linter can be disabled with `set_option linter.unusedTactic false`
SunPrize\Certificate\Theory012.lean:1416:32: warning: Unused tactic linter: `(try simp only [not_lt, not_le] at h ⊢)` does nothing

Note: This linter can be disabled with `set_option linter.unusedTactic false`
SunPrize\Certificate\Theory012.lean:1432:56: warning: This simp argument is unused:
  not_le

Hint: Omit it from the simp argument list.
  [apply] simp only [not_lt] at h ⊢

Note: This linter can be disabled with `set_option linter.unusedSimpArgs false`
SunPrize\Certificate\Theory012.lean:1440:56: warning: This simp argument is unused:
  not_le

Hint: Omit it from the simp argument list.
  [apply] simp only [not_lt] at h ⊢

Note: This linter can be disabled with `set_option linter.unusedSimpArgs false`
SunPrize\Certificate\Theory012.lean:1442:56: warning: This simp argument is unused:
  not_le

Hint: Omit it from the simp argument list.
  [apply] simp only [not_lt] at h ⊢

Note: This linter can be disabled with `set_option linter.unusedSimpArgs false`
SunPrize\Certificate\Theory012.lean:1444:56: warning: This simp argument is unused:
  not_le

Hint: Omit it from the simp argument list.
  [apply] simp only [not_lt] at h ⊢

Note: This linter can be disabled with `set_option linter.unusedSimpArgs false`
SunPrize\Certificate\Theory012.lean:1446:56: warning: This simp argument is unused:
  not_le

Hint: Omit it from the simp argument list.
  [apply] simp only [not_lt] at h ⊢

Note: This linter can be disabled with `set_option linter.unusedSimpArgs false`
SunPrize\Certificate\Theory012.lean:1448:56: warning: This simp argument is unused:
  not_le

Hint: Omit it from the simp argument list.
  [apply] simp only [not_lt] at h ⊢

Note: This linter can be disabled with `set_option linter.unusedSimpArgs false`
SunPrize\Certificate\Theory012.lean:1450:56: warning: This simp argument is unused:
  not_le

Hint: Omit it from the simp argument list.
  [apply] simp only [not_lt] at h ⊢

Note: This linter can be disabled with `set_option linter.unusedSimpArgs false`
SunPrize\Certificate\Theory012.lean:1434:32: warning: Unused tactic linter: `(try simp only [not_lt, not_le] at h ⊢)` does nothing

Note: This linter can be disabled with `set_option linter.unusedTactic false`
SunPrize\Certificate\Theory012.lean:1436:32: warning: Unused tactic linter: `(try simp only [not_lt, not_le] at h ⊢)` does nothing

Note: This linter can be disabled with `set_option linter.unusedTactic false`
SunPrize\Certificate\Theory012.lean:1438:32: warning: Unused tactic linter: `(try simp only [not_lt, not_le] at h ⊢)` does nothing

Note: This linter can be disabled with `set_option linter.unusedTactic false`
SunPrize\Certificate\Theory012.lean:1458:56: warning: This simp argument is unused:
  not_le

Hint: Omit it from the simp argument list.
  [apply] simp only [not_lt] at h ⊢

Note: This linter can be disabled with `set_option linter.unusedSimpArgs false`
SunPrize\Certificate\Theory012.lean:1460:56: warning: This simp argument is unused:
  not_le

Hint: Omit it from the simp argument list.
  [apply] simp only [not_lt] at h ⊢

Note: This linter can be disabled with `set_option linter.unusedSimpArgs false`
SunPrize\Certificate\Theory012.lean:1462:56: warning: This simp argument is unused:
  not_le

Hint: Omit it from the simp argument list.
  [apply] simp only [not_lt] at h ⊢

Note: This linter can be disabled with `set_option linter.unusedSimpArgs false`
SunPrize\Certificate\Theory012.lean:1464:56: warning: This simp argument is unused:
  not_le

Hint: Omit it from the simp argument list.
  [apply] simp only [not_lt] at h ⊢

Note: This linter can be disabled with `set_option linter.unusedSimpArgs false`
SunPrize\Certificate\Theory012.lean:1466:56: warning: This simp argument is unused:
  not_le

Hint: Omit it from the simp argument list.
  [apply] simp only [not_lt] at h ⊢

Note: This linter can be disabled with `set_option linter.unusedSimpArgs false`
SunPrize\Certificate\Theory012.lean:1474:56: warning: This simp argument is unused:
  not_le

Hint: Omit it from the simp argument list.
  [apply] simp only [not_lt] at h ⊢

Note: This linter can be disabled with `set_option linter.unusedSimpArgs false`
SunPrize\Certificate\Theory012.lean:1476:56: warning: This simp argument is unused:
  not_le

Hint: Omit it from the simp argument list.
  [apply] simp only [not_lt] at h ⊢

Note: This linter can be disabled with `set_option linter.unusedSimpArgs false`
SunPrize\Certificate\Theory012.lean:1468:32: warning: Unused tactic linter: `(try simp only [not_lt, not_le] at h ⊢)` does nothing

Note: This linter can be disabled with `set_option linter.unusedTactic false`
SunPrize\Certificate\Theory012.lean:1470:32: warning: Unused tactic linter: `(try simp only [not_lt, not_le] at h ⊢)` does nothing

Note: This linter can be disabled with `set_option linter.unusedTactic false`
SunPrize\Certificate\Theory012.lean:1472:32: warning: Unused tactic linter: `(try simp only [not_lt, not_le] at h ⊢)` does nothing

Note: This linter can be disabled with `set_option linter.unusedTactic false`
SunPrize\Certificate\Theory012.lean:1484:56: warning: This simp argument is unused:
  not_le

Hint: Omit it from the simp argument list.
  [apply] simp only [not_lt] at h ⊢

Note: This linter can be disabled with `set_option linter.unusedSimpArgs false`
SunPrize\Certificate\Theory012.lean:1486:56: warning: This simp argument is unused:
  not_le

Hint: Omit it from the simp argument list.
  [apply] simp only [not_lt] at h ⊢

Note: This linter can be disabled with `set_option linter.unusedSimpArgs false`
SunPrize\Certificate\Theory012.lean:1488:56: warning: This simp argument is unused:
  not_le

Hint: Omit it from the simp argument list.
  [apply] simp only [not_lt] at h ⊢

Note: This linter can be disabled with `set_option linter.unusedSimpArgs false`
SunPrize\Certificate\Theory012.lean:1490:56: warning: This simp argument is unused:
  not_le

Hint: Omit it from the simp argument list.
  [apply] simp only [not_lt] at h ⊢

Note: This linter can be disabled with `set_option linter.unusedSimpArgs false`
SunPrize\Certificate\Theory012.lean:1492:56: warning: This simp argument is unused:
  not_le

Hint: Omit it from the simp argument list.
  [apply] simp only [not_lt] at h ⊢

Note: This linter can be disabled with `set_option linter.unusedSimpArgs false`
SunPrize\Certificate\Theory012.lean:1500:56: warning: This simp argument is unused:
  not_le

Hint: Omit it from the simp argument list.
  [apply] simp only [not_lt] at h ⊢

Note: This linter can be disabled with `set_option linter.unusedSimpArgs false`
SunPrize\Certificate\Theory012.lean:1502:56: warning: This simp argument is unused:
  not_le

Hint: Omit it from the simp argument list.
  [apply] simp only [not_lt] at h ⊢

Note: This linter can be disabled with `set_option linter.unusedSimpArgs false`
SunPrize\Certificate\Theory012.lean:1494:32: warning: Unused tactic linter: `(try simp only [not_lt, not_le] at h ⊢)` does nothing

Note: This linter can be disabled with `set_option linter.unusedTactic false`
SunPrize\Certificate\Theory012.lean:1496:32: warning: Unused tactic linter: `(try simp only [not_lt, not_le] at h ⊢)` does nothing

Note: This linter can be disabled with `set_option linter.unusedTactic false`
SunPrize\Certificate\Theory012.lean:1498:32: warning: Unused tactic linter: `(try simp only [not_lt, not_le] at h ⊢)` does nothing

Note: This linter can be disabled with `set_option linter.unusedTactic false`
SunPrize\Certificate\Theory012.lean:1510:56: warning: This simp argument is unused:
  not_le

Hint: Omit it from the simp argument list.
  [apply] simp only [not_lt] at h ⊢

Note: This linter can be disabled with `set_option linter.unusedSimpArgs false`
SunPrize\Certificate\Theory012.lean:1512:56: warning: This simp argument is unused:
  not_le

Hint: Omit it from the simp argument list.
  [apply] simp only [not_lt] at h ⊢

Note: This linter can be disabled with `set_option linter.unusedSimpArgs false`
SunPrize\Certificate\Theory012.lean:1514:56: warning: This simp argument is unused:
  not_le

Hint: Omit it from the simp argument list.
  [apply] simp only [not_lt] at h ⊢

Note: This linter can be disabled with `set_option linter.unusedSimpArgs false`
SunPrize\Certificate\Theory012.lean:1516:56: warning: This simp argument is unused:
  not_le

Hint: Omit it from the simp argument list.
  [apply] simp only [not_lt] at h ⊢

Note: This linter can be disabled with `set_option linter.unusedSimpArgs false`
SunPrize\Certificate\Theory012.lean:1518:56: warning: This simp argument is unused:
  not_le

Hint: Omit it from the simp argument list.
  [apply] simp only [not_lt] at h ⊢

Note: This linter can be disabled with `set_option linter.unusedSimpArgs false`
SunPrize\Certificate\Theory012.lean:1526:56: warning: This simp argument is unused:
  not_le

Hint: Omit it from the simp argument list.
  [apply] simp only [not_lt] at h ⊢

Note: This linter can be disabled with `set_option linter.unusedSimpArgs false`
SunPrize\Certificate\Theory012.lean:1528:56: warning: This simp argument is unused:
  not_le

Hint: Omit it from the simp argument list.
  [apply] simp only [not_lt] at h ⊢

Note: This linter can be disabled with `set_option linter.unusedSimpArgs false`
SunPrize\Certificate\Theory012.lean:1520:32: warning: Unused tactic linter: `(try simp only [not_lt, not_le] at h ⊢)` does nothing

Note: This linter can be disabled with `set_option linter.unusedTactic false`
SunPrize\Certificate\Theory012.lean:1522:32: warning: Unused tactic linter: `(try simp only [not_lt, not_le] at h ⊢)` does nothing

Note: This linter can be disabled with `set_option linter.unusedTactic false`
SunPrize\Certificate\Theory012.lean:1524:32: warning: Unused tactic linter: `(try simp only [not_lt, not_le] at h ⊢)` does nothing

Note: This linter can be disabled with `set_option linter.unusedTactic false`
SunPrize\Certificate\Theory012.lean:1547:56: warning: This simp argument is unused:
  not_le

Hint: Omit it from the simp argument list.
  [apply] simp only [not_lt] at h ⊢

Note: This linter can be disabled with `set_option linter.unusedSimpArgs false`
SunPrize\Certificate\Theory012.lean:1549:56: warning: This simp argument is unused:
  not_le

Hint: Omit it from the simp argument list.
  [apply] simp only [not_lt] at h ⊢

Note: This linter can be disabled with `set_option linter.unusedSimpArgs false`
SunPrize\Certificate\Theory012.lean:1553:56: warning: This simp argument is unused:
  not_le

Hint: Omit it from the simp argument list.
  [apply] simp only [not_lt] at h ⊢

Note: This linter can be disabled with `set_option linter.unusedSimpArgs false`
SunPrize\Certificate\Theory012.lean:1555:56: warning: This simp argument is unused:
  not_le

Hint: Omit it from the simp argument list.
  [apply] simp only [not_lt] at h ⊢

Note: This linter can be disabled with `set_option linter.unusedSimpArgs false`
SunPrize\Certificate\Theory012.lean:1557:56: warning: This simp argument is unused:
  not_le

Hint: Omit it from the simp argument list.
  [apply] simp only [not_lt] at h ⊢

Note: This linter can be disabled with `set_option linter.unusedSimpArgs false`
SunPrize\Certificate\Theory012.lean:1559:56: warning: This simp argument is unused:
  not_le

Hint: Omit it from the simp argument list.
  [apply] simp only [not_lt] at h ⊢

Note: This linter can be disabled with `set_option linter.unusedSimpArgs false`
SunPrize\Certificate\Theory012.lean:1561:56: warning: This simp argument is unused:
  not_le

Hint: Omit it from the simp argument list.
  [apply] simp only [not_lt] at h ⊢

Note: This linter can be disabled with `set_option linter.unusedSimpArgs false`
SunPrize\Certificate\Theory012.lean:1543:32: warning: Unused tactic linter: `(try simp only [not_lt, not_le] at h ⊢)` does nothing

Note: This linter can be disabled with `set_option linter.unusedTactic false`
SunPrize\Certificate\Theory012.lean:1545:32: warning: Unused tactic linter: `(try simp only [not_lt, not_le] at h ⊢)` does nothing

Note: This linter can be disabled with `set_option linter.unusedTactic false`
SunPrize\Certificate\Theory012.lean:1551:32: warning: Unused tactic linter: `(try simp only [not_lt, not_le] at h ⊢)` does nothing

Note: This linter can be disabled with `set_option linter.unusedTactic false`
SunPrize\Certificate\Theory012.lean:1569:56: warning: This simp argument is unused:
  not_le

Hint: Omit it from the simp argument list.
  [apply] simp only [not_lt] at h ⊢

Note: This linter can be disabled with `set_option linter.unusedSimpArgs false`
SunPrize\Certificate\Theory012.lean:1571:56: warning: This simp argument is unused:
  not_le

Hint: Omit it from the simp argument list.
  [apply] simp only [not_lt] at h ⊢

Note: This linter can be disabled with `set_option linter.unusedSimpArgs false`
SunPrize\Certificate\Theory012.lean:1573:56: warning: This simp argument is unused:
  not_le

Hint: Omit it from the simp argument list.
  [apply] simp only [not_lt] at h ⊢

Note: This linter can be disabled with `set_option linter.unusedSimpArgs false`
SunPrize\Certificate\Theory012.lean:1575:56: warning: This simp argument is unused:
  not_le

Hint: Omit it from the simp argument list.
  [apply] simp only [not_lt] at h ⊢

Note: This linter can be disabled with `set_option linter.unusedSimpArgs false`
SunPrize\Certificate\Theory012.lean:1577:56: warning: This simp argument is unused:
  not_le

Hint: Omit it from the simp argument list.
  [apply] simp only [not_lt] at h ⊢

Note: This linter can be disabled with `set_option linter.unusedSimpArgs false`
SunPrize\Certificate\Theory012.lean:1585:56: warning: This simp argument is unused:
  not_le

Hint: Omit it from the simp argument list.
  [apply] simp only [not_lt] at h ⊢

Note: This linter can be disabled with `set_option linter.unusedSimpArgs false`
SunPrize\Certificate\Theory012.lean:1587:56: warning: This simp argument is unused:
  not_le

Hint: Omit it from the simp argument list.
  [apply] simp only [not_lt] at h ⊢

Note: This linter can be disabled with `set_option linter.unusedSimpArgs false`
SunPrize\Certificate\Theory012.lean:1579:32: warning: Unused tactic linter: `(try simp only [not_lt, not_le] at h ⊢)` does nothing

Note: This linter can be disabled with `set_option linter.unusedTactic false`
SunPrize\Certificate\Theory012.lean:1581:32: warning: Unused tactic linter: `(try simp only [not_lt, not_le] at h ⊢)` does nothing

Note: This linter can be disabled with `set_option linter.unusedTactic false`
SunPrize\Certificate\Theory012.lean:1583:32: warning: Unused tactic linter: `(try simp only [not_lt, not_le] at h ⊢)` does nothing

Note: This linter can be disabled with `set_option linter.unusedTactic false`
SunPrize\Certificate\Theory012.lean:1595:56: warning: This simp argument is unused:
  not_le

Hint: Omit it from the simp argument list.
  [apply] simp only [not_lt] at h ⊢

Note: This linter can be disabled with `set_option linter.unusedSimpArgs false`
SunPrize\Certificate\Theory012.lean:1603:56: warning: This simp argument is unused:
  not_le

Hint: Omit it from the simp argument list.
  [apply] simp only [not_lt] at h ⊢

Note: This linter can be disabled with `set_option linter.unusedSimpArgs false`
SunPrize\Certificate\Theory012.lean:1605:56: warning: This simp argument is unused:
  not_le

Hint: Omit it from the simp argument list.
  [apply] simp only [not_lt] at h ⊢

Note: This linter can be disabled with `set_option linter.unusedSimpArgs false`
SunPrize\Certificate\Theory012.lean:1607:56: warning: This simp argument is unused:
  not_le

Hint: Omit it from the simp argument list.
  [apply] simp only [not_lt] at h ⊢

Note: This linter can be disabled with `set_option linter.unusedSimpArgs false`
SunPrize\Certificate\Theory012.lean:1609:56: warning: This simp argument is unused:
  not_le

Hint: Omit it from the simp argument list.
  [apply] simp only [not_lt] at h ⊢

Note: This linter can be disabled with `set_option linter.unusedSimpArgs false`
SunPrize\Certificate\Theory012.lean:1611:56: warning: This simp argument is unused:
  not_le

Hint: Omit it from the simp argument list.
  [apply] simp only [not_lt] at h ⊢

Note: This linter can be disabled with `set_option linter.unusedSimpArgs false`
SunPrize\Certificate\Theory012.lean:1613:56: warning: This simp argument is unused:
  not_le

Hint: Omit it from the simp argument list.
  [apply] simp only [not_lt] at h ⊢

Note: This linter can be disabled with `set_option linter.unusedSimpArgs false`
SunPrize\Certificate\Theory012.lean:1597:32: warning: Unused tactic linter: `(try simp only [not_lt, not_le] at h ⊢)` does nothing

Note: This linter can be disabled with `set_option linter.unusedTactic false`
SunPrize\Certificate\Theory012.lean:1599:32: warning: Unused tactic linter: `(try simp only [not_lt, not_le] at h ⊢)` does nothing

Note: This linter can be disabled with `set_option linter.unusedTactic false`
SunPrize\Certificate\Theory012.lean:1601:32: warning: Unused tactic linter: `(try simp only [not_lt, not_le] at h ⊢)` does nothing

Note: This linter can be disabled with `set_option linter.unusedTactic false`
SunPrize\Certificate\Theory012.lean:1625:56: warning: This simp argument is unused:
  not_le

Hint: Omit it from the simp argument list.
  [apply] simp only [not_lt] at h ⊢

Note: This linter can be disabled with `set_option linter.unusedSimpArgs false`
SunPrize\Certificate\Theory012.lean:1629:56: warning: This simp argument is unused:
  not_le

Hint: Omit it from the simp argument list.
  [apply] simp only [not_lt] at h ⊢

Note: This linter can be disabled with `set_option linter.unusedSimpArgs false`
SunPrize\Certificate\Theory012.lean:1631:56: warning: This simp argument is unused:
  not_le

Hint: Omit it from the simp argument list.
  [apply] simp only [not_lt] at h ⊢

Note: This linter can be disabled with `set_option linter.unusedSimpArgs false`
SunPrize\Certificate\Theory012.lean:1633:56: warning: This simp argument is unused:
  not_le

Hint: Omit it from the simp argument list.
  [apply] simp only [not_lt] at h ⊢

Note: This linter can be disabled with `set_option linter.unusedSimpArgs false`
SunPrize\Certificate\Theory012.lean:1635:56: warning: This simp argument is unused:
  not_le

Hint: Omit it from the simp argument list.
  [apply] simp only [not_lt] at h ⊢

Note: This linter can be disabled with `set_option linter.unusedSimpArgs false`
SunPrize\Certificate\Theory012.lean:1637:56: warning: This simp argument is unused:
  not_le

Hint: Omit it from the simp argument list.
  [apply] simp only [not_lt] at h ⊢

Note: This linter can be disabled with `set_option linter.unusedSimpArgs false`
SunPrize\Certificate\Theory012.lean:1639:56: warning: This simp argument is unused:
  not_le

Hint: Omit it from the simp argument list.
  [apply] simp only [not_lt] at h ⊢

Note: This linter can be disabled with `set_option linter.unusedSimpArgs false`
SunPrize\Certificate\Theory012.lean:1621:32: warning: Unused tactic linter: `(try simp only [not_lt, not_le] at h ⊢)` does nothing

Note: This linter can be disabled with `set_option linter.unusedTactic false`
SunPrize\Certificate\Theory012.lean:1623:32: warning: Unused tactic linter: `(try simp only [not_lt, not_le] at h ⊢)` does nothing

Note: This linter can be disabled with `set_option linter.unusedTactic false`
SunPrize\Certificate\Theory012.lean:1627:32: warning: Unused tactic linter: `(try simp only [not_lt, not_le] at h ⊢)` does nothing

Note: This linter can be disabled with `set_option linter.unusedTactic false`
SunPrize\Certificate\Theory012.lean:1658:56: warning: This simp argument is unused:
  not_le

Hint: Omit it from the simp argument list.
  [apply] simp only [not_lt] at h ⊢

Note: This linter can be disabled with `set_option linter.unusedSimpArgs false`
SunPrize\Certificate\Theory012.lean:1662:56: warning: This simp argument is unused:
  not_le

Hint: Omit it from the simp argument list.
  [apply] simp only [not_lt] at h ⊢

Note: This linter can be disabled with `set_option linter.unusedSimpArgs false`
SunPrize\Certificate\Theory012.lean:1664:56: warning: This simp argument is unused:
  not_le

Hint: Omit it from the simp argument list.
  [apply] simp only [not_lt] at h ⊢

Note: This linter can be disabled with `set_option linter.unusedSimpArgs false`
SunPrize\Certificate\Theory012.lean:1666:56: warning: This simp argument is unused:
  not_le

Hint: Omit it from the simp argument list.
  [apply] simp only [not_lt] at h ⊢

Note: This linter can be disabled with `set_option linter.unusedSimpArgs false`
SunPrize\Certificate\Theory012.lean:1668:56: warning: This simp argument is unused:
  not_le

Hint: Omit it from the simp argument list.
  [apply] simp only [not_lt] at h ⊢

Note: This linter can be disabled with `set_option linter.unusedSimpArgs false`
SunPrize\Certificate\Theory012.lean:1670:56: warning: This simp argument is unused:
  not_le

Hint: Omit it from the simp argument list.
  [apply] simp only [not_lt] at h ⊢

Note: This linter can be disabled with `set_option linter.unusedSimpArgs false`
SunPrize\Certificate\Theory012.lean:1672:56: warning: This simp argument is unused:
  not_le

Hint: Omit it from the simp argument list.
  [apply] simp only [not_lt] at h ⊢

Note: This linter can be disabled with `set_option linter.unusedSimpArgs false`
SunPrize\Certificate\Theory012.lean:1654:32: warning: Unused tactic linter: `(try simp only [not_lt, not_le] at h ⊢)` does nothing

Note: This linter can be disabled with `set_option linter.unusedTactic false`
SunPrize\Certificate\Theory012.lean:1656:32: warning: Unused tactic linter: `(try simp only [not_lt, not_le] at h ⊢)` does nothing

Note: This linter can be disabled with `set_option linter.unusedTactic false`
SunPrize\Certificate\Theory012.lean:1660:32: warning: Unused tactic linter: `(try simp only [not_lt, not_le] at h ⊢)` does nothing

Note: This linter can be disabled with `set_option linter.unusedTactic false`
SunPrize\Certificate\Theory012.lean:1680:56: warning: This simp argument is unused:
  not_le

Hint: Omit it from the simp argument list.
  [apply] simp only [not_lt] at h ⊢

Note: This linter can be disabled with `set_option linter.unusedSimpArgs false`
SunPrize\Certificate\Theory012.lean:1682:56: warning: This simp argument is unused:
  not_le

Hint: Omit it from the simp argument list.
  [apply] simp only [not_lt] at h ⊢

Note: This linter can be disabled with `set_option linter.unusedSimpArgs false`
SunPrize\Certificate\Theory012.lean:1684:56: warning: This simp argument is unused:
  not_le

Hint: Omit it from the simp argument list.
  [apply] simp only [not_lt] at h ⊢

Note: This linter can be disabled with `set_option linter.unusedSimpArgs false`
SunPrize\Certificate\Theory012.lean:1686:56: warning: This simp argument is unused:
  not_le

Hint: Omit it from the simp argument list.
  [apply] simp only [not_lt] at h ⊢

Note: This linter can be disabled with `set_option linter.unusedSimpArgs false`
SunPrize\Certificate\Theory012.lean:1688:56: warning: This simp argument is unused:
  not_le

Hint: Omit it from the simp argument list.
  [apply] simp only [not_lt] at h ⊢

Note: This linter can be disabled with `set_option linter.unusedSimpArgs false`
SunPrize\Certificate\Theory012.lean:1696:56: warning: This simp argument is unused:
  not_le

Hint: Omit it from the simp argument list.
  [apply] simp only [not_lt] at h ⊢

Note: This linter can be disabled with `set_option linter.unusedSimpArgs false`
SunPrize\Certificate\Theory012.lean:1698:56: warning: This simp argument is unused:
  not_le

Hint: Omit it from the simp argument list.
  [apply] simp only [not_lt] at h ⊢

Note: This linter can be disabled with `set_option linter.unusedSimpArgs false`
SunPrize\Certificate\Theory012.lean:1690:32: warning: Unused tactic linter: `(try simp only [not_lt, not_le] at h ⊢)` does nothing

Note: This linter can be disabled with `set_option linter.unusedTactic false`
SunPrize\Certificate\Theory012.lean:1692:32: warning: Unused tactic linter: `(try simp only [not_lt, not_le] at h ⊢)` does nothing

Note: This linter can be disabled with `set_option linter.unusedTactic false`
SunPrize\Certificate\Theory012.lean:1694:32: warning: Unused tactic linter: `(try simp only [not_lt, not_le] at h ⊢)` does nothing

Note: This linter can be disabled with `set_option linter.unusedTactic false`
SunPrize\Certificate\Theory012.lean:1712:56: warning: This simp argument is unused:
  not_le

Hint: Omit it from the simp argument list.
  [apply] simp only [not_lt] at h ⊢

Note: This linter can be disabled with `set_option linter.unusedSimpArgs false`
SunPrize\Certificate\Theory012.lean:1714:56: warning: This simp argument is unused:
  not_le

Hint: Omit it from the simp argument list.
  [apply] simp only [not_lt] at h ⊢

Note: This linter can be disabled with `set_option linter.unusedSimpArgs false`
SunPrize\Certificate\Theory012.lean:1716:56: warning: This simp argument is unused:
  not_le

Hint: Omit it from the simp argument list.
  [apply] simp only [not_lt] at h ⊢

Note: This linter can be disabled with `set_option linter.unusedSimpArgs false`
SunPrize\Certificate\Theory012.lean:1718:56: warning: This simp argument is unused:
  not_le

Hint: Omit it from the simp argument list.
  [apply] simp only [not_lt] at h ⊢

Note: This linter can be disabled with `set_option linter.unusedSimpArgs false`
SunPrize\Certificate\Theory012.lean:1720:56: warning: This simp argument is unused:
  not_le

Hint: Omit it from the simp argument list.
  [apply] simp only [not_lt] at h ⊢

Note: This linter can be disabled with `set_option linter.unusedSimpArgs false`
SunPrize\Certificate\Theory012.lean:1722:56: warning: This simp argument is unused:
  not_le

Hint: Omit it from the simp argument list.
  [apply] simp only [not_lt] at h ⊢

Note: This linter can be disabled with `set_option linter.unusedSimpArgs false`
SunPrize\Certificate\Theory012.lean:1724:56: warning: This simp argument is unused:
  not_le

Hint: Omit it from the simp argument list.
  [apply] simp only [not_lt] at h ⊢

Note: This linter can be disabled with `set_option linter.unusedSimpArgs false`
SunPrize\Certificate\Theory012.lean:1706:32: warning: Unused tactic linter: `(try simp only [not_lt, not_le] at h ⊢)` does nothing

Note: This linter can be disabled with `set_option linter.unusedTactic false`
SunPrize\Certificate\Theory012.lean:1708:32: warning: Unused tactic linter: `(try simp only [not_lt, not_le] at h ⊢)` does nothing

Note: This linter can be disabled with `set_option linter.unusedTactic false`
SunPrize\Certificate\Theory012.lean:1710:32: warning: Unused tactic linter: `(try simp only [not_lt, not_le] at h ⊢)` does nothing

Note: This linter can be disabled with `set_option linter.unusedTactic false`
SunPrize\Certificate\Theory012.lean:1732:56: warning: This simp argument is unused:
  not_le

Hint: Omit it from the simp argument list.
  [apply] simp only [not_lt] at h ⊢

Note: This linter can be disabled with `set_option linter.unusedSimpArgs false`
SunPrize\Certificate\Theory012.lean:1736:56: warning: This simp argument is unused:
  not_le

Hint: Omit it from the simp argument list.
  [apply] simp only [not_lt] at h ⊢

Note: This linter can be disabled with `set_option linter.unusedSimpArgs false`
SunPrize\Certificate\Theory012.lean:1738:56: warning: This simp argument is unused:
  not_le

Hint: Omit it from the simp argument list.
  [apply] simp only [not_lt] at h ⊢

Note: This linter can be disabled with `set_option linter.unusedSimpArgs false`
SunPrize\Certificate\Theory012.lean:1740:56: warning: This simp argument is unused:
  not_le

Hint: Omit it from the simp argument list.
  [apply] simp only [not_lt] at h ⊢

Note: This linter can be disabled with `set_option linter.unusedSimpArgs false`
SunPrize\Certificate\Theory012.lean:1742:56: warning: This simp argument is unused:
  not_le

Hint: Omit it from the simp argument list.
  [apply] simp only [not_lt] at h ⊢

Note: This linter can be disabled with `set_option linter.unusedSimpArgs false`
SunPrize\Certificate\Theory012.lean:1748:56: warning: This simp argument is unused:
  not_le

Hint: Omit it from the simp argument list.
  [apply] simp only [not_lt] at h ⊢

Note: This linter can be disabled with `set_option linter.unusedSimpArgs false`
SunPrize\Certificate\Theory012.lean:1750:56: warning: This simp argument is unused:
  not_le

Hint: Omit it from the simp argument list.
  [apply] simp only [not_lt] at h ⊢

Note: This linter can be disabled with `set_option linter.unusedSimpArgs false`
SunPrize\Certificate\Theory012.lean:1734:32: warning: Unused tactic linter: `(try simp only [not_lt, not_le] at h ⊢)` does nothing

Note: This linter can be disabled with `set_option linter.unusedTactic false`
SunPrize\Certificate\Theory012.lean:1744:32: warning: Unused tactic linter: `(try simp only [not_lt, not_le] at h ⊢)` does nothing

Note: This linter can be disabled with `set_option linter.unusedTactic false`
SunPrize\Certificate\Theory012.lean:1746:32: warning: Unused tactic linter: `(try simp only [not_lt, not_le] at h ⊢)` does nothing

Note: This linter can be disabled with `set_option linter.unusedTactic false`
SunPrize\Certificate\Theory012.lean:1779:56: warning: This simp argument is unused:
  not_le

Hint: Omit it from the simp argument list.
  [apply] simp only [not_lt] at h ⊢

Note: This linter can be disabled with `set_option linter.unusedSimpArgs false`
SunPrize\Certificate\Theory012.lean:1781:56: warning: This simp argument is unused:
  not_le

Hint: Omit it from the simp argument list.
  [apply] simp only [not_lt] at h ⊢

Note: This linter can be disabled with `set_option linter.unusedSimpArgs false`
SunPrize\Certificate\Theory012.lean:1783:56: warning: This simp argument is unused:
  not_le

Hint: Omit it from the simp argument list.
  [apply] simp only [not_lt] at h ⊢

Note: This linter can be disabled with `set_option linter.unusedSimpArgs false`
SunPrize\Certificate\Theory012.lean:1785:56: warning: This simp argument is unused:
  not_le

Hint: Omit it from the simp argument list.
  [apply] simp only [not_lt] at h ⊢

Note: This linter can be disabled with `set_option linter.unusedSimpArgs false`
SunPrize\Certificate\Theory012.lean:1787:56: warning: This simp argument is unused:
  not_le

Hint: Omit it from the simp argument list.
  [apply] simp only [not_lt] at h ⊢

Note: This linter can be disabled with `set_option linter.unusedSimpArgs false`
SunPrize\Certificate\Theory012.lean:1795:56: warning: This simp argument is unused:
  not_le

Hint: Omit it from the simp argument list.
  [apply] simp only [not_lt] at h ⊢

Note: This linter can be disabled with `set_option linter.unusedSimpArgs false`
SunPrize\Certificate\Theory012.lean:1797:56: warning: This simp argument is unused:
  not_le

Hint: Omit it from the simp argument list.
  [apply] simp only [not_lt] at h ⊢

Note: This linter can be disabled with `set_option linter.unusedSimpArgs false`
SunPrize\Certificate\Theory012.lean:1789:32: warning: Unused tactic linter: `(try simp only [not_lt, not_le] at h ⊢)` does nothing

Note: This linter can be disabled with `set_option linter.unusedTactic false`
SunPrize\Certificate\Theory012.lean:1791:32: warning: Unused tactic linter: `(try simp only [not_lt, not_le] at h ⊢)` does nothing

Note: This linter can be disabled with `set_option linter.unusedTactic false`
SunPrize\Certificate\Theory012.lean:1793:32: warning: Unused tactic linter: `(try simp only [not_lt, not_le] at h ⊢)` does nothing

Note: This linter can be disabled with `set_option linter.unusedTactic false`
SunPrize\Certificate\Theory012.lean:1812:56: warning: This simp argument is unused:
  not_le

Hint: Omit it from the simp argument list.
  [apply] simp only [not_lt] at h ⊢

Note: This linter can be disabled with `set_option linter.unusedSimpArgs false`
SunPrize\Certificate\Theory012.lean:1814:56: warning: This simp argument is unused:
  not_le

Hint: Omit it from the simp argument list.
  [apply] simp only [not_lt] at h ⊢

Note: This linter can be disabled with `set_option linter.unusedSimpArgs false`
SunPrize\Certificate\Theory012.lean:1816:56: warning: This simp argument is unused:
  not_le

Hint: Omit it from the simp argument list.
  [apply] simp only [not_lt] at h ⊢

Note: This linter can be disabled with `set_option linter.unusedSimpArgs false`
SunPrize\Certificate\Theory012.lean:1818:56: warning: This simp argument is unused:
  not_le

Hint: Omit it from the simp argument list.
  [apply] simp only [not_lt] at h ⊢

Note: This linter can be disabled with `set_option linter.unusedSimpArgs false`
SunPrize\Certificate\Theory012.lean:1820:56: warning: This simp argument is unused:
  not_le

Hint: Omit it from the simp argument list.
  [apply] simp only [not_lt] at h ⊢

Note: This linter can be disabled with `set_option linter.unusedSimpArgs false`
SunPrize\Certificate\Theory012.lean:1828:56: warning: This simp argument is unused:
  not_le

Hint: Omit it from the simp argument list.
  [apply] simp only [not_lt] at h ⊢

Note: This linter can be disabled with `set_option linter.unusedSimpArgs false`
SunPrize\Certificate\Theory012.lean:1830:56: warning: This simp argument is unused:
  not_le

Hint: Omit it from the simp argument list.
  [apply] simp only [not_lt] at h ⊢

Note: This linter can be disabled with `set_option linter.unusedSimpArgs false`
SunPrize\Certificate\Theory012.lean:1822:32: warning: Unused tactic linter: `(try simp only [not_lt, not_le] at h ⊢)` does nothing

Note: This linter can be disabled with `set_option linter.unusedTactic false`
SunPrize\Certificate\Theory012.lean:1824:32: warning: Unused tactic linter: `(try simp only [not_lt, not_le] at h ⊢)` does nothing

Note: This linter can be disabled with `set_option linter.unusedTactic false`
SunPrize\Certificate\Theory012.lean:1826:32: warning: Unused tactic linter: `(try simp only [not_lt, not_le] at h ⊢)` does nothing

Note: This linter can be disabled with `set_option linter.unusedTactic false`
SunPrize\Certificate\Theory012.lean:1865:56: warning: This simp argument is unused:
  not_le

Hint: Omit it from the simp argument list.
  [apply] simp only [not_lt] at h ⊢

Note: This linter can be disabled with `set_option linter.unusedSimpArgs false`
SunPrize\Certificate\Theory012.lean:1867:56: warning: This simp argument is unused:
  not_le

Hint: Omit it from the simp argument list.
  [apply] simp only [not_lt] at h ⊢

Note: This linter can be disabled with `set_option linter.unusedSimpArgs false`
SunPrize\Certificate\Theory012.lean:1869:56: warning: This simp argument is unused:
  not_le

Hint: Omit it from the simp argument list.
  [apply] simp only [not_lt] at h ⊢

Note: This linter can be disabled with `set_option linter.unusedSimpArgs false`
SunPrize\Certificate\Theory012.lean:1871:56: warning: This simp argument is unused:
  not_le

Hint: Omit it from the simp argument list.
  [apply] simp only [not_lt] at h ⊢

Note: This linter can be disabled with `set_option linter.unusedSimpArgs false`
SunPrize\Certificate\Theory012.lean:1873:56: warning: This simp argument is unused:
  not_le

Hint: Omit it from the simp argument list.
  [apply] simp only [not_lt] at h ⊢

Note: This linter can be disabled with `set_option linter.unusedSimpArgs false`
SunPrize\Certificate\Theory012.lean:1875:56: warning: This simp argument is unused:
  not_le

Hint: Omit it from the simp argument list.
  [apply] simp only [not_lt] at h ⊢

Note: This linter can be disabled with `set_option linter.unusedSimpArgs false`
SunPrize\Certificate\Theory012.lean:1877:56: warning: This simp argument is unused:
  not_le

Hint: Omit it from the simp argument list.
  [apply] simp only [not_lt] at h ⊢

Note: This linter can be disabled with `set_option linter.unusedSimpArgs false`
SunPrize\Certificate\Theory012.lean:1859:32: warning: Unused tactic linter: `(try simp only [not_lt, not_le] at h ⊢)` does nothing

Note: This linter can be disabled with `set_option linter.unusedTactic false`
SunPrize\Certificate\Theory012.lean:1861:32: warning: Unused tactic linter: `(try simp only [not_lt, not_le] at h ⊢)` does nothing

Note: This linter can be disabled with `set_option linter.unusedTactic false`
SunPrize\Certificate\Theory012.lean:1863:32: warning: Unused tactic linter: `(try simp only [not_lt, not_le] at h ⊢)` does nothing

Note: This linter can be disabled with `set_option linter.unusedTactic false`
SunPrize\Certificate\Theory012.lean:1892:56: warning: This simp argument is unused:
  not_le

Hint: Omit it from the simp argument list.
  [apply] simp only [not_lt] at h ⊢

Note: This linter can be disabled with `set_option linter.unusedSimpArgs false`
SunPrize\Certificate\Theory012.lean:1894:56: warning: This simp argument is unused:
  not_le

Hint: Omit it from the simp argument list.
  [apply] simp only [not_lt] at h ⊢

Note: This linter can be disabled with `set_option linter.unusedSimpArgs false`
SunPrize\Certificate\Theory012.lean:1896:56: warning: This simp argument is unused:
  not_le

Hint: Omit it from the simp argument list.
  [apply] simp only [not_lt] at h ⊢

Note: This linter can be disabled with `set_option linter.unusedSimpArgs false`
SunPrize\Certificate\Theory012.lean:1898:56: warning: This simp argument is unused:
  not_le

Hint: Omit it from the simp argument list.
  [apply] simp only [not_lt] at h ⊢

Note: This linter can be disabled with `set_option linter.unusedSimpArgs false`
SunPrize\Certificate\Theory012.lean:1900:56: warning: This simp argument is unused:
  not_le

Hint: Omit it from the simp argument list.
  [apply] simp only [not_lt] at h ⊢

Note: This linter can be disabled with `set_option linter.unusedSimpArgs false`
SunPrize\Certificate\Theory012.lean:1908:56: warning: This simp argument is unused:
  not_le

Hint: Omit it from the simp argument list.
  [apply] simp only [not_lt] at h ⊢

Note: This linter can be disabled with `set_option linter.unusedSimpArgs false`
SunPrize\Certificate\Theory012.lean:1910:56: warning: This simp argument is unused:
  not_le

Hint: Omit it from the simp argument list.
  [apply] simp only [not_lt] at h ⊢

Note: This linter can be disabled with `set_option linter.unusedSimpArgs false`
SunPrize\Certificate\Theory012.lean:1902:32: warning: Unused tactic linter: `(try simp only [not_lt, not_le] at h ⊢)` does nothing

Note: This linter can be disabled with `set_option linter.unusedTactic false`
SunPrize\Certificate\Theory012.lean:1904:32: warning: Unused tactic linter: `(try simp only [not_lt, not_le] at h ⊢)` does nothing

Note: This linter can be disabled with `set_option linter.unusedTactic false`
SunPrize\Certificate\Theory012.lean:1906:32: warning: Unused tactic linter: `(try simp only [not_lt, not_le] at h ⊢)` does nothing

Note: This linter can be disabled with `set_option linter.unusedTactic false`
SunPrize\Certificate\Theory012.lean:1918:56: warning: This simp argument is unused:
  not_le

Hint: Omit it from the simp argument list.
  [apply] simp only [not_lt] at h ⊢

Note: This linter can be disabled with `set_option linter.unusedSimpArgs false`
SunPrize\Certificate\Theory012.lean:1926:56: warning: This simp argument is unused:
  not_le

Hint: Omit it from the simp argument list.
  [apply] simp only [not_lt] at h ⊢

Note: This linter can be disabled with `set_option linter.unusedSimpArgs false`
SunPrize\Certificate\Theory012.lean:1928:56: warning: This simp argument is unused:
  not_le

Hint: Omit it from the simp argument list.
  [apply] simp only [not_lt] at h ⊢

Note: This linter can be disabled with `set_option linter.unusedSimpArgs false`
SunPrize\Certificate\Theory012.lean:1930:56: warning: This simp argument is unused:
  not_le

Hint: Omit it from the simp argument list.
  [apply] simp only [not_lt] at h ⊢

Note: This linter can be disabled with `set_option linter.unusedSimpArgs false`
SunPrize\Certificate\Theory012.lean:1932:56: warning: This simp argument is unused:
  not_le

Hint: Omit it from the simp argument list.
  [apply] simp only [not_lt] at h ⊢

Note: This linter can be disabled with `set_option linter.unusedSimpArgs false`
SunPrize\Certificate\Theory012.lean:1934:56: warning: This simp argument is unused:
  not_le

Hint: Omit it from the simp argument list.
  [apply] simp only [not_lt] at h ⊢

Note: This linter can be disabled with `set_option linter.unusedSimpArgs false`
SunPrize\Certificate\Theory012.lean:1936:56: warning: This simp argument is unused:
  not_le

Hint: Omit it from the simp argument list.
  [apply] simp only [not_lt] at h ⊢

Note: This linter can be disabled with `set_option linter.unusedSimpArgs false`
SunPrize\Certificate\Theory012.lean:1920:32: warning: Unused tactic linter: `(try simp only [not_lt, not_le] at h ⊢)` does nothing

Note: This linter can be disabled with `set_option linter.unusedTactic false`
SunPrize\Certificate\Theory012.lean:1922:32: warning: Unused tactic linter: `(try simp only [not_lt, not_le] at h ⊢)` does nothing

Note: This linter can be disabled with `set_option linter.unusedTactic false`
SunPrize\Certificate\Theory012.lean:1924:32: warning: Unused tactic linter: `(try simp only [not_lt, not_le] at h ⊢)` does nothing

Note: This linter can be disabled with `set_option linter.unusedTactic false`
SunPrize\Certificate\Theory012.lean:1946:56: warning: This simp argument is unused:
  not_le

Hint: Omit it from the simp argument list.
  [apply] simp only [not_lt] at h ⊢

Note: This linter can be disabled with `set_option linter.unusedSimpArgs false`
SunPrize\Certificate\Theory012.lean:1948:56: warning: This simp argument is unused:
  not_le

Hint: Omit it from the simp argument list.
  [apply] simp only [not_lt] at h ⊢

Note: This linter can be disabled with `set_option linter.unusedSimpArgs false`
SunPrize\Certificate\Theory012.lean:1950:56: warning: This simp argument is unused:
  not_le

Hint: Omit it from the simp argument list.
  [apply] simp only [not_lt] at h ⊢

Note: This linter can be disabled with `set_option linter.unusedSimpArgs false`
SunPrize\Certificate\Theory012.lean:1952:56: warning: This simp argument is unused:
  not_le

Hint: Omit it from the simp argument list.
  [apply] simp only [not_lt] at h ⊢

Note: This linter can be disabled with `set_option linter.unusedSimpArgs false`
SunPrize\Certificate\Theory012.lean:1954:56: warning: This simp argument is unused:
  not_le

Hint: Omit it from the simp argument list.
  [apply] simp only [not_lt] at h ⊢

Note: This linter can be disabled with `set_option linter.unusedSimpArgs false`
SunPrize\Certificate\Theory012.lean:1960:56: warning: This simp argument is unused:
  not_le

Hint: Omit it from the simp argument list.
  [apply] simp only [not_lt] at h ⊢

Note: This linter can be disabled with `set_option linter.unusedSimpArgs false`
SunPrize\Certificate\Theory012.lean:1962:56: warning: This simp argument is unused:
  not_le

Hint: Omit it from the simp argument list.
  [apply] simp only [not_lt] at h ⊢

Note: This linter can be disabled with `set_option linter.unusedSimpArgs false`
SunPrize\Certificate\Theory012.lean:1944:32: warning: Unused tactic linter: `(try simp only [not_lt, not_le] at h ⊢)` does nothing

Note: This linter can be disabled with `set_option linter.unusedTactic false`
SunPrize\Certificate\Theory012.lean:1956:32: warning: Unused tactic linter: `(try simp only [not_lt, not_le] at h ⊢)` does nothing

Note: This linter can be disabled with `set_option linter.unusedTactic false`
SunPrize\Certificate\Theory012.lean:1958:32: warning: Unused tactic linter: `(try simp only [not_lt, not_le] at h ⊢)` does nothing

Note: This linter can be disabled with `set_option linter.unusedTactic false`
SunPrize\Certificate\Theory012.lean:1976:56: warning: This simp argument is unused:
  not_le

Hint: Omit it from the simp argument list.
  [apply] simp only [not_lt] at h ⊢

Note: This linter can be disabled with `set_option linter.unusedSimpArgs false`
SunPrize\Certificate\Theory012.lean:1978:56: warning: This simp argument is unused:
  not_le

Hint: Omit it from the simp argument list.
  [apply] simp only [not_lt] at h ⊢

Note: This linter can be disabled with `set_option linter.unusedSimpArgs false`
SunPrize\Certificate\Theory012.lean:1980:56: warning: This simp argument is unused:
  not_le

Hint: Omit it from the simp argument list.
  [apply] simp only [not_lt] at h ⊢

Note: This linter can be disabled with `set_option linter.unusedSimpArgs false`
SunPrize\Certificate\Theory012.lean:1982:56: warning: This simp argument is unused:
  not_le

Hint: Omit it from the simp argument list.
  [apply] simp only [not_lt] at h ⊢

Note: This linter can be disabled with `set_option linter.unusedSimpArgs false`
SunPrize\Certificate\Theory012.lean:1984:56: warning: This simp argument is unused:
  not_le

Hint: Omit it from the simp argument list.
  [apply] simp only [not_lt] at h ⊢

Note: This linter can be disabled with `set_option linter.unusedSimpArgs false`
SunPrize\Certificate\Theory012.lean:1986:56: warning: This simp argument is unused:
  not_le

Hint: Omit it from the simp argument list.
  [apply] simp only [not_lt] at h ⊢

Note: This linter can be disabled with `set_option linter.unusedSimpArgs false`
SunPrize\Certificate\Theory012.lean:1988:56: warning: This simp argument is unused:
  not_le

Hint: Omit it from the simp argument list.
  [apply] simp only [not_lt] at h ⊢

Note: This linter can be disabled with `set_option linter.unusedSimpArgs false`
SunPrize\Certificate\Theory012.lean:1970:32: warning: Unused tactic linter: `(try simp only [not_lt, not_le] at h ⊢)` does nothing

Note: This linter can be disabled with `set_option linter.unusedTactic false`
SunPrize\Certificate\Theory012.lean:1972:32: warning: Unused tactic linter: `(try simp only [not_lt, not_le] at h ⊢)` does nothing

Note: This linter can be disabled with `set_option linter.unusedTactic false`
SunPrize\Certificate\Theory012.lean:1974:32: warning: Unused tactic linter: `(try simp only [not_lt, not_le] at h ⊢)` does nothing

Note: This linter can be disabled with `set_option linter.unusedTactic false`
SunPrize\Certificate\Theory012.lean:2003:56: warning: This simp argument is unused:
  not_le

Hint: Omit it from the simp argument list.
  [apply] simp only [not_lt] at h ⊢

Note: This linter can be disabled with `set_option linter.unusedSimpArgs false`
SunPrize\Certificate\Theory012.lean:2005:56: warning: This simp argument is unused:
  not_le

Hint: Omit it from the simp argument list.
  [apply] simp only [not_lt] at h ⊢

Note: This linter can be disabled with `set_option linter.unusedSimpArgs false`
SunPrize\Certificate\Theory012.lean:2007:56: warning: This simp argument is unused:
  not_le

Hint: Omit it from the simp argument list.
  [apply] simp only [not_lt] at h ⊢

Note: This linter can be disabled with `set_option linter.unusedSimpArgs false`
SunPrize\Certificate\Theory012.lean:2009:56: warning: This simp argument is unused:
  not_le

Hint: Omit it from the simp argument list.
  [apply] simp only [not_lt] at h ⊢

Note: This linter can be disabled with `set_option linter.unusedSimpArgs false`
SunPrize\Certificate\Theory012.lean:2011:56: warning: This simp argument is unused:
  not_le

Hint: Omit it from the simp argument list.
  [apply] simp only [not_lt] at h ⊢

Note: This linter can be disabled with `set_option linter.unusedSimpArgs false`
SunPrize\Certificate\Theory012.lean:2019:56: warning: This simp argument is unused:
  not_le

Hint: Omit it from the simp argument list.
  [apply] simp only [not_lt] at h ⊢

Note: This linter can be disabled with `set_option linter.unusedSimpArgs false`
SunPrize\Certificate\Theory012.lean:2021:56: warning: This simp argument is unused:
  not_le

Hint: Omit it from the simp argument list.
  [apply] simp only [not_lt] at h ⊢

Note: This linter can be disabled with `set_option linter.unusedSimpArgs false`
SunPrize\Certificate\Theory012.lean:2013:32: warning: Unused tactic linter: `(try simp only [not_lt, not_le] at h ⊢)` does nothing

Note: This linter can be disabled with `set_option linter.unusedTactic false`
SunPrize\Certificate\Theory012.lean:2015:32: warning: Unused tactic linter: `(try simp only [not_lt, not_le] at h ⊢)` does nothing

Note: This linter can be disabled with `set_option linter.unusedTactic false`
SunPrize\Certificate\Theory012.lean:2017:32: warning: Unused tactic linter: `(try simp only [not_lt, not_le] at h ⊢)` does nothing

Note: This linter can be disabled with `set_option linter.unusedTactic false`
SunPrize\Certificate\Theory012.lean:2045:56: warning: This simp argument is unused:
  not_le

Hint: Omit it from the simp argument list.
  [apply] simp only [not_lt] at h ⊢

Note: This linter can be disabled with `set_option linter.unusedSimpArgs false`
SunPrize\Certificate\Theory012.lean:2047:56: warning: This simp argument is unused:
  not_le

Hint: Omit it from the simp argument list.
  [apply] simp only [not_lt] at h ⊢

Note: This linter can be disabled with `set_option linter.unusedSimpArgs false`
SunPrize\Certificate\Theory012.lean:2049:56: warning: This simp argument is unused:
  not_le

Hint: Omit it from the simp argument list.
  [apply] simp only [not_lt] at h ⊢

Note: This linter can be disabled with `set_option linter.unusedSimpArgs false`
SunPrize\Certificate\Theory012.lean:2051:56: warning: This simp argument is unused:
  not_le

Hint: Omit it from the simp argument list.
  [apply] simp only [not_lt] at h ⊢

Note: This linter can be disabled with `set_option linter.unusedSimpArgs false`
SunPrize\Certificate\Theory012.lean:2053:56: warning: This simp argument is unused:
  not_le

Hint: Omit it from the simp argument list.
  [apply] simp only [not_lt] at h ⊢

Note: This linter can be disabled with `set_option linter.unusedSimpArgs false`
SunPrize\Certificate\Theory012.lean:2059:56: warning: This simp argument is unused:
  not_le

Hint: Omit it from the simp argument list.
  [apply] simp only [not_lt] at h ⊢

Note: This linter can be disabled with `set_option linter.unusedSimpArgs false`
SunPrize\Certificate\Theory012.lean:2061:56: warning: This simp argument is unused:
  not_le

Hint: Omit it from the simp argument list.
  [apply] simp only [not_lt] at h ⊢

Note: This linter can be disabled with `set_option linter.unusedSimpArgs false`
SunPrize\Certificate\Theory012.lean:2043:32: warning: Unused tactic linter: `(try simp only [not_lt, not_le] at h ⊢)` does nothing

Note: This linter can be disabled with `set_option linter.unusedTactic false`
SunPrize\Certificate\Theory012.lean:2055:32: warning: Unused tactic linter: `(try simp only [not_lt, not_le] at h ⊢)` does nothing

Note: This linter can be disabled with `set_option linter.unusedTactic false`
SunPrize\Certificate\Theory012.lean:2057:32: warning: Unused tactic linter: `(try simp only [not_lt, not_le] at h ⊢)` does nothing

Note: This linter can be disabled with `set_option linter.unusedTactic false`
SunPrize\Certificate\Theory012.lean:2069:56: warning: This simp argument is unused:
  not_le

Hint: Omit it from the simp argument list.
  [apply] simp only [not_lt] at h ⊢

Note: This linter can be disabled with `set_option linter.unusedSimpArgs false`
SunPrize\Certificate\Theory012.lean:2071:56: warning: This simp argument is unused:
  not_le

Hint: Omit it from the simp argument list.
  [apply] simp only [not_lt] at h ⊢

Note: This linter can be disabled with `set_option linter.unusedSimpArgs false`
SunPrize\Certificate\Theory012.lean:2073:56: warning: This simp argument is unused:
  not_le

Hint: Omit it from the simp argument list.
  [apply] simp only [not_lt] at h ⊢

Note: This linter can be disabled with `set_option linter.unusedSimpArgs false`
SunPrize\Certificate\Theory012.lean:2075:56: warning: This simp argument is unused:
  not_le

Hint: Omit it from the simp argument list.
  [apply] simp only [not_lt] at h ⊢

Note: This linter can be disabled with `set_option linter.unusedSimpArgs false`
SunPrize\Certificate\Theory012.lean:2077:56: warning: This simp argument is unused:
  not_le

Hint: Omit it from the simp argument list.
  [apply] simp only [not_lt] at h ⊢

Note: This linter can be disabled with `set_option linter.unusedSimpArgs false`
SunPrize\Certificate\Theory012.lean:2085:56: warning: This simp argument is unused:
  not_le

Hint: Omit it from the simp argument list.
  [apply] simp only [not_lt] at h ⊢

Note: This linter can be disabled with `set_option linter.unusedSimpArgs false`
SunPrize\Certificate\Theory012.lean:2087:56: warning: This simp argument is unused:
  not_le

Hint: Omit it from the simp argument list.
  [apply] simp only [not_lt] at h ⊢

Note: This linter can be disabled with `set_option linter.unusedSimpArgs false`
SunPrize\Certificate\Theory012.lean:2079:32: warning: Unused tactic linter: `(try simp only [not_lt, not_le] at h ⊢)` does nothing

Note: This linter can be disabled with `set_option linter.unusedTactic false`
SunPrize\Certificate\Theory012.lean:2081:32: warning: Unused tactic linter: `(try simp only [not_lt, not_le] at h ⊢)` does nothing

Note: This linter can be disabled with `set_option linter.unusedTactic false`
SunPrize\Certificate\Theory012.lean:2083:32: warning: Unused tactic linter: `(try simp only [not_lt, not_le] at h ⊢)` does nothing

Note: This linter can be disabled with `set_option linter.unusedTactic false`
SunPrize\Certificate\Theory012.lean:2095:56: warning: This simp argument is unused:
  not_le

Hint: Omit it from the simp argument list.
  [apply] simp only [not_lt] at h ⊢

Note: This linter can be disabled with `set_option linter.unusedSimpArgs false`
SunPrize\Certificate\Theory012.lean:2097:56: warning: This simp argument is unused:
  not_le

Hint: Omit it from the simp argument list.
  [apply] simp only [not_lt] at h ⊢

Note: This linter can be disabled with `set_option linter.unusedSimpArgs false`
SunPrize\Certificate\Theory012.lean:2099:56: warning: This simp argument is unused:
  not_le

Hint: Omit it from the simp argument list.
  [apply] simp only [not_lt] at h ⊢

Note: This linter can be disabled with `set_option linter.unusedSimpArgs false`
SunPrize\Certificate\Theory012.lean:2101:56: warning: This simp argument is unused:
  not_le

Hint: Omit it from the simp argument list.
  [apply] simp only [not_lt] at h ⊢

Note: This linter can be disabled with `set_option linter.unusedSimpArgs false`
SunPrize\Certificate\Theory012.lean:2103:56: warning: This simp argument is unused:
  not_le

Hint: Omit it from the simp argument list.
  [apply] simp only [not_lt] at h ⊢

Note: This linter can be disabled with `set_option linter.unusedSimpArgs false`
SunPrize\Certificate\Theory012.lean:2111:56: warning: This simp argument is unused:
  not_le

Hint: Omit it from the simp argument list.
  [apply] simp only [not_lt] at h ⊢

Note: This linter can be disabled with `set_option linter.unusedSimpArgs false`
SunPrize\Certificate\Theory012.lean:2113:56: warning: This simp argument is unused:
  not_le

Hint: Omit it from the simp argument list.
  [apply] simp only [not_lt] at h ⊢

Note: This linter can be disabled with `set_option linter.unusedSimpArgs false`
SunPrize\Certificate\Theory012.lean:2105:32: warning: Unused tactic linter: `(try simp only [not_lt, not_le] at h ⊢)` does nothing

Note: This linter can be disabled with `set_option linter.unusedTactic false`
SunPrize\Certificate\Theory012.lean:2107:32: warning: Unused tactic linter: `(try simp only [not_lt, not_le] at h ⊢)` does nothing

Note: This linter can be disabled with `set_option linter.unusedTactic false`
SunPrize\Certificate\Theory012.lean:2109:32: warning: Unused tactic linter: `(try simp only [not_lt, not_le] at h ⊢)` does nothing

Note: This linter can be disabled with `set_option linter.unusedTactic false`
SunPrize\Certificate\Theory012.lean:2121:56: warning: This simp argument is unused:
  not_le

Hint: Omit it from the simp argument list.
  [apply] simp only [not_lt] at h ⊢

Note: This linter can be disabled with `set_option linter.unusedSimpArgs false`
SunPrize\Certificate\Theory012.lean:2123:56: warning: This simp argument is unused:
  not_le

Hint: Omit it from the simp argument list.
  [apply] simp only [not_lt] at h ⊢

Note: This linter can be disabled with `set_option linter.unusedSimpArgs false`
SunPrize\Certificate\Theory012.lean:2125:56: warning: This simp argument is unused:
  not_le

Hint: Omit it from the simp argument list.
  [apply] simp only [not_lt] at h ⊢

Note: This linter can be disabled with `set_option linter.unusedSimpArgs false`
SunPrize\Certificate\Theory012.lean:2127:56: warning: This simp argument is unused:
  not_le

Hint: Omit it from the simp argument list.
  [apply] simp only [not_lt] at h ⊢

Note: This linter can be disabled with `set_option linter.unusedSimpArgs false`
SunPrize\Certificate\Theory012.lean:2129:56: warning: This simp argument is unused:
  not_le

Hint: Omit it from the simp argument list.
  [apply] simp only [not_lt] at h ⊢

Note: This linter can be disabled with `set_option linter.unusedSimpArgs false`
SunPrize\Certificate\Theory012.lean:2137:56: warning: This simp argument is unused:
  not_le

Hint: Omit it from the simp argument list.
  [apply] simp only [not_lt] at h ⊢

Note: This linter can be disabled with `set_option linter.unusedSimpArgs false`
SunPrize\Certificate\Theory012.lean:2139:56: warning: This simp argument is unused:
  not_le

Hint: Omit it from the simp argument list.
  [apply] simp only [not_lt] at h ⊢

Note: This linter can be disabled with `set_option linter.unusedSimpArgs false`
SunPrize\Certificate\Theory012.lean:2131:32: warning: Unused tactic linter: `(try simp only [not_lt, not_le] at h ⊢)` does nothing

Note: This linter can be disabled with `set_option linter.unusedTactic false`
SunPrize\Certificate\Theory012.lean:2133:32: warning: Unused tactic linter: `(try simp only [not_lt, not_le] at h ⊢)` does nothing

Note: This linter can be disabled with `set_option linter.unusedTactic false`
SunPrize\Certificate\Theory012.lean:2135:32: warning: Unused tactic linter: `(try simp only [not_lt, not_le] at h ⊢)` does nothing

Note: This linter can be disabled with `set_option linter.unusedTactic false`
SunPrize\Certificate\Theory012.lean:2161:56: warning: This simp argument is unused:
  not_le

Hint: Omit it from the simp argument list.
  [apply] simp only [not_lt] at h ⊢

Note: This linter can be disabled with `set_option linter.unusedSimpArgs false`
SunPrize\Certificate\Theory012.lean:2163:56: warning: This simp argument is unused:
  not_le

Hint: Omit it from the simp argument list.
  [apply] simp only [not_lt] at h ⊢

Note: This linter can be disabled with `set_option linter.unusedSimpArgs false`
SunPrize\Certificate\Theory012.lean:2165:56: warning: This simp argument is unused:
  not_le

Hint: Omit it from the simp argument list.
  [apply] simp only [not_lt] at h ⊢

Note: This linter can be disabled with `set_option linter.unusedSimpArgs false`
SunPrize\Certificate\Theory012.lean:2167:56: warning: This simp argument is unused:
  not_le

Hint: Omit it from the simp argument list.
  [apply] simp only [not_lt] at h ⊢

Note: This linter can be disabled with `set_option linter.unusedSimpArgs false`
SunPrize\Certificate\Theory012.lean:2169:56: warning: This simp argument is unused:
  not_le

Hint: Omit it from the simp argument list.
  [apply] simp only [not_lt] at h ⊢

Note: This linter can be disabled with `set_option linter.unusedSimpArgs false`
SunPrize\Certificate\Theory012.lean:2177:56: warning: This simp argument is unused:
  not_le

Hint: Omit it from the simp argument list.
  [apply] simp only [not_lt] at h ⊢

Note: This linter can be disabled with `set_option linter.unusedSimpArgs false`
SunPrize\Certificate\Theory012.lean:2179:56: warning: This simp argument is unused:
  not_le

Hint: Omit it from the simp argument list.
  [apply] simp only [not_lt] at h ⊢

Note: This linter can be disabled with `set_option linter.unusedSimpArgs false`
SunPrize\Certificate\Theory012.lean:2171:32: warning: Unused tactic linter: `(try simp only [not_lt, not_le] at h ⊢)` does nothing

Note: This linter can be disabled with `set_option linter.unusedTactic false`
SunPrize\Certificate\Theory012.lean:2173:32: warning: Unused tactic linter: `(try simp only [not_lt, not_le] at h ⊢)` does nothing

Note: This linter can be disabled with `set_option linter.unusedTactic false`
SunPrize\Certificate\Theory012.lean:2175:32: warning: Unused tactic linter: `(try simp only [not_lt, not_le] at h ⊢)` does nothing

Note: This linter can be disabled with `set_option linter.unusedTactic false`
SunPrize\Certificate\Theory012.lean:2194:56: warning: This simp argument is unused:
  not_le

Hint: Omit it from the simp argument list.
  [apply] simp only [not_lt] at h ⊢

Note: This linter can be disabled with `set_option linter.unusedSimpArgs false`
SunPrize\Certificate\Theory012.lean:2196:56: warning: This simp argument is unused:
  not_le

Hint: Omit it from the simp argument list.
  [apply] simp only [not_lt] at h ⊢

Note: This linter can be disabled with `set_option linter.unusedSimpArgs false`
SunPrize\Certificate\Theory012.lean:2198:56: warning: This simp argument is unused:
  not_le

Hint: Omit it from the simp argument list.
  [apply] simp only [not_lt] at h ⊢

Note: This linter can be disabled with `set_option linter.unusedSimpArgs false`
SunPrize\Certificate\Theory012.lean:2200:56: warning: This simp argument is unused:
  not_le

Hint: Omit it from the simp argument list.
  [apply] simp only [not_lt] at h ⊢

Note: This linter can be disabled with `set_option linter.unusedSimpArgs false`
SunPrize\Certificate\Theory012.lean:2202:56: warning: This simp argument is unused:
  not_le

Hint: Omit it from the simp argument list.
  [apply] simp only [not_lt] at h ⊢

Note: This linter can be disabled with `set_option linter.unusedSimpArgs false`
SunPrize\Certificate\Theory012.lean:2204:56: warning: This simp argument is unused:
  not_le

Hint: Omit it from the simp argument list.
  [apply] simp only [not_lt] at h ⊢

Note: This linter can be disabled with `set_option linter.unusedSimpArgs false`
SunPrize\Certificate\Theory012.lean:2212:56: warning: This simp argument is unused:
  not_le

Hint: Omit it from the simp argument list.
  [apply] simp only [not_lt] at h ⊢

Note: This linter can be disabled with `set_option linter.unusedSimpArgs false`
SunPrize\Certificate\Theory012.lean:2206:32: warning: Unused tactic linter: `(try simp only [not_lt, not_le] at h ⊢)` does nothing

Note: This linter can be disabled with `set_option linter.unusedTactic false`
SunPrize\Certificate\Theory012.lean:2208:32: warning: Unused tactic linter: `(try simp only [not_lt, not_le] at h ⊢)` does nothing

Note: This linter can be disabled with `set_option linter.unusedTactic false`
SunPrize\Certificate\Theory012.lean:2210:32: warning: Unused tactic linter: `(try simp only [not_lt, not_le] at h ⊢)` does nothing

Note: This linter can be disabled with `set_option linter.unusedTactic false`
SunPrize\Certificate\Theory012.lean:2227:56: warning: This simp argument is unused:
  not_le

Hint: Omit it from the simp argument list.
  [apply] simp only [not_lt] at h ⊢

Note: This linter can be disabled with `set_option linter.unusedSimpArgs false`
SunPrize\Certificate\Theory012.lean:2229:56: warning: This simp argument is unused:
  not_le

Hint: Omit it from the simp argument list.
  [apply] simp only [not_lt] at h ⊢

Note: This linter can be disabled with `set_option linter.unusedSimpArgs false`
SunPrize\Certificate\Theory012.lean:2237:56: warning: This simp argument is unused:
  not_le

Hint: Omit it from the simp argument list.
  [apply] simp only [not_lt] at h ⊢

Note: This linter can be disabled with `set_option linter.unusedSimpArgs false`
SunPrize\Certificate\Theory012.lean:2239:56: warning: This simp argument is unused:
  not_le

Hint: Omit it from the simp argument list.
  [apply] simp only [not_lt] at h ⊢

Note: This linter can be disabled with `set_option linter.unusedSimpArgs false`
SunPrize\Certificate\Theory012.lean:2241:56: warning: This simp argument is unused:
  not_le

Hint: Omit it from the simp argument list.
  [apply] simp only [not_lt] at h ⊢

Note: This linter can be disabled with `set_option linter.unusedSimpArgs false`
SunPrize\Certificate\Theory012.lean:2243:56: warning: This simp argument is unused:
  not_le

Hint: Omit it from the simp argument list.
  [apply] simp only [not_lt] at h ⊢

Note: This linter can be disabled with `set_option linter.unusedSimpArgs false`
SunPrize\Certificate\Theory012.lean:2245:56: warning: This simp argument is unused:
  not_le

Hint: Omit it from the simp argument list.
  [apply] simp only [not_lt] at h ⊢

Note: This linter can be disabled with `set_option linter.unusedSimpArgs false`
SunPrize\Certificate\Theory012.lean:2231:32: warning: Unused tactic linter: `(try simp only [not_lt, not_le] at h ⊢)` does nothing

Note: This linter can be disabled with `set_option linter.unusedTactic false`
SunPrize\Certificate\Theory012.lean:2233:32: warning: Unused tactic linter: `(try simp only [not_lt, not_le] at h ⊢)` does nothing

Note: This linter can be disabled with `set_option linter.unusedTactic false`
SunPrize\Certificate\Theory012.lean:2235:32: warning: Unused tactic linter: `(try simp only [not_lt, not_le] at h ⊢)` does nothing

Note: This linter can be disabled with `set_option linter.unusedTactic false`
SunPrize\Certificate\Theory012.lean:2287:56: warning: This simp argument is unused:
  not_le

Hint: Omit it from the simp argument list.
  [apply] simp only [not_lt] at h ⊢

Note: This linter can be disabled with `set_option linter.unusedSimpArgs false`
SunPrize\Certificate\Theory012.lean:2289:56: warning: This simp argument is unused:
  not_le

Hint: Omit it from the simp argument list.
  [apply] simp only [not_lt] at h ⊢

Note: This linter can be disabled with `set_option linter.unusedSimpArgs false`
SunPrize\Certificate\Theory012.lean:2291:56: warning: This simp argument is unused:
  not_le

Hint: Omit it from the simp argument list.
  [apply] simp only [not_lt] at h ⊢

Note: This linter can be disabled with `set_option linter.unusedSimpArgs false`
SunPrize\Certificate\Theory012.lean:2293:56: warning: This simp argument is unused:
  not_le

Hint: Omit it from the simp argument list.
  [apply] simp only [not_lt] at h ⊢

Note: This linter can be disabled with `set_option linter.unusedSimpArgs false`
SunPrize\Certificate\Theory012.lean:2295:56: warning: This simp argument is unused:
  not_le

Hint: Omit it from the simp argument list.
  [apply] simp only [not_lt] at h ⊢

Note: This linter can be disabled with `set_option linter.unusedSimpArgs false`
SunPrize\Certificate\Theory012.lean:2297:56: warning: This simp argument is unused:
  not_le

Hint: Omit it from the simp argument list.
  [apply] simp only [not_lt] at h ⊢

Note: This linter can be disabled with `set_option linter.unusedSimpArgs false`
SunPrize\Certificate\Theory012.lean:2299:56: warning: This simp argument is unused:
  not_le

Hint: Omit it from the simp argument list.
  [apply] simp only [not_lt] at h ⊢

Note: This linter can be disabled with `set_option linter.unusedSimpArgs false`
SunPrize\Certificate\Theory012.lean:2281:32: warning: Unused tactic linter: `(try simp only [not_lt, not_le] at h ⊢)` does nothing

Note: This linter can be disabled with `set_option linter.unusedTactic false`
SunPrize\Certificate\Theory012.lean:2283:32: warning: Unused tactic linter: `(try simp only [not_lt, not_le] at h ⊢)` does nothing

Note: This linter can be disabled with `set_option linter.unusedTactic false`
SunPrize\Certificate\Theory012.lean:2285:32: warning: Unused tactic linter: `(try simp only [not_lt, not_le] at h ⊢)` does nothing

Note: This linter can be disabled with `set_option linter.unusedTactic false`
SunPrize\Certificate\Theory012.lean:2328:56: warning: This simp argument is unused:
  not_le

Hint: Omit it from the simp argument list.
  [apply] simp only [not_lt] at h ⊢

Note: This linter can be disabled with `set_option linter.unusedSimpArgs false`
SunPrize\Certificate\Theory012.lean:2336:56: warning: This simp argument is unused:
  not_le

Hint: Omit it from the simp argument list.
  [apply] simp only [not_lt] at h ⊢

Note: This linter can be disabled with `set_option linter.unusedSimpArgs false`
SunPrize\Certificate\Theory012.lean:2338:56: warning: This simp argument is unused:
  not_le

Hint: Omit it from the simp argument list.
  [apply] simp only [not_lt] at h ⊢

Note: This linter can be disabled with `set_option linter.unusedSimpArgs false`
SunPrize\Certificate\Theory012.lean:2340:56: warning: This simp argument is unused:
  not_le

Hint: Omit it from the simp argument list.
  [apply] simp only [not_lt] at h ⊢

Note: This linter can be disabled with `set_option linter.unusedSimpArgs false`
SunPrize\Certificate\Theory012.lean:2342:56: warning: This simp argument is unused:
  not_le

Hint: Omit it from the simp argument list.
  [apply] simp only [not_lt] at h ⊢

Note: This linter can be disabled with `set_option linter.unusedSimpArgs false`
SunPrize\Certificate\Theory012.lean:2344:56: warning: This simp argument is unused:
  not_le

Hint: Omit it from the simp argument list.
  [apply] simp only [not_lt] at h ⊢

Note: This linter can be disabled with `set_option linter.unusedSimpArgs false`
SunPrize\Certificate\Theory012.lean:2346:56: warning: This simp argument is unused:
  not_le

Hint: Omit it from the simp argument list.
  [apply] simp only [not_lt] at h ⊢

Note: This linter can be disabled with `set_option linter.unusedSimpArgs false`
SunPrize\Certificate\Theory012.lean:2330:32: warning: Unused tactic linter: `(try simp only [not_lt, not_le] at h ⊢)` does nothing

Note: This linter can be disabled with `set_option linter.unusedTactic false`
SunPrize\Certificate\Theory012.lean:2332:32: warning: Unused tactic linter: `(try simp only [not_lt, not_le] at h ⊢)` does nothing

Note: This linter can be disabled with `set_option linter.unusedTactic false`
SunPrize\Certificate\Theory012.lean:2334:32: warning: Unused tactic linter: `(try simp only [not_lt, not_le] at h ⊢)` does nothing

Note: This linter can be disabled with `set_option linter.unusedTactic false`
SunPrize\Certificate\Theory012.lean:2375:56: warning: This simp argument is unused:
  not_le

Hint: Omit it from the simp argument list.
  [apply] simp only [not_lt] at h ⊢

Note: This linter can be disabled with `set_option linter.unusedSimpArgs false`
SunPrize\Certificate\Theory012.lean:2379:56: warning: This simp argument is unused:
  not_le

Hint: Omit it from the simp argument list.
  [apply] simp only [not_lt] at h ⊢

Note: This linter can be disabled with `set_option linter.unusedSimpArgs false`
SunPrize\Certificate\Theory012.lean:2383:56: warning: This simp argument is unused:
  not_le

Hint: Omit it from the simp argument list.
  [apply] simp only [not_lt] at h ⊢

Note: This linter can be disabled with `set_option linter.unusedSimpArgs false`
SunPrize\Certificate\Theory012.lean:2387:56: warning: This simp argument is unused:
  not_le

Hint: Omit it from the simp argument list.
  [apply] simp only [not_lt] at h ⊢

Note: This linter can be disabled with `set_option linter.unusedSimpArgs false`
SunPrize\Certificate\Theory012.lean:2389:56: warning: This simp argument is unused:
  not_le

Hint: Omit it from the simp argument list.
  [apply] simp only [not_lt] at h ⊢

Note: This linter can be disabled with `set_option linter.unusedSimpArgs false`
SunPrize\Certificate\Theory012.lean:2391:56: warning: This simp argument is unused:
  not_le

Hint: Omit it from the simp argument list.
  [apply] simp only [not_lt] at h ⊢

Note: This linter can be disabled with `set_option linter.unusedSimpArgs false`
SunPrize\Certificate\Theory012.lean:2393:56: warning: This simp argument is unused:
  not_le

Hint: Omit it from the simp argument list.
  [apply] simp only [not_lt] at h ⊢

Note: This linter can be disabled with `set_option linter.unusedSimpArgs false`
SunPrize\Certificate\Theory012.lean:2377:32: warning: Unused tactic linter: `(try simp only [not_lt, not_le] at h ⊢)` does nothing

Note: This linter can be disabled with `set_option linter.unusedTactic false`
SunPrize\Certificate\Theory012.lean:2381:32: warning: Unused tactic linter: `(try simp only [not_lt, not_le] at h ⊢)` does nothing

Note: This linter can be disabled with `set_option linter.unusedTactic false`
SunPrize\Certificate\Theory012.lean:2385:32: warning: Unused tactic linter: `(try simp only [not_lt, not_le] at h ⊢)` does nothing

Note: This linter can be disabled with `set_option linter.unusedTactic false`
SunPrize\Certificate\Theory012.lean:2407:56: warning: This simp argument is unused:
  not_le

Hint: Omit it from the simp argument list.
  [apply] simp only [not_lt] at h ⊢

Note: This linter can be disabled with `set_option linter.unusedSimpArgs false`
SunPrize\Certificate\Theory012.lean:2409:56: warning: This simp argument is unused:
  not_le

Hint: Omit it from the simp argument list.
  [apply] simp only [not_lt] at h ⊢

Note: This linter can be disabled with `set_option linter.unusedSimpArgs false`
SunPrize\Certificate\Theory012.lean:2411:56: warning: This simp argument is unused:
  not_le

Hint: Omit it from the simp argument list.
  [apply] simp only [not_lt] at h ⊢

Note: This linter can be disabled with `set_option linter.unusedSimpArgs false`
SunPrize\Certificate\Theory012.lean:2413:56: warning: This simp argument is unused:
  not_le

Hint: Omit it from the simp argument list.
  [apply] simp only [not_lt] at h ⊢

Note: This linter can be disabled with `set_option linter.unusedSimpArgs false`
SunPrize\Certificate\Theory012.lean:2415:56: warning: This simp argument is unused:
  not_le

Hint: Omit it from the simp argument list.
  [apply] simp only [not_lt] at h ⊢

Note: This linter can be disabled with `set_option linter.unusedSimpArgs false`
SunPrize\Certificate\Theory012.lean:2417:56: warning: This simp argument is unused:
  not_le

Hint: Omit it from the simp argument list.
  [apply] simp only [not_lt] at h ⊢

Note: This linter can be disabled with `set_option linter.unusedSimpArgs false`
SunPrize\Certificate\Theory012.lean:2419:56: warning: This simp argument is unused:
  not_le

Hint: Omit it from the simp argument list.
  [apply] simp only [not_lt] at h ⊢

Note: This linter can be disabled with `set_option linter.unusedSimpArgs false`
SunPrize\Certificate\Theory012.lean:2401:32: warning: Unused tactic linter: `(try simp only [not_lt, not_le] at h ⊢)` does nothing

Note: This linter can be disabled with `set_option linter.unusedTactic false`
SunPrize\Certificate\Theory012.lean:2403:32: warning: Unused tactic linter: `(try simp only [not_lt, not_le] at h ⊢)` does nothing

Note: This linter can be disabled with `set_option linter.unusedTactic false`
SunPrize\Certificate\Theory012.lean:2405:32: warning: Unused tactic linter: `(try simp only [not_lt, not_le] at h ⊢)` does nothing

Note: This linter can be disabled with `set_option linter.unusedTactic false`
SunPrize\Certificate\Theory012.lean:2429:56: warning: This simp argument is unused:
  not_le

Hint: Omit it from the simp argument list.
  [apply] simp only [not_lt] at h ⊢

Note: This linter can be disabled with `set_option linter.unusedSimpArgs false`
SunPrize\Certificate\Theory012.lean:2431:56: warning: This simp argument is unused:
  not_le

Hint: Omit it from the simp argument list.
  [apply] simp only [not_lt] at h ⊢

Note: This linter can be disabled with `set_option linter.unusedSimpArgs false`
SunPrize\Certificate\Theory012.lean:2433:56: warning: This simp argument is unused:
  not_le

Hint: Omit it from the simp argument list.
  [apply] simp only [not_lt] at h ⊢

Note: This linter can be disabled with `set_option linter.unusedSimpArgs false`
SunPrize\Certificate\Theory012.lean:2435:56: warning: This simp argument is unused:
  not_le

Hint: Omit it from the simp argument list.
  [apply] simp only [not_lt] at h ⊢

Note: This linter can be disabled with `set_option linter.unusedSimpArgs false`
SunPrize\Certificate\Theory012.lean:2437:56: warning: This simp argument is unused:
  not_le

Hint: Omit it from the simp argument list.
  [apply] simp only [not_lt] at h ⊢

Note: This linter can be disabled with `set_option linter.unusedSimpArgs false`
SunPrize\Certificate\Theory012.lean:2443:56: warning: This simp argument is unused:
  not_le

Hint: Omit it from the simp argument list.
  [apply] simp only [not_lt] at h ⊢

Note: This linter can be disabled with `set_option linter.unusedSimpArgs false`
SunPrize\Certificate\Theory012.lean:2445:56: warning: This simp argument is unused:
  not_le

Hint: Omit it from the simp argument list.
  [apply] simp only [not_lt] at h ⊢

Note: This linter can be disabled with `set_option linter.unusedSimpArgs false`
SunPrize\Certificate\Theory012.lean:2427:32: warning: Unused tactic linter: `(try simp only [not_lt, not_le] at h ⊢)` does nothing

Note: This linter can be disabled with `set_option linter.unusedTactic false`
SunPrize\Certificate\Theory012.lean:2439:32: warning: Unused tactic linter: `(try simp only [not_lt, not_le] at h ⊢)` does nothing

Note: This linter can be disabled with `set_option linter.unusedTactic false`
SunPrize\Certificate\Theory012.lean:2441:32: warning: Unused tactic linter: `(try simp only [not_lt, not_le] at h ⊢)` does nothing

Note: This linter can be disabled with `set_option linter.unusedTactic false`
SunPrize\Certificate\Theory012.lean:2453:56: warning: This simp argument is unused:
  not_le

Hint: Omit it from the simp argument list.
  [apply] simp only [not_lt] at h ⊢

Note: This linter can be disabled with `set_option linter.unusedSimpArgs false`
SunPrize\Certificate\Theory012.lean:2455:56: warning: This simp argument is unused:
  not_le

Hint: Omit it from the simp argument list.
  [apply] simp only [not_lt] at h ⊢

Note: This linter can be disabled with `set_option linter.unusedSimpArgs false`
SunPrize\Certificate\Theory012.lean:2457:56: warning: This simp argument is unused:
  not_le

Hint: Omit it from the simp argument list.
  [apply] simp only [not_lt] at h ⊢

Note: This linter can be disabled with `set_option linter.unusedSimpArgs false`
SunPrize\Certificate\Theory012.lean:2459:56: warning: This simp argument is unused:
  not_le

Hint: Omit it from the simp argument list.
  [apply] simp only [not_lt] at h ⊢

Note: This linter can be disabled with `set_option linter.unusedSimpArgs false`
SunPrize\Certificate\Theory012.lean:2461:56: warning: This simp argument is unused:
  not_le

Hint: Omit it from the simp argument list.
  [apply] simp only [not_lt] at h ⊢

Note: This linter can be disabled with `set_option linter.unusedSimpArgs false`
SunPrize\Certificate\Theory012.lean:2463:56: warning: This simp argument is unused:
  not_le

Hint: Omit it from the simp argument list.
  [apply] simp only [not_lt] at h ⊢

Note: This linter can be disabled with `set_option linter.unusedSimpArgs false`
SunPrize\Certificate\Theory012.lean:2471:56: warning: This simp argument is unused:
  not_le

Hint: Omit it from the simp argument list.
  [apply] simp only [not_lt] at h ⊢

Note: This linter can be disabled with `set_option linter.unusedSimpArgs false`
SunPrize\Certificate\Theory012.lean:2465:32: warning: Unused tactic linter: `(try simp only [not_lt, not_le] at h ⊢)` does nothing

Note: This linter can be disabled with `set_option linter.unusedTactic false`
SunPrize\Certificate\Theory012.lean:2467:32: warning: Unused tactic linter: `(try simp only [not_lt, not_le] at h ⊢)` does nothing

Note: This linter can be disabled with `set_option linter.unusedTactic false`
SunPrize\Certificate\Theory012.lean:2469:32: warning: Unused tactic linter: `(try simp only [not_lt, not_le] at h ⊢)` does nothing

Note: This linter can be disabled with `set_option linter.unusedTactic false`
SunPrize\Certificate\Theory012.lean:2479:56: warning: This simp argument is unused:
  not_le

Hint: Omit it from the simp argument list.
  [apply] simp only [not_lt] at h ⊢

Note: This linter can be disabled with `set_option linter.unusedSimpArgs false`
SunPrize\Certificate\Theory012.lean:2481:56: warning: This simp argument is unused:
  not_le

Hint: Omit it from the simp argument list.
  [apply] simp only [not_lt] at h ⊢

Note: This linter can be disabled with `set_option linter.unusedSimpArgs false`
SunPrize\Certificate\Theory012.lean:2483:56: warning: This simp argument is unused:
  not_le

Hint: Omit it from the simp argument list.
  [apply] simp only [not_lt] at h ⊢

Note: This linter can be disabled with `set_option linter.unusedSimpArgs false`
SunPrize\Certificate\Theory012.lean:2485:56: warning: This simp argument is unused:
  not_le

Hint: Omit it from the simp argument list.
  [apply] simp only [not_lt] at h ⊢

Note: This linter can be disabled with `set_option linter.unusedSimpArgs false`
SunPrize\Certificate\Theory012.lean:2487:56: warning: This simp argument is unused:
  not_le

Hint: Omit it from the simp argument list.
  [apply] simp only [not_lt] at h ⊢

Note: This linter can be disabled with `set_option linter.unusedSimpArgs false`
SunPrize\Certificate\Theory012.lean:2495:56: warning: This simp argument is unused:
  not_le

Hint: Omit it from the simp argument list.
  [apply] simp only [not_lt] at h ⊢

Note: This linter can be disabled with `set_option linter.unusedSimpArgs false`
SunPrize\Certificate\Theory012.lean:2497:56: warning: This simp argument is unused:
  not_le

Hint: Omit it from the simp argument list.
  [apply] simp only [not_lt] at h ⊢

Note: This linter can be disabled with `set_option linter.unusedSimpArgs false`
SunPrize\Certificate\Theory012.lean:2489:32: warning: Unused tactic linter: `(try simp only [not_lt, not_le] at h ⊢)` does nothing

Note: This linter can be disabled with `set_option linter.unusedTactic false`
SunPrize\Certificate\Theory012.lean:2491:32: warning: Unused tactic linter: `(try simp only [not_lt, not_le] at h ⊢)` does nothing

Note: This linter can be disabled with `set_option linter.unusedTactic false`
SunPrize\Certificate\Theory012.lean:2493:32: warning: Unused tactic linter: `(try simp only [not_lt, not_le] at h ⊢)` does nothing

Note: This linter can be disabled with `set_option linter.unusedTactic false`
SunPrize\Certificate\Theory012.lean:2518:56: warning: This simp argument is unused:
  not_le

Hint: Omit it from the simp argument list.
  [apply] simp only [not_lt] at h ⊢

Note: This linter can be disabled with `set_option linter.unusedSimpArgs false`
SunPrize\Certificate\Theory012.lean:2520:56: warning: This simp argument is unused:
  not_le

Hint: Omit it from the simp argument list.
  [apply] simp only [not_lt] at h ⊢

Note: This linter can be disabled with `set_option linter.unusedSimpArgs false`
SunPrize\Certificate\Theory012.lean:2522:56: warning: This simp argument is unused:
  not_le

Hint: Omit it from the simp argument list.
  [apply] simp only [not_lt] at h ⊢

Note: This linter can be disabled with `set_option linter.unusedSimpArgs false`
SunPrize\Certificate\Theory012.lean:2524:56: warning: This simp argument is unused:
  not_le

Hint: Omit it from the simp argument list.
  [apply] simp only [not_lt] at h ⊢

Note: This linter can be disabled with `set_option linter.unusedSimpArgs false`
SunPrize\Certificate\Theory012.lean:2526:56: warning: This simp argument is unused:
  not_le

Hint: Omit it from the simp argument list.
  [apply] simp only [not_lt] at h ⊢

Note: This linter can be disabled with `set_option linter.unusedSimpArgs false`
SunPrize\Certificate\Theory012.lean:2528:56: warning: This simp argument is unused:
  not_le

Hint: Omit it from the simp argument list.
  [apply] simp only [not_lt] at h ⊢

Note: This linter can be disabled with `set_option linter.unusedSimpArgs false`
SunPrize\Certificate\Theory012.lean:2530:56: warning: This simp argument is unused:
  not_le

Hint: Omit it from the simp argument list.
  [apply] simp only [not_lt] at h ⊢

Note: This linter can be disabled with `set_option linter.unusedSimpArgs false`
SunPrize\Certificate\Theory012.lean:2512:32: warning: Unused tactic linter: `(try simp only [not_lt, not_le] at h ⊢)` does nothing

Note: This linter can be disabled with `set_option linter.unusedTactic false`
SunPrize\Certificate\Theory012.lean:2514:32: warning: Unused tactic linter: `(try simp only [not_lt, not_le] at h ⊢)` does nothing

Note: This linter can be disabled with `set_option linter.unusedTactic false`
SunPrize\Certificate\Theory012.lean:2516:32: warning: Unused tactic linter: `(try simp only [not_lt, not_le] at h ⊢)` does nothing

Note: This linter can be disabled with `set_option linter.unusedTactic false`
SunPrize\Certificate\Theory012.lean:2544:56: warning: This simp argument is unused:
  not_le

Hint: Omit it from the simp argument list.
  [apply] simp only [not_lt] at h ⊢

Note: This linter can be disabled with `set_option linter.unusedSimpArgs false`
SunPrize\Certificate\Theory012.lean:2546:56: warning: This simp argument is unused:
  not_le

Hint: Omit it from the simp argument list.
  [apply] simp only [not_lt] at h ⊢

Note: This linter can be disabled with `set_option linter.unusedSimpArgs false`
SunPrize\Certificate\Theory012.lean:2548:56: warning: This simp argument is unused:
  not_le

Hint: Omit it from the simp argument list.
  [apply] simp only [not_lt] at h ⊢

Note: This linter can be disabled with `set_option linter.unusedSimpArgs false`
SunPrize\Certificate\Theory012.lean:2550:56: warning: This simp argument is unused:
  not_le

Hint: Omit it from the simp argument list.
  [apply] simp only [not_lt] at h ⊢

Note: This linter can be disabled with `set_option linter.unusedSimpArgs false`
SunPrize\Certificate\Theory012.lean:2552:56: warning: This simp argument is unused:
  not_le

Hint: Omit it from the simp argument list.
  [apply] simp only [not_lt] at h ⊢

Note: This linter can be disabled with `set_option linter.unusedSimpArgs false`
SunPrize\Certificate\Theory012.lean:2554:56: warning: This simp argument is unused:
  not_le

Hint: Omit it from the simp argument list.
  [apply] simp only [not_lt] at h ⊢

Note: This linter can be disabled with `set_option linter.unusedSimpArgs false`
SunPrize\Certificate\Theory012.lean:2556:56: warning: This simp argument is unused:
  not_le

Hint: Omit it from the simp argument list.
  [apply] simp only [not_lt] at h ⊢

Note: This linter can be disabled with `set_option linter.unusedSimpArgs false`
SunPrize\Certificate\Theory012.lean:2538:32: warning: Unused tactic linter: `(try simp only [not_lt, not_le] at h ⊢)` does nothing

Note: This linter can be disabled with `set_option linter.unusedTactic false`
SunPrize\Certificate\Theory012.lean:2540:32: warning: Unused tactic linter: `(try simp only [not_lt, not_le] at h ⊢)` does nothing

Note: This linter can be disabled with `set_option linter.unusedTactic false`
SunPrize\Certificate\Theory012.lean:2542:32: warning: Unused tactic linter: `(try simp only [not_lt, not_le] at h ⊢)` does nothing

Note: This linter can be disabled with `set_option linter.unusedTactic false`
SunPrize\Certificate\Theory012.lean:2564:56: warning: This simp argument is unused:
  not_le

Hint: Omit it from the simp argument list.
  [apply] simp only [not_lt] at h ⊢

Note: This linter can be disabled with `set_option linter.unusedSimpArgs false`
SunPrize\Certificate\Theory012.lean:2572:56: warning: This simp argument is unused:
  not_le

Hint: Omit it from the simp argument list.
  [apply] simp only [not_lt] at h ⊢

Note: This linter can be disabled with `set_option linter.unusedSimpArgs false`
SunPrize\Certificate\Theory012.lean:2574:56: warning: This simp argument is unused:
  not_le

Hint: Omit it from the simp argument list.
  [apply] simp only [not_lt] at h ⊢

Note: This linter can be disabled with `set_option linter.unusedSimpArgs false`
SunPrize\Certificate\Theory012.lean:2576:56: warning: This simp argument is unused:
  not_le

Hint: Omit it from the simp argument list.
  [apply] simp only [not_lt] at h ⊢

Note: This linter can be disabled with `set_option linter.unusedSimpArgs false`
SunPrize\Certificate\Theory012.lean:2578:56: warning: This simp argument is unused:
  not_le

Hint: Omit it from the simp argument list.
  [apply] simp only [not_lt] at h ⊢

Note: This linter can be disabled with `set_option linter.unusedSimpArgs false`
SunPrize\Certificate\Theory012.lean:2580:56: warning: This simp argument is unused:
  not_le

Hint: Omit it from the simp argument list.
  [apply] simp only [not_lt] at h ⊢

Note: This linter can be disabled with `set_option linter.unusedSimpArgs false`
SunPrize\Certificate\Theory012.lean:2582:56: warning: This simp argument is unused:
  not_le

Hint: Omit it from the simp argument list.
  [apply] simp only [not_lt] at h ⊢

Note: This linter can be disabled with `set_option linter.unusedSimpArgs false`
SunPrize\Certificate\Theory012.lean:2566:32: warning: Unused tactic linter: `(try simp only [not_lt, not_le] at h ⊢)` does nothing

Note: This linter can be disabled with `set_option linter.unusedTactic false`
SunPrize\Certificate\Theory012.lean:2568:32: warning: Unused tactic linter: `(try simp only [not_lt, not_le] at h ⊢)` does nothing

Note: This linter can be disabled with `set_option linter.unusedTactic false`
SunPrize\Certificate\Theory012.lean:2570:32: warning: Unused tactic linter: `(try simp only [not_lt, not_le] at h ⊢)` does nothing

Note: This linter can be disabled with `set_option linter.unusedTactic false`
SunPrize\Certificate\Theory012.lean:2597:56: warning: This simp argument is unused:
  not_le

Hint: Omit it from the simp argument list.
  [apply] simp only [not_lt] at h ⊢

Note: This linter can be disabled with `set_option linter.unusedSimpArgs false`
SunPrize\Certificate\Theory012.lean:2599:56: warning: This simp argument is unused:
  not_le

Hint: Omit it from the simp argument list.
  [apply] simp only [not_lt] at h ⊢

Note: This linter can be disabled with `set_option linter.unusedSimpArgs false`
SunPrize\Certificate\Theory012.lean:2601:56: warning: This simp argument is unused:
  not_le

Hint: Omit it from the simp argument list.
  [apply] simp only [not_lt] at h ⊢

Note: This linter can be disabled with `set_option linter.unusedSimpArgs false`
SunPrize\Certificate\Theory012.lean:2603:56: warning: This simp argument is unused:
  not_le

Hint: Omit it from the simp argument list.
  [apply] simp only [not_lt] at h ⊢

Note: This linter can be disabled with `set_option linter.unusedSimpArgs false`
SunPrize\Certificate\Theory012.lean:2605:56: warning: This simp argument is unused:
  not_le

Hint: Omit it from the simp argument list.
  [apply] simp only [not_lt] at h ⊢

Note: This linter can be disabled with `set_option linter.unusedSimpArgs false`
SunPrize\Certificate\Theory012.lean:2607:56: warning: This simp argument is unused:
  not_le

Hint: Omit it from the simp argument list.
  [apply] simp only [not_lt] at h ⊢

Note: This linter can be disabled with `set_option linter.unusedSimpArgs false`
SunPrize\Certificate\Theory012.lean:2615:56: warning: This simp argument is unused:
  not_le

Hint: Omit it from the simp argument list.
  [apply] simp only [not_lt] at h ⊢

Note: This linter can be disabled with `set_option linter.unusedSimpArgs false`
SunPrize\Certificate\Theory012.lean:2609:32: warning: Unused tactic linter: `(try simp only [not_lt, not_le] at h ⊢)` does nothing

Note: This linter can be disabled with `set_option linter.unusedTactic false`
SunPrize\Certificate\Theory012.lean:2611:32: warning: Unused tactic linter: `(try simp only [not_lt, not_le] at h ⊢)` does nothing

Note: This linter can be disabled with `set_option linter.unusedTactic false`
SunPrize\Certificate\Theory012.lean:2613:32: warning: Unused tactic linter: `(try simp only [not_lt, not_le] at h ⊢)` does nothing

Note: This linter can be disabled with `set_option linter.unusedTactic false`
SunPrize\Certificate\Theory012.lean:2623:56: warning: This simp argument is unused:
  not_le

Hint: Omit it from the simp argument list.
  [apply] simp only [not_lt] at h ⊢

Note: This linter can be disabled with `set_option linter.unusedSimpArgs false`
SunPrize\Certificate\Theory012.lean:2625:56: warning: This simp argument is unused:
  not_le

Hint: Omit it from the simp argument list.
  [apply] simp only [not_lt] at h ⊢

Note: This linter can be disabled with `set_option linter.unusedSimpArgs false`
SunPrize\Certificate\Theory012.lean:2627:56: warning: This simp argument is unused:
  not_le

Hint: Omit it from the simp argument list.
  [apply] simp only [not_lt] at h ⊢

Note: This linter can be disabled with `set_option linter.unusedSimpArgs false`
SunPrize\Certificate\Theory012.lean:2631:56: warning: This simp argument is unused:
  not_le

Hint: Omit it from the simp argument list.
  [apply] simp only [not_lt] at h ⊢

Note: This linter can be disabled with `set_option linter.unusedSimpArgs false`
SunPrize\Certificate\Theory012.lean:2633:56: warning: This simp argument is unused:
  not_le

Hint: Omit it from the simp argument list.
  [apply] simp only [not_lt] at h ⊢

Note: This linter can be disabled with `set_option linter.unusedSimpArgs false`
SunPrize\Certificate\Theory012.lean:2639:56: warning: This simp argument is unused:
  not_le

Hint: Omit it from the simp argument list.
  [apply] simp only [not_lt] at h ⊢

Note: This linter can be disabled with `set_option linter.unusedSimpArgs false`
SunPrize\Certificate\Theory012.lean:2641:56: warning: This simp argument is unused:
  not_le

Hint: Omit it from the simp argument list.
  [apply] simp only [not_lt] at h ⊢

Note: This linter can be disabled with `set_option linter.unusedSimpArgs false`
SunPrize\Certificate\Theory012.lean:2629:32: warning: Unused tactic linter: `(try simp only [not_lt, not_le] at h ⊢)` does nothing

Note: This linter can be disabled with `set_option linter.unusedTactic false`
SunPrize\Certificate\Theory012.lean:2635:32: warning: Unused tactic linter: `(try simp only [not_lt, not_le] at h ⊢)` does nothing

Note: This linter can be disabled with `set_option linter.unusedTactic false`
SunPrize\Certificate\Theory012.lean:2637:32: warning: Unused tactic linter: `(try simp only [not_lt, not_le] at h ⊢)` does nothing

Note: This linter can be disabled with `set_option linter.unusedTactic false`
SunPrize\Certificate\Theory012.lean:2655:56: warning: This simp argument is unused:
  not_le

Hint: Omit it from the simp argument list.
  [apply] simp only [not_lt] at h ⊢

Note: This linter can be disabled with `set_option linter.unusedSimpArgs false`
SunPrize\Certificate\Theory012.lean:2657:56: warning: This simp argument is unused:
  not_le

Hint: Omit it from the simp argument list.
  [apply] simp only [not_lt] at h ⊢

Note: This linter can be disabled with `set_option linter.unusedSimpArgs false`
SunPrize\Certificate\Theory012.lean:2659:56: warning: This simp argument is unused:
  not_le

Hint: Omit it from the simp argument list.
  [apply] simp only [not_lt] at h ⊢

Note: This linter can be disabled with `set_option linter.unusedSimpArgs false`
SunPrize\Certificate\Theory012.lean:2661:56: warning: This simp argument is unused:
  not_le

Hint: Omit it from the simp argument list.
  [apply] simp only [not_lt] at h ⊢

Note: This linter can be disabled with `set_option linter.unusedSimpArgs false`
SunPrize\Certificate\Theory012.lean:2663:56: warning: This simp argument is unused:
  not_le

Hint: Omit it from the simp argument list.
  [apply] simp only [not_lt] at h ⊢

Note: This linter can be disabled with `set_option linter.unusedSimpArgs false`
SunPrize\Certificate\Theory012.lean:2665:56: warning: This simp argument is unused:
  not_le

Hint: Omit it from the simp argument list.
  [apply] simp only [not_lt] at h ⊢

Note: This linter can be disabled with `set_option linter.unusedSimpArgs false`
SunPrize\Certificate\Theory012.lean:2667:56: warning: This simp argument is unused:
  not_le

Hint: Omit it from the simp argument list.
  [apply] simp only [not_lt] at h ⊢

Note: This linter can be disabled with `set_option linter.unusedSimpArgs false`
SunPrize\Certificate\Theory012.lean:2649:32: warning: Unused tactic linter: `(try simp only [not_lt, not_le] at h ⊢)` does nothing

Note: This linter can be disabled with `set_option linter.unusedTactic false`
SunPrize\Certificate\Theory012.lean:2651:32: warning: Unused tactic linter: `(try simp only [not_lt, not_le] at h ⊢)` does nothing

Note: This linter can be disabled with `set_option linter.unusedTactic false`
SunPrize\Certificate\Theory012.lean:2653:32: warning: Unused tactic linter: `(try simp only [not_lt, not_le] at h ⊢)` does nothing

Note: This linter can be disabled with `set_option linter.unusedTactic false`
SunPrize\Certificate\Theory012.lean:2691:56: warning: This simp argument is unused:
  not_le

Hint: Omit it from the simp argument list.
  [apply] simp only [not_lt] at h ⊢

Note: This linter can be disabled with `set_option linter.unusedSimpArgs false`
SunPrize\Certificate\Theory012.lean:2697:56: warning: This simp argument is unused:
  not_le

Hint: Omit it from the simp argument list.
  [apply] simp only [not_lt] at h ⊢

Note: This linter can be disabled with `set_option linter.unusedSimpArgs false`
SunPrize\Certificate\Theory012.lean:2699:56: warning: This simp argument is unused:
  not_le

Hint: Omit it from the simp argument list.
  [apply] simp only [not_lt] at h ⊢

Note: This linter can be disabled with `set_option linter.unusedSimpArgs false`
SunPrize\Certificate\Theory012.lean:2701:56: warning: This simp argument is unused:
  not_le

Hint: Omit it from the simp argument list.
  [apply] simp only [not_lt] at h ⊢

Note: This linter can be disabled with `set_option linter.unusedSimpArgs false`
SunPrize\Certificate\Theory012.lean:2703:56: warning: This simp argument is unused:
  not_le

Hint: Omit it from the simp argument list.
  [apply] simp only [not_lt] at h ⊢

Note: This linter can be disabled with `set_option linter.unusedSimpArgs false`
SunPrize\Certificate\Theory012.lean:2705:56: warning: This simp argument is unused:
  not_le

Hint: Omit it from the simp argument list.
  [apply] simp only [not_lt] at h ⊢

Note: This linter can be disabled with `set_option linter.unusedSimpArgs false`
SunPrize\Certificate\Theory012.lean:2707:56: warning: This simp argument is unused:
  not_le

Hint: Omit it from the simp argument list.
  [apply] simp only [not_lt] at h ⊢

Note: This linter can be disabled with `set_option linter.unusedSimpArgs false`
SunPrize\Certificate\Theory012.lean:2689:32: warning: Unused tactic linter: `(try simp only [not_lt, not_le] at h ⊢)` does nothing

Note: This linter can be disabled with `set_option linter.unusedTactic false`
SunPrize\Certificate\Theory012.lean:2693:32: warning: Unused tactic linter: `(try simp only [not_lt, not_le] at h ⊢)` does nothing

Note: This linter can be disabled with `set_option linter.unusedTactic false`
SunPrize\Certificate\Theory012.lean:2695:32: warning: Unused tactic linter: `(try simp only [not_lt, not_le] at h ⊢)` does nothing

Note: This linter can be disabled with `set_option linter.unusedTactic false`
SunPrize\Certificate\Theory012.lean:2729:56: warning: This simp argument is unused:
  not_le

Hint: Omit it from the simp argument list.
  [apply] simp only [not_lt] at h ⊢

Note: This linter can be disabled with `set_option linter.unusedSimpArgs false`
SunPrize\Certificate\Theory012.lean:2731:56: warning: This simp argument is unused:
  not_le

Hint: Omit it from the simp argument list.
  [apply] simp only [not_lt] at h ⊢

Note: This linter can be disabled with `set_option linter.unusedSimpArgs false`
SunPrize\Certificate\Theory012.lean:2733:56: warning: This simp argument is unused:
  not_le

Hint: Omit it from the simp argument list.
  [apply] simp only [not_lt] at h ⊢

Note: This linter can be disabled with `set_option linter.unusedSimpArgs false`
SunPrize\Certificate\Theory012.lean:2735:56: warning: This simp argument is unused:
  not_le

Hint: Omit it from the simp argument list.
  [apply] simp only [not_lt] at h ⊢

Note: This linter can be disabled with `set_option linter.unusedSimpArgs false`
SunPrize\Certificate\Theory012.lean:2737:56: warning: This simp argument is unused:
  not_le

Hint: Omit it from the simp argument list.
  [apply] simp only [not_lt] at h ⊢

Note: This linter can be disabled with `set_option linter.unusedSimpArgs false`
SunPrize\Certificate\Theory012.lean:2745:56: warning: This simp argument is unused:
  not_le

Hint: Omit it from the simp argument list.
  [apply] simp only [not_lt] at h ⊢

Note: This linter can be disabled with `set_option linter.unusedSimpArgs false`
SunPrize\Certificate\Theory012.lean:2747:56: warning: This simp argument is unused:
  not_le

Hint: Omit it from the simp argument list.
  [apply] simp only [not_lt] at h ⊢

Note: This linter can be disabled with `set_option linter.unusedSimpArgs false`
SunPrize\Certificate\Theory012.lean:2739:32: warning: Unused tactic linter: `(try simp only [not_lt, not_le] at h ⊢)` does nothing

Note: This linter can be disabled with `set_option linter.unusedTactic false`
SunPrize\Certificate\Theory012.lean:2741:32: warning: Unused tactic linter: `(try simp only [not_lt, not_le] at h ⊢)` does nothing

Note: This linter can be disabled with `set_option linter.unusedTactic false`
SunPrize\Certificate\Theory012.lean:2743:32: warning: Unused tactic linter: `(try simp only [not_lt, not_le] at h ⊢)` does nothing

Note: This linter can be disabled with `set_option linter.unusedTactic false`
SunPrize\Certificate\Theory012.lean:2783:56: warning: This simp argument is unused:
  not_le

Hint: Omit it from the simp argument list.
  [apply] simp only [not_lt] at h ⊢

Note: This linter can be disabled with `set_option linter.unusedSimpArgs false`
SunPrize\Certificate\Theory012.lean:2785:56: warning: This simp argument is unused:
  not_le

Hint: Omit it from the simp argument list.
  [apply] simp only [not_lt] at h ⊢

Note: This linter can be disabled with `set_option linter.unusedSimpArgs false`
SunPrize\Certificate\Theory012.lean:2787:56: warning: This simp argument is unused:
  not_le

Hint: Omit it from the simp argument list.
  [apply] simp only [not_lt] at h ⊢

Note: This linter can be disabled with `set_option linter.unusedSimpArgs false`
SunPrize\Certificate\Theory012.lean:2789:56: warning: This simp argument is unused:
  not_le

Hint: Omit it from the simp argument list.
  [apply] simp only [not_lt] at h ⊢

Note: This linter can be disabled with `set_option linter.unusedSimpArgs false`
SunPrize\Certificate\Theory012.lean:2791:56: warning: This simp argument is unused:
  not_le

Hint: Omit it from the simp argument list.
  [apply] simp only [not_lt] at h ⊢

Note: This linter can be disabled with `set_option linter.unusedSimpArgs false`
SunPrize\Certificate\Theory012.lean:2799:56: warning: This simp argument is unused:
  not_le

Hint: Omit it from the simp argument list.
  [apply] simp only [not_lt] at h ⊢

Note: This linter can be disabled with `set_option linter.unusedSimpArgs false`
SunPrize\Certificate\Theory012.lean:2801:56: warning: This simp argument is unused:
  not_le

Hint: Omit it from the simp argument list.
  [apply] simp only [not_lt] at h ⊢

Note: This linter can be disabled with `set_option linter.unusedSimpArgs false`
SunPrize\Certificate\Theory012.lean:2793:32: warning: Unused tactic linter: `(try simp only [not_lt, not_le] at h ⊢)` does nothing

Note: This linter can be disabled with `set_option linter.unusedTactic false`
SunPrize\Certificate\Theory012.lean:2795:32: warning: Unused tactic linter: `(try simp only [not_lt, not_le] at h ⊢)` does nothing

Note: This linter can be disabled with `set_option linter.unusedTactic false`
SunPrize\Certificate\Theory012.lean:2797:32: warning: Unused tactic linter: `(try simp only [not_lt, not_le] at h ⊢)` does nothing

Note: This linter can be disabled with `set_option linter.unusedTactic false`
SunPrize\Certificate\Theory012.lean:2830:56: warning: This simp argument is unused:
  not_le

Hint: Omit it from the simp argument list.
  [apply] simp only [not_lt] at h ⊢

Note: This linter can be disabled with `set_option linter.unusedSimpArgs false`
SunPrize\Certificate\Theory012.lean:2838:56: warning: This simp argument is unused:
  not_le

Hint: Omit it from the simp argument list.
  [apply] simp only [not_lt] at h ⊢

Note: This linter can be disabled with `set_option linter.unusedSimpArgs false`
SunPrize\Certificate\Theory012.lean:2840:56: warning: This simp argument is unused:
  not_le

Hint: Omit it from the simp argument list.
  [apply] simp only [not_lt] at h ⊢

Note: This linter can be disabled with `set_option linter.unusedSimpArgs false`
SunPrize\Certificate\Theory012.lean:2842:56: warning: This simp argument is unused:
  not_le

Hint: Omit it from the simp argument list.
  [apply] simp only [not_lt] at h ⊢

Note: This linter can be disabled with `set_option linter.unusedSimpArgs false`
SunPrize\Certificate\Theory012.lean:2844:56: warning: This simp argument is unused:
  not_le

Hint: Omit it from the simp argument list.
  [apply] simp only [not_lt] at h ⊢

Note: This linter can be disabled with `set_option linter.unusedSimpArgs false`
SunPrize\Certificate\Theory012.lean:2846:56: warning: This simp argument is unused:
  not_le

Hint: Omit it from the simp argument list.
  [apply] simp only [not_lt] at h ⊢

Note: This linter can be disabled with `set_option linter.unusedSimpArgs false`
SunPrize\Certificate\Theory012.lean:2848:56: warning: This simp argument is unused:
  not_le

Hint: Omit it from the simp argument list.
  [apply] simp only [not_lt] at h ⊢

Note: This linter can be disabled with `set_option linter.unusedSimpArgs false`
SunPrize\Certificate\Theory012.lean:2832:32: warning: Unused tactic linter: `(try simp only [not_lt, not_le] at h ⊢)` does nothing

Note: This linter can be disabled with `set_option linter.unusedTactic false`
SunPrize\Certificate\Theory012.lean:2834:32: warning: Unused tactic linter: `(try simp only [not_lt, not_le] at h ⊢)` does nothing

Note: This linter can be disabled with `set_option linter.unusedTactic false`
SunPrize\Certificate\Theory012.lean:2836:32: warning: Unused tactic linter: `(try simp only [not_lt, not_le] at h ⊢)` does nothing

Note: This linter can be disabled with `set_option linter.unusedTactic false`
