SunPrize\Certificate\Theory000.lean:14:56: warning: This simp argument is unused:
  not_le

Hint: Omit it from the simp argument list.
  [apply] simp only [not_lt] at h ⊢

Note: This linter can be disabled with `set_option linter.unusedSimpArgs false`
SunPrize\Certificate\Theory000.lean:12:32: warning: Unused tactic linter: `(try simp only [not_lt, not_le] at h ⊢)` does nothing

Note: This linter can be disabled with `set_option linter.unusedTactic false`
SunPrize\Certificate\Theory000.lean:22:56: warning: This simp argument is unused:
  not_le

Hint: Omit it from the simp argument list.
  [apply] simp only [not_lt] at h ⊢

Note: This linter can be disabled with `set_option linter.unusedSimpArgs false`
SunPrize\Certificate\Theory000.lean:24:56: warning: This simp argument is unused:
  not_le

Hint: Omit it from the simp argument list.
  [apply] simp only [not_lt] at h ⊢

Note: This linter can be disabled with `set_option linter.unusedSimpArgs false`
SunPrize\Certificate\Theory000.lean:25:21: warning: This simp argument is unused:
  e1

Hint: Omit it from the simp argument list.
  [apply] simp only [e0]

Note: This linter can be disabled with `set_option linter.unusedSimpArgs false`
SunPrize\Certificate\Theory000.lean:26:2: warning: Unused tactic linter: `all_goals clear e0 e1` does nothing

Note: This linter can be disabled with `set_option linter.unusedTactic false`
SunPrize\Certificate\Theory000.lean:27:2: warning: Unused tactic linter: `all_goals tauto` does nothing

Note: This linter can be disabled with `set_option linter.unusedTactic false`
SunPrize\Certificate\Theory000.lean:26:12: warning: this tactic is never executed

Note: This linter can be disabled with `set_option linter.unreachableTactic false`
SunPrize\Certificate\Theory000.lean:27:12: warning: this tactic is never executed

Note: This linter can be disabled with `set_option linter.unreachableTactic false`
SunPrize\Certificate\Theory000.lean:32:48: warning: This simp argument is unused:
  not_lt

Hint: Omit it from the simp argument list.
  [apply] simp only [not_le] at h ⊢

Note: This linter can be disabled with `set_option linter.unusedSimpArgs false`
SunPrize\Certificate\Theory000.lean:34:32: warning: Unused tactic linter: `(try simp only [not_lt, not_le] at h ⊢)` does nothing

Note: This linter can be disabled with `set_option linter.unusedTactic false`
SunPrize\Certificate\Theory000.lean:36:2: warning: Unused tactic linter: `all_goals clear e0 e1` does nothing

Note: This linter can be disabled with `set_option linter.unusedTactic false`
SunPrize\Certificate\Theory000.lean:37:2: warning: Unused tactic linter: `all_goals tauto` does nothing

Note: This linter can be disabled with `set_option linter.unusedTactic false`
SunPrize\Certificate\Theory000.lean:36:12: warning: this tactic is never executed

Note: This linter can be disabled with `set_option linter.unreachableTactic false`
SunPrize\Certificate\Theory000.lean:37:12: warning: this tactic is never executed

Note: This linter can be disabled with `set_option linter.unreachableTactic false`
SunPrize\Certificate\Theory000.lean:42:48: warning: This simp argument is unused:
  not_lt

Hint: Omit it from the simp argument list.
  [apply] simp only [not_le] at h ⊢

Note: This linter can be disabled with `set_option linter.unusedSimpArgs false`
SunPrize\Certificate\Theory000.lean:44:32: warning: Unused tactic linter: `(try simp only [not_lt, not_le] at h ⊢)` does nothing

Note: This linter can be disabled with `set_option linter.unusedTactic false`
SunPrize\Certificate\Theory000.lean:46:2: warning: Unused tactic linter: `all_goals clear e0 e1` does nothing

Note: This linter can be disabled with `set_option linter.unusedTactic false`
SunPrize\Certificate\Theory000.lean:47:2: warning: Unused tactic linter: `all_goals tauto` does nothing

Note: This linter can be disabled with `set_option linter.unusedTactic false`
SunPrize\Certificate\Theory000.lean:46:12: warning: this tactic is never executed

Note: This linter can be disabled with `set_option linter.unreachableTactic false`
SunPrize\Certificate\Theory000.lean:47:12: warning: this tactic is never executed

Note: This linter can be disabled with `set_option linter.unreachableTactic false`
SunPrize\Certificate\Theory000.lean:52:48: warning: This simp argument is unused:
  not_lt

Hint: Omit it from the simp argument list.
  [apply] simp only [not_le] at h ⊢

Note: This linter can be disabled with `set_option linter.unusedSimpArgs false`
SunPrize\Certificate\Theory000.lean:54:32: warning: Unused tactic linter: `(try simp only [not_lt, not_le] at h ⊢)` does nothing

Note: This linter can be disabled with `set_option linter.unusedTactic false`
SunPrize\Certificate\Theory000.lean:56:2: warning: Unused tactic linter: `all_goals clear e0 e1` does nothing

Note: This linter can be disabled with `set_option linter.unusedTactic false`
SunPrize\Certificate\Theory000.lean:57:2: warning: Unused tactic linter: `all_goals tauto` does nothing

Note: This linter can be disabled with `set_option linter.unusedTactic false`
SunPrize\Certificate\Theory000.lean:56:12: warning: this tactic is never executed

Note: This linter can be disabled with `set_option linter.unreachableTactic false`
SunPrize\Certificate\Theory000.lean:57:12: warning: this tactic is never executed

Note: This linter can be disabled with `set_option linter.unreachableTactic false`
SunPrize\Certificate\Theory000.lean:62:48: warning: This simp argument is unused:
  not_lt

Hint: Omit it from the simp argument list.
  [apply] simp only [not_le] at h ⊢

Note: This linter can be disabled with `set_option linter.unusedSimpArgs false`
SunPrize\Certificate\Theory000.lean:64:32: warning: Unused tactic linter: `(try simp only [not_lt, not_le] at h ⊢)` does nothing

Note: This linter can be disabled with `set_option linter.unusedTactic false`
SunPrize\Certificate\Theory000.lean:66:2: warning: Unused tactic linter: `all_goals clear e0 e1` does nothing

Note: This linter can be disabled with `set_option linter.unusedTactic false`
SunPrize\Certificate\Theory000.lean:67:2: warning: Unused tactic linter: `all_goals tauto` does nothing

Note: This linter can be disabled with `set_option linter.unusedTactic false`
SunPrize\Certificate\Theory000.lean:66:12: warning: this tactic is never executed

Note: This linter can be disabled with `set_option linter.unreachableTactic false`
SunPrize\Certificate\Theory000.lean:67:12: warning: this tactic is never executed

Note: This linter can be disabled with `set_option linter.unreachableTactic false`
SunPrize\Certificate\Theory000.lean:72:48: warning: This simp argument is unused:
  not_lt

Hint: Omit it from the simp argument list.
  [apply] simp only [not_le] at h ⊢

Note: This linter can be disabled with `set_option linter.unusedSimpArgs false`
SunPrize\Certificate\Theory000.lean:74:32: warning: Unused tactic linter: `(try simp only [not_lt, not_le] at h ⊢)` does nothing

Note: This linter can be disabled with `set_option linter.unusedTactic false`
SunPrize\Certificate\Theory000.lean:76:2: warning: Unused tactic linter: `all_goals clear e0 e1` does nothing

Note: This linter can be disabled with `set_option linter.unusedTactic false`
SunPrize\Certificate\Theory000.lean:77:2: warning: Unused tactic linter: `all_goals tauto` does nothing

Note: This linter can be disabled with `set_option linter.unusedTactic false`
SunPrize\Certificate\Theory000.lean:76:12: warning: this tactic is never executed

Note: This linter can be disabled with `set_option linter.unreachableTactic false`
SunPrize\Certificate\Theory000.lean:77:12: warning: this tactic is never executed

Note: This linter can be disabled with `set_option linter.unreachableTactic false`
SunPrize\Certificate\Theory000.lean:82:48: warning: This simp argument is unused:
  not_lt

Hint: Omit it from the simp argument list.
  [apply] simp only [not_le] at h ⊢

Note: This linter can be disabled with `set_option linter.unusedSimpArgs false`
SunPrize\Certificate\Theory000.lean:84:32: warning: Unused tactic linter: `(try simp only [not_lt, not_le] at h ⊢)` does nothing

Note: This linter can be disabled with `set_option linter.unusedTactic false`
SunPrize\Certificate\Theory000.lean:86:2: warning: Unused tactic linter: `all_goals clear e0 e1` does nothing

Note: This linter can be disabled with `set_option linter.unusedTactic false`
SunPrize\Certificate\Theory000.lean:87:2: warning: Unused tactic linter: `all_goals tauto` does nothing

Note: This linter can be disabled with `set_option linter.unusedTactic false`
SunPrize\Certificate\Theory000.lean:86:12: warning: this tactic is never executed

Note: This linter can be disabled with `set_option linter.unreachableTactic false`
SunPrize\Certificate\Theory000.lean:87:12: warning: this tactic is never executed

Note: This linter can be disabled with `set_option linter.unreachableTactic false`
SunPrize\Certificate\Theory000.lean:92:48: warning: This simp argument is unused:
  not_lt

Hint: Omit it from the simp argument list.
  [apply] simp only [not_le] at h ⊢

Note: This linter can be disabled with `set_option linter.unusedSimpArgs false`
SunPrize\Certificate\Theory000.lean:94:32: warning: Unused tactic linter: `(try simp only [not_lt, not_le] at h ⊢)` does nothing

Note: This linter can be disabled with `set_option linter.unusedTactic false`
SunPrize\Certificate\Theory000.lean:96:2: warning: Unused tactic linter: `all_goals clear e0 e1` does nothing

Note: This linter can be disabled with `set_option linter.unusedTactic false`
SunPrize\Certificate\Theory000.lean:97:2: warning: Unused tactic linter: `all_goals tauto` does nothing

Note: This linter can be disabled with `set_option linter.unusedTactic false`
SunPrize\Certificate\Theory000.lean:96:12: warning: this tactic is never executed

Note: This linter can be disabled with `set_option linter.unreachableTactic false`
SunPrize\Certificate\Theory000.lean:97:12: warning: this tactic is never executed

Note: This linter can be disabled with `set_option linter.unreachableTactic false`
SunPrize\Certificate\Theory000.lean:102:48: warning: This simp argument is unused:
  not_lt

Hint: Omit it from the simp argument list.
  [apply] simp only [not_le] at h ⊢

Note: This linter can be disabled with `set_option linter.unusedSimpArgs false`
SunPrize\Certificate\Theory000.lean:104:32: warning: Unused tactic linter: `(try simp only [not_lt, not_le] at h ⊢)` does nothing

Note: This linter can be disabled with `set_option linter.unusedTactic false`
SunPrize\Certificate\Theory000.lean:106:2: warning: Unused tactic linter: `all_goals clear e0 e1` does nothing

Note: This linter can be disabled with `set_option linter.unusedTactic false`
SunPrize\Certificate\Theory000.lean:107:2: warning: Unused tactic linter: `all_goals tauto` does nothing

Note: This linter can be disabled with `set_option linter.unusedTactic false`
SunPrize\Certificate\Theory000.lean:106:12: warning: this tactic is never executed

Note: This linter can be disabled with `set_option linter.unreachableTactic false`
SunPrize\Certificate\Theory000.lean:107:12: warning: this tactic is never executed

Note: This linter can be disabled with `set_option linter.unreachableTactic false`
SunPrize\Certificate\Theory000.lean:112:48: warning: This simp argument is unused:
  not_lt

Hint: Omit it from the simp argument list.
  [apply] simp only [not_le] at h ⊢

Note: This linter can be disabled with `set_option linter.unusedSimpArgs false`
SunPrize\Certificate\Theory000.lean:114:32: warning: Unused tactic linter: `(try simp only [not_lt, not_le] at h ⊢)` does nothing

Note: This linter can be disabled with `set_option linter.unusedTactic false`
SunPrize\Certificate\Theory000.lean:116:2: warning: Unused tactic linter: `all_goals clear e0 e1` does nothing

Note: This linter can be disabled with `set_option linter.unusedTactic false`
SunPrize\Certificate\Theory000.lean:117:2: warning: Unused tactic linter: `all_goals tauto` does nothing

Note: This linter can be disabled with `set_option linter.unusedTactic false`
SunPrize\Certificate\Theory000.lean:116:12: warning: this tactic is never executed

Note: This linter can be disabled with `set_option linter.unreachableTactic false`
SunPrize\Certificate\Theory000.lean:117:12: warning: this tactic is never executed

Note: This linter can be disabled with `set_option linter.unreachableTactic false`
SunPrize\Certificate\Theory000.lean:122:48: warning: This simp argument is unused:
  not_lt

Hint: Omit it from the simp argument list.
  [apply] simp only [not_le] at h ⊢

Note: This linter can be disabled with `set_option linter.unusedSimpArgs false`
SunPrize\Certificate\Theory000.lean:124:32: warning: Unused tactic linter: `(try simp only [not_lt, not_le] at h ⊢)` does nothing

Note: This linter can be disabled with `set_option linter.unusedTactic false`
SunPrize\Certificate\Theory000.lean:126:2: warning: Unused tactic linter: `all_goals clear e0 e1` does nothing

Note: This linter can be disabled with `set_option linter.unusedTactic false`
SunPrize\Certificate\Theory000.lean:127:2: warning: Unused tactic linter: `all_goals tauto` does nothing

Note: This linter can be disabled with `set_option linter.unusedTactic false`
SunPrize\Certificate\Theory000.lean:126:12: warning: this tactic is never executed

Note: This linter can be disabled with `set_option linter.unreachableTactic false`
SunPrize\Certificate\Theory000.lean:127:12: warning: this tactic is never executed

Note: This linter can be disabled with `set_option linter.unreachableTactic false`
SunPrize\Certificate\Theory000.lean:132:48: warning: This simp argument is unused:
  not_lt

Hint: Omit it from the simp argument list.
  [apply] simp only [not_le] at h ⊢

Note: This linter can be disabled with `set_option linter.unusedSimpArgs false`
SunPrize\Certificate\Theory000.lean:134:32: warning: Unused tactic linter: `(try simp only [not_lt, not_le] at h ⊢)` does nothing

Note: This linter can be disabled with `set_option linter.unusedTactic false`
SunPrize\Certificate\Theory000.lean:136:2: warning: Unused tactic linter: `all_goals clear e0 e1` does nothing

Note: This linter can be disabled with `set_option linter.unusedTactic false`
SunPrize\Certificate\Theory000.lean:137:2: warning: Unused tactic linter: `all_goals tauto` does nothing

Note: This linter can be disabled with `set_option linter.unusedTactic false`
SunPrize\Certificate\Theory000.lean:136:12: warning: this tactic is never executed

Note: This linter can be disabled with `set_option linter.unreachableTactic false`
SunPrize\Certificate\Theory000.lean:137:12: warning: this tactic is never executed

Note: This linter can be disabled with `set_option linter.unreachableTactic false`
SunPrize\Certificate\Theory000.lean:142:48: warning: This simp argument is unused:
  not_lt

Hint: Omit it from the simp argument list.
  [apply] simp only [not_le] at h ⊢

Note: This linter can be disabled with `set_option linter.unusedSimpArgs false`
SunPrize\Certificate\Theory000.lean:144:32: warning: Unused tactic linter: `(try simp only [not_lt, not_le] at h ⊢)` does nothing

Note: This linter can be disabled with `set_option linter.unusedTactic false`
SunPrize\Certificate\Theory000.lean:146:2: warning: Unused tactic linter: `all_goals clear e0 e1` does nothing

Note: This linter can be disabled with `set_option linter.unusedTactic false`
SunPrize\Certificate\Theory000.lean:147:2: warning: Unused tactic linter: `all_goals tauto` does nothing

Note: This linter can be disabled with `set_option linter.unusedTactic false`
SunPrize\Certificate\Theory000.lean:146:12: warning: this tactic is never executed

Note: This linter can be disabled with `set_option linter.unreachableTactic false`
SunPrize\Certificate\Theory000.lean:147:12: warning: this tactic is never executed

Note: This linter can be disabled with `set_option linter.unreachableTactic false`
SunPrize\Certificate\Theory000.lean:152:48: warning: This simp argument is unused:
  not_lt

Hint: Omit it from the simp argument list.
  [apply] simp only [not_le] at h ⊢

Note: This linter can be disabled with `set_option linter.unusedSimpArgs false`
SunPrize\Certificate\Theory000.lean:154:32: warning: Unused tactic linter: `(try simp only [not_lt, not_le] at h ⊢)` does nothing

Note: This linter can be disabled with `set_option linter.unusedTactic false`
SunPrize\Certificate\Theory000.lean:156:2: warning: Unused tactic linter: `all_goals clear e0 e1` does nothing

Note: This linter can be disabled with `set_option linter.unusedTactic false`
SunPrize\Certificate\Theory000.lean:157:2: warning: Unused tactic linter: `all_goals tauto` does nothing

Note: This linter can be disabled with `set_option linter.unusedTactic false`
SunPrize\Certificate\Theory000.lean:156:12: warning: this tactic is never executed

Note: This linter can be disabled with `set_option linter.unreachableTactic false`
SunPrize\Certificate\Theory000.lean:157:12: warning: this tactic is never executed

Note: This linter can be disabled with `set_option linter.unreachableTactic false`
SunPrize\Certificate\Theory000.lean:162:48: warning: This simp argument is unused:
  not_lt

Hint: Omit it from the simp argument list.
  [apply] simp only [not_le] at h ⊢

Note: This linter can be disabled with `set_option linter.unusedSimpArgs false`
SunPrize\Certificate\Theory000.lean:164:32: warning: Unused tactic linter: `(try simp only [not_lt, not_le] at h ⊢)` does nothing

Note: This linter can be disabled with `set_option linter.unusedTactic false`
SunPrize\Certificate\Theory000.lean:166:2: warning: Unused tactic linter: `all_goals clear e0 e1` does nothing

Note: This linter can be disabled with `set_option linter.unusedTactic false`
SunPrize\Certificate\Theory000.lean:167:2: warning: Unused tactic linter: `all_goals tauto` does nothing

Note: This linter can be disabled with `set_option linter.unusedTactic false`
SunPrize\Certificate\Theory000.lean:166:12: warning: this tactic is never executed

Note: This linter can be disabled with `set_option linter.unreachableTactic false`
SunPrize\Certificate\Theory000.lean:167:12: warning: this tactic is never executed

Note: This linter can be disabled with `set_option linter.unreachableTactic false`
SunPrize\Certificate\Theory000.lean:172:48: warning: This simp argument is unused:
  not_lt

Hint: Omit it from the simp argument list.
  [apply] simp only [not_le] at h ⊢

Note: This linter can be disabled with `set_option linter.unusedSimpArgs false`
SunPrize\Certificate\Theory000.lean:174:32: warning: Unused tactic linter: `(try simp only [not_lt, not_le] at h ⊢)` does nothing

Note: This linter can be disabled with `set_option linter.unusedTactic false`
SunPrize\Certificate\Theory000.lean:176:2: warning: Unused tactic linter: `all_goals clear e0 e1` does nothing

Note: This linter can be disabled with `set_option linter.unusedTactic false`
SunPrize\Certificate\Theory000.lean:177:2: warning: Unused tactic linter: `all_goals tauto` does nothing

Note: This linter can be disabled with `set_option linter.unusedTactic false`
SunPrize\Certificate\Theory000.lean:176:12: warning: this tactic is never executed

Note: This linter can be disabled with `set_option linter.unreachableTactic false`
SunPrize\Certificate\Theory000.lean:177:12: warning: this tactic is never executed

Note: This linter can be disabled with `set_option linter.unreachableTactic false`
SunPrize\Certificate\Theory000.lean:182:48: warning: This simp argument is unused:
  not_lt

Hint: Omit it from the simp argument list.
  [apply] simp only [not_le] at h ⊢

Note: This linter can be disabled with `set_option linter.unusedSimpArgs false`
SunPrize\Certificate\Theory000.lean:184:32: warning: Unused tactic linter: `(try simp only [not_lt, not_le] at h ⊢)` does nothing

Note: This linter can be disabled with `set_option linter.unusedTactic false`
SunPrize\Certificate\Theory000.lean:186:2: warning: Unused tactic linter: `all_goals clear e0 e1` does nothing

Note: This linter can be disabled with `set_option linter.unusedTactic false`
SunPrize\Certificate\Theory000.lean:187:2: warning: Unused tactic linter: `all_goals tauto` does nothing

Note: This linter can be disabled with `set_option linter.unusedTactic false`
SunPrize\Certificate\Theory000.lean:186:12: warning: this tactic is never executed

Note: This linter can be disabled with `set_option linter.unreachableTactic false`
SunPrize\Certificate\Theory000.lean:187:12: warning: this tactic is never executed

Note: This linter can be disabled with `set_option linter.unreachableTactic false`
SunPrize\Certificate\Theory000.lean:192:48: warning: This simp argument is unused:
  not_lt

Hint: Omit it from the simp argument list.
  [apply] simp only [not_le] at h ⊢

Note: This linter can be disabled with `set_option linter.unusedSimpArgs false`
SunPrize\Certificate\Theory000.lean:194:32: warning: Unused tactic linter: `(try simp only [not_lt, not_le] at h ⊢)` does nothing

Note: This linter can be disabled with `set_option linter.unusedTactic false`
SunPrize\Certificate\Theory000.lean:196:2: warning: Unused tactic linter: `all_goals clear e0 e1` does nothing

Note: This linter can be disabled with `set_option linter.unusedTactic false`
SunPrize\Certificate\Theory000.lean:197:2: warning: Unused tactic linter: `all_goals tauto` does nothing

Note: This linter can be disabled with `set_option linter.unusedTactic false`
SunPrize\Certificate\Theory000.lean:196:12: warning: this tactic is never executed

Note: This linter can be disabled with `set_option linter.unreachableTactic false`
SunPrize\Certificate\Theory000.lean:197:12: warning: this tactic is never executed

Note: This linter can be disabled with `set_option linter.unreachableTactic false`
SunPrize\Certificate\Theory000.lean:202:48: warning: This simp argument is unused:
  not_lt

Hint: Omit it from the simp argument list.
  [apply] simp only [not_le] at h ⊢

Note: This linter can be disabled with `set_option linter.unusedSimpArgs false`
SunPrize\Certificate\Theory000.lean:204:32: warning: Unused tactic linter: `(try simp only [not_lt, not_le] at h ⊢)` does nothing

Note: This linter can be disabled with `set_option linter.unusedTactic false`
SunPrize\Certificate\Theory000.lean:206:2: warning: Unused tactic linter: `all_goals clear e0 e1` does nothing

Note: This linter can be disabled with `set_option linter.unusedTactic false`
SunPrize\Certificate\Theory000.lean:207:2: warning: Unused tactic linter: `all_goals tauto` does nothing

Note: This linter can be disabled with `set_option linter.unusedTactic false`
SunPrize\Certificate\Theory000.lean:206:12: warning: this tactic is never executed

Note: This linter can be disabled with `set_option linter.unreachableTactic false`
SunPrize\Certificate\Theory000.lean:207:12: warning: this tactic is never executed

Note: This linter can be disabled with `set_option linter.unreachableTactic false`
SunPrize\Certificate\Theory000.lean:212:48: warning: This simp argument is unused:
  not_lt

Hint: Omit it from the simp argument list.
  [apply] simp only [not_le] at h ⊢

Note: This linter can be disabled with `set_option linter.unusedSimpArgs false`
SunPrize\Certificate\Theory000.lean:214:32: warning: Unused tactic linter: `(try simp only [not_lt, not_le] at h ⊢)` does nothing

Note: This linter can be disabled with `set_option linter.unusedTactic false`
SunPrize\Certificate\Theory000.lean:216:2: warning: Unused tactic linter: `all_goals clear e0 e1` does nothing

Note: This linter can be disabled with `set_option linter.unusedTactic false`
SunPrize\Certificate\Theory000.lean:217:2: warning: Unused tactic linter: `all_goals tauto` does nothing

Note: This linter can be disabled with `set_option linter.unusedTactic false`
SunPrize\Certificate\Theory000.lean:216:12: warning: this tactic is never executed

Note: This linter can be disabled with `set_option linter.unreachableTactic false`
SunPrize\Certificate\Theory000.lean:217:12: warning: this tactic is never executed

Note: This linter can be disabled with `set_option linter.unreachableTactic false`
SunPrize\Certificate\Theory000.lean:222:48: warning: This simp argument is unused:
  not_lt

Hint: Omit it from the simp argument list.
  [apply] simp only [not_le] at h ⊢

Note: This linter can be disabled with `set_option linter.unusedSimpArgs false`
SunPrize\Certificate\Theory000.lean:224:32: warning: Unused tactic linter: `(try simp only [not_lt, not_le] at h ⊢)` does nothing

Note: This linter can be disabled with `set_option linter.unusedTactic false`
SunPrize\Certificate\Theory000.lean:226:2: warning: Unused tactic linter: `all_goals clear e0 e1` does nothing

Note: This linter can be disabled with `set_option linter.unusedTactic false`
SunPrize\Certificate\Theory000.lean:227:2: warning: Unused tactic linter: `all_goals tauto` does nothing

Note: This linter can be disabled with `set_option linter.unusedTactic false`
SunPrize\Certificate\Theory000.lean:226:12: warning: this tactic is never executed

Note: This linter can be disabled with `set_option linter.unreachableTactic false`
SunPrize\Certificate\Theory000.lean:227:12: warning: this tactic is never executed

Note: This linter can be disabled with `set_option linter.unreachableTactic false`
SunPrize\Certificate\Theory000.lean:232:48: warning: This simp argument is unused:
  not_lt

Hint: Omit it from the simp argument list.
  [apply] simp only [not_le] at h ⊢

Note: This linter can be disabled with `set_option linter.unusedSimpArgs false`
SunPrize\Certificate\Theory000.lean:234:32: warning: Unused tactic linter: `(try simp only [not_lt, not_le] at h ⊢)` does nothing

Note: This linter can be disabled with `set_option linter.unusedTactic false`
SunPrize\Certificate\Theory000.lean:236:2: warning: Unused tactic linter: `all_goals clear e0 e1` does nothing

Note: This linter can be disabled with `set_option linter.unusedTactic false`
SunPrize\Certificate\Theory000.lean:237:2: warning: Unused tactic linter: `all_goals tauto` does nothing

Note: This linter can be disabled with `set_option linter.unusedTactic false`
SunPrize\Certificate\Theory000.lean:236:12: warning: this tactic is never executed

Note: This linter can be disabled with `set_option linter.unreachableTactic false`
SunPrize\Certificate\Theory000.lean:237:12: warning: this tactic is never executed

Note: This linter can be disabled with `set_option linter.unreachableTactic false`
SunPrize\Certificate\Theory000.lean:242:48: warning: This simp argument is unused:
  not_lt

Hint: Omit it from the simp argument list.
  [apply] simp only [not_le] at h ⊢

Note: This linter can be disabled with `set_option linter.unusedSimpArgs false`
SunPrize\Certificate\Theory000.lean:244:32: warning: Unused tactic linter: `(try simp only [not_lt, not_le] at h ⊢)` does nothing

Note: This linter can be disabled with `set_option linter.unusedTactic false`
SunPrize\Certificate\Theory000.lean:246:2: warning: Unused tactic linter: `all_goals clear e0 e1` does nothing

Note: This linter can be disabled with `set_option linter.unusedTactic false`
SunPrize\Certificate\Theory000.lean:247:2: warning: Unused tactic linter: `all_goals tauto` does nothing

Note: This linter can be disabled with `set_option linter.unusedTactic false`
SunPrize\Certificate\Theory000.lean:246:12: warning: this tactic is never executed

Note: This linter can be disabled with `set_option linter.unreachableTactic false`
SunPrize\Certificate\Theory000.lean:247:12: warning: this tactic is never executed

Note: This linter can be disabled with `set_option linter.unreachableTactic false`
SunPrize\Certificate\Theory000.lean:252:48: warning: This simp argument is unused:
  not_lt

Hint: Omit it from the simp argument list.
  [apply] simp only [not_le] at h ⊢

Note: This linter can be disabled with `set_option linter.unusedSimpArgs false`
SunPrize\Certificate\Theory000.lean:254:32: warning: Unused tactic linter: `(try simp only [not_lt, not_le] at h ⊢)` does nothing

Note: This linter can be disabled with `set_option linter.unusedTactic false`
SunPrize\Certificate\Theory000.lean:256:2: warning: Unused tactic linter: `all_goals clear e0 e1` does nothing

Note: This linter can be disabled with `set_option linter.unusedTactic false`
SunPrize\Certificate\Theory000.lean:257:2: warning: Unused tactic linter: `all_goals tauto` does nothing

Note: This linter can be disabled with `set_option linter.unusedTactic false`
SunPrize\Certificate\Theory000.lean:256:12: warning: this tactic is never executed

Note: This linter can be disabled with `set_option linter.unreachableTactic false`
SunPrize\Certificate\Theory000.lean:257:12: warning: this tactic is never executed

Note: This linter can be disabled with `set_option linter.unreachableTactic false`
SunPrize\Certificate\Theory000.lean:262:48: warning: This simp argument is unused:
  not_lt

Hint: Omit it from the simp argument list.
  [apply] simp only [not_le] at h ⊢

Note: This linter can be disabled with `set_option linter.unusedSimpArgs false`
SunPrize\Certificate\Theory000.lean:264:32: warning: Unused tactic linter: `(try simp only [not_lt, not_le] at h ⊢)` does nothing

Note: This linter can be disabled with `set_option linter.unusedTactic false`
SunPrize\Certificate\Theory000.lean:266:2: warning: Unused tactic linter: `all_goals clear e0 e1` does nothing

Note: This linter can be disabled with `set_option linter.unusedTactic false`
SunPrize\Certificate\Theory000.lean:267:2: warning: Unused tactic linter: `all_goals tauto` does nothing

Note: This linter can be disabled with `set_option linter.unusedTactic false`
SunPrize\Certificate\Theory000.lean:266:12: warning: this tactic is never executed

Note: This linter can be disabled with `set_option linter.unreachableTactic false`
SunPrize\Certificate\Theory000.lean:267:12: warning: this tactic is never executed

Note: This linter can be disabled with `set_option linter.unreachableTactic false`
SunPrize\Certificate\Theory000.lean:272:48: warning: This simp argument is unused:
  not_lt

Hint: Omit it from the simp argument list.
  [apply] simp only [not_le] at h ⊢

Note: This linter can be disabled with `set_option linter.unusedSimpArgs false`
SunPrize\Certificate\Theory000.lean:274:32: warning: Unused tactic linter: `(try simp only [not_lt, not_le] at h ⊢)` does nothing

Note: This linter can be disabled with `set_option linter.unusedTactic false`
SunPrize\Certificate\Theory000.lean:276:2: warning: Unused tactic linter: `all_goals clear e0 e1` does nothing

Note: This linter can be disabled with `set_option linter.unusedTactic false`
SunPrize\Certificate\Theory000.lean:277:2: warning: Unused tactic linter: `all_goals tauto` does nothing

Note: This linter can be disabled with `set_option linter.unusedTactic false`
SunPrize\Certificate\Theory000.lean:276:12: warning: this tactic is never executed

Note: This linter can be disabled with `set_option linter.unreachableTactic false`
SunPrize\Certificate\Theory000.lean:277:12: warning: this tactic is never executed

Note: This linter can be disabled with `set_option linter.unreachableTactic false`
SunPrize\Certificate\Theory000.lean:282:48: warning: This simp argument is unused:
  not_lt

Hint: Omit it from the simp argument list.
  [apply] simp only [not_le] at h ⊢

Note: This linter can be disabled with `set_option linter.unusedSimpArgs false`
SunPrize\Certificate\Theory000.lean:284:32: warning: Unused tactic linter: `(try simp only [not_lt, not_le] at h ⊢)` does nothing

Note: This linter can be disabled with `set_option linter.unusedTactic false`
SunPrize\Certificate\Theory000.lean:286:2: warning: Unused tactic linter: `all_goals clear e0 e1` does nothing

Note: This linter can be disabled with `set_option linter.unusedTactic false`
SunPrize\Certificate\Theory000.lean:287:2: warning: Unused tactic linter: `all_goals tauto` does nothing

Note: This linter can be disabled with `set_option linter.unusedTactic false`
SunPrize\Certificate\Theory000.lean:286:12: warning: this tactic is never executed

Note: This linter can be disabled with `set_option linter.unreachableTactic false`
SunPrize\Certificate\Theory000.lean:287:12: warning: this tactic is never executed

Note: This linter can be disabled with `set_option linter.unreachableTactic false`
SunPrize\Certificate\Theory000.lean:292:48: warning: This simp argument is unused:
  not_lt

Hint: Omit it from the simp argument list.
  [apply] simp only [not_le] at h ⊢

Note: This linter can be disabled with `set_option linter.unusedSimpArgs false`
SunPrize\Certificate\Theory000.lean:294:32: warning: Unused tactic linter: `(try simp only [not_lt, not_le] at h ⊢)` does nothing

Note: This linter can be disabled with `set_option linter.unusedTactic false`
SunPrize\Certificate\Theory000.lean:296:2: warning: Unused tactic linter: `all_goals clear e0 e1` does nothing

Note: This linter can be disabled with `set_option linter.unusedTactic false`
SunPrize\Certificate\Theory000.lean:297:2: warning: Unused tactic linter: `all_goals tauto` does nothing

Note: This linter can be disabled with `set_option linter.unusedTactic false`
SunPrize\Certificate\Theory000.lean:296:12: warning: this tactic is never executed

Note: This linter can be disabled with `set_option linter.unreachableTactic false`
SunPrize\Certificate\Theory000.lean:297:12: warning: this tactic is never executed

Note: This linter can be disabled with `set_option linter.unreachableTactic false`
SunPrize\Certificate\Theory000.lean:302:48: warning: This simp argument is unused:
  not_lt

Hint: Omit it from the simp argument list.
  [apply] simp only [not_le] at h ⊢

Note: This linter can be disabled with `set_option linter.unusedSimpArgs false`
SunPrize\Certificate\Theory000.lean:304:32: warning: Unused tactic linter: `(try simp only [not_lt, not_le] at h ⊢)` does nothing

Note: This linter can be disabled with `set_option linter.unusedTactic false`
SunPrize\Certificate\Theory000.lean:306:2: warning: Unused tactic linter: `all_goals clear e0 e1` does nothing

Note: This linter can be disabled with `set_option linter.unusedTactic false`
SunPrize\Certificate\Theory000.lean:307:2: warning: Unused tactic linter: `all_goals tauto` does nothing

Note: This linter can be disabled with `set_option linter.unusedTactic false`
SunPrize\Certificate\Theory000.lean:306:12: warning: this tactic is never executed

Note: This linter can be disabled with `set_option linter.unreachableTactic false`
SunPrize\Certificate\Theory000.lean:307:12: warning: this tactic is never executed

Note: This linter can be disabled with `set_option linter.unreachableTactic false`
SunPrize\Certificate\Theory000.lean:312:48: warning: This simp argument is unused:
  not_lt

Hint: Omit it from the simp argument list.
  [apply] simp only [not_le] at h ⊢

Note: This linter can be disabled with `set_option linter.unusedSimpArgs false`
SunPrize\Certificate\Theory000.lean:314:32: warning: Unused tactic linter: `(try simp only [not_lt, not_le] at h ⊢)` does nothing

Note: This linter can be disabled with `set_option linter.unusedTactic false`
SunPrize\Certificate\Theory000.lean:316:2: warning: Unused tactic linter: `all_goals clear e0 e1` does nothing

Note: This linter can be disabled with `set_option linter.unusedTactic false`
SunPrize\Certificate\Theory000.lean:317:2: warning: Unused tactic linter: `all_goals tauto` does nothing

Note: This linter can be disabled with `set_option linter.unusedTactic false`
SunPrize\Certificate\Theory000.lean:316:12: warning: this tactic is never executed

Note: This linter can be disabled with `set_option linter.unreachableTactic false`
SunPrize\Certificate\Theory000.lean:317:12: warning: this tactic is never executed

Note: This linter can be disabled with `set_option linter.unreachableTactic false`
SunPrize\Certificate\Theory000.lean:322:48: warning: This simp argument is unused:
  not_lt

Hint: Omit it from the simp argument list.
  [apply] simp only [not_le] at h ⊢

Note: This linter can be disabled with `set_option linter.unusedSimpArgs false`
SunPrize\Certificate\Theory000.lean:324:32: warning: Unused tactic linter: `(try simp only [not_lt, not_le] at h ⊢)` does nothing

Note: This linter can be disabled with `set_option linter.unusedTactic false`
SunPrize\Certificate\Theory000.lean:326:2: warning: Unused tactic linter: `all_goals clear e0 e1` does nothing

Note: This linter can be disabled with `set_option linter.unusedTactic false`
SunPrize\Certificate\Theory000.lean:327:2: warning: Unused tactic linter: `all_goals tauto` does nothing

Note: This linter can be disabled with `set_option linter.unusedTactic false`
SunPrize\Certificate\Theory000.lean:326:12: warning: this tactic is never executed

Note: This linter can be disabled with `set_option linter.unreachableTactic false`
SunPrize\Certificate\Theory000.lean:327:12: warning: this tactic is never executed

Note: This linter can be disabled with `set_option linter.unreachableTactic false`
SunPrize\Certificate\Theory000.lean:332:48: warning: This simp argument is unused:
  not_lt

Hint: Omit it from the simp argument list.
  [apply] simp only [not_le] at h ⊢

Note: This linter can be disabled with `set_option linter.unusedSimpArgs false`
SunPrize\Certificate\Theory000.lean:334:32: warning: Unused tactic linter: `(try simp only [not_lt, not_le] at h ⊢)` does nothing

Note: This linter can be disabled with `set_option linter.unusedTactic false`
SunPrize\Certificate\Theory000.lean:336:2: warning: Unused tactic linter: `all_goals clear e0 e1` does nothing

Note: This linter can be disabled with `set_option linter.unusedTactic false`
SunPrize\Certificate\Theory000.lean:337:2: warning: Unused tactic linter: `all_goals tauto` does nothing

Note: This linter can be disabled with `set_option linter.unusedTactic false`
SunPrize\Certificate\Theory000.lean:336:12: warning: this tactic is never executed

Note: This linter can be disabled with `set_option linter.unreachableTactic false`
SunPrize\Certificate\Theory000.lean:337:12: warning: this tactic is never executed

Note: This linter can be disabled with `set_option linter.unreachableTactic false`
SunPrize\Certificate\Theory000.lean:342:48: warning: This simp argument is unused:
  not_lt

Hint: Omit it from the simp argument list.
  [apply] simp only [not_le] at h ⊢

Note: This linter can be disabled with `set_option linter.unusedSimpArgs false`
SunPrize\Certificate\Theory000.lean:344:32: warning: Unused tactic linter: `(try simp only [not_lt, not_le] at h ⊢)` does nothing

Note: This linter can be disabled with `set_option linter.unusedTactic false`
SunPrize\Certificate\Theory000.lean:346:2: warning: Unused tactic linter: `all_goals clear e0 e1` does nothing

Note: This linter can be disabled with `set_option linter.unusedTactic false`
SunPrize\Certificate\Theory000.lean:347:2: warning: Unused tactic linter: `all_goals tauto` does nothing

Note: This linter can be disabled with `set_option linter.unusedTactic false`
SunPrize\Certificate\Theory000.lean:346:12: warning: this tactic is never executed

Note: This linter can be disabled with `set_option linter.unreachableTactic false`
SunPrize\Certificate\Theory000.lean:347:12: warning: this tactic is never executed

Note: This linter can be disabled with `set_option linter.unreachableTactic false`
SunPrize\Certificate\Theory000.lean:352:48: warning: This simp argument is unused:
  not_lt

Hint: Omit it from the simp argument list.
  [apply] simp only [not_le] at h ⊢

Note: This linter can be disabled with `set_option linter.unusedSimpArgs false`
SunPrize\Certificate\Theory000.lean:354:32: warning: Unused tactic linter: `(try simp only [not_lt, not_le] at h ⊢)` does nothing

Note: This linter can be disabled with `set_option linter.unusedTactic false`
SunPrize\Certificate\Theory000.lean:356:2: warning: Unused tactic linter: `all_goals clear e0 e1` does nothing

Note: This linter can be disabled with `set_option linter.unusedTactic false`
SunPrize\Certificate\Theory000.lean:357:2: warning: Unused tactic linter: `all_goals tauto` does nothing

Note: This linter can be disabled with `set_option linter.unusedTactic false`
SunPrize\Certificate\Theory000.lean:356:12: warning: this tactic is never executed

Note: This linter can be disabled with `set_option linter.unreachableTactic false`
SunPrize\Certificate\Theory000.lean:357:12: warning: this tactic is never executed

Note: This linter can be disabled with `set_option linter.unreachableTactic false`
SunPrize\Certificate\Theory000.lean:362:48: warning: This simp argument is unused:
  not_lt

Hint: Omit it from the simp argument list.
  [apply] simp only [not_le] at h ⊢

Note: This linter can be disabled with `set_option linter.unusedSimpArgs false`
SunPrize\Certificate\Theory000.lean:364:32: warning: Unused tactic linter: `(try simp only [not_lt, not_le] at h ⊢)` does nothing

Note: This linter can be disabled with `set_option linter.unusedTactic false`
SunPrize\Certificate\Theory000.lean:366:2: warning: Unused tactic linter: `all_goals clear e0 e1` does nothing

Note: This linter can be disabled with `set_option linter.unusedTactic false`
SunPrize\Certificate\Theory000.lean:367:2: warning: Unused tactic linter: `all_goals tauto` does nothing

Note: This linter can be disabled with `set_option linter.unusedTactic false`
SunPrize\Certificate\Theory000.lean:366:12: warning: this tactic is never executed

Note: This linter can be disabled with `set_option linter.unreachableTactic false`
SunPrize\Certificate\Theory000.lean:367:12: warning: this tactic is never executed

Note: This linter can be disabled with `set_option linter.unreachableTactic false`
SunPrize\Certificate\Theory000.lean:372:48: warning: This simp argument is unused:
  not_lt

Hint: Omit it from the simp argument list.
  [apply] simp only [not_le] at h ⊢

Note: This linter can be disabled with `set_option linter.unusedSimpArgs false`
SunPrize\Certificate\Theory000.lean:374:32: warning: Unused tactic linter: `(try simp only [not_lt, not_le] at h ⊢)` does nothing

Note: This linter can be disabled with `set_option linter.unusedTactic false`
SunPrize\Certificate\Theory000.lean:376:2: warning: Unused tactic linter: `all_goals clear e0 e1` does nothing

Note: This linter can be disabled with `set_option linter.unusedTactic false`
SunPrize\Certificate\Theory000.lean:377:2: warning: Unused tactic linter: `all_goals tauto` does nothing

Note: This linter can be disabled with `set_option linter.unusedTactic false`
SunPrize\Certificate\Theory000.lean:376:12: warning: this tactic is never executed

Note: This linter can be disabled with `set_option linter.unreachableTactic false`
SunPrize\Certificate\Theory000.lean:377:12: warning: this tactic is never executed

Note: This linter can be disabled with `set_option linter.unreachableTactic false`
SunPrize\Certificate\Theory000.lean:382:48: warning: This simp argument is unused:
  not_lt

Hint: Omit it from the simp argument list.
  [apply] simp only [not_le] at h ⊢

Note: This linter can be disabled with `set_option linter.unusedSimpArgs false`
SunPrize\Certificate\Theory000.lean:384:32: warning: Unused tactic linter: `(try simp only [not_lt, not_le] at h ⊢)` does nothing

Note: This linter can be disabled with `set_option linter.unusedTactic false`
SunPrize\Certificate\Theory000.lean:386:2: warning: Unused tactic linter: `all_goals clear e0 e1` does nothing

Note: This linter can be disabled with `set_option linter.unusedTactic false`
SunPrize\Certificate\Theory000.lean:387:2: warning: Unused tactic linter: `all_goals tauto` does nothing

Note: This linter can be disabled with `set_option linter.unusedTactic false`
SunPrize\Certificate\Theory000.lean:386:12: warning: this tactic is never executed

Note: This linter can be disabled with `set_option linter.unreachableTactic false`
SunPrize\Certificate\Theory000.lean:387:12: warning: this tactic is never executed

Note: This linter can be disabled with `set_option linter.unreachableTactic false`
SunPrize\Certificate\Theory000.lean:392:48: warning: This simp argument is unused:
  not_lt

Hint: Omit it from the simp argument list.
  [apply] simp only [not_le] at h ⊢

Note: This linter can be disabled with `set_option linter.unusedSimpArgs false`
SunPrize\Certificate\Theory000.lean:394:32: warning: Unused tactic linter: `(try simp only [not_lt, not_le] at h ⊢)` does nothing

Note: This linter can be disabled with `set_option linter.unusedTactic false`
SunPrize\Certificate\Theory000.lean:396:2: warning: Unused tactic linter: `all_goals clear e0 e1` does nothing

Note: This linter can be disabled with `set_option linter.unusedTactic false`
SunPrize\Certificate\Theory000.lean:397:2: warning: Unused tactic linter: `all_goals tauto` does nothing

Note: This linter can be disabled with `set_option linter.unusedTactic false`
SunPrize\Certificate\Theory000.lean:396:12: warning: this tactic is never executed

Note: This linter can be disabled with `set_option linter.unreachableTactic false`
SunPrize\Certificate\Theory000.lean:397:12: warning: this tactic is never executed

Note: This linter can be disabled with `set_option linter.unreachableTactic false`
SunPrize\Certificate\Theory000.lean:402:48: warning: This simp argument is unused:
  not_lt

Hint: Omit it from the simp argument list.
  [apply] simp only [not_le] at h ⊢

Note: This linter can be disabled with `set_option linter.unusedSimpArgs false`
SunPrize\Certificate\Theory000.lean:404:32: warning: Unused tactic linter: `(try simp only [not_lt, not_le] at h ⊢)` does nothing

Note: This linter can be disabled with `set_option linter.unusedTactic false`
SunPrize\Certificate\Theory000.lean:406:2: warning: Unused tactic linter: `all_goals clear e0 e1` does nothing

Note: This linter can be disabled with `set_option linter.unusedTactic false`
SunPrize\Certificate\Theory000.lean:407:2: warning: Unused tactic linter: `all_goals tauto` does nothing

Note: This linter can be disabled with `set_option linter.unusedTactic false`
SunPrize\Certificate\Theory000.lean:406:12: warning: this tactic is never executed

Note: This linter can be disabled with `set_option linter.unreachableTactic false`
SunPrize\Certificate\Theory000.lean:407:12: warning: this tactic is never executed

Note: This linter can be disabled with `set_option linter.unreachableTactic false`
SunPrize\Certificate\Theory000.lean:412:48: warning: This simp argument is unused:
  not_lt

Hint: Omit it from the simp argument list.
  [apply] simp only [not_le] at h ⊢

Note: This linter can be disabled with `set_option linter.unusedSimpArgs false`
SunPrize\Certificate\Theory000.lean:414:32: warning: Unused tactic linter: `(try simp only [not_lt, not_le] at h ⊢)` does nothing

Note: This linter can be disabled with `set_option linter.unusedTactic false`
SunPrize\Certificate\Theory000.lean:416:2: warning: Unused tactic linter: `all_goals clear e0 e1` does nothing

Note: This linter can be disabled with `set_option linter.unusedTactic false`
SunPrize\Certificate\Theory000.lean:417:2: warning: Unused tactic linter: `all_goals tauto` does nothing

Note: This linter can be disabled with `set_option linter.unusedTactic false`
SunPrize\Certificate\Theory000.lean:416:12: warning: this tactic is never executed

Note: This linter can be disabled with `set_option linter.unreachableTactic false`
SunPrize\Certificate\Theory000.lean:417:12: warning: this tactic is never executed

Note: This linter can be disabled with `set_option linter.unreachableTactic false`
SunPrize\Certificate\Theory000.lean:422:48: warning: This simp argument is unused:
  not_lt

Hint: Omit it from the simp argument list.
  [apply] simp only [not_le] at h ⊢

Note: This linter can be disabled with `set_option linter.unusedSimpArgs false`
SunPrize\Certificate\Theory000.lean:424:32: warning: Unused tactic linter: `(try simp only [not_lt, not_le] at h ⊢)` does nothing

Note: This linter can be disabled with `set_option linter.unusedTactic false`
SunPrize\Certificate\Theory000.lean:426:2: warning: Unused tactic linter: `all_goals clear e0 e1` does nothing

Note: This linter can be disabled with `set_option linter.unusedTactic false`
SunPrize\Certificate\Theory000.lean:427:2: warning: Unused tactic linter: `all_goals tauto` does nothing

Note: This linter can be disabled with `set_option linter.unusedTactic false`
SunPrize\Certificate\Theory000.lean:426:12: warning: this tactic is never executed

Note: This linter can be disabled with `set_option linter.unreachableTactic false`
SunPrize\Certificate\Theory000.lean:427:12: warning: this tactic is never executed

Note: This linter can be disabled with `set_option linter.unreachableTactic false`
SunPrize\Certificate\Theory000.lean:432:48: warning: This simp argument is unused:
  not_lt

Hint: Omit it from the simp argument list.
  [apply] simp only [not_le] at h ⊢

Note: This linter can be disabled with `set_option linter.unusedSimpArgs false`
SunPrize\Certificate\Theory000.lean:434:32: warning: Unused tactic linter: `(try simp only [not_lt, not_le] at h ⊢)` does nothing

Note: This linter can be disabled with `set_option linter.unusedTactic false`
SunPrize\Certificate\Theory000.lean:436:2: warning: Unused tactic linter: `all_goals clear e0 e1` does nothing

Note: This linter can be disabled with `set_option linter.unusedTactic false`
SunPrize\Certificate\Theory000.lean:437:2: warning: Unused tactic linter: `all_goals tauto` does nothing

Note: This linter can be disabled with `set_option linter.unusedTactic false`
SunPrize\Certificate\Theory000.lean:436:12: warning: this tactic is never executed

Note: This linter can be disabled with `set_option linter.unreachableTactic false`
SunPrize\Certificate\Theory000.lean:437:12: warning: this tactic is never executed

Note: This linter can be disabled with `set_option linter.unreachableTactic false`
SunPrize\Certificate\Theory000.lean:442:48: warning: This simp argument is unused:
  not_lt

Hint: Omit it from the simp argument list.
  [apply] simp only [not_le] at h ⊢

Note: This linter can be disabled with `set_option linter.unusedSimpArgs false`
SunPrize\Certificate\Theory000.lean:444:32: warning: Unused tactic linter: `(try simp only [not_lt, not_le] at h ⊢)` does nothing

Note: This linter can be disabled with `set_option linter.unusedTactic false`
SunPrize\Certificate\Theory000.lean:446:2: warning: Unused tactic linter: `all_goals clear e0 e1` does nothing

Note: This linter can be disabled with `set_option linter.unusedTactic false`
SunPrize\Certificate\Theory000.lean:447:2: warning: Unused tactic linter: `all_goals tauto` does nothing

Note: This linter can be disabled with `set_option linter.unusedTactic false`
SunPrize\Certificate\Theory000.lean:446:12: warning: this tactic is never executed

Note: This linter can be disabled with `set_option linter.unreachableTactic false`
SunPrize\Certificate\Theory000.lean:447:12: warning: this tactic is never executed

Note: This linter can be disabled with `set_option linter.unreachableTactic false`
SunPrize\Certificate\Theory000.lean:452:48: warning: This simp argument is unused:
  not_lt

Hint: Omit it from the simp argument list.
  [apply] simp only [not_le] at h ⊢

Note: This linter can be disabled with `set_option linter.unusedSimpArgs false`
SunPrize\Certificate\Theory000.lean:454:32: warning: Unused tactic linter: `(try simp only [not_lt, not_le] at h ⊢)` does nothing

Note: This linter can be disabled with `set_option linter.unusedTactic false`
SunPrize\Certificate\Theory000.lean:456:2: warning: Unused tactic linter: `all_goals clear e0 e1` does nothing

Note: This linter can be disabled with `set_option linter.unusedTactic false`
SunPrize\Certificate\Theory000.lean:457:2: warning: Unused tactic linter: `all_goals tauto` does nothing

Note: This linter can be disabled with `set_option linter.unusedTactic false`
SunPrize\Certificate\Theory000.lean:456:12: warning: this tactic is never executed

Note: This linter can be disabled with `set_option linter.unreachableTactic false`
SunPrize\Certificate\Theory000.lean:457:12: warning: this tactic is never executed

Note: This linter can be disabled with `set_option linter.unreachableTactic false`
SunPrize\Certificate\Theory000.lean:462:48: warning: This simp argument is unused:
  not_lt

Hint: Omit it from the simp argument list.
  [apply] simp only [not_le] at h ⊢

Note: This linter can be disabled with `set_option linter.unusedSimpArgs false`
SunPrize\Certificate\Theory000.lean:464:32: warning: Unused tactic linter: `(try simp only [not_lt, not_le] at h ⊢)` does nothing

Note: This linter can be disabled with `set_option linter.unusedTactic false`
SunPrize\Certificate\Theory000.lean:466:2: warning: Unused tactic linter: `all_goals clear e0 e1` does nothing

Note: This linter can be disabled with `set_option linter.unusedTactic false`
SunPrize\Certificate\Theory000.lean:467:2: warning: Unused tactic linter: `all_goals tauto` does nothing

Note: This linter can be disabled with `set_option linter.unusedTactic false`
SunPrize\Certificate\Theory000.lean:466:12: warning: this tactic is never executed

Note: This linter can be disabled with `set_option linter.unreachableTactic false`
SunPrize\Certificate\Theory000.lean:467:12: warning: this tactic is never executed

Note: This linter can be disabled with `set_option linter.unreachableTactic false`
SunPrize\Certificate\Theory000.lean:472:48: warning: This simp argument is unused:
  not_lt

Hint: Omit it from the simp argument list.
  [apply] simp only [not_le] at h ⊢

Note: This linter can be disabled with `set_option linter.unusedSimpArgs false`
SunPrize\Certificate\Theory000.lean:474:32: warning: Unused tactic linter: `(try simp only [not_lt, not_le] at h ⊢)` does nothing

Note: This linter can be disabled with `set_option linter.unusedTactic false`
SunPrize\Certificate\Theory000.lean:476:2: warning: Unused tactic linter: `all_goals clear e0 e1` does nothing

Note: This linter can be disabled with `set_option linter.unusedTactic false`
SunPrize\Certificate\Theory000.lean:477:2: warning: Unused tactic linter: `all_goals tauto` does nothing

Note: This linter can be disabled with `set_option linter.unusedTactic false`
SunPrize\Certificate\Theory000.lean:476:12: warning: this tactic is never executed

Note: This linter can be disabled with `set_option linter.unreachableTactic false`
SunPrize\Certificate\Theory000.lean:477:12: warning: this tactic is never executed

Note: This linter can be disabled with `set_option linter.unreachableTactic false`
SunPrize\Certificate\Theory000.lean:482:48: warning: This simp argument is unused:
  not_lt

Hint: Omit it from the simp argument list.
  [apply] simp only [not_le] at h ⊢

Note: This linter can be disabled with `set_option linter.unusedSimpArgs false`
SunPrize\Certificate\Theory000.lean:484:32: warning: Unused tactic linter: `(try simp only [not_lt, not_le] at h ⊢)` does nothing

Note: This linter can be disabled with `set_option linter.unusedTactic false`
SunPrize\Certificate\Theory000.lean:486:2: warning: Unused tactic linter: `all_goals clear e0 e1` does nothing

Note: This linter can be disabled with `set_option linter.unusedTactic false`
SunPrize\Certificate\Theory000.lean:487:2: warning: Unused tactic linter: `all_goals tauto` does nothing

Note: This linter can be disabled with `set_option linter.unusedTactic false`
SunPrize\Certificate\Theory000.lean:486:12: warning: this tactic is never executed

Note: This linter can be disabled with `set_option linter.unreachableTactic false`
SunPrize\Certificate\Theory000.lean:487:12: warning: this tactic is never executed

Note: This linter can be disabled with `set_option linter.unreachableTactic false`
SunPrize\Certificate\Theory000.lean:492:48: warning: This simp argument is unused:
  not_lt

Hint: Omit it from the simp argument list.
  [apply] simp only [not_le] at h ⊢

Note: This linter can be disabled with `set_option linter.unusedSimpArgs false`
SunPrize\Certificate\Theory000.lean:494:32: warning: Unused tactic linter: `(try simp only [not_lt, not_le] at h ⊢)` does nothing

Note: This linter can be disabled with `set_option linter.unusedTactic false`
SunPrize\Certificate\Theory000.lean:496:2: warning: Unused tactic linter: `all_goals clear e0 e1` does nothing

Note: This linter can be disabled with `set_option linter.unusedTactic false`
SunPrize\Certificate\Theory000.lean:497:2: warning: Unused tactic linter: `all_goals tauto` does nothing

Note: This linter can be disabled with `set_option linter.unusedTactic false`
SunPrize\Certificate\Theory000.lean:496:12: warning: this tactic is never executed

Note: This linter can be disabled with `set_option linter.unreachableTactic false`
SunPrize\Certificate\Theory000.lean:497:12: warning: this tactic is never executed

Note: This linter can be disabled with `set_option linter.unreachableTactic false`
SunPrize\Certificate\Theory000.lean:502:48: warning: This simp argument is unused:
  not_lt

Hint: Omit it from the simp argument list.
  [apply] simp only [not_le] at h ⊢

Note: This linter can be disabled with `set_option linter.unusedSimpArgs false`
SunPrize\Certificate\Theory000.lean:504:32: warning: Unused tactic linter: `(try simp only [not_lt, not_le] at h ⊢)` does nothing

Note: This linter can be disabled with `set_option linter.unusedTactic false`
SunPrize\Certificate\Theory000.lean:506:2: warning: Unused tactic linter: `all_goals clear e0 e1` does nothing

Note: This linter can be disabled with `set_option linter.unusedTactic false`
SunPrize\Certificate\Theory000.lean:507:2: warning: Unused tactic linter: `all_goals tauto` does nothing

Note: This linter can be disabled with `set_option linter.unusedTactic false`
SunPrize\Certificate\Theory000.lean:506:12: warning: this tactic is never executed

Note: This linter can be disabled with `set_option linter.unreachableTactic false`
SunPrize\Certificate\Theory000.lean:507:12: warning: this tactic is never executed

Note: This linter can be disabled with `set_option linter.unreachableTactic false`
SunPrize\Certificate\Theory000.lean:512:48: warning: This simp argument is unused:
  not_lt

Hint: Omit it from the simp argument list.
  [apply] simp only [not_le] at h ⊢

Note: This linter can be disabled with `set_option linter.unusedSimpArgs false`
SunPrize\Certificate\Theory000.lean:514:32: warning: Unused tactic linter: `(try simp only [not_lt, not_le] at h ⊢)` does nothing

Note: This linter can be disabled with `set_option linter.unusedTactic false`
SunPrize\Certificate\Theory000.lean:516:2: warning: Unused tactic linter: `all_goals clear e0 e1` does nothing

Note: This linter can be disabled with `set_option linter.unusedTactic false`
SunPrize\Certificate\Theory000.lean:517:2: warning: Unused tactic linter: `all_goals tauto` does nothing

Note: This linter can be disabled with `set_option linter.unusedTactic false`
SunPrize\Certificate\Theory000.lean:516:12: warning: this tactic is never executed

Note: This linter can be disabled with `set_option linter.unreachableTactic false`
SunPrize\Certificate\Theory000.lean:517:12: warning: this tactic is never executed

Note: This linter can be disabled with `set_option linter.unreachableTactic false`
SunPrize\Certificate\Theory000.lean:528:56: warning: This simp argument is unused:
  not_le

Hint: Omit it from the simp argument list.
  [apply] simp only [not_lt] at h ⊢

Note: This linter can be disabled with `set_option linter.unusedSimpArgs false`
SunPrize\Certificate\Theory000.lean:530:56: warning: This simp argument is unused:
  not_le

Hint: Omit it from the simp argument list.
  [apply] simp only [not_lt] at h ⊢

Note: This linter can be disabled with `set_option linter.unusedSimpArgs false`
SunPrize\Certificate\Theory000.lean:532:56: warning: This simp argument is unused:
  not_le

Hint: Omit it from the simp argument list.
  [apply] simp only [not_lt] at h ⊢

Note: This linter can be disabled with `set_option linter.unusedSimpArgs false`
SunPrize\Certificate\Theory000.lean:534:56: warning: This simp argument is unused:
  not_le

Hint: Omit it from the simp argument list.
  [apply] simp only [not_lt] at h ⊢

Note: This linter can be disabled with `set_option linter.unusedSimpArgs false`
SunPrize\Certificate\Theory000.lean:536:56: warning: This simp argument is unused:
  not_le

Hint: Omit it from the simp argument list.
  [apply] simp only [not_lt] at h ⊢

Note: This linter can be disabled with `set_option linter.unusedSimpArgs false`
SunPrize\Certificate\Theory000.lean:538:56: warning: This simp argument is unused:
  not_le

Hint: Omit it from the simp argument list.
  [apply] simp only [not_lt] at h ⊢

Note: This linter can be disabled with `set_option linter.unusedSimpArgs false`
SunPrize\Certificate\Theory000.lean:540:56: warning: This simp argument is unused:
  not_le

Hint: Omit it from the simp argument list.
  [apply] simp only [not_lt] at h ⊢

Note: This linter can be disabled with `set_option linter.unusedSimpArgs false`
SunPrize\Certificate\Theory000.lean:544:56: warning: This simp argument is unused:
  not_le

Hint: Omit it from the simp argument list.
  [apply] simp only [not_lt] at h ⊢

Note: This linter can be disabled with `set_option linter.unusedSimpArgs false`
SunPrize\Certificate\Theory000.lean:546:56: warning: This simp argument is unused:
  not_le

Hint: Omit it from the simp argument list.
  [apply] simp only [not_lt] at h ⊢

Note: This linter can be disabled with `set_option linter.unusedSimpArgs false`
SunPrize\Certificate\Theory000.lean:548:56: warning: This simp argument is unused:
  not_le

Hint: Omit it from the simp argument list.
  [apply] simp only [not_lt] at h ⊢

Note: This linter can be disabled with `set_option linter.unusedSimpArgs false`
SunPrize\Certificate\Theory000.lean:550:56: warning: This simp argument is unused:
  not_le

Hint: Omit it from the simp argument list.
  [apply] simp only [not_lt] at h ⊢

Note: This linter can be disabled with `set_option linter.unusedSimpArgs false`
SunPrize\Certificate\Theory000.lean:552:56: warning: This simp argument is unused:
  not_le

Hint: Omit it from the simp argument list.
  [apply] simp only [not_lt] at h ⊢

Note: This linter can be disabled with `set_option linter.unusedSimpArgs false`
SunPrize\Certificate\Theory000.lean:522:32: warning: Unused tactic linter: `(try simp only [not_lt, not_le] at h ⊢)` does nothing

Note: This linter can be disabled with `set_option linter.unusedTactic false`
SunPrize\Certificate\Theory000.lean:524:32: warning: Unused tactic linter: `(try simp only [not_lt, not_le] at h ⊢)` does nothing

Note: This linter can be disabled with `set_option linter.unusedTactic false`
SunPrize\Certificate\Theory000.lean:526:32: warning: Unused tactic linter: `(try simp only [not_lt, not_le] at h ⊢)` does nothing

Note: This linter can be disabled with `set_option linter.unusedTactic false`
SunPrize\Certificate\Theory000.lean:542:32: warning: Unused tactic linter: `(try simp only [not_lt, not_le] at h ⊢)` does nothing

Note: This linter can be disabled with `set_option linter.unusedTactic false`
SunPrize\Certificate\Theory000.lean:554:2: warning: Unused tactic linter: `all_goals clear e0 e1 e2 e3 e4 e5 e6 e7 e8 e9 e10 e11 e12 e13 e14 e15` does nothing

Note: This linter can be disabled with `set_option linter.unusedTactic false`
SunPrize\Certificate\Theory000.lean:555:2: warning: Unused tactic linter: `all_goals tauto` does nothing

Note: This linter can be disabled with `set_option linter.unusedTactic false`
SunPrize\Certificate\Theory000.lean:554:12: warning: this tactic is never executed

Note: This linter can be disabled with `set_option linter.unreachableTactic false`
SunPrize\Certificate\Theory000.lean:555:12: warning: this tactic is never executed

Note: This linter can be disabled with `set_option linter.unreachableTactic false`
SunPrize\Certificate\Theory000.lean:560:56: warning: This simp argument is unused:
  not_le

Hint: Omit it from the simp argument list.
  [apply] simp only [not_lt] at h ⊢

Note: This linter can be disabled with `set_option linter.unusedSimpArgs false`
SunPrize\Certificate\Theory000.lean:568:56: warning: This simp argument is unused:
  not_le

Hint: Omit it from the simp argument list.
  [apply] simp only [not_lt] at h ⊢

Note: This linter can be disabled with `set_option linter.unusedSimpArgs false`
SunPrize\Certificate\Theory000.lean:570:56: warning: This simp argument is unused:
  not_le

Hint: Omit it from the simp argument list.
  [apply] simp only [not_lt] at h ⊢

Note: This linter can be disabled with `set_option linter.unusedSimpArgs false`
SunPrize\Certificate\Theory000.lean:572:56: warning: This simp argument is unused:
  not_le

Hint: Omit it from the simp argument list.
  [apply] simp only [not_lt] at h ⊢

Note: This linter can be disabled with `set_option linter.unusedSimpArgs false`
SunPrize\Certificate\Theory000.lean:574:56: warning: This simp argument is unused:
  not_le

Hint: Omit it from the simp argument list.
  [apply] simp only [not_lt] at h ⊢

Note: This linter can be disabled with `set_option linter.unusedSimpArgs false`
SunPrize\Certificate\Theory000.lean:576:56: warning: This simp argument is unused:
  not_le

Hint: Omit it from the simp argument list.
  [apply] simp only [not_lt] at h ⊢

Note: This linter can be disabled with `set_option linter.unusedSimpArgs false`
SunPrize\Certificate\Theory000.lean:578:56: warning: This simp argument is unused:
  not_le

Hint: Omit it from the simp argument list.
  [apply] simp only [not_lt] at h ⊢

Note: This linter can be disabled with `set_option linter.unusedSimpArgs false`
SunPrize\Certificate\Theory000.lean:580:56: warning: This simp argument is unused:
  not_le

Hint: Omit it from the simp argument list.
  [apply] simp only [not_lt] at h ⊢

Note: This linter can be disabled with `set_option linter.unusedSimpArgs false`
SunPrize\Certificate\Theory000.lean:584:56: warning: This simp argument is unused:
  not_le

Hint: Omit it from the simp argument list.
  [apply] simp only [not_lt] at h ⊢

Note: This linter can be disabled with `set_option linter.unusedSimpArgs false`
SunPrize\Certificate\Theory000.lean:586:56: warning: This simp argument is unused:
  not_le

Hint: Omit it from the simp argument list.
  [apply] simp only [not_lt] at h ⊢

Note: This linter can be disabled with `set_option linter.unusedSimpArgs false`
SunPrize\Certificate\Theory000.lean:588:56: warning: This simp argument is unused:
  not_le

Hint: Omit it from the simp argument list.
  [apply] simp only [not_lt] at h ⊢

Note: This linter can be disabled with `set_option linter.unusedSimpArgs false`
SunPrize\Certificate\Theory000.lean:590:56: warning: This simp argument is unused:
  not_le

Hint: Omit it from the simp argument list.
  [apply] simp only [not_lt] at h ⊢

Note: This linter can be disabled with `set_option linter.unusedSimpArgs false`
SunPrize\Certificate\Theory000.lean:562:32: warning: Unused tactic linter: `(try simp only [not_lt, not_le] at h ⊢)` does nothing

Note: This linter can be disabled with `set_option linter.unusedTactic false`
SunPrize\Certificate\Theory000.lean:564:32: warning: Unused tactic linter: `(try simp only [not_lt, not_le] at h ⊢)` does nothing

Note: This linter can be disabled with `set_option linter.unusedTactic false`
SunPrize\Certificate\Theory000.lean:566:32: warning: Unused tactic linter: `(try simp only [not_lt, not_le] at h ⊢)` does nothing

Note: This linter can be disabled with `set_option linter.unusedTactic false`
SunPrize\Certificate\Theory000.lean:582:32: warning: Unused tactic linter: `(try simp only [not_lt, not_le] at h ⊢)` does nothing

Note: This linter can be disabled with `set_option linter.unusedTactic false`
SunPrize\Certificate\Theory000.lean:592:2: warning: Unused tactic linter: `all_goals clear e0 e1 e2 e3 e4 e5 e6 e7 e8 e9 e10 e11 e12 e13 e14 e15` does nothing

Note: This linter can be disabled with `set_option linter.unusedTactic false`
SunPrize\Certificate\Theory000.lean:593:2: warning: Unused tactic linter: `all_goals tauto` does nothing

Note: This linter can be disabled with `set_option linter.unusedTactic false`
SunPrize\Certificate\Theory000.lean:592:12: warning: this tactic is never executed

Note: This linter can be disabled with `set_option linter.unreachableTactic false`
SunPrize\Certificate\Theory000.lean:593:12: warning: this tactic is never executed

Note: This linter can be disabled with `set_option linter.unreachableTactic false`
SunPrize\Certificate\Theory000.lean:604:56: warning: This simp argument is unused:
  not_le

Hint: Omit it from the simp argument list.
  [apply] simp only [not_lt] at h ⊢

Note: This linter can be disabled with `set_option linter.unusedSimpArgs false`
SunPrize\Certificate\Theory000.lean:606:56: warning: This simp argument is unused:
  not_le

Hint: Omit it from the simp argument list.
  [apply] simp only [not_lt] at h ⊢

Note: This linter can be disabled with `set_option linter.unusedSimpArgs false`
SunPrize\Certificate\Theory000.lean:598:32: warning: Unused tactic linter: `(try simp only [not_lt, not_le] at h ⊢)` does nothing

Note: This linter can be disabled with `set_option linter.unusedTactic false`
SunPrize\Certificate\Theory000.lean:600:32: warning: Unused tactic linter: `(try simp only [not_lt, not_le] at h ⊢)` does nothing

Note: This linter can be disabled with `set_option linter.unusedTactic false`
SunPrize\Certificate\Theory000.lean:602:32: warning: Unused tactic linter: `(try simp only [not_lt, not_le] at h ⊢)` does nothing

Note: This linter can be disabled with `set_option linter.unusedTactic false`
SunPrize\Certificate\Theory000.lean:614:56: warning: This simp argument is unused:
  not_le

Hint: Omit it from the simp argument list.
  [apply] simp only [not_lt] at h ⊢

Note: This linter can be disabled with `set_option linter.unusedSimpArgs false`
SunPrize\Certificate\Theory000.lean:616:56: warning: This simp argument is unused:
  not_le

Hint: Omit it from the simp argument list.
  [apply] simp only [not_lt] at h ⊢

Note: This linter can be disabled with `set_option linter.unusedSimpArgs false`
SunPrize\Certificate\Theory000.lean:618:56: warning: This simp argument is unused:
  not_le

Hint: Omit it from the simp argument list.
  [apply] simp only [not_lt] at h ⊢

Note: This linter can be disabled with `set_option linter.unusedSimpArgs false`
SunPrize\Certificate\Theory000.lean:620:56: warning: This simp argument is unused:
  not_le

Hint: Omit it from the simp argument list.
  [apply] simp only [not_lt] at h ⊢

Note: This linter can be disabled with `set_option linter.unusedSimpArgs false`
SunPrize\Certificate\Theory000.lean:622:56: warning: This simp argument is unused:
  not_le

Hint: Omit it from the simp argument list.
  [apply] simp only [not_lt] at h ⊢

Note: This linter can be disabled with `set_option linter.unusedSimpArgs false`
SunPrize\Certificate\Theory000.lean:630:32: warning: Unused tactic linter: `(try simp only [not_lt, not_le] at h ⊢)` does nothing

Note: This linter can be disabled with `set_option linter.unusedTactic false`
SunPrize\Certificate\Theory000.lean:632:32: warning: Unused tactic linter: `(try simp only [not_lt, not_le] at h ⊢)` does nothing

Note: This linter can be disabled with `set_option linter.unusedTactic false`
SunPrize\Certificate\Theory000.lean:634:2: warning: Unused tactic linter: `all_goals clear e0 e1` does nothing

Note: This linter can be disabled with `set_option linter.unusedTactic false`
SunPrize\Certificate\Theory000.lean:635:2: warning: Unused tactic linter: `all_goals tauto` does nothing

Note: This linter can be disabled with `set_option linter.unusedTactic false`
SunPrize\Certificate\Theory000.lean:634:12: warning: this tactic is never executed

Note: This linter can be disabled with `set_option linter.unreachableTactic false`
SunPrize\Certificate\Theory000.lean:635:12: warning: this tactic is never executed

Note: This linter can be disabled with `set_option linter.unreachableTactic false`
SunPrize\Certificate\Theory000.lean:640:56: warning: This simp argument is unused:
  not_le

Hint: Omit it from the simp argument list.
  [apply] simp only [not_lt] at h ⊢

Note: This linter can be disabled with `set_option linter.unusedSimpArgs false`
SunPrize\Certificate\Theory000.lean:648:56: warning: This simp argument is unused:
  not_le

Hint: Omit it from the simp argument list.
  [apply] simp only [not_lt] at h ⊢

Note: This linter can be disabled with `set_option linter.unusedSimpArgs false`
SunPrize\Certificate\Theory000.lean:650:56: warning: This simp argument is unused:
  not_le

Hint: Omit it from the simp argument list.
  [apply] simp only [not_lt] at h ⊢

Note: This linter can be disabled with `set_option linter.unusedSimpArgs false`
SunPrize\Certificate\Theory000.lean:652:56: warning: This simp argument is unused:
  not_le

Hint: Omit it from the simp argument list.
  [apply] simp only [not_lt] at h ⊢

Note: This linter can be disabled with `set_option linter.unusedSimpArgs false`
SunPrize\Certificate\Theory000.lean:654:56: warning: This simp argument is unused:
  not_le

Hint: Omit it from the simp argument list.
  [apply] simp only [not_lt] at h ⊢

Note: This linter can be disabled with `set_option linter.unusedSimpArgs false`
SunPrize\Certificate\Theory000.lean:656:56: warning: This simp argument is unused:
  not_le

Hint: Omit it from the simp argument list.
  [apply] simp only [not_lt] at h ⊢

Note: This linter can be disabled with `set_option linter.unusedSimpArgs false`
SunPrize\Certificate\Theory000.lean:658:56: warning: This simp argument is unused:
  not_le

Hint: Omit it from the simp argument list.
  [apply] simp only [not_lt] at h ⊢

Note: This linter can be disabled with `set_option linter.unusedSimpArgs false`
SunPrize\Certificate\Theory000.lean:660:56: warning: This simp argument is unused:
  not_le

Hint: Omit it from the simp argument list.
  [apply] simp only [not_lt] at h ⊢

Note: This linter can be disabled with `set_option linter.unusedSimpArgs false`
SunPrize\Certificate\Theory000.lean:664:56: warning: This simp argument is unused:
  not_le

Hint: Omit it from the simp argument list.
  [apply] simp only [not_lt] at h ⊢

Note: This linter can be disabled with `set_option linter.unusedSimpArgs false`
SunPrize\Certificate\Theory000.lean:666:56: warning: This simp argument is unused:
  not_le

Hint: Omit it from the simp argument list.
  [apply] simp only [not_lt] at h ⊢

Note: This linter can be disabled with `set_option linter.unusedSimpArgs false`
SunPrize\Certificate\Theory000.lean:668:56: warning: This simp argument is unused:
  not_le

Hint: Omit it from the simp argument list.
  [apply] simp only [not_lt] at h ⊢

Note: This linter can be disabled with `set_option linter.unusedSimpArgs false`
SunPrize\Certificate\Theory000.lean:670:56: warning: This simp argument is unused:
  not_le

Hint: Omit it from the simp argument list.
  [apply] simp only [not_lt] at h ⊢

Note: This linter can be disabled with `set_option linter.unusedSimpArgs false`
SunPrize\Certificate\Theory000.lean:642:32: warning: Unused tactic linter: `(try simp only [not_lt, not_le] at h ⊢)` does nothing

Note: This linter can be disabled with `set_option linter.unusedTactic false`
SunPrize\Certificate\Theory000.lean:644:32: warning: Unused tactic linter: `(try simp only [not_lt, not_le] at h ⊢)` does nothing

Note: This linter can be disabled with `set_option linter.unusedTactic false`
SunPrize\Certificate\Theory000.lean:646:32: warning: Unused tactic linter: `(try simp only [not_lt, not_le] at h ⊢)` does nothing

Note: This linter can be disabled with `set_option linter.unusedTactic false`
SunPrize\Certificate\Theory000.lean:662:32: warning: Unused tactic linter: `(try simp only [not_lt, not_le] at h ⊢)` does nothing

Note: This linter can be disabled with `set_option linter.unusedTactic false`
SunPrize\Certificate\Theory000.lean:672:2: warning: Unused tactic linter: `all_goals clear e0 e1 e2 e3 e4 e5 e6 e7 e8 e9 e10 e11 e12 e13 e14 e15` does nothing

Note: This linter can be disabled with `set_option linter.unusedTactic false`
SunPrize\Certificate\Theory000.lean:673:2: warning: Unused tactic linter: `all_goals tauto` does nothing

Note: This linter can be disabled with `set_option linter.unusedTactic false`
SunPrize\Certificate\Theory000.lean:672:12: warning: this tactic is never executed

Note: This linter can be disabled with `set_option linter.unreachableTactic false`
SunPrize\Certificate\Theory000.lean:673:12: warning: this tactic is never executed

Note: This linter can be disabled with `set_option linter.unreachableTactic false`
SunPrize\Certificate\Theory000.lean:684:56: warning: This simp argument is unused:
  not_le

Hint: Omit it from the simp argument list.
  [apply] simp only [not_lt] at h ⊢

Note: This linter can be disabled with `set_option linter.unusedSimpArgs false`
SunPrize\Certificate\Theory000.lean:686:56: warning: This simp argument is unused:
  not_le

Hint: Omit it from the simp argument list.
  [apply] simp only [not_lt] at h ⊢

Note: This linter can be disabled with `set_option linter.unusedSimpArgs false`
SunPrize\Certificate\Theory000.lean:688:56: warning: This simp argument is unused:
  not_le

Hint: Omit it from the simp argument list.
  [apply] simp only [not_lt] at h ⊢

Note: This linter can be disabled with `set_option linter.unusedSimpArgs false`
SunPrize\Certificate\Theory000.lean:690:56: warning: This simp argument is unused:
  not_le

Hint: Omit it from the simp argument list.
  [apply] simp only [not_lt] at h ⊢

Note: This linter can be disabled with `set_option linter.unusedSimpArgs false`
SunPrize\Certificate\Theory000.lean:692:56: warning: This simp argument is unused:
  not_le

Hint: Omit it from the simp argument list.
  [apply] simp only [not_lt] at h ⊢

Note: This linter can be disabled with `set_option linter.unusedSimpArgs false`
SunPrize\Certificate\Theory000.lean:694:56: warning: This simp argument is unused:
  not_le

Hint: Omit it from the simp argument list.
  [apply] simp only [not_lt] at h ⊢

Note: This linter can be disabled with `set_option linter.unusedSimpArgs false`
SunPrize\Certificate\Theory000.lean:696:56: warning: This simp argument is unused:
  not_le

Hint: Omit it from the simp argument list.
  [apply] simp only [not_lt] at h ⊢

Note: This linter can be disabled with `set_option linter.unusedSimpArgs false`
SunPrize\Certificate\Theory000.lean:700:56: warning: This simp argument is unused:
  not_le

Hint: Omit it from the simp argument list.
  [apply] simp only [not_lt] at h ⊢

Note: This linter can be disabled with `set_option linter.unusedSimpArgs false`
SunPrize\Certificate\Theory000.lean:702:56: warning: This simp argument is unused:
  not_le

Hint: Omit it from the simp argument list.
  [apply] simp only [not_lt] at h ⊢

Note: This linter can be disabled with `set_option linter.unusedSimpArgs false`
SunPrize\Certificate\Theory000.lean:704:56: warning: This simp argument is unused:
  not_le

Hint: Omit it from the simp argument list.
  [apply] simp only [not_lt] at h ⊢

Note: This linter can be disabled with `set_option linter.unusedSimpArgs false`
SunPrize\Certificate\Theory000.lean:706:56: warning: This simp argument is unused:
  not_le

Hint: Omit it from the simp argument list.
  [apply] simp only [not_lt] at h ⊢

Note: This linter can be disabled with `set_option linter.unusedSimpArgs false`
SunPrize\Certificate\Theory000.lean:708:56: warning: This simp argument is unused:
  not_le

Hint: Omit it from the simp argument list.
  [apply] simp only [not_lt] at h ⊢

Note: This linter can be disabled with `set_option linter.unusedSimpArgs false`
SunPrize\Certificate\Theory000.lean:678:32: warning: Unused tactic linter: `(try simp only [not_lt, not_le] at h ⊢)` does nothing

Note: This linter can be disabled with `set_option linter.unusedTactic false`
SunPrize\Certificate\Theory000.lean:680:32: warning: Unused tactic linter: `(try simp only [not_lt, not_le] at h ⊢)` does nothing

Note: This linter can be disabled with `set_option linter.unusedTactic false`
SunPrize\Certificate\Theory000.lean:682:32: warning: Unused tactic linter: `(try simp only [not_lt, not_le] at h ⊢)` does nothing

Note: This linter can be disabled with `set_option linter.unusedTactic false`
SunPrize\Certificate\Theory000.lean:698:32: warning: Unused tactic linter: `(try simp only [not_lt, not_le] at h ⊢)` does nothing

Note: This linter can be disabled with `set_option linter.unusedTactic false`
SunPrize\Certificate\Theory000.lean:710:2: warning: Unused tactic linter: `all_goals clear e0 e1 e2 e3 e4 e5 e6 e7 e8 e9 e10 e11 e12 e13 e14 e15` does nothing

Note: This linter can be disabled with `set_option linter.unusedTactic false`
SunPrize\Certificate\Theory000.lean:711:2: warning: Unused tactic linter: `all_goals tauto` does nothing

Note: This linter can be disabled with `set_option linter.unusedTactic false`
SunPrize\Certificate\Theory000.lean:710:12: warning: this tactic is never executed

Note: This linter can be disabled with `set_option linter.unreachableTactic false`
SunPrize\Certificate\Theory000.lean:711:12: warning: this tactic is never executed

Note: This linter can be disabled with `set_option linter.unreachableTactic false`
SunPrize\Certificate\Theory000.lean:716:56: warning: This simp argument is unused:
  not_le

Hint: Omit it from the simp argument list.
  [apply] simp only [not_lt] at h ⊢

Note: This linter can be disabled with `set_option linter.unusedSimpArgs false`
SunPrize\Certificate\Theory000.lean:720:56: warning: This simp argument is unused:
  not_le

Hint: Omit it from the simp argument list.
  [apply] simp only [not_lt] at h ⊢

Note: This linter can be disabled with `set_option linter.unusedSimpArgs false`
SunPrize\Certificate\Theory000.lean:718:32: warning: Unused tactic linter: `(try simp only [not_lt, not_le] at h ⊢)` does nothing

Note: This linter can be disabled with `set_option linter.unusedTactic false`
SunPrize\Certificate\Theory000.lean:722:32: warning: Unused tactic linter: `(try simp only [not_lt, not_le] at h ⊢)` does nothing

Note: This linter can be disabled with `set_option linter.unusedTactic false`
SunPrize\Certificate\Theory000.lean:724:32: warning: Unused tactic linter: `(try simp only [not_lt, not_le] at h ⊢)` does nothing

Note: This linter can be disabled with `set_option linter.unusedTactic false`
SunPrize\Certificate\Theory000.lean:732:56: warning: This simp argument is unused:
  not_le

Hint: Omit it from the simp argument list.
  [apply] simp only [not_lt] at h ⊢

Note: This linter can be disabled with `set_option linter.unusedSimpArgs false`
SunPrize\Certificate\Theory000.lean:734:56: warning: This simp argument is unused:
  not_le

Hint: Omit it from the simp argument list.
  [apply] simp only [not_lt] at h ⊢

Note: This linter can be disabled with `set_option linter.unusedSimpArgs false`
SunPrize\Certificate\Theory000.lean:736:56: warning: This simp argument is unused:
  not_le

Hint: Omit it from the simp argument list.
  [apply] simp only [not_lt] at h ⊢

Note: This linter can be disabled with `set_option linter.unusedSimpArgs false`
SunPrize\Certificate\Theory000.lean:738:56: warning: This simp argument is unused:
  not_le

Hint: Omit it from the simp argument list.
  [apply] simp only [not_lt] at h ⊢

Note: This linter can be disabled with `set_option linter.unusedSimpArgs false`
SunPrize\Certificate\Theory000.lean:740:56: warning: This simp argument is unused:
  not_le

Hint: Omit it from the simp argument list.
  [apply] simp only [not_lt] at h ⊢

Note: This linter can be disabled with `set_option linter.unusedSimpArgs false`
SunPrize\Certificate\Theory000.lean:748:32: warning: Unused tactic linter: `(try simp only [not_lt, not_le] at h ⊢)` does nothing

Note: This linter can be disabled with `set_option linter.unusedTactic false`
SunPrize\Certificate\Theory000.lean:750:32: warning: Unused tactic linter: `(try simp only [not_lt, not_le] at h ⊢)` does nothing

Note: This linter can be disabled with `set_option linter.unusedTactic false`
SunPrize\Certificate\Theory000.lean:752:2: warning: Unused tactic linter: `all_goals clear e0 e1` does nothing

Note: This linter can be disabled with `set_option linter.unusedTactic false`
SunPrize\Certificate\Theory000.lean:753:2: warning: Unused tactic linter: `all_goals tauto` does nothing

Note: This linter can be disabled with `set_option linter.unusedTactic false`
SunPrize\Certificate\Theory000.lean:752:12: warning: this tactic is never executed

Note: This linter can be disabled with `set_option linter.unreachableTactic false`
SunPrize\Certificate\Theory000.lean:753:12: warning: this tactic is never executed

Note: This linter can be disabled with `set_option linter.unreachableTactic false`
SunPrize\Certificate\Theory000.lean:758:56: warning: This simp argument is unused:
  not_le

Hint: Omit it from the simp argument list.
  [apply] simp only [not_lt] at h ⊢

Note: This linter can be disabled with `set_option linter.unusedSimpArgs false`
SunPrize\Certificate\Theory000.lean:766:56: warning: This simp argument is unused:
  not_le

Hint: Omit it from the simp argument list.
  [apply] simp only [not_lt] at h ⊢

Note: This linter can be disabled with `set_option linter.unusedSimpArgs false`
SunPrize\Certificate\Theory000.lean:768:56: warning: This simp argument is unused:
  not_le

Hint: Omit it from the simp argument list.
  [apply] simp only [not_lt] at h ⊢

Note: This linter can be disabled with `set_option linter.unusedSimpArgs false`
SunPrize\Certificate\Theory000.lean:770:56: warning: This simp argument is unused:
  not_le

Hint: Omit it from the simp argument list.
  [apply] simp only [not_lt] at h ⊢

Note: This linter can be disabled with `set_option linter.unusedSimpArgs false`
SunPrize\Certificate\Theory000.lean:772:56: warning: This simp argument is unused:
  not_le

Hint: Omit it from the simp argument list.
  [apply] simp only [not_lt] at h ⊢

Note: This linter can be disabled with `set_option linter.unusedSimpArgs false`
SunPrize\Certificate\Theory000.lean:774:56: warning: This simp argument is unused:
  not_le

Hint: Omit it from the simp argument list.
  [apply] simp only [not_lt] at h ⊢

Note: This linter can be disabled with `set_option linter.unusedSimpArgs false`
SunPrize\Certificate\Theory000.lean:776:56: warning: This simp argument is unused:
  not_le

Hint: Omit it from the simp argument list.
  [apply] simp only [not_lt] at h ⊢

Note: This linter can be disabled with `set_option linter.unusedSimpArgs false`
SunPrize\Certificate\Theory000.lean:778:56: warning: This simp argument is unused:
  not_le

Hint: Omit it from the simp argument list.
  [apply] simp only [not_lt] at h ⊢

Note: This linter can be disabled with `set_option linter.unusedSimpArgs false`
SunPrize\Certificate\Theory000.lean:782:56: warning: This simp argument is unused:
  not_le

Hint: Omit it from the simp argument list.
  [apply] simp only [not_lt] at h ⊢

Note: This linter can be disabled with `set_option linter.unusedSimpArgs false`
SunPrize\Certificate\Theory000.lean:784:56: warning: This simp argument is unused:
  not_le

Hint: Omit it from the simp argument list.
  [apply] simp only [not_lt] at h ⊢

Note: This linter can be disabled with `set_option linter.unusedSimpArgs false`
SunPrize\Certificate\Theory000.lean:786:56: warning: This simp argument is unused:
  not_le

Hint: Omit it from the simp argument list.
  [apply] simp only [not_lt] at h ⊢

Note: This linter can be disabled with `set_option linter.unusedSimpArgs false`
SunPrize\Certificate\Theory000.lean:788:56: warning: This simp argument is unused:
  not_le

Hint: Omit it from the simp argument list.
  [apply] simp only [not_lt] at h ⊢

Note: This linter can be disabled with `set_option linter.unusedSimpArgs false`
SunPrize\Certificate\Theory000.lean:760:32: warning: Unused tactic linter: `(try simp only [not_lt, not_le] at h ⊢)` does nothing

Note: This linter can be disabled with `set_option linter.unusedTactic false`
SunPrize\Certificate\Theory000.lean:762:32: warning: Unused tactic linter: `(try simp only [not_lt, not_le] at h ⊢)` does nothing

Note: This linter can be disabled with `set_option linter.unusedTactic false`
SunPrize\Certificate\Theory000.lean:764:32: warning: Unused tactic linter: `(try simp only [not_lt, not_le] at h ⊢)` does nothing

Note: This linter can be disabled with `set_option linter.unusedTactic false`
SunPrize\Certificate\Theory000.lean:780:32: warning: Unused tactic linter: `(try simp only [not_lt, not_le] at h ⊢)` does nothing

Note: This linter can be disabled with `set_option linter.unusedTactic false`
SunPrize\Certificate\Theory000.lean:790:2: warning: Unused tactic linter: `all_goals clear e0 e1 e2 e3 e4 e5 e6 e7 e8 e9 e10 e11 e12 e13 e14 e15` does nothing

Note: This linter can be disabled with `set_option linter.unusedTactic false`
SunPrize\Certificate\Theory000.lean:791:2: warning: Unused tactic linter: `all_goals tauto` does nothing

Note: This linter can be disabled with `set_option linter.unusedTactic false`
SunPrize\Certificate\Theory000.lean:790:12: warning: this tactic is never executed

Note: This linter can be disabled with `set_option linter.unreachableTactic false`
SunPrize\Certificate\Theory000.lean:791:12: warning: this tactic is never executed

Note: This linter can be disabled with `set_option linter.unreachableTactic false`
SunPrize\Certificate\Theory000.lean:802:56: warning: This simp argument is unused:
  not_le

Hint: Omit it from the simp argument list.
  [apply] simp only [not_lt] at h ⊢

Note: This linter can be disabled with `set_option linter.unusedSimpArgs false`
SunPrize\Certificate\Theory000.lean:804:56: warning: This simp argument is unused:
  not_le

Hint: Omit it from the simp argument list.
  [apply] simp only [not_lt] at h ⊢

Note: This linter can be disabled with `set_option linter.unusedSimpArgs false`
SunPrize\Certificate\Theory000.lean:806:56: warning: This simp argument is unused:
  not_le

Hint: Omit it from the simp argument list.
  [apply] simp only [not_lt] at h ⊢

Note: This linter can be disabled with `set_option linter.unusedSimpArgs false`
SunPrize\Certificate\Theory000.lean:808:56: warning: This simp argument is unused:
  not_le

Hint: Omit it from the simp argument list.
  [apply] simp only [not_lt] at h ⊢

Note: This linter can be disabled with `set_option linter.unusedSimpArgs false`
SunPrize\Certificate\Theory000.lean:810:56: warning: This simp argument is unused:
  not_le

Hint: Omit it from the simp argument list.
  [apply] simp only [not_lt] at h ⊢

Note: This linter can be disabled with `set_option linter.unusedSimpArgs false`
SunPrize\Certificate\Theory000.lean:812:56: warning: This simp argument is unused:
  not_le

Hint: Omit it from the simp argument list.
  [apply] simp only [not_lt] at h ⊢

Note: This linter can be disabled with `set_option linter.unusedSimpArgs false`
SunPrize\Certificate\Theory000.lean:814:56: warning: This simp argument is unused:
  not_le

Hint: Omit it from the simp argument list.
  [apply] simp only [not_lt] at h ⊢

Note: This linter can be disabled with `set_option linter.unusedSimpArgs false`
SunPrize\Certificate\Theory000.lean:818:56: warning: This simp argument is unused:
  not_le

Hint: Omit it from the simp argument list.
  [apply] simp only [not_lt] at h ⊢

Note: This linter can be disabled with `set_option linter.unusedSimpArgs false`
SunPrize\Certificate\Theory000.lean:820:56: warning: This simp argument is unused:
  not_le

Hint: Omit it from the simp argument list.
  [apply] simp only [not_lt] at h ⊢

Note: This linter can be disabled with `set_option linter.unusedSimpArgs false`
SunPrize\Certificate\Theory000.lean:822:56: warning: This simp argument is unused:
  not_le

Hint: Omit it from the simp argument list.
  [apply] simp only [not_lt] at h ⊢

Note: This linter can be disabled with `set_option linter.unusedSimpArgs false`
SunPrize\Certificate\Theory000.lean:824:56: warning: This simp argument is unused:
  not_le

Hint: Omit it from the simp argument list.
  [apply] simp only [not_lt] at h ⊢

Note: This linter can be disabled with `set_option linter.unusedSimpArgs false`
SunPrize\Certificate\Theory000.lean:826:56: warning: This simp argument is unused:
  not_le

Hint: Omit it from the simp argument list.
  [apply] simp only [not_lt] at h ⊢

Note: This linter can be disabled with `set_option linter.unusedSimpArgs false`
SunPrize\Certificate\Theory000.lean:796:32: warning: Unused tactic linter: `(try simp only [not_lt, not_le] at h ⊢)` does nothing

Note: This linter can be disabled with `set_option linter.unusedTactic false`
SunPrize\Certificate\Theory000.lean:798:32: warning: Unused tactic linter: `(try simp only [not_lt, not_le] at h ⊢)` does nothing

Note: This linter can be disabled with `set_option linter.unusedTactic false`
SunPrize\Certificate\Theory000.lean:800:32: warning: Unused tactic linter: `(try simp only [not_lt, not_le] at h ⊢)` does nothing

Note: This linter can be disabled with `set_option linter.unusedTactic false`
SunPrize\Certificate\Theory000.lean:816:32: warning: Unused tactic linter: `(try simp only [not_lt, not_le] at h ⊢)` does nothing

Note: This linter can be disabled with `set_option linter.unusedTactic false`
SunPrize\Certificate\Theory000.lean:828:2: warning: Unused tactic linter: `all_goals clear e0 e1 e2 e3 e4 e5 e6 e7 e8 e9 e10 e11 e12 e13 e14 e15` does nothing

Note: This linter can be disabled with `set_option linter.unusedTactic false`
SunPrize\Certificate\Theory000.lean:829:2: warning: Unused tactic linter: `all_goals tauto` does nothing

Note: This linter can be disabled with `set_option linter.unusedTactic false`
SunPrize\Certificate\Theory000.lean:828:12: warning: this tactic is never executed

Note: This linter can be disabled with `set_option linter.unreachableTactic false`
SunPrize\Certificate\Theory000.lean:829:12: warning: this tactic is never executed

Note: This linter can be disabled with `set_option linter.unreachableTactic false`
SunPrize\Certificate\Theory000.lean:834:32: warning: Unused tactic linter: `(try simp only [not_lt, not_le] at h ⊢)` does nothing

Note: This linter can be disabled with `set_option linter.unusedTactic false`
SunPrize\Certificate\Theory000.lean:836:32: warning: Unused tactic linter: `(try simp only [not_lt, not_le] at h ⊢)` does nothing

Note: This linter can be disabled with `set_option linter.unusedTactic false`
SunPrize\Certificate\Theory000.lean:838:2: warning: Unused tactic linter: `all_goals clear e0 e1` does nothing

Note: This linter can be disabled with `set_option linter.unusedTactic false`
SunPrize\Certificate\Theory000.lean:839:2: warning: Unused tactic linter: `all_goals tauto` does nothing

Note: This linter can be disabled with `set_option linter.unusedTactic false`
SunPrize\Certificate\Theory000.lean:838:12: warning: this tactic is never executed

Note: This linter can be disabled with `set_option linter.unreachableTactic false`
SunPrize\Certificate\Theory000.lean:839:12: warning: this tactic is never executed

Note: This linter can be disabled with `set_option linter.unreachableTactic false`
SunPrize\Certificate\Theory000.lean:844:56: warning: This simp argument is unused:
  not_le

Hint: Omit it from the simp argument list.
  [apply] simp only [not_lt] at h ⊢

Note: This linter can be disabled with `set_option linter.unusedSimpArgs false`
SunPrize\Certificate\Theory000.lean:852:56: warning: This simp argument is unused:
  not_le

Hint: Omit it from the simp argument list.
  [apply] simp only [not_lt] at h ⊢

Note: This linter can be disabled with `set_option linter.unusedSimpArgs false`
SunPrize\Certificate\Theory000.lean:854:56: warning: This simp argument is unused:
  not_le

Hint: Omit it from the simp argument list.
  [apply] simp only [not_lt] at h ⊢

Note: This linter can be disabled with `set_option linter.unusedSimpArgs false`
SunPrize\Certificate\Theory000.lean:856:56: warning: This simp argument is unused:
  not_le

Hint: Omit it from the simp argument list.
  [apply] simp only [not_lt] at h ⊢

Note: This linter can be disabled with `set_option linter.unusedSimpArgs false`
SunPrize\Certificate\Theory000.lean:858:56: warning: This simp argument is unused:
  not_le

Hint: Omit it from the simp argument list.
  [apply] simp only [not_lt] at h ⊢

Note: This linter can be disabled with `set_option linter.unusedSimpArgs false`
SunPrize\Certificate\Theory000.lean:860:56: warning: This simp argument is unused:
  not_le

Hint: Omit it from the simp argument list.
  [apply] simp only [not_lt] at h ⊢

Note: This linter can be disabled with `set_option linter.unusedSimpArgs false`
SunPrize\Certificate\Theory000.lean:862:56: warning: This simp argument is unused:
  not_le

Hint: Omit it from the simp argument list.
  [apply] simp only [not_lt] at h ⊢

Note: This linter can be disabled with `set_option linter.unusedSimpArgs false`
SunPrize\Certificate\Theory000.lean:864:56: warning: This simp argument is unused:
  not_le

Hint: Omit it from the simp argument list.
  [apply] simp only [not_lt] at h ⊢

Note: This linter can be disabled with `set_option linter.unusedSimpArgs false`
SunPrize\Certificate\Theory000.lean:868:56: warning: This simp argument is unused:
  not_le

Hint: Omit it from the simp argument list.
  [apply] simp only [not_lt] at h ⊢

Note: This linter can be disabled with `set_option linter.unusedSimpArgs false`
SunPrize\Certificate\Theory000.lean:870:56: warning: This simp argument is unused:
  not_le

Hint: Omit it from the simp argument list.
  [apply] simp only [not_lt] at h ⊢

Note: This linter can be disabled with `set_option linter.unusedSimpArgs false`
SunPrize\Certificate\Theory000.lean:872:56: warning: This simp argument is unused:
  not_le

Hint: Omit it from the simp argument list.
  [apply] simp only [not_lt] at h ⊢

Note: This linter can be disabled with `set_option linter.unusedSimpArgs false`
SunPrize\Certificate\Theory000.lean:874:56: warning: This simp argument is unused:
  not_le

Hint: Omit it from the simp argument list.
  [apply] simp only [not_lt] at h ⊢

Note: This linter can be disabled with `set_option linter.unusedSimpArgs false`
SunPrize\Certificate\Theory000.lean:846:32: warning: Unused tactic linter: `(try simp only [not_lt, not_le] at h ⊢)` does nothing

Note: This linter can be disabled with `set_option linter.unusedTactic false`
SunPrize\Certificate\Theory000.lean:848:32: warning: Unused tactic linter: `(try simp only [not_lt, not_le] at h ⊢)` does nothing

Note: This linter can be disabled with `set_option linter.unusedTactic false`
SunPrize\Certificate\Theory000.lean:850:32: warning: Unused tactic linter: `(try simp only [not_lt, not_le] at h ⊢)` does nothing

Note: This linter can be disabled with `set_option linter.unusedTactic false`
SunPrize\Certificate\Theory000.lean:866:32: warning: Unused tactic linter: `(try simp only [not_lt, not_le] at h ⊢)` does nothing

Note: This linter can be disabled with `set_option linter.unusedTactic false`
SunPrize\Certificate\Theory000.lean:876:2: warning: Unused tactic linter: `all_goals clear e0 e1 e2 e3 e4 e5 e6 e7 e8 e9 e10 e11 e12 e13 e14 e15` does nothing

Note: This linter can be disabled with `set_option linter.unusedTactic false`
SunPrize\Certificate\Theory000.lean:877:2: warning: Unused tactic linter: `all_goals tauto` does nothing

Note: This linter can be disabled with `set_option linter.unusedTactic false`
SunPrize\Certificate\Theory000.lean:876:12: warning: this tactic is never executed

Note: This linter can be disabled with `set_option linter.unreachableTactic false`
SunPrize\Certificate\Theory000.lean:877:12: warning: this tactic is never executed

Note: This linter can be disabled with `set_option linter.unreachableTactic false`
SunPrize\Certificate\Theory000.lean:888:56: warning: This simp argument is unused:
  not_le

Hint: Omit it from the simp argument list.
  [apply] simp only [not_lt] at h ⊢

Note: This linter can be disabled with `set_option linter.unusedSimpArgs false`
SunPrize\Certificate\Theory000.lean:890:56: warning: This simp argument is unused:
  not_le

Hint: Omit it from the simp argument list.
  [apply] simp only [not_lt] at h ⊢

Note: This linter can be disabled with `set_option linter.unusedSimpArgs false`
SunPrize\Certificate\Theory000.lean:892:56: warning: This simp argument is unused:
  not_le

Hint: Omit it from the simp argument list.
  [apply] simp only [not_lt] at h ⊢

Note: This linter can be disabled with `set_option linter.unusedSimpArgs false`
SunPrize\Certificate\Theory000.lean:894:56: warning: This simp argument is unused:
  not_le

Hint: Omit it from the simp argument list.
  [apply] simp only [not_lt] at h ⊢

Note: This linter can be disabled with `set_option linter.unusedSimpArgs false`
SunPrize\Certificate\Theory000.lean:896:56: warning: This simp argument is unused:
  not_le

Hint: Omit it from the simp argument list.
  [apply] simp only [not_lt] at h ⊢

Note: This linter can be disabled with `set_option linter.unusedSimpArgs false`
SunPrize\Certificate\Theory000.lean:898:56: warning: This simp argument is unused:
  not_le

Hint: Omit it from the simp argument list.
  [apply] simp only [not_lt] at h ⊢

Note: This linter can be disabled with `set_option linter.unusedSimpArgs false`
SunPrize\Certificate\Theory000.lean:900:56: warning: This simp argument is unused:
  not_le

Hint: Omit it from the simp argument list.
  [apply] simp only [not_lt] at h ⊢

Note: This linter can be disabled with `set_option linter.unusedSimpArgs false`
SunPrize\Certificate\Theory000.lean:904:56: warning: This simp argument is unused:
  not_le

Hint: Omit it from the simp argument list.
  [apply] simp only [not_lt] at h ⊢

Note: This linter can be disabled with `set_option linter.unusedSimpArgs false`
SunPrize\Certificate\Theory000.lean:906:56: warning: This simp argument is unused:
  not_le

Hint: Omit it from the simp argument list.
  [apply] simp only [not_lt] at h ⊢

Note: This linter can be disabled with `set_option linter.unusedSimpArgs false`
SunPrize\Certificate\Theory000.lean:908:56: warning: This simp argument is unused:
  not_le

Hint: Omit it from the simp argument list.
  [apply] simp only [not_lt] at h ⊢

Note: This linter can be disabled with `set_option linter.unusedSimpArgs false`
SunPrize\Certificate\Theory000.lean:910:56: warning: This simp argument is unused:
  not_le

Hint: Omit it from the simp argument list.
  [apply] simp only [not_lt] at h ⊢

Note: This linter can be disabled with `set_option linter.unusedSimpArgs false`
SunPrize\Certificate\Theory000.lean:912:56: warning: This simp argument is unused:
  not_le

Hint: Omit it from the simp argument list.
  [apply] simp only [not_lt] at h ⊢

Note: This linter can be disabled with `set_option linter.unusedSimpArgs false`
SunPrize\Certificate\Theory000.lean:882:32: warning: Unused tactic linter: `(try simp only [not_lt, not_le] at h ⊢)` does nothing

Note: This linter can be disabled with `set_option linter.unusedTactic false`
SunPrize\Certificate\Theory000.lean:884:32: warning: Unused tactic linter: `(try simp only [not_lt, not_le] at h ⊢)` does nothing

Note: This linter can be disabled with `set_option linter.unusedTactic false`
SunPrize\Certificate\Theory000.lean:886:32: warning: Unused tactic linter: `(try simp only [not_lt, not_le] at h ⊢)` does nothing

Note: This linter can be disabled with `set_option linter.unusedTactic false`
SunPrize\Certificate\Theory000.lean:902:32: warning: Unused tactic linter: `(try simp only [not_lt, not_le] at h ⊢)` does nothing

Note: This linter can be disabled with `set_option linter.unusedTactic false`
SunPrize\Certificate\Theory000.lean:914:2: warning: Unused tactic linter: `all_goals clear e0 e1 e2 e3 e4 e5 e6 e7 e8 e9 e10 e11 e12 e13 e14 e15` does nothing

Note: This linter can be disabled with `set_option linter.unusedTactic false`
SunPrize\Certificate\Theory000.lean:915:2: warning: Unused tactic linter: `all_goals tauto` does nothing

Note: This linter can be disabled with `set_option linter.unusedTactic false`
SunPrize\Certificate\Theory000.lean:914:12: warning: this tactic is never executed

Note: This linter can be disabled with `set_option linter.unreachableTactic false`
SunPrize\Certificate\Theory000.lean:915:12: warning: this tactic is never executed

Note: This linter can be disabled with `set_option linter.unreachableTactic false`
SunPrize\Certificate\Theory000.lean:927:56: warning: This simp argument is unused:
  not_le

Hint: Omit it from the simp argument list.
  [apply] simp only [not_lt] at h ⊢

Note: This linter can be disabled with `set_option linter.unusedSimpArgs false`
SunPrize\Certificate\Theory000.lean:935:56: warning: This simp argument is unused:
  not_le

Hint: Omit it from the simp argument list.
  [apply] simp only [not_lt] at h ⊢

Note: This linter can be disabled with `set_option linter.unusedSimpArgs false`
SunPrize\Certificate\Theory000.lean:937:56: warning: This simp argument is unused:
  not_le

Hint: Omit it from the simp argument list.
  [apply] simp only [not_lt] at h ⊢

Note: This linter can be disabled with `set_option linter.unusedSimpArgs false`
SunPrize\Certificate\Theory000.lean:939:56: warning: This simp argument is unused:
  not_le

Hint: Omit it from the simp argument list.
  [apply] simp only [not_lt] at h ⊢

Note: This linter can be disabled with `set_option linter.unusedSimpArgs false`
SunPrize\Certificate\Theory000.lean:941:56: warning: This simp argument is unused:
  not_le

Hint: Omit it from the simp argument list.
  [apply] simp only [not_lt] at h ⊢

Note: This linter can be disabled with `set_option linter.unusedSimpArgs false`
SunPrize\Certificate\Theory000.lean:943:56: warning: This simp argument is unused:
  not_le

Hint: Omit it from the simp argument list.
  [apply] simp only [not_lt] at h ⊢

Note: This linter can be disabled with `set_option linter.unusedSimpArgs false`
SunPrize\Certificate\Theory000.lean:945:56: warning: This simp argument is unused:
  not_le

Hint: Omit it from the simp argument list.
  [apply] simp only [not_lt] at h ⊢

Note: This linter can be disabled with `set_option linter.unusedSimpArgs false`
SunPrize\Certificate\Theory000.lean:947:56: warning: This simp argument is unused:
  not_le

Hint: Omit it from the simp argument list.
  [apply] simp only [not_lt] at h ⊢

Note: This linter can be disabled with `set_option linter.unusedSimpArgs false`
SunPrize\Certificate\Theory000.lean:951:56: warning: This simp argument is unused:
  not_le

Hint: Omit it from the simp argument list.
  [apply] simp only [not_lt] at h ⊢

Note: This linter can be disabled with `set_option linter.unusedSimpArgs false`
SunPrize\Certificate\Theory000.lean:953:56: warning: This simp argument is unused:
  not_le

Hint: Omit it from the simp argument list.
  [apply] simp only [not_lt] at h ⊢

Note: This linter can be disabled with `set_option linter.unusedSimpArgs false`
SunPrize\Certificate\Theory000.lean:955:56: warning: This simp argument is unused:
  not_le

Hint: Omit it from the simp argument list.
  [apply] simp only [not_lt] at h ⊢

Note: This linter can be disabled with `set_option linter.unusedSimpArgs false`
SunPrize\Certificate\Theory000.lean:957:56: warning: This simp argument is unused:
  not_le

Hint: Omit it from the simp argument list.
  [apply] simp only [not_lt] at h ⊢

Note: This linter can be disabled with `set_option linter.unusedSimpArgs false`
SunPrize\Certificate\Theory000.lean:929:32: warning: Unused tactic linter: `(try simp only [not_lt, not_le] at h ⊢)` does nothing

Note: This linter can be disabled with `set_option linter.unusedTactic false`
SunPrize\Certificate\Theory000.lean:931:32: warning: Unused tactic linter: `(try simp only [not_lt, not_le] at h ⊢)` does nothing

Note: This linter can be disabled with `set_option linter.unusedTactic false`
SunPrize\Certificate\Theory000.lean:933:32: warning: Unused tactic linter: `(try simp only [not_lt, not_le] at h ⊢)` does nothing

Note: This linter can be disabled with `set_option linter.unusedTactic false`
SunPrize\Certificate\Theory000.lean:949:32: warning: Unused tactic linter: `(try simp only [not_lt, not_le] at h ⊢)` does nothing

Note: This linter can be disabled with `set_option linter.unusedTactic false`
SunPrize\Certificate\Theory000.lean:959:2: warning: Unused tactic linter: `all_goals clear e0 e1 e2 e3 e4 e5 e6 e7 e8 e9 e10 e11 e12 e13 e14 e15` does nothing

Note: This linter can be disabled with `set_option linter.unusedTactic false`
SunPrize\Certificate\Theory000.lean:960:2: warning: Unused tactic linter: `all_goals tauto` does nothing

Note: This linter can be disabled with `set_option linter.unusedTactic false`
SunPrize\Certificate\Theory000.lean:959:12: warning: this tactic is never executed

Note: This linter can be disabled with `set_option linter.unreachableTactic false`
SunPrize\Certificate\Theory000.lean:960:12: warning: this tactic is never executed

Note: This linter can be disabled with `set_option linter.unreachableTactic false`
SunPrize\Certificate\Theory000.lean:965:32: warning: Unused tactic linter: `(try simp only [not_lt, not_le] at h ⊢)` does nothing

Note: This linter can be disabled with `set_option linter.unusedTactic false`
SunPrize\Certificate\Theory000.lean:967:32: warning: Unused tactic linter: `(try simp only [not_lt, not_le] at h ⊢)` does nothing

Note: This linter can be disabled with `set_option linter.unusedTactic false`
SunPrize\Certificate\Theory000.lean:969:2: warning: Unused tactic linter: `all_goals clear e0 e1` does nothing

Note: This linter can be disabled with `set_option linter.unusedTactic false`
SunPrize\Certificate\Theory000.lean:970:2: warning: Unused tactic linter: `all_goals tauto` does nothing

Note: This linter can be disabled with `set_option linter.unusedTactic false`
SunPrize\Certificate\Theory000.lean:969:12: warning: this tactic is never executed

Note: This linter can be disabled with `set_option linter.unreachableTactic false`
SunPrize\Certificate\Theory000.lean:970:12: warning: this tactic is never executed

Note: This linter can be disabled with `set_option linter.unreachableTactic false`
SunPrize\Certificate\Theory000.lean:981:56: warning: This simp argument is unused:
  not_le

Hint: Omit it from the simp argument list.
  [apply] simp only [not_lt] at h ⊢

Note: This linter can be disabled with `set_option linter.unusedSimpArgs false`
SunPrize\Certificate\Theory000.lean:983:56: warning: This simp argument is unused:
  not_le

Hint: Omit it from the simp argument list.
  [apply] simp only [not_lt] at h ⊢

Note: This linter can be disabled with `set_option linter.unusedSimpArgs false`
SunPrize\Certificate\Theory000.lean:985:56: warning: This simp argument is unused:
  not_le

Hint: Omit it from the simp argument list.
  [apply] simp only [not_lt] at h ⊢

Note: This linter can be disabled with `set_option linter.unusedSimpArgs false`
SunPrize\Certificate\Theory000.lean:987:56: warning: This simp argument is unused:
  not_le

Hint: Omit it from the simp argument list.
  [apply] simp only [not_lt] at h ⊢

Note: This linter can be disabled with `set_option linter.unusedSimpArgs false`
SunPrize\Certificate\Theory000.lean:989:56: warning: This simp argument is unused:
  not_le

Hint: Omit it from the simp argument list.
  [apply] simp only [not_lt] at h ⊢

Note: This linter can be disabled with `set_option linter.unusedSimpArgs false`
SunPrize\Certificate\Theory000.lean:991:56: warning: This simp argument is unused:
  not_le

Hint: Omit it from the simp argument list.
  [apply] simp only [not_lt] at h ⊢

Note: This linter can be disabled with `set_option linter.unusedSimpArgs false`
SunPrize\Certificate\Theory000.lean:993:56: warning: This simp argument is unused:
  not_le

Hint: Omit it from the simp argument list.
  [apply] simp only [not_lt] at h ⊢

Note: This linter can be disabled with `set_option linter.unusedSimpArgs false`
SunPrize\Certificate\Theory000.lean:997:56: warning: This simp argument is unused:
  not_le

Hint: Omit it from the simp argument list.
  [apply] simp only [not_lt] at h ⊢

Note: This linter can be disabled with `set_option linter.unusedSimpArgs false`
SunPrize\Certificate\Theory000.lean:999:56: warning: This simp argument is unused:
  not_le

Hint: Omit it from the simp argument list.
  [apply] simp only [not_lt] at h ⊢

Note: This linter can be disabled with `set_option linter.unusedSimpArgs false`
SunPrize\Certificate\Theory000.lean:1001:56: warning: This simp argument is unused:
  not_le

Hint: Omit it from the simp argument list.
  [apply] simp only [not_lt] at h ⊢

Note: This linter can be disabled with `set_option linter.unusedSimpArgs false`
SunPrize\Certificate\Theory000.lean:1003:56: warning: This simp argument is unused:
  not_le

Hint: Omit it from the simp argument list.
  [apply] simp only [not_lt] at h ⊢

Note: This linter can be disabled with `set_option linter.unusedSimpArgs false`
SunPrize\Certificate\Theory000.lean:1005:56: warning: This simp argument is unused:
  not_le

Hint: Omit it from the simp argument list.
  [apply] simp only [not_lt] at h ⊢

Note: This linter can be disabled with `set_option linter.unusedSimpArgs false`
SunPrize\Certificate\Theory000.lean:975:32: warning: Unused tactic linter: `(try simp only [not_lt, not_le] at h ⊢)` does nothing

Note: This linter can be disabled with `set_option linter.unusedTactic false`
SunPrize\Certificate\Theory000.lean:977:32: warning: Unused tactic linter: `(try simp only [not_lt, not_le] at h ⊢)` does nothing

Note: This linter can be disabled with `set_option linter.unusedTactic false`
SunPrize\Certificate\Theory000.lean:979:32: warning: Unused tactic linter: `(try simp only [not_lt, not_le] at h ⊢)` does nothing

Note: This linter can be disabled with `set_option linter.unusedTactic false`
SunPrize\Certificate\Theory000.lean:995:32: warning: Unused tactic linter: `(try simp only [not_lt, not_le] at h ⊢)` does nothing

Note: This linter can be disabled with `set_option linter.unusedTactic false`
SunPrize\Certificate\Theory000.lean:1007:2: warning: Unused tactic linter: `all_goals clear e0 e1 e2 e3 e4 e5 e6 e7 e8 e9 e10 e11 e12 e13 e14 e15` does nothing

Note: This linter can be disabled with `set_option linter.unusedTactic false`
SunPrize\Certificate\Theory000.lean:1008:2: warning: Unused tactic linter: `all_goals tauto` does nothing

Note: This linter can be disabled with `set_option linter.unusedTactic false`
SunPrize\Certificate\Theory000.lean:1007:12: warning: this tactic is never executed

Note: This linter can be disabled with `set_option linter.unreachableTactic false`
SunPrize\Certificate\Theory000.lean:1008:12: warning: this tactic is never executed

Note: This linter can be disabled with `set_option linter.unreachableTactic false`
SunPrize\Certificate\Theory000.lean:1019:56: warning: This simp argument is unused:
  not_le

Hint: Omit it from the simp argument list.
  [apply] simp only [not_lt] at h ⊢

Note: This linter can be disabled with `set_option linter.unusedSimpArgs false`
SunPrize\Certificate\Theory000.lean:1021:56: warning: This simp argument is unused:
  not_le

Hint: Omit it from the simp argument list.
  [apply] simp only [not_lt] at h ⊢

Note: This linter can be disabled with `set_option linter.unusedSimpArgs false`
SunPrize\Certificate\Theory000.lean:1023:56: warning: This simp argument is unused:
  not_le

Hint: Omit it from the simp argument list.
  [apply] simp only [not_lt] at h ⊢

Note: This linter can be disabled with `set_option linter.unusedSimpArgs false`
SunPrize\Certificate\Theory000.lean:1025:56: warning: This simp argument is unused:
  not_le

Hint: Omit it from the simp argument list.
  [apply] simp only [not_lt] at h ⊢

Note: This linter can be disabled with `set_option linter.unusedSimpArgs false`
SunPrize\Certificate\Theory000.lean:1027:56: warning: This simp argument is unused:
  not_le

Hint: Omit it from the simp argument list.
  [apply] simp only [not_lt] at h ⊢

Note: This linter can be disabled with `set_option linter.unusedSimpArgs false`
SunPrize\Certificate\Theory000.lean:1029:56: warning: This simp argument is unused:
  not_le

Hint: Omit it from the simp argument list.
  [apply] simp only [not_lt] at h ⊢

Note: This linter can be disabled with `set_option linter.unusedSimpArgs false`
SunPrize\Certificate\Theory000.lean:1031:56: warning: This simp argument is unused:
  not_le

Hint: Omit it from the simp argument list.
  [apply] simp only [not_lt] at h ⊢

Note: This linter can be disabled with `set_option linter.unusedSimpArgs false`
SunPrize\Certificate\Theory000.lean:1035:56: warning: This simp argument is unused:
  not_le

Hint: Omit it from the simp argument list.
  [apply] simp only [not_lt] at h ⊢

Note: This linter can be disabled with `set_option linter.unusedSimpArgs false`
SunPrize\Certificate\Theory000.lean:1037:56: warning: This simp argument is unused:
  not_le

Hint: Omit it from the simp argument list.
  [apply] simp only [not_lt] at h ⊢

Note: This linter can be disabled with `set_option linter.unusedSimpArgs false`
SunPrize\Certificate\Theory000.lean:1039:56: warning: This simp argument is unused:
  not_le

Hint: Omit it from the simp argument list.
  [apply] simp only [not_lt] at h ⊢

Note: This linter can be disabled with `set_option linter.unusedSimpArgs false`
SunPrize\Certificate\Theory000.lean:1041:56: warning: This simp argument is unused:
  not_le

Hint: Omit it from the simp argument list.
  [apply] simp only [not_lt] at h ⊢

Note: This linter can be disabled with `set_option linter.unusedSimpArgs false`
SunPrize\Certificate\Theory000.lean:1043:56: warning: This simp argument is unused:
  not_le

Hint: Omit it from the simp argument list.
  [apply] simp only [not_lt] at h ⊢

Note: This linter can be disabled with `set_option linter.unusedSimpArgs false`
SunPrize\Certificate\Theory000.lean:1013:32: warning: Unused tactic linter: `(try simp only [not_lt, not_le] at h ⊢)` does nothing

Note: This linter can be disabled with `set_option linter.unusedTactic false`
SunPrize\Certificate\Theory000.lean:1015:32: warning: Unused tactic linter: `(try simp only [not_lt, not_le] at h ⊢)` does nothing

Note: This linter can be disabled with `set_option linter.unusedTactic false`
SunPrize\Certificate\Theory000.lean:1017:32: warning: Unused tactic linter: `(try simp only [not_lt, not_le] at h ⊢)` does nothing

Note: This linter can be disabled with `set_option linter.unusedTactic false`
SunPrize\Certificate\Theory000.lean:1033:32: warning: Unused tactic linter: `(try simp only [not_lt, not_le] at h ⊢)` does nothing

Note: This linter can be disabled with `set_option linter.unusedTactic false`
SunPrize\Certificate\Theory000.lean:1045:2: warning: Unused tactic linter: `all_goals clear e0 e1 e2 e3 e4 e5 e6 e7 e8 e9 e10 e11 e12 e13 e14 e15` does nothing

Note: This linter can be disabled with `set_option linter.unusedTactic false`
SunPrize\Certificate\Theory000.lean:1046:2: warning: Unused tactic linter: `all_goals tauto` does nothing

Note: This linter can be disabled with `set_option linter.unusedTactic false`
SunPrize\Certificate\Theory000.lean:1045:12: warning: this tactic is never executed

Note: This linter can be disabled with `set_option linter.unreachableTactic false`
SunPrize\Certificate\Theory000.lean:1046:12: warning: this tactic is never executed

Note: This linter can be disabled with `set_option linter.unreachableTactic false`
SunPrize\Certificate\Theory000.lean:1051:56: warning: This simp argument is unused:
  not_le

Hint: Omit it from the simp argument list.
  [apply] simp only [not_lt] at h ⊢

Note: This linter can be disabled with `set_option linter.unusedSimpArgs false`
SunPrize\Certificate\Theory000.lean:1059:56: warning: This simp argument is unused:
  not_le

Hint: Omit it from the simp argument list.
  [apply] simp only [not_lt] at h ⊢

Note: This linter can be disabled with `set_option linter.unusedSimpArgs false`
SunPrize\Certificate\Theory000.lean:1061:56: warning: This simp argument is unused:
  not_le

Hint: Omit it from the simp argument list.
  [apply] simp only [not_lt] at h ⊢

Note: This linter can be disabled with `set_option linter.unusedSimpArgs false`
SunPrize\Certificate\Theory000.lean:1063:56: warning: This simp argument is unused:
  not_le

Hint: Omit it from the simp argument list.
  [apply] simp only [not_lt] at h ⊢

Note: This linter can be disabled with `set_option linter.unusedSimpArgs false`
SunPrize\Certificate\Theory000.lean:1065:56: warning: This simp argument is unused:
  not_le

Hint: Omit it from the simp argument list.
  [apply] simp only [not_lt] at h ⊢

Note: This linter can be disabled with `set_option linter.unusedSimpArgs false`
SunPrize\Certificate\Theory000.lean:1067:56: warning: This simp argument is unused:
  not_le

Hint: Omit it from the simp argument list.
  [apply] simp only [not_lt] at h ⊢

Note: This linter can be disabled with `set_option linter.unusedSimpArgs false`
SunPrize\Certificate\Theory000.lean:1069:56: warning: This simp argument is unused:
  not_le

Hint: Omit it from the simp argument list.
  [apply] simp only [not_lt] at h ⊢

Note: This linter can be disabled with `set_option linter.unusedSimpArgs false`
SunPrize\Certificate\Theory000.lean:1071:56: warning: This simp argument is unused:
  not_le

Hint: Omit it from the simp argument list.
  [apply] simp only [not_lt] at h ⊢

Note: This linter can be disabled with `set_option linter.unusedSimpArgs false`
SunPrize\Certificate\Theory000.lean:1075:56: warning: This simp argument is unused:
  not_le

Hint: Omit it from the simp argument list.
  [apply] simp only [not_lt] at h ⊢

Note: This linter can be disabled with `set_option linter.unusedSimpArgs false`
SunPrize\Certificate\Theory000.lean:1077:56: warning: This simp argument is unused:
  not_le

Hint: Omit it from the simp argument list.
  [apply] simp only [not_lt] at h ⊢

Note: This linter can be disabled with `set_option linter.unusedSimpArgs false`
SunPrize\Certificate\Theory000.lean:1079:56: warning: This simp argument is unused:
  not_le

Hint: Omit it from the simp argument list.
  [apply] simp only [not_lt] at h ⊢

Note: This linter can be disabled with `set_option linter.unusedSimpArgs false`
SunPrize\Certificate\Theory000.lean:1081:56: warning: This simp argument is unused:
  not_le

Hint: Omit it from the simp argument list.
  [apply] simp only [not_lt] at h ⊢

Note: This linter can be disabled with `set_option linter.unusedSimpArgs false`
SunPrize\Certificate\Theory000.lean:1053:32: warning: Unused tactic linter: `(try simp only [not_lt, not_le] at h ⊢)` does nothing

Note: This linter can be disabled with `set_option linter.unusedTactic false`
SunPrize\Certificate\Theory000.lean:1055:32: warning: Unused tactic linter: `(try simp only [not_lt, not_le] at h ⊢)` does nothing

Note: This linter can be disabled with `set_option linter.unusedTactic false`
SunPrize\Certificate\Theory000.lean:1057:32: warning: Unused tactic linter: `(try simp only [not_lt, not_le] at h ⊢)` does nothing

Note: This linter can be disabled with `set_option linter.unusedTactic false`
SunPrize\Certificate\Theory000.lean:1073:32: warning: Unused tactic linter: `(try simp only [not_lt, not_le] at h ⊢)` does nothing

Note: This linter can be disabled with `set_option linter.unusedTactic false`
SunPrize\Certificate\Theory000.lean:1083:2: warning: Unused tactic linter: `all_goals clear e0 e1 e2 e3 e4 e5 e6 e7 e8 e9 e10 e11 e12 e13 e14 e15` does nothing

Note: This linter can be disabled with `set_option linter.unusedTactic false`
SunPrize\Certificate\Theory000.lean:1084:2: warning: Unused tactic linter: `all_goals tauto` does nothing

Note: This linter can be disabled with `set_option linter.unusedTactic false`
SunPrize\Certificate\Theory000.lean:1083:12: warning: this tactic is never executed

Note: This linter can be disabled with `set_option linter.unreachableTactic false`
SunPrize\Certificate\Theory000.lean:1084:12: warning: this tactic is never executed

Note: This linter can be disabled with `set_option linter.unreachableTactic false`
SunPrize\Certificate\Theory000.lean:1089:32: warning: Unused tactic linter: `(try simp only [not_lt, not_le] at h ⊢)` does nothing

Note: This linter can be disabled with `set_option linter.unusedTactic false`
SunPrize\Certificate\Theory000.lean:1091:32: warning: Unused tactic linter: `(try simp only [not_lt, not_le] at h ⊢)` does nothing

Note: This linter can be disabled with `set_option linter.unusedTactic false`
SunPrize\Certificate\Theory000.lean:1093:2: warning: Unused tactic linter: `all_goals clear e0 e1` does nothing

Note: This linter can be disabled with `set_option linter.unusedTactic false`
SunPrize\Certificate\Theory000.lean:1094:2: warning: Unused tactic linter: `all_goals tauto` does nothing

Note: This linter can be disabled with `set_option linter.unusedTactic false`
SunPrize\Certificate\Theory000.lean:1093:12: warning: this tactic is never executed

Note: This linter can be disabled with `set_option linter.unreachableTactic false`
SunPrize\Certificate\Theory000.lean:1094:12: warning: this tactic is never executed

Note: This linter can be disabled with `set_option linter.unreachableTactic false`
SunPrize\Certificate\Theory000.lean:1099:56: warning: This simp argument is unused:
  not_le

Hint: Omit it from the simp argument list.
  [apply] simp only [not_lt] at h ⊢

Note: This linter can be disabled with `set_option linter.unusedSimpArgs false`
SunPrize\Certificate\Theory000.lean:1107:56: warning: This simp argument is unused:
  not_le

Hint: Omit it from the simp argument list.
  [apply] simp only [not_lt] at h ⊢

Note: This linter can be disabled with `set_option linter.unusedSimpArgs false`
SunPrize\Certificate\Theory000.lean:1109:56: warning: This simp argument is unused:
  not_le

Hint: Omit it from the simp argument list.
  [apply] simp only [not_lt] at h ⊢

Note: This linter can be disabled with `set_option linter.unusedSimpArgs false`
SunPrize\Certificate\Theory000.lean:1111:56: warning: This simp argument is unused:
  not_le

Hint: Omit it from the simp argument list.
  [apply] simp only [not_lt] at h ⊢

Note: This linter can be disabled with `set_option linter.unusedSimpArgs false`
SunPrize\Certificate\Theory000.lean:1113:56: warning: This simp argument is unused:
  not_le

Hint: Omit it from the simp argument list.
  [apply] simp only [not_lt] at h ⊢

Note: This linter can be disabled with `set_option linter.unusedSimpArgs false`
SunPrize\Certificate\Theory000.lean:1115:56: warning: This simp argument is unused:
  not_le

Hint: Omit it from the simp argument list.
  [apply] simp only [not_lt] at h ⊢

Note: This linter can be disabled with `set_option linter.unusedSimpArgs false`
SunPrize\Certificate\Theory000.lean:1117:56: warning: This simp argument is unused:
  not_le

Hint: Omit it from the simp argument list.
  [apply] simp only [not_lt] at h ⊢

Note: This linter can be disabled with `set_option linter.unusedSimpArgs false`
SunPrize\Certificate\Theory000.lean:1119:56: warning: This simp argument is unused:
  not_le

Hint: Omit it from the simp argument list.
  [apply] simp only [not_lt] at h ⊢

Note: This linter can be disabled with `set_option linter.unusedSimpArgs false`
SunPrize\Certificate\Theory000.lean:1123:56: warning: This simp argument is unused:
  not_le

Hint: Omit it from the simp argument list.
  [apply] simp only [not_lt] at h ⊢

Note: This linter can be disabled with `set_option linter.unusedSimpArgs false`
SunPrize\Certificate\Theory000.lean:1125:56: warning: This simp argument is unused:
  not_le

Hint: Omit it from the simp argument list.
  [apply] simp only [not_lt] at h ⊢

Note: This linter can be disabled with `set_option linter.unusedSimpArgs false`
SunPrize\Certificate\Theory000.lean:1127:56: warning: This simp argument is unused:
  not_le

Hint: Omit it from the simp argument list.
  [apply] simp only [not_lt] at h ⊢

Note: This linter can be disabled with `set_option linter.unusedSimpArgs false`
SunPrize\Certificate\Theory000.lean:1129:56: warning: This simp argument is unused:
  not_le

Hint: Omit it from the simp argument list.
  [apply] simp only [not_lt] at h ⊢

Note: This linter can be disabled with `set_option linter.unusedSimpArgs false`
SunPrize\Certificate\Theory000.lean:1101:32: warning: Unused tactic linter: `(try simp only [not_lt, not_le] at h ⊢)` does nothing

Note: This linter can be disabled with `set_option linter.unusedTactic false`
SunPrize\Certificate\Theory000.lean:1103:32: warning: Unused tactic linter: `(try simp only [not_lt, not_le] at h ⊢)` does nothing

Note: This linter can be disabled with `set_option linter.unusedTactic false`
SunPrize\Certificate\Theory000.lean:1105:32: warning: Unused tactic linter: `(try simp only [not_lt, not_le] at h ⊢)` does nothing

Note: This linter can be disabled with `set_option linter.unusedTactic false`
SunPrize\Certificate\Theory000.lean:1121:32: warning: Unused tactic linter: `(try simp only [not_lt, not_le] at h ⊢)` does nothing

Note: This linter can be disabled with `set_option linter.unusedTactic false`
SunPrize\Certificate\Theory000.lean:1131:2: warning: Unused tactic linter: `all_goals clear e0 e1 e2 e3 e4 e5 e6 e7 e8 e9 e10 e11 e12 e13 e14 e15` does nothing

Note: This linter can be disabled with `set_option linter.unusedTactic false`
SunPrize\Certificate\Theory000.lean:1132:2: warning: Unused tactic linter: `all_goals tauto` does nothing

Note: This linter can be disabled with `set_option linter.unusedTactic false`
SunPrize\Certificate\Theory000.lean:1131:12: warning: this tactic is never executed

Note: This linter can be disabled with `set_option linter.unreachableTactic false`
SunPrize\Certificate\Theory000.lean:1132:12: warning: this tactic is never executed

Note: This linter can be disabled with `set_option linter.unreachableTactic false`
SunPrize\Certificate\Theory000.lean:1143:56: warning: This simp argument is unused:
  not_le

Hint: Omit it from the simp argument list.
  [apply] simp only [not_lt] at h ⊢

Note: This linter can be disabled with `set_option linter.unusedSimpArgs false`
SunPrize\Certificate\Theory000.lean:1145:56: warning: This simp argument is unused:
  not_le

Hint: Omit it from the simp argument list.
  [apply] simp only [not_lt] at h ⊢

Note: This linter can be disabled with `set_option linter.unusedSimpArgs false`
SunPrize\Certificate\Theory000.lean:1137:32: warning: Unused tactic linter: `(try simp only [not_lt, not_le] at h ⊢)` does nothing

Note: This linter can be disabled with `set_option linter.unusedTactic false`
SunPrize\Certificate\Theory000.lean:1139:32: warning: Unused tactic linter: `(try simp only [not_lt, not_le] at h ⊢)` does nothing

Note: This linter can be disabled with `set_option linter.unusedTactic false`
SunPrize\Certificate\Theory000.lean:1141:32: warning: Unused tactic linter: `(try simp only [not_lt, not_le] at h ⊢)` does nothing

Note: This linter can be disabled with `set_option linter.unusedTactic false`
SunPrize\Certificate\Theory000.lean:1153:56: warning: This simp argument is unused:
  not_le

Hint: Omit it from the simp argument list.
  [apply] simp only [not_lt] at h ⊢

Note: This linter can be disabled with `set_option linter.unusedSimpArgs false`
SunPrize\Certificate\Theory000.lean:1155:56: warning: This simp argument is unused:
  not_le

Hint: Omit it from the simp argument list.
  [apply] simp only [not_lt] at h ⊢

Note: This linter can be disabled with `set_option linter.unusedSimpArgs false`
SunPrize\Certificate\Theory000.lean:1157:56: warning: This simp argument is unused:
  not_le

Hint: Omit it from the simp argument list.
  [apply] simp only [not_lt] at h ⊢

Note: This linter can be disabled with `set_option linter.unusedSimpArgs false`
SunPrize\Certificate\Theory000.lean:1159:56: warning: This simp argument is unused:
  not_le

Hint: Omit it from the simp argument list.
  [apply] simp only [not_lt] at h ⊢

Note: This linter can be disabled with `set_option linter.unusedSimpArgs false`
SunPrize\Certificate\Theory000.lean:1161:56: warning: This simp argument is unused:
  not_le

Hint: Omit it from the simp argument list.
  [apply] simp only [not_lt] at h ⊢

Note: This linter can be disabled with `set_option linter.unusedSimpArgs false`
SunPrize\Certificate\Theory000.lean:1175:56: warning: This simp argument is unused:
  not_le

Hint: Omit it from the simp argument list.
  [apply] simp only [not_lt] at h ⊢

Note: This linter can be disabled with `set_option linter.unusedSimpArgs false`
SunPrize\Certificate\Theory000.lean:1177:56: warning: This simp argument is unused:
  not_le

Hint: Omit it from the simp argument list.
  [apply] simp only [not_lt] at h ⊢

Note: This linter can be disabled with `set_option linter.unusedSimpArgs false`
SunPrize\Certificate\Theory000.lean:1179:56: warning: This simp argument is unused:
  not_le

Hint: Omit it from the simp argument list.
  [apply] simp only [not_lt] at h ⊢

Note: This linter can be disabled with `set_option linter.unusedSimpArgs false`
SunPrize\Certificate\Theory000.lean:1181:56: warning: This simp argument is unused:
  not_le

Hint: Omit it from the simp argument list.
  [apply] simp only [not_lt] at h ⊢

Note: This linter can be disabled with `set_option linter.unusedSimpArgs false`
SunPrize\Certificate\Theory000.lean:1183:56: warning: This simp argument is unused:
  not_le

Hint: Omit it from the simp argument list.
  [apply] simp only [not_lt] at h ⊢

Note: This linter can be disabled with `set_option linter.unusedSimpArgs false`
SunPrize\Certificate\Theory000.lean:1185:56: warning: This simp argument is unused:
  not_le

Hint: Omit it from the simp argument list.
  [apply] simp only [not_lt] at h ⊢

Note: This linter can be disabled with `set_option linter.unusedSimpArgs false`
SunPrize\Certificate\Theory000.lean:1187:56: warning: This simp argument is unused:
  not_le

Hint: Omit it from the simp argument list.
  [apply] simp only [not_lt] at h ⊢

Note: This linter can be disabled with `set_option linter.unusedSimpArgs false`
SunPrize\Certificate\Theory000.lean:1191:56: warning: This simp argument is unused:
  not_le

Hint: Omit it from the simp argument list.
  [apply] simp only [not_lt] at h ⊢

Note: This linter can be disabled with `set_option linter.unusedSimpArgs false`
SunPrize\Certificate\Theory000.lean:1193:56: warning: This simp argument is unused:
  not_le

Hint: Omit it from the simp argument list.
  [apply] simp only [not_lt] at h ⊢

Note: This linter can be disabled with `set_option linter.unusedSimpArgs false`
SunPrize\Certificate\Theory000.lean:1195:56: warning: This simp argument is unused:
  not_le

Hint: Omit it from the simp argument list.
  [apply] simp only [not_lt] at h ⊢

Note: This linter can be disabled with `set_option linter.unusedSimpArgs false`
SunPrize\Certificate\Theory000.lean:1197:56: warning: This simp argument is unused:
  not_le

Hint: Omit it from the simp argument list.
  [apply] simp only [not_lt] at h ⊢

Note: This linter can be disabled with `set_option linter.unusedSimpArgs false`
SunPrize\Certificate\Theory000.lean:1199:56: warning: This simp argument is unused:
  not_le

Hint: Omit it from the simp argument list.
  [apply] simp only [not_lt] at h ⊢

Note: This linter can be disabled with `set_option linter.unusedSimpArgs false`
SunPrize\Certificate\Theory000.lean:1169:32: warning: Unused tactic linter: `(try simp only [not_lt, not_le] at h ⊢)` does nothing

Note: This linter can be disabled with `set_option linter.unusedTactic false`
SunPrize\Certificate\Theory000.lean:1171:32: warning: Unused tactic linter: `(try simp only [not_lt, not_le] at h ⊢)` does nothing

Note: This linter can be disabled with `set_option linter.unusedTactic false`
SunPrize\Certificate\Theory000.lean:1173:32: warning: Unused tactic linter: `(try simp only [not_lt, not_le] at h ⊢)` does nothing

Note: This linter can be disabled with `set_option linter.unusedTactic false`
SunPrize\Certificate\Theory000.lean:1189:32: warning: Unused tactic linter: `(try simp only [not_lt, not_le] at h ⊢)` does nothing

Note: This linter can be disabled with `set_option linter.unusedTactic false`
SunPrize\Certificate\Theory000.lean:1201:2: warning: Unused tactic linter: `all_goals clear e0 e1 e2 e3 e4 e5 e6 e7 e8 e9 e10 e11 e12 e13 e14 e15` does nothing

Note: This linter can be disabled with `set_option linter.unusedTactic false`
SunPrize\Certificate\Theory000.lean:1202:2: warning: Unused tactic linter: `all_goals tauto` does nothing

Note: This linter can be disabled with `set_option linter.unusedTactic false`
SunPrize\Certificate\Theory000.lean:1201:12: warning: this tactic is never executed

Note: This linter can be disabled with `set_option linter.unreachableTactic false`
SunPrize\Certificate\Theory000.lean:1202:12: warning: this tactic is never executed

Note: This linter can be disabled with `set_option linter.unreachableTactic false`
SunPrize\Certificate\Theory000.lean:1207:56: warning: This simp argument is unused:
  not_le

Hint: Omit it from the simp argument list.
  [apply] simp only [not_lt] at h ⊢

Note: This linter can be disabled with `set_option linter.unusedSimpArgs false`
SunPrize\Certificate\Theory000.lean:1215:56: warning: This simp argument is unused:
  not_le

Hint: Omit it from the simp argument list.
  [apply] simp only [not_lt] at h ⊢

Note: This linter can be disabled with `set_option linter.unusedSimpArgs false`
SunPrize\Certificate\Theory000.lean:1217:56: warning: This simp argument is unused:
  not_le

Hint: Omit it from the simp argument list.
  [apply] simp only [not_lt] at h ⊢

Note: This linter can be disabled with `set_option linter.unusedSimpArgs false`
SunPrize\Certificate\Theory000.lean:1219:56: warning: This simp argument is unused:
  not_le

Hint: Omit it from the simp argument list.
  [apply] simp only [not_lt] at h ⊢

Note: This linter can be disabled with `set_option linter.unusedSimpArgs false`
SunPrize\Certificate\Theory000.lean:1221:56: warning: This simp argument is unused:
  not_le

Hint: Omit it from the simp argument list.
  [apply] simp only [not_lt] at h ⊢

Note: This linter can be disabled with `set_option linter.unusedSimpArgs false`
SunPrize\Certificate\Theory000.lean:1223:56: warning: This simp argument is unused:
  not_le

Hint: Omit it from the simp argument list.
  [apply] simp only [not_lt] at h ⊢

Note: This linter can be disabled with `set_option linter.unusedSimpArgs false`
SunPrize\Certificate\Theory000.lean:1225:56: warning: This simp argument is unused:
  not_le

Hint: Omit it from the simp argument list.
  [apply] simp only [not_lt] at h ⊢

Note: This linter can be disabled with `set_option linter.unusedSimpArgs false`
SunPrize\Certificate\Theory000.lean:1227:56: warning: This simp argument is unused:
  not_le

Hint: Omit it from the simp argument list.
  [apply] simp only [not_lt] at h ⊢

Note: This linter can be disabled with `set_option linter.unusedSimpArgs false`
SunPrize\Certificate\Theory000.lean:1231:56: warning: This simp argument is unused:
  not_le

Hint: Omit it from the simp argument list.
  [apply] simp only [not_lt] at h ⊢

Note: This linter can be disabled with `set_option linter.unusedSimpArgs false`
SunPrize\Certificate\Theory000.lean:1233:56: warning: This simp argument is unused:
  not_le

Hint: Omit it from the simp argument list.
  [apply] simp only [not_lt] at h ⊢

Note: This linter can be disabled with `set_option linter.unusedSimpArgs false`
SunPrize\Certificate\Theory000.lean:1235:56: warning: This simp argument is unused:
  not_le

Hint: Omit it from the simp argument list.
  [apply] simp only [not_lt] at h ⊢

Note: This linter can be disabled with `set_option linter.unusedSimpArgs false`
SunPrize\Certificate\Theory000.lean:1237:56: warning: This simp argument is unused:
  not_le

Hint: Omit it from the simp argument list.
  [apply] simp only [not_lt] at h ⊢

Note: This linter can be disabled with `set_option linter.unusedSimpArgs false`
SunPrize\Certificate\Theory000.lean:1209:32: warning: Unused tactic linter: `(try simp only [not_lt, not_le] at h ⊢)` does nothing

Note: This linter can be disabled with `set_option linter.unusedTactic false`
SunPrize\Certificate\Theory000.lean:1211:32: warning: Unused tactic linter: `(try simp only [not_lt, not_le] at h ⊢)` does nothing

Note: This linter can be disabled with `set_option linter.unusedTactic false`
SunPrize\Certificate\Theory000.lean:1213:32: warning: Unused tactic linter: `(try simp only [not_lt, not_le] at h ⊢)` does nothing

Note: This linter can be disabled with `set_option linter.unusedTactic false`
SunPrize\Certificate\Theory000.lean:1229:32: warning: Unused tactic linter: `(try simp only [not_lt, not_le] at h ⊢)` does nothing

Note: This linter can be disabled with `set_option linter.unusedTactic false`
SunPrize\Certificate\Theory000.lean:1239:2: warning: Unused tactic linter: `all_goals clear e0 e1 e2 e3 e4 e5 e6 e7 e8 e9 e10 e11 e12 e13 e14 e15` does nothing

Note: This linter can be disabled with `set_option linter.unusedTactic false`
SunPrize\Certificate\Theory000.lean:1240:2: warning: Unused tactic linter: `all_goals tauto` does nothing

Note: This linter can be disabled with `set_option linter.unusedTactic false`
SunPrize\Certificate\Theory000.lean:1239:12: warning: this tactic is never executed

Note: This linter can be disabled with `set_option linter.unreachableTactic false`
SunPrize\Certificate\Theory000.lean:1240:12: warning: this tactic is never executed

Note: This linter can be disabled with `set_option linter.unreachableTactic false`
SunPrize\Certificate\Theory000.lean:1251:56: warning: This simp argument is unused:
  not_le

Hint: Omit it from the simp argument list.
  [apply] simp only [not_lt] at h ⊢

Note: This linter can be disabled with `set_option linter.unusedSimpArgs false`
SunPrize\Certificate\Theory000.lean:1253:56: warning: This simp argument is unused:
  not_le

Hint: Omit it from the simp argument list.
  [apply] simp only [not_lt] at h ⊢

Note: This linter can be disabled with `set_option linter.unusedSimpArgs false`
SunPrize\Certificate\Theory000.lean:1255:56: warning: This simp argument is unused:
  not_le

Hint: Omit it from the simp argument list.
  [apply] simp only [not_lt] at h ⊢

Note: This linter can be disabled with `set_option linter.unusedSimpArgs false`
SunPrize\Certificate\Theory000.lean:1257:56: warning: This simp argument is unused:
  not_le

Hint: Omit it from the simp argument list.
  [apply] simp only [not_lt] at h ⊢

Note: This linter can be disabled with `set_option linter.unusedSimpArgs false`
SunPrize\Certificate\Theory000.lean:1259:56: warning: This simp argument is unused:
  not_le

Hint: Omit it from the simp argument list.
  [apply] simp only [not_lt] at h ⊢

Note: This linter can be disabled with `set_option linter.unusedSimpArgs false`
SunPrize\Certificate\Theory000.lean:1261:56: warning: This simp argument is unused:
  not_le

Hint: Omit it from the simp argument list.
  [apply] simp only [not_lt] at h ⊢

Note: This linter can be disabled with `set_option linter.unusedSimpArgs false`
SunPrize\Certificate\Theory000.lean:1263:56: warning: This simp argument is unused:
  not_le

Hint: Omit it from the simp argument list.
  [apply] simp only [not_lt] at h ⊢

Note: This linter can be disabled with `set_option linter.unusedSimpArgs false`
SunPrize\Certificate\Theory000.lean:1267:56: warning: This simp argument is unused:
  not_le

Hint: Omit it from the simp argument list.
  [apply] simp only [not_lt] at h ⊢

Note: This linter can be disabled with `set_option linter.unusedSimpArgs false`
SunPrize\Certificate\Theory000.lean:1269:56: warning: This simp argument is unused:
  not_le

Hint: Omit it from the simp argument list.
  [apply] simp only [not_lt] at h ⊢

Note: This linter can be disabled with `set_option linter.unusedSimpArgs false`
SunPrize\Certificate\Theory000.lean:1271:56: warning: This simp argument is unused:
  not_le

Hint: Omit it from the simp argument list.
  [apply] simp only [not_lt] at h ⊢

Note: This linter can be disabled with `set_option linter.unusedSimpArgs false`
SunPrize\Certificate\Theory000.lean:1273:56: warning: This simp argument is unused:
  not_le

Hint: Omit it from the simp argument list.
  [apply] simp only [not_lt] at h ⊢

Note: This linter can be disabled with `set_option linter.unusedSimpArgs false`
SunPrize\Certificate\Theory000.lean:1275:56: warning: This simp argument is unused:
  not_le

Hint: Omit it from the simp argument list.
  [apply] simp only [not_lt] at h ⊢

Note: This linter can be disabled with `set_option linter.unusedSimpArgs false`
SunPrize\Certificate\Theory000.lean:1245:32: warning: Unused tactic linter: `(try simp only [not_lt, not_le] at h ⊢)` does nothing

Note: This linter can be disabled with `set_option linter.unusedTactic false`
SunPrize\Certificate\Theory000.lean:1247:32: warning: Unused tactic linter: `(try simp only [not_lt, not_le] at h ⊢)` does nothing

Note: This linter can be disabled with `set_option linter.unusedTactic false`
SunPrize\Certificate\Theory000.lean:1249:32: warning: Unused tactic linter: `(try simp only [not_lt, not_le] at h ⊢)` does nothing

Note: This linter can be disabled with `set_option linter.unusedTactic false`
SunPrize\Certificate\Theory000.lean:1265:32: warning: Unused tactic linter: `(try simp only [not_lt, not_le] at h ⊢)` does nothing

Note: This linter can be disabled with `set_option linter.unusedTactic false`
SunPrize\Certificate\Theory000.lean:1277:2: warning: Unused tactic linter: `all_goals clear e0 e1 e2 e3 e4 e5 e6 e7 e8 e9 e10 e11 e12 e13 e14 e15` does nothing

Note: This linter can be disabled with `set_option linter.unusedTactic false`
SunPrize\Certificate\Theory000.lean:1278:2: warning: Unused tactic linter: `all_goals tauto` does nothing

Note: This linter can be disabled with `set_option linter.unusedTactic false`
SunPrize\Certificate\Theory000.lean:1277:12: warning: this tactic is never executed

Note: This linter can be disabled with `set_option linter.unreachableTactic false`
SunPrize\Certificate\Theory000.lean:1278:12: warning: this tactic is never executed

Note: This linter can be disabled with `set_option linter.unreachableTactic false`
SunPrize\Certificate\Theory000.lean:1283:32: warning: Unused tactic linter: `(try simp only [not_lt, not_le] at h ⊢)` does nothing

Note: This linter can be disabled with `set_option linter.unusedTactic false`
SunPrize\Certificate\Theory000.lean:1285:32: warning: Unused tactic linter: `(try simp only [not_lt, not_le] at h ⊢)` does nothing

Note: This linter can be disabled with `set_option linter.unusedTactic false`
SunPrize\Certificate\Theory000.lean:1287:2: warning: Unused tactic linter: `all_goals clear e0 e1` does nothing

Note: This linter can be disabled with `set_option linter.unusedTactic false`
SunPrize\Certificate\Theory000.lean:1288:2: warning: Unused tactic linter: `all_goals tauto` does nothing

Note: This linter can be disabled with `set_option linter.unusedTactic false`
SunPrize\Certificate\Theory000.lean:1287:12: warning: this tactic is never executed

Note: This linter can be disabled with `set_option linter.unreachableTactic false`
SunPrize\Certificate\Theory000.lean:1288:12: warning: this tactic is never executed

Note: This linter can be disabled with `set_option linter.unreachableTactic false`
SunPrize\Certificate\Theory000.lean:1293:56: warning: This simp argument is unused:
  not_le

Hint: Omit it from the simp argument list.
  [apply] simp only [not_lt] at h ⊢

Note: This linter can be disabled with `set_option linter.unusedSimpArgs false`
SunPrize\Certificate\Theory000.lean:1301:56: warning: This simp argument is unused:
  not_le

Hint: Omit it from the simp argument list.
  [apply] simp only [not_lt] at h ⊢

Note: This linter can be disabled with `set_option linter.unusedSimpArgs false`
SunPrize\Certificate\Theory000.lean:1303:56: warning: This simp argument is unused:
  not_le

Hint: Omit it from the simp argument list.
  [apply] simp only [not_lt] at h ⊢

Note: This linter can be disabled with `set_option linter.unusedSimpArgs false`
SunPrize\Certificate\Theory000.lean:1305:56: warning: This simp argument is unused:
  not_le

Hint: Omit it from the simp argument list.
  [apply] simp only [not_lt] at h ⊢

Note: This linter can be disabled with `set_option linter.unusedSimpArgs false`
SunPrize\Certificate\Theory000.lean:1307:56: warning: This simp argument is unused:
  not_le

Hint: Omit it from the simp argument list.
  [apply] simp only [not_lt] at h ⊢

Note: This linter can be disabled with `set_option linter.unusedSimpArgs false`
SunPrize\Certificate\Theory000.lean:1309:56: warning: This simp argument is unused:
  not_le

Hint: Omit it from the simp argument list.
  [apply] simp only [not_lt] at h ⊢

Note: This linter can be disabled with `set_option linter.unusedSimpArgs false`
SunPrize\Certificate\Theory000.lean:1311:56: warning: This simp argument is unused:
  not_le

Hint: Omit it from the simp argument list.
  [apply] simp only [not_lt] at h ⊢

Note: This linter can be disabled with `set_option linter.unusedSimpArgs false`
SunPrize\Certificate\Theory000.lean:1313:56: warning: This simp argument is unused:
  not_le

Hint: Omit it from the simp argument list.
  [apply] simp only [not_lt] at h ⊢

Note: This linter can be disabled with `set_option linter.unusedSimpArgs false`
SunPrize\Certificate\Theory000.lean:1317:56: warning: This simp argument is unused:
  not_le

Hint: Omit it from the simp argument list.
  [apply] simp only [not_lt] at h ⊢

Note: This linter can be disabled with `set_option linter.unusedSimpArgs false`
SunPrize\Certificate\Theory000.lean:1319:56: warning: This simp argument is unused:
  not_le

Hint: Omit it from the simp argument list.
  [apply] simp only [not_lt] at h ⊢

Note: This linter can be disabled with `set_option linter.unusedSimpArgs false`
SunPrize\Certificate\Theory000.lean:1321:56: warning: This simp argument is unused:
  not_le

Hint: Omit it from the simp argument list.
  [apply] simp only [not_lt] at h ⊢

Note: This linter can be disabled with `set_option linter.unusedSimpArgs false`
SunPrize\Certificate\Theory000.lean:1323:56: warning: This simp argument is unused:
  not_le

Hint: Omit it from the simp argument list.
  [apply] simp only [not_lt] at h ⊢

Note: This linter can be disabled with `set_option linter.unusedSimpArgs false`
SunPrize\Certificate\Theory000.lean:1295:32: warning: Unused tactic linter: `(try simp only [not_lt, not_le] at h ⊢)` does nothing

Note: This linter can be disabled with `set_option linter.unusedTactic false`
SunPrize\Certificate\Theory000.lean:1297:32: warning: Unused tactic linter: `(try simp only [not_lt, not_le] at h ⊢)` does nothing

Note: This linter can be disabled with `set_option linter.unusedTactic false`
SunPrize\Certificate\Theory000.lean:1299:32: warning: Unused tactic linter: `(try simp only [not_lt, not_le] at h ⊢)` does nothing

Note: This linter can be disabled with `set_option linter.unusedTactic false`
SunPrize\Certificate\Theory000.lean:1315:32: warning: Unused tactic linter: `(try simp only [not_lt, not_le] at h ⊢)` does nothing

Note: This linter can be disabled with `set_option linter.unusedTactic false`
SunPrize\Certificate\Theory000.lean:1325:2: warning: Unused tactic linter: `all_goals clear e0 e1 e2 e3 e4 e5 e6 e7 e8 e9 e10 e11 e12 e13 e14 e15` does nothing

Note: This linter can be disabled with `set_option linter.unusedTactic false`
SunPrize\Certificate\Theory000.lean:1326:2: warning: Unused tactic linter: `all_goals tauto` does nothing

Note: This linter can be disabled with `set_option linter.unusedTactic false`
SunPrize\Certificate\Theory000.lean:1325:12: warning: this tactic is never executed

Note: This linter can be disabled with `set_option linter.unreachableTactic false`
SunPrize\Certificate\Theory000.lean:1326:12: warning: this tactic is never executed

Note: This linter can be disabled with `set_option linter.unreachableTactic false`
SunPrize\Certificate\Theory000.lean:1338:56: warning: This simp argument is unused:
  not_le

Hint: Omit it from the simp argument list.
  [apply] simp only [not_lt] at h ⊢

Note: This linter can be disabled with `set_option linter.unusedSimpArgs false`
SunPrize\Certificate\Theory000.lean:1346:56: warning: This simp argument is unused:
  not_le

Hint: Omit it from the simp argument list.
  [apply] simp only [not_lt] at h ⊢

Note: This linter can be disabled with `set_option linter.unusedSimpArgs false`
SunPrize\Certificate\Theory000.lean:1348:56: warning: This simp argument is unused:
  not_le

Hint: Omit it from the simp argument list.
  [apply] simp only [not_lt] at h ⊢

Note: This linter can be disabled with `set_option linter.unusedSimpArgs false`
SunPrize\Certificate\Theory000.lean:1350:56: warning: This simp argument is unused:
  not_le

Hint: Omit it from the simp argument list.
  [apply] simp only [not_lt] at h ⊢

Note: This linter can be disabled with `set_option linter.unusedSimpArgs false`
SunPrize\Certificate\Theory000.lean:1352:56: warning: This simp argument is unused:
  not_le

Hint: Omit it from the simp argument list.
  [apply] simp only [not_lt] at h ⊢

Note: This linter can be disabled with `set_option linter.unusedSimpArgs false`
SunPrize\Certificate\Theory000.lean:1354:56: warning: This simp argument is unused:
  not_le

Hint: Omit it from the simp argument list.
  [apply] simp only [not_lt] at h ⊢

Note: This linter can be disabled with `set_option linter.unusedSimpArgs false`
SunPrize\Certificate\Theory000.lean:1356:56: warning: This simp argument is unused:
  not_le

Hint: Omit it from the simp argument list.
  [apply] simp only [not_lt] at h ⊢

Note: This linter can be disabled with `set_option linter.unusedSimpArgs false`
SunPrize\Certificate\Theory000.lean:1358:56: warning: This simp argument is unused:
  not_le

Hint: Omit it from the simp argument list.
  [apply] simp only [not_lt] at h ⊢

Note: This linter can be disabled with `set_option linter.unusedSimpArgs false`
SunPrize\Certificate\Theory000.lean:1362:56: warning: This simp argument is unused:
  not_le

Hint: Omit it from the simp argument list.
  [apply] simp only [not_lt] at h ⊢

Note: This linter can be disabled with `set_option linter.unusedSimpArgs false`
SunPrize\Certificate\Theory000.lean:1364:56: warning: This simp argument is unused:
  not_le

Hint: Omit it from the simp argument list.
  [apply] simp only [not_lt] at h ⊢

Note: This linter can be disabled with `set_option linter.unusedSimpArgs false`
SunPrize\Certificate\Theory000.lean:1366:56: warning: This simp argument is unused:
  not_le

Hint: Omit it from the simp argument list.
  [apply] simp only [not_lt] at h ⊢

Note: This linter can be disabled with `set_option linter.unusedSimpArgs false`
SunPrize\Certificate\Theory000.lean:1368:56: warning: This simp argument is unused:
  not_le

Hint: Omit it from the simp argument list.
  [apply] simp only [not_lt] at h ⊢

Note: This linter can be disabled with `set_option linter.unusedSimpArgs false`
SunPrize\Certificate\Theory000.lean:1340:32: warning: Unused tactic linter: `(try simp only [not_lt, not_le] at h ⊢)` does nothing

Note: This linter can be disabled with `set_option linter.unusedTactic false`
SunPrize\Certificate\Theory000.lean:1342:32: warning: Unused tactic linter: `(try simp only [not_lt, not_le] at h ⊢)` does nothing

Note: This linter can be disabled with `set_option linter.unusedTactic false`
SunPrize\Certificate\Theory000.lean:1344:32: warning: Unused tactic linter: `(try simp only [not_lt, not_le] at h ⊢)` does nothing

Note: This linter can be disabled with `set_option linter.unusedTactic false`
SunPrize\Certificate\Theory000.lean:1360:32: warning: Unused tactic linter: `(try simp only [not_lt, not_le] at h ⊢)` does nothing

Note: This linter can be disabled with `set_option linter.unusedTactic false`
SunPrize\Certificate\Theory000.lean:1370:2: warning: Unused tactic linter: `all_goals clear e0 e1 e2 e3 e4 e5 e6 e7 e8 e9 e10 e11 e12 e13 e14 e15` does nothing

Note: This linter can be disabled with `set_option linter.unusedTactic false`
SunPrize\Certificate\Theory000.lean:1371:2: warning: Unused tactic linter: `all_goals tauto` does nothing

Note: This linter can be disabled with `set_option linter.unusedTactic false`
SunPrize\Certificate\Theory000.lean:1370:12: warning: this tactic is never executed

Note: This linter can be disabled with `set_option linter.unreachableTactic false`
SunPrize\Certificate\Theory000.lean:1371:12: warning: this tactic is never executed

Note: This linter can be disabled with `set_option linter.unreachableTactic false`
SunPrize\Certificate\Theory000.lean:1382:56: warning: This simp argument is unused:
  not_le

Hint: Omit it from the simp argument list.
  [apply] simp only [not_lt] at h ⊢

Note: This linter can be disabled with `set_option linter.unusedSimpArgs false`
SunPrize\Certificate\Theory000.lean:1384:56: warning: This simp argument is unused:
  not_le

Hint: Omit it from the simp argument list.
  [apply] simp only [not_lt] at h ⊢

Note: This linter can be disabled with `set_option linter.unusedSimpArgs false`
SunPrize\Certificate\Theory000.lean:1376:32: warning: Unused tactic linter: `(try simp only [not_lt, not_le] at h ⊢)` does nothing

Note: This linter can be disabled with `set_option linter.unusedTactic false`
SunPrize\Certificate\Theory000.lean:1378:32: warning: Unused tactic linter: `(try simp only [not_lt, not_le] at h ⊢)` does nothing

Note: This linter can be disabled with `set_option linter.unusedTactic false`
SunPrize\Certificate\Theory000.lean:1380:32: warning: Unused tactic linter: `(try simp only [not_lt, not_le] at h ⊢)` does nothing

Note: This linter can be disabled with `set_option linter.unusedTactic false`
SunPrize\Certificate\Theory000.lean:1392:56: warning: This simp argument is unused:
  not_le

Hint: Omit it from the simp argument list.
  [apply] simp only [not_lt] at h ⊢

Note: This linter can be disabled with `set_option linter.unusedSimpArgs false`
SunPrize\Certificate\Theory000.lean:1394:56: warning: This simp argument is unused:
  not_le

Hint: Omit it from the simp argument list.
  [apply] simp only [not_lt] at h ⊢

Note: This linter can be disabled with `set_option linter.unusedSimpArgs false`
SunPrize\Certificate\Theory000.lean:1396:56: warning: This simp argument is unused:
  not_le

Hint: Omit it from the simp argument list.
  [apply] simp only [not_lt] at h ⊢

Note: This linter can be disabled with `set_option linter.unusedSimpArgs false`
SunPrize\Certificate\Theory000.lean:1398:56: warning: This simp argument is unused:
  not_le

Hint: Omit it from the simp argument list.
  [apply] simp only [not_lt] at h ⊢

Note: This linter can be disabled with `set_option linter.unusedSimpArgs false`
SunPrize\Certificate\Theory000.lean:1400:56: warning: This simp argument is unused:
  not_le

Hint: Omit it from the simp argument list.
  [apply] simp only [not_lt] at h ⊢

Note: This linter can be disabled with `set_option linter.unusedSimpArgs false`
SunPrize\Certificate\Theory000.lean:1408:32: warning: Unused tactic linter: `(try simp only [not_lt, not_le] at h ⊢)` does nothing

Note: This linter can be disabled with `set_option linter.unusedTactic false`
SunPrize\Certificate\Theory000.lean:1410:32: warning: Unused tactic linter: `(try simp only [not_lt, not_le] at h ⊢)` does nothing

Note: This linter can be disabled with `set_option linter.unusedTactic false`
SunPrize\Certificate\Theory000.lean:1412:2: warning: Unused tactic linter: `all_goals clear e0 e1` does nothing

Note: This linter can be disabled with `set_option linter.unusedTactic false`
SunPrize\Certificate\Theory000.lean:1413:2: warning: Unused tactic linter: `all_goals tauto` does nothing

Note: This linter can be disabled with `set_option linter.unusedTactic false`
SunPrize\Certificate\Theory000.lean:1412:12: warning: this tactic is never executed

Note: This linter can be disabled with `set_option linter.unreachableTactic false`
SunPrize\Certificate\Theory000.lean:1413:12: warning: this tactic is never executed

Note: This linter can be disabled with `set_option linter.unreachableTactic false`
SunPrize\Certificate\Theory000.lean:1418:56: warning: This simp argument is unused:
  not_le

Hint: Omit it from the simp argument list.
  [apply] simp only [not_lt] at h ⊢

Note: This linter can be disabled with `set_option linter.unusedSimpArgs false`
SunPrize\Certificate\Theory000.lean:1426:56: warning: This simp argument is unused:
  not_le

Hint: Omit it from the simp argument list.
  [apply] simp only [not_lt] at h ⊢

Note: This linter can be disabled with `set_option linter.unusedSimpArgs false`
SunPrize\Certificate\Theory000.lean:1428:56: warning: This simp argument is unused:
  not_le

Hint: Omit it from the simp argument list.
  [apply] simp only [not_lt] at h ⊢

Note: This linter can be disabled with `set_option linter.unusedSimpArgs false`
SunPrize\Certificate\Theory000.lean:1430:56: warning: This simp argument is unused:
  not_le

Hint: Omit it from the simp argument list.
  [apply] simp only [not_lt] at h ⊢

Note: This linter can be disabled with `set_option linter.unusedSimpArgs false`
SunPrize\Certificate\Theory000.lean:1432:56: warning: This simp argument is unused:
  not_le

Hint: Omit it from the simp argument list.
  [apply] simp only [not_lt] at h ⊢

Note: This linter can be disabled with `set_option linter.unusedSimpArgs false`
SunPrize\Certificate\Theory000.lean:1434:56: warning: This simp argument is unused:
  not_le

Hint: Omit it from the simp argument list.
  [apply] simp only [not_lt] at h ⊢

Note: This linter can be disabled with `set_option linter.unusedSimpArgs false`
SunPrize\Certificate\Theory000.lean:1436:56: warning: This simp argument is unused:
  not_le

Hint: Omit it from the simp argument list.
  [apply] simp only [not_lt] at h ⊢

Note: This linter can be disabled with `set_option linter.unusedSimpArgs false`
SunPrize\Certificate\Theory000.lean:1438:56: warning: This simp argument is unused:
  not_le

Hint: Omit it from the simp argument list.
  [apply] simp only [not_lt] at h ⊢

Note: This linter can be disabled with `set_option linter.unusedSimpArgs false`
SunPrize\Certificate\Theory000.lean:1442:56: warning: This simp argument is unused:
  not_le

Hint: Omit it from the simp argument list.
  [apply] simp only [not_lt] at h ⊢

Note: This linter can be disabled with `set_option linter.unusedSimpArgs false`
SunPrize\Certificate\Theory000.lean:1444:56: warning: This simp argument is unused:
  not_le

Hint: Omit it from the simp argument list.
  [apply] simp only [not_lt] at h ⊢

Note: This linter can be disabled with `set_option linter.unusedSimpArgs false`
SunPrize\Certificate\Theory000.lean:1446:56: warning: This simp argument is unused:
  not_le

Hint: Omit it from the simp argument list.
  [apply] simp only [not_lt] at h ⊢

Note: This linter can be disabled with `set_option linter.unusedSimpArgs false`
SunPrize\Certificate\Theory000.lean:1448:56: warning: This simp argument is unused:
  not_le

Hint: Omit it from the simp argument list.
  [apply] simp only [not_lt] at h ⊢

Note: This linter can be disabled with `set_option linter.unusedSimpArgs false`
SunPrize\Certificate\Theory000.lean:1420:32: warning: Unused tactic linter: `(try simp only [not_lt, not_le] at h ⊢)` does nothing

Note: This linter can be disabled with `set_option linter.unusedTactic false`
SunPrize\Certificate\Theory000.lean:1422:32: warning: Unused tactic linter: `(try simp only [not_lt, not_le] at h ⊢)` does nothing

Note: This linter can be disabled with `set_option linter.unusedTactic false`
SunPrize\Certificate\Theory000.lean:1424:32: warning: Unused tactic linter: `(try simp only [not_lt, not_le] at h ⊢)` does nothing

Note: This linter can be disabled with `set_option linter.unusedTactic false`
SunPrize\Certificate\Theory000.lean:1440:32: warning: Unused tactic linter: `(try simp only [not_lt, not_le] at h ⊢)` does nothing

Note: This linter can be disabled with `set_option linter.unusedTactic false`
SunPrize\Certificate\Theory000.lean:1450:2: warning: Unused tactic linter: `all_goals clear e0 e1 e2 e3 e4 e5 e6 e7 e8 e9 e10 e11 e12 e13 e14 e15` does nothing

Note: This linter can be disabled with `set_option linter.unusedTactic false`
SunPrize\Certificate\Theory000.lean:1451:2: warning: Unused tactic linter: `all_goals tauto` does nothing

Note: This linter can be disabled with `set_option linter.unusedTactic false`
SunPrize\Certificate\Theory000.lean:1450:12: warning: this tactic is never executed

Note: This linter can be disabled with `set_option linter.unreachableTactic false`
SunPrize\Certificate\Theory000.lean:1451:12: warning: this tactic is never executed

Note: This linter can be disabled with `set_option linter.unreachableTactic false`
SunPrize\Certificate\Theory000.lean:1462:56: warning: This simp argument is unused:
  not_le

Hint: Omit it from the simp argument list.
  [apply] simp only [not_lt] at h ⊢

Note: This linter can be disabled with `set_option linter.unusedSimpArgs false`
SunPrize\Certificate\Theory000.lean:1464:56: warning: This simp argument is unused:
  not_le

Hint: Omit it from the simp argument list.
  [apply] simp only [not_lt] at h ⊢

Note: This linter can be disabled with `set_option linter.unusedSimpArgs false`
SunPrize\Certificate\Theory000.lean:1466:56: warning: This simp argument is unused:
  not_le

Hint: Omit it from the simp argument list.
  [apply] simp only [not_lt] at h ⊢

Note: This linter can be disabled with `set_option linter.unusedSimpArgs false`
SunPrize\Certificate\Theory000.lean:1468:56: warning: This simp argument is unused:
  not_le

Hint: Omit it from the simp argument list.
  [apply] simp only [not_lt] at h ⊢

Note: This linter can be disabled with `set_option linter.unusedSimpArgs false`
SunPrize\Certificate\Theory000.lean:1470:56: warning: This simp argument is unused:
  not_le

Hint: Omit it from the simp argument list.
  [apply] simp only [not_lt] at h ⊢

Note: This linter can be disabled with `set_option linter.unusedSimpArgs false`
SunPrize\Certificate\Theory000.lean:1472:56: warning: This simp argument is unused:
  not_le

Hint: Omit it from the simp argument list.
  [apply] simp only [not_lt] at h ⊢

Note: This linter can be disabled with `set_option linter.unusedSimpArgs false`
SunPrize\Certificate\Theory000.lean:1474:56: warning: This simp argument is unused:
  not_le

Hint: Omit it from the simp argument list.
  [apply] simp only [not_lt] at h ⊢

Note: This linter can be disabled with `set_option linter.unusedSimpArgs false`
SunPrize\Certificate\Theory000.lean:1478:56: warning: This simp argument is unused:
  not_le

Hint: Omit it from the simp argument list.
  [apply] simp only [not_lt] at h ⊢

Note: This linter can be disabled with `set_option linter.unusedSimpArgs false`
SunPrize\Certificate\Theory000.lean:1480:56: warning: This simp argument is unused:
  not_le

Hint: Omit it from the simp argument list.
  [apply] simp only [not_lt] at h ⊢

Note: This linter can be disabled with `set_option linter.unusedSimpArgs false`
SunPrize\Certificate\Theory000.lean:1482:56: warning: This simp argument is unused:
  not_le

Hint: Omit it from the simp argument list.
  [apply] simp only [not_lt] at h ⊢

Note: This linter can be disabled with `set_option linter.unusedSimpArgs false`
SunPrize\Certificate\Theory000.lean:1484:56: warning: This simp argument is unused:
  not_le

Hint: Omit it from the simp argument list.
  [apply] simp only [not_lt] at h ⊢

Note: This linter can be disabled with `set_option linter.unusedSimpArgs false`
SunPrize\Certificate\Theory000.lean:1486:56: warning: This simp argument is unused:
  not_le

Hint: Omit it from the simp argument list.
  [apply] simp only [not_lt] at h ⊢

Note: This linter can be disabled with `set_option linter.unusedSimpArgs false`
SunPrize\Certificate\Theory000.lean:1456:32: warning: Unused tactic linter: `(try simp only [not_lt, not_le] at h ⊢)` does nothing

Note: This linter can be disabled with `set_option linter.unusedTactic false`
SunPrize\Certificate\Theory000.lean:1458:32: warning: Unused tactic linter: `(try simp only [not_lt, not_le] at h ⊢)` does nothing

Note: This linter can be disabled with `set_option linter.unusedTactic false`
SunPrize\Certificate\Theory000.lean:1460:32: warning: Unused tactic linter: `(try simp only [not_lt, not_le] at h ⊢)` does nothing

Note: This linter can be disabled with `set_option linter.unusedTactic false`
SunPrize\Certificate\Theory000.lean:1476:32: warning: Unused tactic linter: `(try simp only [not_lt, not_le] at h ⊢)` does nothing

Note: This linter can be disabled with `set_option linter.unusedTactic false`
SunPrize\Certificate\Theory000.lean:1488:2: warning: Unused tactic linter: `all_goals clear e0 e1 e2 e3 e4 e5 e6 e7 e8 e9 e10 e11 e12 e13 e14 e15` does nothing

Note: This linter can be disabled with `set_option linter.unusedTactic false`
SunPrize\Certificate\Theory000.lean:1489:2: warning: Unused tactic linter: `all_goals tauto` does nothing

Note: This linter can be disabled with `set_option linter.unusedTactic false`
SunPrize\Certificate\Theory000.lean:1488:12: warning: this tactic is never executed

Note: This linter can be disabled with `set_option linter.unreachableTactic false`
SunPrize\Certificate\Theory000.lean:1489:12: warning: this tactic is never executed

Note: This linter can be disabled with `set_option linter.unreachableTactic false`
SunPrize\Certificate\Theory000.lean:1501:32: warning: Unused tactic linter: `(try simp only [not_lt, not_le] at h ⊢)` does nothing

Note: This linter can be disabled with `set_option linter.unusedTactic false`
SunPrize\Certificate\Theory000.lean:1503:32: warning: Unused tactic linter: `(try simp only [not_lt, not_le] at h ⊢)` does nothing

Note: This linter can be disabled with `set_option linter.unusedTactic false`
SunPrize\Certificate\Theory000.lean:1505:2: warning: Unused tactic linter: `all_goals clear e0 e1` does nothing

Note: This linter can be disabled with `set_option linter.unusedTactic false`
SunPrize\Certificate\Theory000.lean:1506:2: warning: Unused tactic linter: `all_goals tauto` does nothing

Note: This linter can be disabled with `set_option linter.unusedTactic false`
SunPrize\Certificate\Theory000.lean:1505:12: warning: this tactic is never executed

Note: This linter can be disabled with `set_option linter.unreachableTactic false`
SunPrize\Certificate\Theory000.lean:1506:12: warning: this tactic is never executed

Note: This linter can be disabled with `set_option linter.unreachableTactic false`
SunPrize\Certificate\Theory000.lean:1511:56: warning: This simp argument is unused:
  not_le

Hint: Omit it from the simp argument list.
  [apply] simp only [not_lt] at h ⊢

Note: This linter can be disabled with `set_option linter.unusedSimpArgs false`
SunPrize\Certificate\Theory000.lean:1519:56: warning: This simp argument is unused:
  not_le

Hint: Omit it from the simp argument list.
  [apply] simp only [not_lt] at h ⊢

Note: This linter can be disabled with `set_option linter.unusedSimpArgs false`
SunPrize\Certificate\Theory000.lean:1521:56: warning: This simp argument is unused:
  not_le

Hint: Omit it from the simp argument list.
  [apply] simp only [not_lt] at h ⊢

Note: This linter can be disabled with `set_option linter.unusedSimpArgs false`
SunPrize\Certificate\Theory000.lean:1523:56: warning: This simp argument is unused:
  not_le

Hint: Omit it from the simp argument list.
  [apply] simp only [not_lt] at h ⊢

Note: This linter can be disabled with `set_option linter.unusedSimpArgs false`
SunPrize\Certificate\Theory000.lean:1525:56: warning: This simp argument is unused:
  not_le

Hint: Omit it from the simp argument list.
  [apply] simp only [not_lt] at h ⊢

Note: This linter can be disabled with `set_option linter.unusedSimpArgs false`
SunPrize\Certificate\Theory000.lean:1527:56: warning: This simp argument is unused:
  not_le

Hint: Omit it from the simp argument list.
  [apply] simp only [not_lt] at h ⊢

Note: This linter can be disabled with `set_option linter.unusedSimpArgs false`
SunPrize\Certificate\Theory000.lean:1529:56: warning: This simp argument is unused:
  not_le

Hint: Omit it from the simp argument list.
  [apply] simp only [not_lt] at h ⊢

Note: This linter can be disabled with `set_option linter.unusedSimpArgs false`
SunPrize\Certificate\Theory000.lean:1531:56: warning: This simp argument is unused:
  not_le

Hint: Omit it from the simp argument list.
  [apply] simp only [not_lt] at h ⊢

Note: This linter can be disabled with `set_option linter.unusedSimpArgs false`
SunPrize\Certificate\Theory000.lean:1535:56: warning: This simp argument is unused:
  not_le

Hint: Omit it from the simp argument list.
  [apply] simp only [not_lt] at h ⊢

Note: This linter can be disabled with `set_option linter.unusedSimpArgs false`
SunPrize\Certificate\Theory000.lean:1537:56: warning: This simp argument is unused:
  not_le

Hint: Omit it from the simp argument list.
  [apply] simp only [not_lt] at h ⊢

Note: This linter can be disabled with `set_option linter.unusedSimpArgs false`
SunPrize\Certificate\Theory000.lean:1539:56: warning: This simp argument is unused:
  not_le

Hint: Omit it from the simp argument list.
  [apply] simp only [not_lt] at h ⊢

Note: This linter can be disabled with `set_option linter.unusedSimpArgs false`
SunPrize\Certificate\Theory000.lean:1541:56: warning: This simp argument is unused:
  not_le

Hint: Omit it from the simp argument list.
  [apply] simp only [not_lt] at h ⊢

Note: This linter can be disabled with `set_option linter.unusedSimpArgs false`
SunPrize\Certificate\Theory000.lean:1513:32: warning: Unused tactic linter: `(try simp only [not_lt, not_le] at h ⊢)` does nothing

Note: This linter can be disabled with `set_option linter.unusedTactic false`
SunPrize\Certificate\Theory000.lean:1515:32: warning: Unused tactic linter: `(try simp only [not_lt, not_le] at h ⊢)` does nothing

Note: This linter can be disabled with `set_option linter.unusedTactic false`
SunPrize\Certificate\Theory000.lean:1517:32: warning: Unused tactic linter: `(try simp only [not_lt, not_le] at h ⊢)` does nothing

Note: This linter can be disabled with `set_option linter.unusedTactic false`
SunPrize\Certificate\Theory000.lean:1533:32: warning: Unused tactic linter: `(try simp only [not_lt, not_le] at h ⊢)` does nothing

Note: This linter can be disabled with `set_option linter.unusedTactic false`
SunPrize\Certificate\Theory000.lean:1543:2: warning: Unused tactic linter: `all_goals clear e0 e1 e2 e3 e4 e5 e6 e7 e8 e9 e10 e11 e12 e13 e14 e15` does nothing

Note: This linter can be disabled with `set_option linter.unusedTactic false`
SunPrize\Certificate\Theory000.lean:1544:2: warning: Unused tactic linter: `all_goals tauto` does nothing

Note: This linter can be disabled with `set_option linter.unusedTactic false`
SunPrize\Certificate\Theory000.lean:1543:12: warning: this tactic is never executed

Note: This linter can be disabled with `set_option linter.unreachableTactic false`
SunPrize\Certificate\Theory000.lean:1544:12: warning: this tactic is never executed

Note: This linter can be disabled with `set_option linter.unreachableTactic false`
SunPrize\Certificate\Theory000.lean:1549:32: warning: Unused tactic linter: `(try simp only [not_lt, not_le] at h ⊢)` does nothing

Note: This linter can be disabled with `set_option linter.unusedTactic false`
SunPrize\Certificate\Theory000.lean:1551:32: warning: Unused tactic linter: `(try simp only [not_lt, not_le] at h ⊢)` does nothing

Note: This linter can be disabled with `set_option linter.unusedTactic false`
SunPrize\Certificate\Theory000.lean:1553:2: warning: Unused tactic linter: `all_goals clear e0 e1` does nothing

Note: This linter can be disabled with `set_option linter.unusedTactic false`
SunPrize\Certificate\Theory000.lean:1554:2: warning: Unused tactic linter: `all_goals tauto` does nothing

Note: This linter can be disabled with `set_option linter.unusedTactic false`
SunPrize\Certificate\Theory000.lean:1553:12: warning: this tactic is never executed

Note: This linter can be disabled with `set_option linter.unreachableTactic false`
SunPrize\Certificate\Theory000.lean:1554:12: warning: this tactic is never executed

Note: This linter can be disabled with `set_option linter.unreachableTactic false`
SunPrize\Certificate\Theory000.lean:1559:56: warning: This simp argument is unused:
  not_le

Hint: Omit it from the simp argument list.
  [apply] simp only [not_lt] at h ⊢

Note: This linter can be disabled with `set_option linter.unusedSimpArgs false`
SunPrize\Certificate\Theory000.lean:1567:56: warning: This simp argument is unused:
  not_le

Hint: Omit it from the simp argument list.
  [apply] simp only [not_lt] at h ⊢

Note: This linter can be disabled with `set_option linter.unusedSimpArgs false`
SunPrize\Certificate\Theory000.lean:1569:56: warning: This simp argument is unused:
  not_le

Hint: Omit it from the simp argument list.
  [apply] simp only [not_lt] at h ⊢

Note: This linter can be disabled with `set_option linter.unusedSimpArgs false`
SunPrize\Certificate\Theory000.lean:1571:56: warning: This simp argument is unused:
  not_le

Hint: Omit it from the simp argument list.
  [apply] simp only [not_lt] at h ⊢

Note: This linter can be disabled with `set_option linter.unusedSimpArgs false`
SunPrize\Certificate\Theory000.lean:1573:56: warning: This simp argument is unused:
  not_le

Hint: Omit it from the simp argument list.
  [apply] simp only [not_lt] at h ⊢

Note: This linter can be disabled with `set_option linter.unusedSimpArgs false`
SunPrize\Certificate\Theory000.lean:1575:56: warning: This simp argument is unused:
  not_le

Hint: Omit it from the simp argument list.
  [apply] simp only [not_lt] at h ⊢

Note: This linter can be disabled with `set_option linter.unusedSimpArgs false`
SunPrize\Certificate\Theory000.lean:1577:56: warning: This simp argument is unused:
  not_le

Hint: Omit it from the simp argument list.
  [apply] simp only [not_lt] at h ⊢

Note: This linter can be disabled with `set_option linter.unusedSimpArgs false`
SunPrize\Certificate\Theory000.lean:1579:56: warning: This simp argument is unused:
  not_le

Hint: Omit it from the simp argument list.
  [apply] simp only [not_lt] at h ⊢

Note: This linter can be disabled with `set_option linter.unusedSimpArgs false`
SunPrize\Certificate\Theory000.lean:1583:56: warning: This simp argument is unused:
  not_le

Hint: Omit it from the simp argument list.
  [apply] simp only [not_lt] at h ⊢

Note: This linter can be disabled with `set_option linter.unusedSimpArgs false`
SunPrize\Certificate\Theory000.lean:1585:56: warning: This simp argument is unused:
  not_le

Hint: Omit it from the simp argument list.
  [apply] simp only [not_lt] at h ⊢

Note: This linter can be disabled with `set_option linter.unusedSimpArgs false`
SunPrize\Certificate\Theory000.lean:1587:56: warning: This simp argument is unused:
  not_le

Hint: Omit it from the simp argument list.
  [apply] simp only [not_lt] at h ⊢

Note: This linter can be disabled with `set_option linter.unusedSimpArgs false`
SunPrize\Certificate\Theory000.lean:1589:56: warning: This simp argument is unused:
  not_le

Hint: Omit it from the simp argument list.
  [apply] simp only [not_lt] at h ⊢

Note: This linter can be disabled with `set_option linter.unusedSimpArgs false`
SunPrize\Certificate\Theory000.lean:1561:32: warning: Unused tactic linter: `(try simp only [not_lt, not_le] at h ⊢)` does nothing

Note: This linter can be disabled with `set_option linter.unusedTactic false`
SunPrize\Certificate\Theory000.lean:1563:32: warning: Unused tactic linter: `(try simp only [not_lt, not_le] at h ⊢)` does nothing

Note: This linter can be disabled with `set_option linter.unusedTactic false`
SunPrize\Certificate\Theory000.lean:1565:32: warning: Unused tactic linter: `(try simp only [not_lt, not_le] at h ⊢)` does nothing

Note: This linter can be disabled with `set_option linter.unusedTactic false`
SunPrize\Certificate\Theory000.lean:1581:32: warning: Unused tactic linter: `(try simp only [not_lt, not_le] at h ⊢)` does nothing

Note: This linter can be disabled with `set_option linter.unusedTactic false`
SunPrize\Certificate\Theory000.lean:1591:2: warning: Unused tactic linter: `all_goals clear e0 e1 e2 e3 e4 e5 e6 e7 e8 e9 e10 e11 e12 e13 e14 e15` does nothing

Note: This linter can be disabled with `set_option linter.unusedTactic false`
SunPrize\Certificate\Theory000.lean:1592:2: warning: Unused tactic linter: `all_goals tauto` does nothing

Note: This linter can be disabled with `set_option linter.unusedTactic false`
SunPrize\Certificate\Theory000.lean:1591:12: warning: this tactic is never executed

Note: This linter can be disabled with `set_option linter.unreachableTactic false`
SunPrize\Certificate\Theory000.lean:1592:12: warning: this tactic is never executed

Note: This linter can be disabled with `set_option linter.unreachableTactic false`
SunPrize\Certificate\Theory000.lean:1597:56: warning: This simp argument is unused:
  not_le

Hint: Omit it from the simp argument list.
  [apply] simp only [not_lt] at h ⊢

Note: This linter can be disabled with `set_option linter.unusedSimpArgs false`
SunPrize\Certificate\Theory000.lean:1605:56: warning: This simp argument is unused:
  not_le

Hint: Omit it from the simp argument list.
  [apply] simp only [not_lt] at h ⊢

Note: This linter can be disabled with `set_option linter.unusedSimpArgs false`
SunPrize\Certificate\Theory000.lean:1607:56: warning: This simp argument is unused:
  not_le

Hint: Omit it from the simp argument list.
  [apply] simp only [not_lt] at h ⊢

Note: This linter can be disabled with `set_option linter.unusedSimpArgs false`
SunPrize\Certificate\Theory000.lean:1609:56: warning: This simp argument is unused:
  not_le

Hint: Omit it from the simp argument list.
  [apply] simp only [not_lt] at h ⊢

Note: This linter can be disabled with `set_option linter.unusedSimpArgs false`
SunPrize\Certificate\Theory000.lean:1611:56: warning: This simp argument is unused:
  not_le

Hint: Omit it from the simp argument list.
  [apply] simp only [not_lt] at h ⊢

Note: This linter can be disabled with `set_option linter.unusedSimpArgs false`
SunPrize\Certificate\Theory000.lean:1613:56: warning: This simp argument is unused:
  not_le

Hint: Omit it from the simp argument list.
  [apply] simp only [not_lt] at h ⊢

Note: This linter can be disabled with `set_option linter.unusedSimpArgs false`
SunPrize\Certificate\Theory000.lean:1615:56: warning: This simp argument is unused:
  not_le

Hint: Omit it from the simp argument list.
  [apply] simp only [not_lt] at h ⊢

Note: This linter can be disabled with `set_option linter.unusedSimpArgs false`
SunPrize\Certificate\Theory000.lean:1617:56: warning: This simp argument is unused:
  not_le

Hint: Omit it from the simp argument list.
  [apply] simp only [not_lt] at h ⊢

Note: This linter can be disabled with `set_option linter.unusedSimpArgs false`
SunPrize\Certificate\Theory000.lean:1621:56: warning: This simp argument is unused:
  not_le

Hint: Omit it from the simp argument list.
  [apply] simp only [not_lt] at h ⊢

Note: This linter can be disabled with `set_option linter.unusedSimpArgs false`
SunPrize\Certificate\Theory000.lean:1623:56: warning: This simp argument is unused:
  not_le

Hint: Omit it from the simp argument list.
  [apply] simp only [not_lt] at h ⊢

Note: This linter can be disabled with `set_option linter.unusedSimpArgs false`
SunPrize\Certificate\Theory000.lean:1625:56: warning: This simp argument is unused:
  not_le

Hint: Omit it from the simp argument list.
  [apply] simp only [not_lt] at h ⊢

Note: This linter can be disabled with `set_option linter.unusedSimpArgs false`
SunPrize\Certificate\Theory000.lean:1627:56: warning: This simp argument is unused:
  not_le

Hint: Omit it from the simp argument list.
  [apply] simp only [not_lt] at h ⊢

Note: This linter can be disabled with `set_option linter.unusedSimpArgs false`
SunPrize\Certificate\Theory000.lean:1599:32: warning: Unused tactic linter: `(try simp only [not_lt, not_le] at h ⊢)` does nothing

Note: This linter can be disabled with `set_option linter.unusedTactic false`
SunPrize\Certificate\Theory000.lean:1601:32: warning: Unused tactic linter: `(try simp only [not_lt, not_le] at h ⊢)` does nothing

Note: This linter can be disabled with `set_option linter.unusedTactic false`
SunPrize\Certificate\Theory000.lean:1603:32: warning: Unused tactic linter: `(try simp only [not_lt, not_le] at h ⊢)` does nothing

Note: This linter can be disabled with `set_option linter.unusedTactic false`
SunPrize\Certificate\Theory000.lean:1619:32: warning: Unused tactic linter: `(try simp only [not_lt, not_le] at h ⊢)` does nothing

Note: This linter can be disabled with `set_option linter.unusedTactic false`
SunPrize\Certificate\Theory000.lean:1629:2: warning: Unused tactic linter: `all_goals clear e0 e1 e2 e3 e4 e5 e6 e7 e8 e9 e10 e11 e12 e13 e14 e15` does nothing

Note: This linter can be disabled with `set_option linter.unusedTactic false`
SunPrize\Certificate\Theory000.lean:1630:2: warning: Unused tactic linter: `all_goals tauto` does nothing

Note: This linter can be disabled with `set_option linter.unusedTactic false`
SunPrize\Certificate\Theory000.lean:1629:12: warning: this tactic is never executed

Note: This linter can be disabled with `set_option linter.unreachableTactic false`
SunPrize\Certificate\Theory000.lean:1630:12: warning: this tactic is never executed

Note: This linter can be disabled with `set_option linter.unreachableTactic false`
SunPrize\Certificate\Theory000.lean:1635:56: warning: This simp argument is unused:
  not_le

Hint: Omit it from the simp argument list.
  [apply] simp only [not_lt] at h ⊢

Note: This linter can be disabled with `set_option linter.unusedSimpArgs false`
SunPrize\Certificate\Theory000.lean:1643:56: warning: This simp argument is unused:
  not_le

Hint: Omit it from the simp argument list.
  [apply] simp only [not_lt] at h ⊢

Note: This linter can be disabled with `set_option linter.unusedSimpArgs false`
SunPrize\Certificate\Theory000.lean:1645:56: warning: This simp argument is unused:
  not_le

Hint: Omit it from the simp argument list.
  [apply] simp only [not_lt] at h ⊢

Note: This linter can be disabled with `set_option linter.unusedSimpArgs false`
SunPrize\Certificate\Theory000.lean:1647:56: warning: This simp argument is unused:
  not_le

Hint: Omit it from the simp argument list.
  [apply] simp only [not_lt] at h ⊢

Note: This linter can be disabled with `set_option linter.unusedSimpArgs false`
SunPrize\Certificate\Theory000.lean:1649:56: warning: This simp argument is unused:
  not_le

Hint: Omit it from the simp argument list.
  [apply] simp only [not_lt] at h ⊢

Note: This linter can be disabled with `set_option linter.unusedSimpArgs false`
SunPrize\Certificate\Theory000.lean:1651:56: warning: This simp argument is unused:
  not_le

Hint: Omit it from the simp argument list.
  [apply] simp only [not_lt] at h ⊢

Note: This linter can be disabled with `set_option linter.unusedSimpArgs false`
SunPrize\Certificate\Theory000.lean:1653:56: warning: This simp argument is unused:
  not_le

Hint: Omit it from the simp argument list.
  [apply] simp only [not_lt] at h ⊢

Note: This linter can be disabled with `set_option linter.unusedSimpArgs false`
SunPrize\Certificate\Theory000.lean:1655:56: warning: This simp argument is unused:
  not_le

Hint: Omit it from the simp argument list.
  [apply] simp only [not_lt] at h ⊢

Note: This linter can be disabled with `set_option linter.unusedSimpArgs false`
SunPrize\Certificate\Theory000.lean:1659:56: warning: This simp argument is unused:
  not_le

Hint: Omit it from the simp argument list.
  [apply] simp only [not_lt] at h ⊢

Note: This linter can be disabled with `set_option linter.unusedSimpArgs false`
SunPrize\Certificate\Theory000.lean:1661:56: warning: This simp argument is unused:
  not_le

Hint: Omit it from the simp argument list.
  [apply] simp only [not_lt] at h ⊢

Note: This linter can be disabled with `set_option linter.unusedSimpArgs false`
SunPrize\Certificate\Theory000.lean:1663:56: warning: This simp argument is unused:
  not_le

Hint: Omit it from the simp argument list.
  [apply] simp only [not_lt] at h ⊢

Note: This linter can be disabled with `set_option linter.unusedSimpArgs false`
SunPrize\Certificate\Theory000.lean:1665:56: warning: This simp argument is unused:
  not_le

Hint: Omit it from the simp argument list.
  [apply] simp only [not_lt] at h ⊢

Note: This linter can be disabled with `set_option linter.unusedSimpArgs false`
SunPrize\Certificate\Theory000.lean:1637:32: warning: Unused tactic linter: `(try simp only [not_lt, not_le] at h ⊢)` does nothing

Note: This linter can be disabled with `set_option linter.unusedTactic false`
SunPrize\Certificate\Theory000.lean:1639:32: warning: Unused tactic linter: `(try simp only [not_lt, not_le] at h ⊢)` does nothing

Note: This linter can be disabled with `set_option linter.unusedTactic false`
SunPrize\Certificate\Theory000.lean:1641:32: warning: Unused tactic linter: `(try simp only [not_lt, not_le] at h ⊢)` does nothing

Note: This linter can be disabled with `set_option linter.unusedTactic false`
SunPrize\Certificate\Theory000.lean:1657:32: warning: Unused tactic linter: `(try simp only [not_lt, not_le] at h ⊢)` does nothing

Note: This linter can be disabled with `set_option linter.unusedTactic false`
SunPrize\Certificate\Theory000.lean:1667:2: warning: Unused tactic linter: `all_goals clear e0 e1 e2 e3 e4 e5 e6 e7 e8 e9 e10 e11 e12 e13 e14 e15` does nothing

Note: This linter can be disabled with `set_option linter.unusedTactic false`
SunPrize\Certificate\Theory000.lean:1668:2: warning: Unused tactic linter: `all_goals tauto` does nothing

Note: This linter can be disabled with `set_option linter.unusedTactic false`
SunPrize\Certificate\Theory000.lean:1667:12: warning: this tactic is never executed

Note: This linter can be disabled with `set_option linter.unreachableTactic false`
SunPrize\Certificate\Theory000.lean:1668:12: warning: this tactic is never executed

Note: This linter can be disabled with `set_option linter.unreachableTactic false`
SunPrize\Certificate\Theory000.lean:1680:32: warning: Unused tactic linter: `(try simp only [not_lt, not_le] at h ⊢)` does nothing

Note: This linter can be disabled with `set_option linter.unusedTactic false`
SunPrize\Certificate\Theory000.lean:1682:32: warning: Unused tactic linter: `(try simp only [not_lt, not_le] at h ⊢)` does nothing

Note: This linter can be disabled with `set_option linter.unusedTactic false`
SunPrize\Certificate\Theory000.lean:1684:2: warning: Unused tactic linter: `all_goals clear e0 e1` does nothing

Note: This linter can be disabled with `set_option linter.unusedTactic false`
SunPrize\Certificate\Theory000.lean:1685:2: warning: Unused tactic linter: `all_goals tauto` does nothing

Note: This linter can be disabled with `set_option linter.unusedTactic false`
SunPrize\Certificate\Theory000.lean:1684:12: warning: this tactic is never executed

Note: This linter can be disabled with `set_option linter.unreachableTactic false`
SunPrize\Certificate\Theory000.lean:1685:12: warning: this tactic is never executed

Note: This linter can be disabled with `set_option linter.unreachableTactic false`
SunPrize\Certificate\Theory000.lean:1696:56: warning: This simp argument is unused:
  not_le

Hint: Omit it from the simp argument list.
  [apply] simp only [not_lt] at h ⊢

Note: This linter can be disabled with `set_option linter.unusedSimpArgs false`
SunPrize\Certificate\Theory000.lean:1698:56: warning: This simp argument is unused:
  not_le

Hint: Omit it from the simp argument list.
  [apply] simp only [not_lt] at h ⊢

Note: This linter can be disabled with `set_option linter.unusedSimpArgs false`
SunPrize\Certificate\Theory000.lean:1700:56: warning: This simp argument is unused:
  not_le

Hint: Omit it from the simp argument list.
  [apply] simp only [not_lt] at h ⊢

Note: This linter can be disabled with `set_option linter.unusedSimpArgs false`
SunPrize\Certificate\Theory000.lean:1702:56: warning: This simp argument is unused:
  not_le

Hint: Omit it from the simp argument list.
  [apply] simp only [not_lt] at h ⊢

Note: This linter can be disabled with `set_option linter.unusedSimpArgs false`
SunPrize\Certificate\Theory000.lean:1704:56: warning: This simp argument is unused:
  not_le

Hint: Omit it from the simp argument list.
  [apply] simp only [not_lt] at h ⊢

Note: This linter can be disabled with `set_option linter.unusedSimpArgs false`
SunPrize\Certificate\Theory000.lean:1706:56: warning: This simp argument is unused:
  not_le

Hint: Omit it from the simp argument list.
  [apply] simp only [not_lt] at h ⊢

Note: This linter can be disabled with `set_option linter.unusedSimpArgs false`
SunPrize\Certificate\Theory000.lean:1708:56: warning: This simp argument is unused:
  not_le

Hint: Omit it from the simp argument list.
  [apply] simp only [not_lt] at h ⊢

Note: This linter can be disabled with `set_option linter.unusedSimpArgs false`
SunPrize\Certificate\Theory000.lean:1712:56: warning: This simp argument is unused:
  not_le

Hint: Omit it from the simp argument list.
  [apply] simp only [not_lt] at h ⊢

Note: This linter can be disabled with `set_option linter.unusedSimpArgs false`
SunPrize\Certificate\Theory000.lean:1714:56: warning: This simp argument is unused:
  not_le

Hint: Omit it from the simp argument list.
  [apply] simp only [not_lt] at h ⊢

Note: This linter can be disabled with `set_option linter.unusedSimpArgs false`
SunPrize\Certificate\Theory000.lean:1716:56: warning: This simp argument is unused:
  not_le

Hint: Omit it from the simp argument list.
  [apply] simp only [not_lt] at h ⊢

Note: This linter can be disabled with `set_option linter.unusedSimpArgs false`
SunPrize\Certificate\Theory000.lean:1718:56: warning: This simp argument is unused:
  not_le

Hint: Omit it from the simp argument list.
  [apply] simp only [not_lt] at h ⊢

Note: This linter can be disabled with `set_option linter.unusedSimpArgs false`
SunPrize\Certificate\Theory000.lean:1720:56: warning: This simp argument is unused:
  not_le

Hint: Omit it from the simp argument list.
  [apply] simp only [not_lt] at h ⊢

Note: This linter can be disabled with `set_option linter.unusedSimpArgs false`
SunPrize\Certificate\Theory000.lean:1690:32: warning: Unused tactic linter: `(try simp only [not_lt, not_le] at h ⊢)` does nothing

Note: This linter can be disabled with `set_option linter.unusedTactic false`
SunPrize\Certificate\Theory000.lean:1692:32: warning: Unused tactic linter: `(try simp only [not_lt, not_le] at h ⊢)` does nothing

Note: This linter can be disabled with `set_option linter.unusedTactic false`
SunPrize\Certificate\Theory000.lean:1694:32: warning: Unused tactic linter: `(try simp only [not_lt, not_le] at h ⊢)` does nothing

Note: This linter can be disabled with `set_option linter.unusedTactic false`
SunPrize\Certificate\Theory000.lean:1710:32: warning: Unused tactic linter: `(try simp only [not_lt, not_le] at h ⊢)` does nothing

Note: This linter can be disabled with `set_option linter.unusedTactic false`
SunPrize\Certificate\Theory000.lean:1722:2: warning: Unused tactic linter: `all_goals clear e0 e1 e2 e3 e4 e5 e6 e7 e8 e9 e10 e11 e12 e13 e14 e15` does nothing

Note: This linter can be disabled with `set_option linter.unusedTactic false`
SunPrize\Certificate\Theory000.lean:1723:2: warning: Unused tactic linter: `all_goals tauto` does nothing

Note: This linter can be disabled with `set_option linter.unusedTactic false`
SunPrize\Certificate\Theory000.lean:1722:12: warning: this tactic is never executed

Note: This linter can be disabled with `set_option linter.unreachableTactic false`
SunPrize\Certificate\Theory000.lean:1723:12: warning: this tactic is never executed

Note: This linter can be disabled with `set_option linter.unreachableTactic false`
SunPrize\Certificate\Theory000.lean:1734:56: warning: This simp argument is unused:
  not_le

Hint: Omit it from the simp argument list.
  [apply] simp only [not_lt] at h ⊢

Note: This linter can be disabled with `set_option linter.unusedSimpArgs false`
SunPrize\Certificate\Theory000.lean:1736:56: warning: This simp argument is unused:
  not_le

Hint: Omit it from the simp argument list.
  [apply] simp only [not_lt] at h ⊢

Note: This linter can be disabled with `set_option linter.unusedSimpArgs false`
SunPrize\Certificate\Theory000.lean:1738:56: warning: This simp argument is unused:
  not_le

Hint: Omit it from the simp argument list.
  [apply] simp only [not_lt] at h ⊢

Note: This linter can be disabled with `set_option linter.unusedSimpArgs false`
SunPrize\Certificate\Theory000.lean:1740:56: warning: This simp argument is unused:
  not_le

Hint: Omit it from the simp argument list.
  [apply] simp only [not_lt] at h ⊢

Note: This linter can be disabled with `set_option linter.unusedSimpArgs false`
SunPrize\Certificate\Theory000.lean:1742:56: warning: This simp argument is unused:
  not_le

Hint: Omit it from the simp argument list.
  [apply] simp only [not_lt] at h ⊢

Note: This linter can be disabled with `set_option linter.unusedSimpArgs false`
SunPrize\Certificate\Theory000.lean:1744:56: warning: This simp argument is unused:
  not_le

Hint: Omit it from the simp argument list.
  [apply] simp only [not_lt] at h ⊢

Note: This linter can be disabled with `set_option linter.unusedSimpArgs false`
SunPrize\Certificate\Theory000.lean:1746:56: warning: This simp argument is unused:
  not_le

Hint: Omit it from the simp argument list.
  [apply] simp only [not_lt] at h ⊢

Note: This linter can be disabled with `set_option linter.unusedSimpArgs false`
SunPrize\Certificate\Theory000.lean:1750:56: warning: This simp argument is unused:
  not_le

Hint: Omit it from the simp argument list.
  [apply] simp only [not_lt] at h ⊢

Note: This linter can be disabled with `set_option linter.unusedSimpArgs false`
SunPrize\Certificate\Theory000.lean:1752:56: warning: This simp argument is unused:
  not_le

Hint: Omit it from the simp argument list.
  [apply] simp only [not_lt] at h ⊢

Note: This linter can be disabled with `set_option linter.unusedSimpArgs false`
SunPrize\Certificate\Theory000.lean:1754:56: warning: This simp argument is unused:
  not_le

Hint: Omit it from the simp argument list.
  [apply] simp only [not_lt] at h ⊢

Note: This linter can be disabled with `set_option linter.unusedSimpArgs false`
SunPrize\Certificate\Theory000.lean:1756:56: warning: This simp argument is unused:
  not_le

Hint: Omit it from the simp argument list.
  [apply] simp only [not_lt] at h ⊢

Note: This linter can be disabled with `set_option linter.unusedSimpArgs false`
SunPrize\Certificate\Theory000.lean:1758:56: warning: This simp argument is unused:
  not_le

Hint: Omit it from the simp argument list.
  [apply] simp only [not_lt] at h ⊢

Note: This linter can be disabled with `set_option linter.unusedSimpArgs false`
SunPrize\Certificate\Theory000.lean:1728:32: warning: Unused tactic linter: `(try simp only [not_lt, not_le] at h ⊢)` does nothing

Note: This linter can be disabled with `set_option linter.unusedTactic false`
SunPrize\Certificate\Theory000.lean:1730:32: warning: Unused tactic linter: `(try simp only [not_lt, not_le] at h ⊢)` does nothing

Note: This linter can be disabled with `set_option linter.unusedTactic false`
SunPrize\Certificate\Theory000.lean:1732:32: warning: Unused tactic linter: `(try simp only [not_lt, not_le] at h ⊢)` does nothing

Note: This linter can be disabled with `set_option linter.unusedTactic false`
SunPrize\Certificate\Theory000.lean:1748:32: warning: Unused tactic linter: `(try simp only [not_lt, not_le] at h ⊢)` does nothing

Note: This linter can be disabled with `set_option linter.unusedTactic false`
SunPrize\Certificate\Theory000.lean:1760:2: warning: Unused tactic linter: `all_goals clear e0 e1 e2 e3 e4 e5 e6 e7 e8 e9 e10 e11 e12 e13 e14 e15` does nothing

Note: This linter can be disabled with `set_option linter.unusedTactic false`
SunPrize\Certificate\Theory000.lean:1761:2: warning: Unused tactic linter: `all_goals tauto` does nothing

Note: This linter can be disabled with `set_option linter.unusedTactic false`
SunPrize\Certificate\Theory000.lean:1760:12: warning: this tactic is never executed

Note: This linter can be disabled with `set_option linter.unreachableTactic false`
SunPrize\Certificate\Theory000.lean:1761:12: warning: this tactic is never executed

Note: This linter can be disabled with `set_option linter.unreachableTactic false`
SunPrize\Certificate\Theory000.lean:1766:32: warning: Unused tactic linter: `(try simp only [not_lt, not_le] at h ⊢)` does nothing

Note: This linter can be disabled with `set_option linter.unusedTactic false`
SunPrize\Certificate\Theory000.lean:1768:32: warning: Unused tactic linter: `(try simp only [not_lt, not_le] at h ⊢)` does nothing

Note: This linter can be disabled with `set_option linter.unusedTactic false`
SunPrize\Certificate\Theory000.lean:1770:2: warning: Unused tactic linter: `all_goals clear e0 e1` does nothing

Note: This linter can be disabled with `set_option linter.unusedTactic false`
SunPrize\Certificate\Theory000.lean:1771:2: warning: Unused tactic linter: `all_goals tauto` does nothing

Note: This linter can be disabled with `set_option linter.unusedTactic false`
SunPrize\Certificate\Theory000.lean:1770:12: warning: this tactic is never executed

Note: This linter can be disabled with `set_option linter.unreachableTactic false`
SunPrize\Certificate\Theory000.lean:1771:12: warning: this tactic is never executed

Note: This linter can be disabled with `set_option linter.unreachableTactic false`
SunPrize\Certificate\Theory000.lean:1776:56: warning: This simp argument is unused:
  not_le

Hint: Omit it from the simp argument list.
  [apply] simp only [not_lt] at h ⊢

Note: This linter can be disabled with `set_option linter.unusedSimpArgs false`
SunPrize\Certificate\Theory000.lean:1784:56: warning: This simp argument is unused:
  not_le

Hint: Omit it from the simp argument list.
  [apply] simp only [not_lt] at h ⊢

Note: This linter can be disabled with `set_option linter.unusedSimpArgs false`
SunPrize\Certificate\Theory000.lean:1786:56: warning: This simp argument is unused:
  not_le

Hint: Omit it from the simp argument list.
  [apply] simp only [not_lt] at h ⊢

Note: This linter can be disabled with `set_option linter.unusedSimpArgs false`
SunPrize\Certificate\Theory000.lean:1788:56: warning: This simp argument is unused:
  not_le

Hint: Omit it from the simp argument list.
  [apply] simp only [not_lt] at h ⊢

Note: This linter can be disabled with `set_option linter.unusedSimpArgs false`
SunPrize\Certificate\Theory000.lean:1790:56: warning: This simp argument is unused:
  not_le

Hint: Omit it from the simp argument list.
  [apply] simp only [not_lt] at h ⊢

Note: This linter can be disabled with `set_option linter.unusedSimpArgs false`
SunPrize\Certificate\Theory000.lean:1792:56: warning: This simp argument is unused:
  not_le

Hint: Omit it from the simp argument list.
  [apply] simp only [not_lt] at h ⊢

Note: This linter can be disabled with `set_option linter.unusedSimpArgs false`
SunPrize\Certificate\Theory000.lean:1794:56: warning: This simp argument is unused:
  not_le

Hint: Omit it from the simp argument list.
  [apply] simp only [not_lt] at h ⊢

Note: This linter can be disabled with `set_option linter.unusedSimpArgs false`
SunPrize\Certificate\Theory000.lean:1796:56: warning: This simp argument is unused:
  not_le

Hint: Omit it from the simp argument list.
  [apply] simp only [not_lt] at h ⊢

Note: This linter can be disabled with `set_option linter.unusedSimpArgs false`
SunPrize\Certificate\Theory000.lean:1800:56: warning: This simp argument is unused:
  not_le

Hint: Omit it from the simp argument list.
  [apply] simp only [not_lt] at h ⊢

Note: This linter can be disabled with `set_option linter.unusedSimpArgs false`
SunPrize\Certificate\Theory000.lean:1802:56: warning: This simp argument is unused:
  not_le

Hint: Omit it from the simp argument list.
  [apply] simp only [not_lt] at h ⊢

Note: This linter can be disabled with `set_option linter.unusedSimpArgs false`
SunPrize\Certificate\Theory000.lean:1804:56: warning: This simp argument is unused:
  not_le

Hint: Omit it from the simp argument list.
  [apply] simp only [not_lt] at h ⊢

Note: This linter can be disabled with `set_option linter.unusedSimpArgs false`
SunPrize\Certificate\Theory000.lean:1806:56: warning: This simp argument is unused:
  not_le

Hint: Omit it from the simp argument list.
  [apply] simp only [not_lt] at h ⊢

Note: This linter can be disabled with `set_option linter.unusedSimpArgs false`
SunPrize\Certificate\Theory000.lean:1778:32: warning: Unused tactic linter: `(try simp only [not_lt, not_le] at h ⊢)` does nothing

Note: This linter can be disabled with `set_option linter.unusedTactic false`
SunPrize\Certificate\Theory000.lean:1780:32: warning: Unused tactic linter: `(try simp only [not_lt, not_le] at h ⊢)` does nothing

Note: This linter can be disabled with `set_option linter.unusedTactic false`
SunPrize\Certificate\Theory000.lean:1782:32: warning: Unused tactic linter: `(try simp only [not_lt, not_le] at h ⊢)` does nothing

Note: This linter can be disabled with `set_option linter.unusedTactic false`
SunPrize\Certificate\Theory000.lean:1798:32: warning: Unused tactic linter: `(try simp only [not_lt, not_le] at h ⊢)` does nothing

Note: This linter can be disabled with `set_option linter.unusedTactic false`
SunPrize\Certificate\Theory000.lean:1808:2: warning: Unused tactic linter: `all_goals clear e0 e1 e2 e3 e4 e5 e6 e7 e8 e9 e10 e11 e12 e13 e14 e15` does nothing

Note: This linter can be disabled with `set_option linter.unusedTactic false`
SunPrize\Certificate\Theory000.lean:1809:2: warning: Unused tactic linter: `all_goals tauto` does nothing

Note: This linter can be disabled with `set_option linter.unusedTactic false`
SunPrize\Certificate\Theory000.lean:1808:12: warning: this tactic is never executed

Note: This linter can be disabled with `set_option linter.unreachableTactic false`
SunPrize\Certificate\Theory000.lean:1809:12: warning: this tactic is never executed

Note: This linter can be disabled with `set_option linter.unreachableTactic false`
SunPrize\Certificate\Theory000.lean:1820:56: warning: This simp argument is unused:
  not_le

Hint: Omit it from the simp argument list.
  [apply] simp only [not_lt] at h ⊢

Note: This linter can be disabled with `set_option linter.unusedSimpArgs false`
SunPrize\Certificate\Theory000.lean:1822:56: warning: This simp argument is unused:
  not_le

Hint: Omit it from the simp argument list.
  [apply] simp only [not_lt] at h ⊢

Note: This linter can be disabled with `set_option linter.unusedSimpArgs false`
SunPrize\Certificate\Theory000.lean:1824:56: warning: This simp argument is unused:
  not_le

Hint: Omit it from the simp argument list.
  [apply] simp only [not_lt] at h ⊢

Note: This linter can be disabled with `set_option linter.unusedSimpArgs false`
SunPrize\Certificate\Theory000.lean:1826:56: warning: This simp argument is unused:
  not_le

Hint: Omit it from the simp argument list.
  [apply] simp only [not_lt] at h ⊢

Note: This linter can be disabled with `set_option linter.unusedSimpArgs false`
SunPrize\Certificate\Theory000.lean:1828:56: warning: This simp argument is unused:
  not_le

Hint: Omit it from the simp argument list.
  [apply] simp only [not_lt] at h ⊢

Note: This linter can be disabled with `set_option linter.unusedSimpArgs false`
SunPrize\Certificate\Theory000.lean:1830:56: warning: This simp argument is unused:
  not_le

Hint: Omit it from the simp argument list.
  [apply] simp only [not_lt] at h ⊢

Note: This linter can be disabled with `set_option linter.unusedSimpArgs false`
SunPrize\Certificate\Theory000.lean:1832:56: warning: This simp argument is unused:
  not_le

Hint: Omit it from the simp argument list.
  [apply] simp only [not_lt] at h ⊢

Note: This linter can be disabled with `set_option linter.unusedSimpArgs false`
SunPrize\Certificate\Theory000.lean:1836:56: warning: This simp argument is unused:
  not_le

Hint: Omit it from the simp argument list.
  [apply] simp only [not_lt] at h ⊢

Note: This linter can be disabled with `set_option linter.unusedSimpArgs false`
SunPrize\Certificate\Theory000.lean:1838:56: warning: This simp argument is unused:
  not_le

Hint: Omit it from the simp argument list.
  [apply] simp only [not_lt] at h ⊢

Note: This linter can be disabled with `set_option linter.unusedSimpArgs false`
SunPrize\Certificate\Theory000.lean:1840:56: warning: This simp argument is unused:
  not_le

Hint: Omit it from the simp argument list.
  [apply] simp only [not_lt] at h ⊢

Note: This linter can be disabled with `set_option linter.unusedSimpArgs false`
SunPrize\Certificate\Theory000.lean:1842:56: warning: This simp argument is unused:
  not_le

Hint: Omit it from the simp argument list.
  [apply] simp only [not_lt] at h ⊢

Note: This linter can be disabled with `set_option linter.unusedSimpArgs false`
SunPrize\Certificate\Theory000.lean:1844:56: warning: This simp argument is unused:
  not_le

Hint: Omit it from the simp argument list.
  [apply] simp only [not_lt] at h ⊢

Note: This linter can be disabled with `set_option linter.unusedSimpArgs false`
SunPrize\Certificate\Theory000.lean:1814:32: warning: Unused tactic linter: `(try simp only [not_lt, not_le] at h ⊢)` does nothing

Note: This linter can be disabled with `set_option linter.unusedTactic false`
SunPrize\Certificate\Theory000.lean:1816:32: warning: Unused tactic linter: `(try simp only [not_lt, not_le] at h ⊢)` does nothing

Note: This linter can be disabled with `set_option linter.unusedTactic false`
SunPrize\Certificate\Theory000.lean:1818:32: warning: Unused tactic linter: `(try simp only [not_lt, not_le] at h ⊢)` does nothing

Note: This linter can be disabled with `set_option linter.unusedTactic false`
SunPrize\Certificate\Theory000.lean:1834:32: warning: Unused tactic linter: `(try simp only [not_lt, not_le] at h ⊢)` does nothing

Note: This linter can be disabled with `set_option linter.unusedTactic false`
SunPrize\Certificate\Theory000.lean:1846:2: warning: Unused tactic linter: `all_goals clear e0 e1 e2 e3 e4 e5 e6 e7 e8 e9 e10 e11 e12 e13 e14 e15` does nothing

Note: This linter can be disabled with `set_option linter.unusedTactic false`
SunPrize\Certificate\Theory000.lean:1847:2: warning: Unused tactic linter: `all_goals tauto` does nothing

Note: This linter can be disabled with `set_option linter.unusedTactic false`
SunPrize\Certificate\Theory000.lean:1846:12: warning: this tactic is never executed

Note: This linter can be disabled with `set_option linter.unreachableTactic false`
SunPrize\Certificate\Theory000.lean:1847:12: warning: this tactic is never executed

Note: This linter can be disabled with `set_option linter.unreachableTactic false`
SunPrize\Certificate\Theory000.lean:1852:56: warning: This simp argument is unused:
  not_le

Hint: Omit it from the simp argument list.
  [apply] simp only [not_lt] at h ⊢

Note: This linter can be disabled with `set_option linter.unusedSimpArgs false`
SunPrize\Certificate\Theory000.lean:1860:56: warning: This simp argument is unused:
  not_le

Hint: Omit it from the simp argument list.
  [apply] simp only [not_lt] at h ⊢

Note: This linter can be disabled with `set_option linter.unusedSimpArgs false`
SunPrize\Certificate\Theory000.lean:1862:56: warning: This simp argument is unused:
  not_le

Hint: Omit it from the simp argument list.
  [apply] simp only [not_lt] at h ⊢

Note: This linter can be disabled with `set_option linter.unusedSimpArgs false`
SunPrize\Certificate\Theory000.lean:1864:56: warning: This simp argument is unused:
  not_le

Hint: Omit it from the simp argument list.
  [apply] simp only [not_lt] at h ⊢

Note: This linter can be disabled with `set_option linter.unusedSimpArgs false`
SunPrize\Certificate\Theory000.lean:1866:56: warning: This simp argument is unused:
  not_le

Hint: Omit it from the simp argument list.
  [apply] simp only [not_lt] at h ⊢

Note: This linter can be disabled with `set_option linter.unusedSimpArgs false`
SunPrize\Certificate\Theory000.lean:1868:56: warning: This simp argument is unused:
  not_le

Hint: Omit it from the simp argument list.
  [apply] simp only [not_lt] at h ⊢

Note: This linter can be disabled with `set_option linter.unusedSimpArgs false`
SunPrize\Certificate\Theory000.lean:1870:56: warning: This simp argument is unused:
  not_le

Hint: Omit it from the simp argument list.
  [apply] simp only [not_lt] at h ⊢

Note: This linter can be disabled with `set_option linter.unusedSimpArgs false`
SunPrize\Certificate\Theory000.lean:1872:56: warning: This simp argument is unused:
  not_le

Hint: Omit it from the simp argument list.
  [apply] simp only [not_lt] at h ⊢

Note: This linter can be disabled with `set_option linter.unusedSimpArgs false`
SunPrize\Certificate\Theory000.lean:1876:56: warning: This simp argument is unused:
  not_le

Hint: Omit it from the simp argument list.
  [apply] simp only [not_lt] at h ⊢

Note: This linter can be disabled with `set_option linter.unusedSimpArgs false`
SunPrize\Certificate\Theory000.lean:1878:56: warning: This simp argument is unused:
  not_le

Hint: Omit it from the simp argument list.
  [apply] simp only [not_lt] at h ⊢

Note: This linter can be disabled with `set_option linter.unusedSimpArgs false`
SunPrize\Certificate\Theory000.lean:1880:56: warning: This simp argument is unused:
  not_le

Hint: Omit it from the simp argument list.
  [apply] simp only [not_lt] at h ⊢

Note: This linter can be disabled with `set_option linter.unusedSimpArgs false`
SunPrize\Certificate\Theory000.lean:1882:56: warning: This simp argument is unused:
  not_le

Hint: Omit it from the simp argument list.
  [apply] simp only [not_lt] at h ⊢

Note: This linter can be disabled with `set_option linter.unusedSimpArgs false`
SunPrize\Certificate\Theory000.lean:1854:32: warning: Unused tactic linter: `(try simp only [not_lt, not_le] at h ⊢)` does nothing

Note: This linter can be disabled with `set_option linter.unusedTactic false`
SunPrize\Certificate\Theory000.lean:1856:32: warning: Unused tactic linter: `(try simp only [not_lt, not_le] at h ⊢)` does nothing

Note: This linter can be disabled with `set_option linter.unusedTactic false`
SunPrize\Certificate\Theory000.lean:1858:32: warning: Unused tactic linter: `(try simp only [not_lt, not_le] at h ⊢)` does nothing

Note: This linter can be disabled with `set_option linter.unusedTactic false`
SunPrize\Certificate\Theory000.lean:1874:32: warning: Unused tactic linter: `(try simp only [not_lt, not_le] at h ⊢)` does nothing

Note: This linter can be disabled with `set_option linter.unusedTactic false`
SunPrize\Certificate\Theory000.lean:1884:2: warning: Unused tactic linter: `all_goals clear e0 e1 e2 e3 e4 e5 e6 e7 e8 e9 e10 e11 e12 e13 e14 e15` does nothing

Note: This linter can be disabled with `set_option linter.unusedTactic false`
SunPrize\Certificate\Theory000.lean:1885:2: warning: Unused tactic linter: `all_goals tauto` does nothing

Note: This linter can be disabled with `set_option linter.unusedTactic false`
SunPrize\Certificate\Theory000.lean:1884:12: warning: this tactic is never executed

Note: This linter can be disabled with `set_option linter.unreachableTactic false`
SunPrize\Certificate\Theory000.lean:1885:12: warning: this tactic is never executed

Note: This linter can be disabled with `set_option linter.unreachableTactic false`
SunPrize\Certificate\Theory000.lean:1897:56: warning: This simp argument is unused:
  not_le

Hint: Omit it from the simp argument list.
  [apply] simp only [not_lt] at h ⊢

Note: This linter can be disabled with `set_option linter.unusedSimpArgs false`
SunPrize\Certificate\Theory000.lean:1905:56: warning: This simp argument is unused:
  not_le

Hint: Omit it from the simp argument list.
  [apply] simp only [not_lt] at h ⊢

Note: This linter can be disabled with `set_option linter.unusedSimpArgs false`
SunPrize\Certificate\Theory000.lean:1907:56: warning: This simp argument is unused:
  not_le

Hint: Omit it from the simp argument list.
  [apply] simp only [not_lt] at h ⊢

Note: This linter can be disabled with `set_option linter.unusedSimpArgs false`
SunPrize\Certificate\Theory000.lean:1909:56: warning: This simp argument is unused:
  not_le

Hint: Omit it from the simp argument list.
  [apply] simp only [not_lt] at h ⊢

Note: This linter can be disabled with `set_option linter.unusedSimpArgs false`
SunPrize\Certificate\Theory000.lean:1911:56: warning: This simp argument is unused:
  not_le

Hint: Omit it from the simp argument list.
  [apply] simp only [not_lt] at h ⊢

Note: This linter can be disabled with `set_option linter.unusedSimpArgs false`
SunPrize\Certificate\Theory000.lean:1913:56: warning: This simp argument is unused:
  not_le

Hint: Omit it from the simp argument list.
  [apply] simp only [not_lt] at h ⊢

Note: This linter can be disabled with `set_option linter.unusedSimpArgs false`
SunPrize\Certificate\Theory000.lean:1915:56: warning: This simp argument is unused:
  not_le

Hint: Omit it from the simp argument list.
  [apply] simp only [not_lt] at h ⊢

Note: This linter can be disabled with `set_option linter.unusedSimpArgs false`
SunPrize\Certificate\Theory000.lean:1917:56: warning: This simp argument is unused:
  not_le

Hint: Omit it from the simp argument list.
  [apply] simp only [not_lt] at h ⊢

Note: This linter can be disabled with `set_option linter.unusedSimpArgs false`
SunPrize\Certificate\Theory000.lean:1921:56: warning: This simp argument is unused:
  not_le

Hint: Omit it from the simp argument list.
  [apply] simp only [not_lt] at h ⊢

Note: This linter can be disabled with `set_option linter.unusedSimpArgs false`
SunPrize\Certificate\Theory000.lean:1923:56: warning: This simp argument is unused:
  not_le

Hint: Omit it from the simp argument list.
  [apply] simp only [not_lt] at h ⊢

Note: This linter can be disabled with `set_option linter.unusedSimpArgs false`
SunPrize\Certificate\Theory000.lean:1925:56: warning: This simp argument is unused:
  not_le

Hint: Omit it from the simp argument list.
  [apply] simp only [not_lt] at h ⊢

Note: This linter can be disabled with `set_option linter.unusedSimpArgs false`
SunPrize\Certificate\Theory000.lean:1927:56: warning: This simp argument is unused:
  not_le

Hint: Omit it from the simp argument list.
  [apply] simp only [not_lt] at h ⊢

Note: This linter can be disabled with `set_option linter.unusedSimpArgs false`
SunPrize\Certificate\Theory000.lean:1899:32: warning: Unused tactic linter: `(try simp only [not_lt, not_le] at h ⊢)` does nothing

Note: This linter can be disabled with `set_option linter.unusedTactic false`
SunPrize\Certificate\Theory000.lean:1901:32: warning: Unused tactic linter: `(try simp only [not_lt, not_le] at h ⊢)` does nothing

Note: This linter can be disabled with `set_option linter.unusedTactic false`
SunPrize\Certificate\Theory000.lean:1903:32: warning: Unused tactic linter: `(try simp only [not_lt, not_le] at h ⊢)` does nothing

Note: This linter can be disabled with `set_option linter.unusedTactic false`
SunPrize\Certificate\Theory000.lean:1919:32: warning: Unused tactic linter: `(try simp only [not_lt, not_le] at h ⊢)` does nothing

Note: This linter can be disabled with `set_option linter.unusedTactic false`
SunPrize\Certificate\Theory000.lean:1929:2: warning: Unused tactic linter: `all_goals clear e0 e1 e2 e3 e4 e5 e6 e7 e8 e9 e10 e11 e12 e13 e14 e15` does nothing

Note: This linter can be disabled with `set_option linter.unusedTactic false`
SunPrize\Certificate\Theory000.lean:1930:2: warning: Unused tactic linter: `all_goals tauto` does nothing

Note: This linter can be disabled with `set_option linter.unusedTactic false`
SunPrize\Certificate\Theory000.lean:1929:12: warning: this tactic is never executed

Note: This linter can be disabled with `set_option linter.unreachableTactic false`
SunPrize\Certificate\Theory000.lean:1930:12: warning: this tactic is never executed

Note: This linter can be disabled with `set_option linter.unreachableTactic false`
SunPrize\Certificate\Theory000.lean:1941:56: warning: This simp argument is unused:
  not_le

Hint: Omit it from the simp argument list.
  [apply] simp only [not_lt] at h ⊢

Note: This linter can be disabled with `set_option linter.unusedSimpArgs false`
SunPrize\Certificate\Theory000.lean:1943:56: warning: This simp argument is unused:
  not_le

Hint: Omit it from the simp argument list.
  [apply] simp only [not_lt] at h ⊢

Note: This linter can be disabled with `set_option linter.unusedSimpArgs false`
SunPrize\Certificate\Theory000.lean:1945:56: warning: This simp argument is unused:
  not_le

Hint: Omit it from the simp argument list.
  [apply] simp only [not_lt] at h ⊢

Note: This linter can be disabled with `set_option linter.unusedSimpArgs false`
SunPrize\Certificate\Theory000.lean:1947:56: warning: This simp argument is unused:
  not_le

Hint: Omit it from the simp argument list.
  [apply] simp only [not_lt] at h ⊢

Note: This linter can be disabled with `set_option linter.unusedSimpArgs false`
SunPrize\Certificate\Theory000.lean:1949:56: warning: This simp argument is unused:
  not_le

Hint: Omit it from the simp argument list.
  [apply] simp only [not_lt] at h ⊢

Note: This linter can be disabled with `set_option linter.unusedSimpArgs false`
SunPrize\Certificate\Theory000.lean:1951:56: warning: This simp argument is unused:
  not_le

Hint: Omit it from the simp argument list.
  [apply] simp only [not_lt] at h ⊢

Note: This linter can be disabled with `set_option linter.unusedSimpArgs false`
SunPrize\Certificate\Theory000.lean:1953:56: warning: This simp argument is unused:
  not_le

Hint: Omit it from the simp argument list.
  [apply] simp only [not_lt] at h ⊢

Note: This linter can be disabled with `set_option linter.unusedSimpArgs false`
SunPrize\Certificate\Theory000.lean:1957:56: warning: This simp argument is unused:
  not_le

Hint: Omit it from the simp argument list.
  [apply] simp only [not_lt] at h ⊢

Note: This linter can be disabled with `set_option linter.unusedSimpArgs false`
SunPrize\Certificate\Theory000.lean:1959:56: warning: This simp argument is unused:
  not_le

Hint: Omit it from the simp argument list.
  [apply] simp only [not_lt] at h ⊢

Note: This linter can be disabled with `set_option linter.unusedSimpArgs false`
SunPrize\Certificate\Theory000.lean:1961:56: warning: This simp argument is unused:
  not_le

Hint: Omit it from the simp argument list.
  [apply] simp only [not_lt] at h ⊢

Note: This linter can be disabled with `set_option linter.unusedSimpArgs false`
SunPrize\Certificate\Theory000.lean:1963:56: warning: This simp argument is unused:
  not_le

Hint: Omit it from the simp argument list.
  [apply] simp only [not_lt] at h ⊢

Note: This linter can be disabled with `set_option linter.unusedSimpArgs false`
SunPrize\Certificate\Theory000.lean:1965:56: warning: This simp argument is unused:
  not_le

Hint: Omit it from the simp argument list.
  [apply] simp only [not_lt] at h ⊢

Note: This linter can be disabled with `set_option linter.unusedSimpArgs false`
SunPrize\Certificate\Theory000.lean:1935:32: warning: Unused tactic linter: `(try simp only [not_lt, not_le] at h ⊢)` does nothing

Note: This linter can be disabled with `set_option linter.unusedTactic false`
SunPrize\Certificate\Theory000.lean:1937:32: warning: Unused tactic linter: `(try simp only [not_lt, not_le] at h ⊢)` does nothing

Note: This linter can be disabled with `set_option linter.unusedTactic false`
SunPrize\Certificate\Theory000.lean:1939:32: warning: Unused tactic linter: `(try simp only [not_lt, not_le] at h ⊢)` does nothing

Note: This linter can be disabled with `set_option linter.unusedTactic false`
SunPrize\Certificate\Theory000.lean:1955:32: warning: Unused tactic linter: `(try simp only [not_lt, not_le] at h ⊢)` does nothing

Note: This linter can be disabled with `set_option linter.unusedTactic false`
SunPrize\Certificate\Theory000.lean:1967:2: warning: Unused tactic linter: `all_goals clear e0 e1 e2 e3 e4 e5 e6 e7 e8 e9 e10 e11 e12 e13 e14 e15` does nothing

Note: This linter can be disabled with `set_option linter.unusedTactic false`
SunPrize\Certificate\Theory000.lean:1968:2: warning: Unused tactic linter: `all_goals tauto` does nothing

Note: This linter can be disabled with `set_option linter.unusedTactic false`
SunPrize\Certificate\Theory000.lean:1967:12: warning: this tactic is never executed

Note: This linter can be disabled with `set_option linter.unreachableTactic false`
SunPrize\Certificate\Theory000.lean:1968:12: warning: this tactic is never executed

Note: This linter can be disabled with `set_option linter.unreachableTactic false`
SunPrize\Certificate\Theory000.lean:1973:32: warning: Unused tactic linter: `(try simp only [not_lt, not_le] at h ⊢)` does nothing

Note: This linter can be disabled with `set_option linter.unusedTactic false`
SunPrize\Certificate\Theory000.lean:1975:32: warning: Unused tactic linter: `(try simp only [not_lt, not_le] at h ⊢)` does nothing

Note: This linter can be disabled with `set_option linter.unusedTactic false`
SunPrize\Certificate\Theory000.lean:1977:2: warning: Unused tactic linter: `all_goals clear e0 e1` does nothing

Note: This linter can be disabled with `set_option linter.unusedTactic false`
SunPrize\Certificate\Theory000.lean:1978:2: warning: Unused tactic linter: `all_goals tauto` does nothing

Note: This linter can be disabled with `set_option linter.unusedTactic false`
SunPrize\Certificate\Theory000.lean:1977:12: warning: this tactic is never executed

Note: This linter can be disabled with `set_option linter.unreachableTactic false`
SunPrize\Certificate\Theory000.lean:1978:12: warning: this tactic is never executed

Note: This linter can be disabled with `set_option linter.unreachableTactic false`
SunPrize\Certificate\Theory000.lean:1983:56: warning: This simp argument is unused:
  not_le

Hint: Omit it from the simp argument list.
  [apply] simp only [not_lt] at h ⊢

Note: This linter can be disabled with `set_option linter.unusedSimpArgs false`
SunPrize\Certificate\Theory000.lean:1991:56: warning: This simp argument is unused:
  not_le

Hint: Omit it from the simp argument list.
  [apply] simp only [not_lt] at h ⊢

Note: This linter can be disabled with `set_option linter.unusedSimpArgs false`
SunPrize\Certificate\Theory000.lean:1993:56: warning: This simp argument is unused:
  not_le

Hint: Omit it from the simp argument list.
  [apply] simp only [not_lt] at h ⊢

Note: This linter can be disabled with `set_option linter.unusedSimpArgs false`
SunPrize\Certificate\Theory000.lean:1995:56: warning: This simp argument is unused:
  not_le

Hint: Omit it from the simp argument list.
  [apply] simp only [not_lt] at h ⊢

Note: This linter can be disabled with `set_option linter.unusedSimpArgs false`
SunPrize\Certificate\Theory000.lean:1997:56: warning: This simp argument is unused:
  not_le

Hint: Omit it from the simp argument list.
  [apply] simp only [not_lt] at h ⊢

Note: This linter can be disabled with `set_option linter.unusedSimpArgs false`
SunPrize\Certificate\Theory000.lean:1999:56: warning: This simp argument is unused:
  not_le

Hint: Omit it from the simp argument list.
  [apply] simp only [not_lt] at h ⊢

Note: This linter can be disabled with `set_option linter.unusedSimpArgs false`
SunPrize\Certificate\Theory000.lean:2001:56: warning: This simp argument is unused:
  not_le

Hint: Omit it from the simp argument list.
  [apply] simp only [not_lt] at h ⊢

Note: This linter can be disabled with `set_option linter.unusedSimpArgs false`
SunPrize\Certificate\Theory000.lean:2003:56: warning: This simp argument is unused:
  not_le

Hint: Omit it from the simp argument list.
  [apply] simp only [not_lt] at h ⊢

Note: This linter can be disabled with `set_option linter.unusedSimpArgs false`
SunPrize\Certificate\Theory000.lean:2007:56: warning: This simp argument is unused:
  not_le

Hint: Omit it from the simp argument list.
  [apply] simp only [not_lt] at h ⊢

Note: This linter can be disabled with `set_option linter.unusedSimpArgs false`
SunPrize\Certificate\Theory000.lean:2009:56: warning: This simp argument is unused:
  not_le

Hint: Omit it from the simp argument list.
  [apply] simp only [not_lt] at h ⊢

Note: This linter can be disabled with `set_option linter.unusedSimpArgs false`
SunPrize\Certificate\Theory000.lean:2011:56: warning: This simp argument is unused:
  not_le

Hint: Omit it from the simp argument list.
  [apply] simp only [not_lt] at h ⊢

Note: This linter can be disabled with `set_option linter.unusedSimpArgs false`
SunPrize\Certificate\Theory000.lean:2013:56: warning: This simp argument is unused:
  not_le

Hint: Omit it from the simp argument list.
  [apply] simp only [not_lt] at h ⊢

Note: This linter can be disabled with `set_option linter.unusedSimpArgs false`
SunPrize\Certificate\Theory000.lean:1985:32: warning: Unused tactic linter: `(try simp only [not_lt, not_le] at h ⊢)` does nothing

Note: This linter can be disabled with `set_option linter.unusedTactic false`
SunPrize\Certificate\Theory000.lean:1987:32: warning: Unused tactic linter: `(try simp only [not_lt, not_le] at h ⊢)` does nothing

Note: This linter can be disabled with `set_option linter.unusedTactic false`
SunPrize\Certificate\Theory000.lean:1989:32: warning: Unused tactic linter: `(try simp only [not_lt, not_le] at h ⊢)` does nothing

Note: This linter can be disabled with `set_option linter.unusedTactic false`
SunPrize\Certificate\Theory000.lean:2005:32: warning: Unused tactic linter: `(try simp only [not_lt, not_le] at h ⊢)` does nothing

Note: This linter can be disabled with `set_option linter.unusedTactic false`
SunPrize\Certificate\Theory000.lean:2015:2: warning: Unused tactic linter: `all_goals clear e0 e1 e2 e3 e4 e5 e6 e7 e8 e9 e10 e11 e12 e13 e14 e15` does nothing

Note: This linter can be disabled with `set_option linter.unusedTactic false`
SunPrize\Certificate\Theory000.lean:2016:2: warning: Unused tactic linter: `all_goals tauto` does nothing

Note: This linter can be disabled with `set_option linter.unusedTactic false`
SunPrize\Certificate\Theory000.lean:2015:12: warning: this tactic is never executed

Note: This linter can be disabled with `set_option linter.unreachableTactic false`
SunPrize\Certificate\Theory000.lean:2016:12: warning: this tactic is never executed

Note: This linter can be disabled with `set_option linter.unreachableTactic false`
SunPrize\Certificate\Theory000.lean:2027:56: warning: This simp argument is unused:
  not_le

Hint: Omit it from the simp argument list.
  [apply] simp only [not_lt] at h ⊢

Note: This linter can be disabled with `set_option linter.unusedSimpArgs false`
SunPrize\Certificate\Theory000.lean:2029:56: warning: This simp argument is unused:
  not_le

Hint: Omit it from the simp argument list.
  [apply] simp only [not_lt] at h ⊢

Note: This linter can be disabled with `set_option linter.unusedSimpArgs false`
SunPrize\Certificate\Theory000.lean:2021:32: warning: Unused tactic linter: `(try simp only [not_lt, not_le] at h ⊢)` does nothing

Note: This linter can be disabled with `set_option linter.unusedTactic false`
SunPrize\Certificate\Theory000.lean:2023:32: warning: Unused tactic linter: `(try simp only [not_lt, not_le] at h ⊢)` does nothing

Note: This linter can be disabled with `set_option linter.unusedTactic false`
SunPrize\Certificate\Theory000.lean:2025:32: warning: Unused tactic linter: `(try simp only [not_lt, not_le] at h ⊢)` does nothing

Note: This linter can be disabled with `set_option linter.unusedTactic false`
SunPrize\Certificate\Theory000.lean:2037:56: warning: This simp argument is unused:
  not_le

Hint: Omit it from the simp argument list.
  [apply] simp only [not_lt] at h ⊢

Note: This linter can be disabled with `set_option linter.unusedSimpArgs false`
SunPrize\Certificate\Theory000.lean:2039:56: warning: This simp argument is unused:
  not_le

Hint: Omit it from the simp argument list.
  [apply] simp only [not_lt] at h ⊢

Note: This linter can be disabled with `set_option linter.unusedSimpArgs false`
SunPrize\Certificate\Theory000.lean:2041:56: warning: This simp argument is unused:
  not_le

Hint: Omit it from the simp argument list.
  [apply] simp only [not_lt] at h ⊢

Note: This linter can be disabled with `set_option linter.unusedSimpArgs false`
SunPrize\Certificate\Theory000.lean:2043:56: warning: This simp argument is unused:
  not_le

Hint: Omit it from the simp argument list.
  [apply] simp only [not_lt] at h ⊢

Note: This linter can be disabled with `set_option linter.unusedSimpArgs false`
SunPrize\Certificate\Theory000.lean:2045:56: warning: This simp argument is unused:
  not_le

Hint: Omit it from the simp argument list.
  [apply] simp only [not_lt] at h ⊢

Note: This linter can be disabled with `set_option linter.unusedSimpArgs false`
SunPrize\Certificate\Theory000.lean:2053:56: warning: This simp argument is unused:
  not_le

Hint: Omit it from the simp argument list.
  [apply] simp only [not_lt] at h ⊢

Note: This linter can be disabled with `set_option linter.unusedSimpArgs false`
SunPrize\Certificate\Theory000.lean:2061:56: warning: This simp argument is unused:
  not_le

Hint: Omit it from the simp argument list.
  [apply] simp only [not_lt] at h ⊢

Note: This linter can be disabled with `set_option linter.unusedSimpArgs false`
SunPrize\Certificate\Theory000.lean:2063:56: warning: This simp argument is unused:
  not_le

Hint: Omit it from the simp argument list.
  [apply] simp only [not_lt] at h ⊢

Note: This linter can be disabled with `set_option linter.unusedSimpArgs false`
SunPrize\Certificate\Theory000.lean:2065:56: warning: This simp argument is unused:
  not_le

Hint: Omit it from the simp argument list.
  [apply] simp only [not_lt] at h ⊢

Note: This linter can be disabled with `set_option linter.unusedSimpArgs false`
SunPrize\Certificate\Theory000.lean:2067:56: warning: This simp argument is unused:
  not_le

Hint: Omit it from the simp argument list.
  [apply] simp only [not_lt] at h ⊢

Note: This linter can be disabled with `set_option linter.unusedSimpArgs false`
SunPrize\Certificate\Theory000.lean:2069:56: warning: This simp argument is unused:
  not_le

Hint: Omit it from the simp argument list.
  [apply] simp only [not_lt] at h ⊢

Note: This linter can be disabled with `set_option linter.unusedSimpArgs false`
SunPrize\Certificate\Theory000.lean:2071:56: warning: This simp argument is unused:
  not_le

Hint: Omit it from the simp argument list.
  [apply] simp only [not_lt] at h ⊢

Note: This linter can be disabled with `set_option linter.unusedSimpArgs false`
SunPrize\Certificate\Theory000.lean:2073:56: warning: This simp argument is unused:
  not_le

Hint: Omit it from the simp argument list.
  [apply] simp only [not_lt] at h ⊢

Note: This linter can be disabled with `set_option linter.unusedSimpArgs false`
SunPrize\Certificate\Theory000.lean:2077:56: warning: This simp argument is unused:
  not_le

Hint: Omit it from the simp argument list.
  [apply] simp only [not_lt] at h ⊢

Note: This linter can be disabled with `set_option linter.unusedSimpArgs false`
SunPrize\Certificate\Theory000.lean:2079:56: warning: This simp argument is unused:
  not_le

Hint: Omit it from the simp argument list.
  [apply] simp only [not_lt] at h ⊢

Note: This linter can be disabled with `set_option linter.unusedSimpArgs false`
SunPrize\Certificate\Theory000.lean:2081:56: warning: This simp argument is unused:
  not_le

Hint: Omit it from the simp argument list.
  [apply] simp only [not_lt] at h ⊢

Note: This linter can be disabled with `set_option linter.unusedSimpArgs false`
SunPrize\Certificate\Theory000.lean:2083:56: warning: This simp argument is unused:
  not_le

Hint: Omit it from the simp argument list.
  [apply] simp only [not_lt] at h ⊢

Note: This linter can be disabled with `set_option linter.unusedSimpArgs false`
SunPrize\Certificate\Theory000.lean:2055:32: warning: Unused tactic linter: `(try simp only [not_lt, not_le] at h ⊢)` does nothing

Note: This linter can be disabled with `set_option linter.unusedTactic false`
SunPrize\Certificate\Theory000.lean:2057:32: warning: Unused tactic linter: `(try simp only [not_lt, not_le] at h ⊢)` does nothing

Note: This linter can be disabled with `set_option linter.unusedTactic false`
SunPrize\Certificate\Theory000.lean:2059:32: warning: Unused tactic linter: `(try simp only [not_lt, not_le] at h ⊢)` does nothing

Note: This linter can be disabled with `set_option linter.unusedTactic false`
SunPrize\Certificate\Theory000.lean:2075:32: warning: Unused tactic linter: `(try simp only [not_lt, not_le] at h ⊢)` does nothing

Note: This linter can be disabled with `set_option linter.unusedTactic false`
SunPrize\Certificate\Theory000.lean:2085:2: warning: Unused tactic linter: `all_goals clear e0 e1 e2 e3 e4 e5 e6 e7 e8 e9 e10 e11 e12 e13 e14 e15` does nothing

Note: This linter can be disabled with `set_option linter.unusedTactic false`
SunPrize\Certificate\Theory000.lean:2086:2: warning: Unused tactic linter: `all_goals tauto` does nothing

Note: This linter can be disabled with `set_option linter.unusedTactic false`
SunPrize\Certificate\Theory000.lean:2085:12: warning: this tactic is never executed

Note: This linter can be disabled with `set_option linter.unreachableTactic false`
SunPrize\Certificate\Theory000.lean:2086:12: warning: this tactic is never executed

Note: This linter can be disabled with `set_option linter.unreachableTactic false`
SunPrize\Certificate\Theory000.lean:2097:56: warning: This simp argument is unused:
  not_le

Hint: Omit it from the simp argument list.
  [apply] simp only [not_lt] at h ⊢

Note: This linter can be disabled with `set_option linter.unusedSimpArgs false`
SunPrize\Certificate\Theory000.lean:2099:56: warning: This simp argument is unused:
  not_le

Hint: Omit it from the simp argument list.
  [apply] simp only [not_lt] at h ⊢

Note: This linter can be disabled with `set_option linter.unusedSimpArgs false`
SunPrize\Certificate\Theory000.lean:2091:32: warning: Unused tactic linter: `(try simp only [not_lt, not_le] at h ⊢)` does nothing

Note: This linter can be disabled with `set_option linter.unusedTactic false`
SunPrize\Certificate\Theory000.lean:2093:32: warning: Unused tactic linter: `(try simp only [not_lt, not_le] at h ⊢)` does nothing

Note: This linter can be disabled with `set_option linter.unusedTactic false`
SunPrize\Certificate\Theory000.lean:2095:32: warning: Unused tactic linter: `(try simp only [not_lt, not_le] at h ⊢)` does nothing

Note: This linter can be disabled with `set_option linter.unusedTactic false`
SunPrize\Certificate\Theory000.lean:2107:56: warning: This simp argument is unused:
  not_le

Hint: Omit it from the simp argument list.
  [apply] simp only [not_lt] at h ⊢

Note: This linter can be disabled with `set_option linter.unusedSimpArgs false`
SunPrize\Certificate\Theory000.lean:2109:56: warning: This simp argument is unused:
  not_le

Hint: Omit it from the simp argument list.
  [apply] simp only [not_lt] at h ⊢

Note: This linter can be disabled with `set_option linter.unusedSimpArgs false`
SunPrize\Certificate\Theory000.lean:2111:56: warning: This simp argument is unused:
  not_le

Hint: Omit it from the simp argument list.
  [apply] simp only [not_lt] at h ⊢

Note: This linter can be disabled with `set_option linter.unusedSimpArgs false`
SunPrize\Certificate\Theory000.lean:2113:56: warning: This simp argument is unused:
  not_le

Hint: Omit it from the simp argument list.
  [apply] simp only [not_lt] at h ⊢

Note: This linter can be disabled with `set_option linter.unusedSimpArgs false`
SunPrize\Certificate\Theory000.lean:2115:56: warning: This simp argument is unused:
  not_le

Hint: Omit it from the simp argument list.
  [apply] simp only [not_lt] at h ⊢

Note: This linter can be disabled with `set_option linter.unusedSimpArgs false`
SunPrize\Certificate\Theory000.lean:2136:56: warning: This simp argument is unused:
  not_le

Hint: Omit it from the simp argument list.
  [apply] simp only [not_lt] at h ⊢

Note: This linter can be disabled with `set_option linter.unusedSimpArgs false`
SunPrize\Certificate\Theory000.lean:2138:56: warning: This simp argument is unused:
  not_le

Hint: Omit it from the simp argument list.
  [apply] simp only [not_lt] at h ⊢

Note: This linter can be disabled with `set_option linter.unusedSimpArgs false`
SunPrize\Certificate\Theory000.lean:2140:56: warning: This simp argument is unused:
  not_le

Hint: Omit it from the simp argument list.
  [apply] simp only [not_lt] at h ⊢

Note: This linter can be disabled with `set_option linter.unusedSimpArgs false`
SunPrize\Certificate\Theory000.lean:2142:56: warning: This simp argument is unused:
  not_le

Hint: Omit it from the simp argument list.
  [apply] simp only [not_lt] at h ⊢

Note: This linter can be disabled with `set_option linter.unusedSimpArgs false`
SunPrize\Certificate\Theory000.lean:2144:56: warning: This simp argument is unused:
  not_le

Hint: Omit it from the simp argument list.
  [apply] simp only [not_lt] at h ⊢

Note: This linter can be disabled with `set_option linter.unusedSimpArgs false`
SunPrize\Certificate\Theory000.lean:2146:56: warning: This simp argument is unused:
  not_le

Hint: Omit it from the simp argument list.
  [apply] simp only [not_lt] at h ⊢

Note: This linter can be disabled with `set_option linter.unusedSimpArgs false`
SunPrize\Certificate\Theory000.lean:2148:56: warning: This simp argument is unused:
  not_le

Hint: Omit it from the simp argument list.
  [apply] simp only [not_lt] at h ⊢

Note: This linter can be disabled with `set_option linter.unusedSimpArgs false`
SunPrize\Certificate\Theory000.lean:2152:56: warning: This simp argument is unused:
  not_le

Hint: Omit it from the simp argument list.
  [apply] simp only [not_lt] at h ⊢

Note: This linter can be disabled with `set_option linter.unusedSimpArgs false`
SunPrize\Certificate\Theory000.lean:2154:56: warning: This simp argument is unused:
  not_le

Hint: Omit it from the simp argument list.
  [apply] simp only [not_lt] at h ⊢

Note: This linter can be disabled with `set_option linter.unusedSimpArgs false`
SunPrize\Certificate\Theory000.lean:2156:56: warning: This simp argument is unused:
  not_le

Hint: Omit it from the simp argument list.
  [apply] simp only [not_lt] at h ⊢

Note: This linter can be disabled with `set_option linter.unusedSimpArgs false`
SunPrize\Certificate\Theory000.lean:2158:56: warning: This simp argument is unused:
  not_le

Hint: Omit it from the simp argument list.
  [apply] simp only [not_lt] at h ⊢

Note: This linter can be disabled with `set_option linter.unusedSimpArgs false`
SunPrize\Certificate\Theory000.lean:2160:56: warning: This simp argument is unused:
  not_le

Hint: Omit it from the simp argument list.
  [apply] simp only [not_lt] at h ⊢

Note: This linter can be disabled with `set_option linter.unusedSimpArgs false`
SunPrize\Certificate\Theory000.lean:2130:32: warning: Unused tactic linter: `(try simp only [not_lt, not_le] at h ⊢)` does nothing

Note: This linter can be disabled with `set_option linter.unusedTactic false`
SunPrize\Certificate\Theory000.lean:2132:32: warning: Unused tactic linter: `(try simp only [not_lt, not_le] at h ⊢)` does nothing

Note: This linter can be disabled with `set_option linter.unusedTactic false`
SunPrize\Certificate\Theory000.lean:2134:32: warning: Unused tactic linter: `(try simp only [not_lt, not_le] at h ⊢)` does nothing

Note: This linter can be disabled with `set_option linter.unusedTactic false`
SunPrize\Certificate\Theory000.lean:2150:32: warning: Unused tactic linter: `(try simp only [not_lt, not_le] at h ⊢)` does nothing

Note: This linter can be disabled with `set_option linter.unusedTactic false`
SunPrize\Certificate\Theory000.lean:2162:2: warning: Unused tactic linter: `all_goals clear e0 e1 e2 e3 e4 e5 e6 e7 e8 e9 e10 e11 e12 e13 e14 e15` does nothing

Note: This linter can be disabled with `set_option linter.unusedTactic false`
SunPrize\Certificate\Theory000.lean:2163:2: warning: Unused tactic linter: `all_goals tauto` does nothing

Note: This linter can be disabled with `set_option linter.unusedTactic false`
SunPrize\Certificate\Theory000.lean:2162:12: warning: this tactic is never executed

Note: This linter can be disabled with `set_option linter.unreachableTactic false`
SunPrize\Certificate\Theory000.lean:2163:12: warning: this tactic is never executed

Note: This linter can be disabled with `set_option linter.unreachableTactic false`
SunPrize\Certificate\Theory000.lean:2168:56: warning: This simp argument is unused:
  not_le

Hint: Omit it from the simp argument list.
  [apply] simp only [not_lt] at h ⊢

Note: This linter can be disabled with `set_option linter.unusedSimpArgs false`
SunPrize\Certificate\Theory000.lean:2176:56: warning: This simp argument is unused:
  not_le

Hint: Omit it from the simp argument list.
  [apply] simp only [not_lt] at h ⊢

Note: This linter can be disabled with `set_option linter.unusedSimpArgs false`
SunPrize\Certificate\Theory000.lean:2178:56: warning: This simp argument is unused:
  not_le

Hint: Omit it from the simp argument list.
  [apply] simp only [not_lt] at h ⊢

Note: This linter can be disabled with `set_option linter.unusedSimpArgs false`
SunPrize\Certificate\Theory000.lean:2180:56: warning: This simp argument is unused:
  not_le

Hint: Omit it from the simp argument list.
  [apply] simp only [not_lt] at h ⊢

Note: This linter can be disabled with `set_option linter.unusedSimpArgs false`
SunPrize\Certificate\Theory000.lean:2182:56: warning: This simp argument is unused:
  not_le

Hint: Omit it from the simp argument list.
  [apply] simp only [not_lt] at h ⊢

Note: This linter can be disabled with `set_option linter.unusedSimpArgs false`
SunPrize\Certificate\Theory000.lean:2184:56: warning: This simp argument is unused:
  not_le

Hint: Omit it from the simp argument list.
  [apply] simp only [not_lt] at h ⊢

Note: This linter can be disabled with `set_option linter.unusedSimpArgs false`
SunPrize\Certificate\Theory000.lean:2186:56: warning: This simp argument is unused:
  not_le

Hint: Omit it from the simp argument list.
  [apply] simp only [not_lt] at h ⊢

Note: This linter can be disabled with `set_option linter.unusedSimpArgs false`
SunPrize\Certificate\Theory000.lean:2188:56: warning: This simp argument is unused:
  not_le

Hint: Omit it from the simp argument list.
  [apply] simp only [not_lt] at h ⊢

Note: This linter can be disabled with `set_option linter.unusedSimpArgs false`
SunPrize\Certificate\Theory000.lean:2192:56: warning: This simp argument is unused:
  not_le

Hint: Omit it from the simp argument list.
  [apply] simp only [not_lt] at h ⊢

Note: This linter can be disabled with `set_option linter.unusedSimpArgs false`
SunPrize\Certificate\Theory000.lean:2194:56: warning: This simp argument is unused:
  not_le

Hint: Omit it from the simp argument list.
  [apply] simp only [not_lt] at h ⊢

Note: This linter can be disabled with `set_option linter.unusedSimpArgs false`
SunPrize\Certificate\Theory000.lean:2196:56: warning: This simp argument is unused:
  not_le

Hint: Omit it from the simp argument list.
  [apply] simp only [not_lt] at h ⊢

Note: This linter can be disabled with `set_option linter.unusedSimpArgs false`
SunPrize\Certificate\Theory000.lean:2198:56: warning: This simp argument is unused:
  not_le

Hint: Omit it from the simp argument list.
  [apply] simp only [not_lt] at h ⊢

Note: This linter can be disabled with `set_option linter.unusedSimpArgs false`
SunPrize\Certificate\Theory000.lean:2170:32: warning: Unused tactic linter: `(try simp only [not_lt, not_le] at h ⊢)` does nothing

Note: This linter can be disabled with `set_option linter.unusedTactic false`
SunPrize\Certificate\Theory000.lean:2172:32: warning: Unused tactic linter: `(try simp only [not_lt, not_le] at h ⊢)` does nothing

Note: This linter can be disabled with `set_option linter.unusedTactic false`
SunPrize\Certificate\Theory000.lean:2174:32: warning: Unused tactic linter: `(try simp only [not_lt, not_le] at h ⊢)` does nothing

Note: This linter can be disabled with `set_option linter.unusedTactic false`
SunPrize\Certificate\Theory000.lean:2190:32: warning: Unused tactic linter: `(try simp only [not_lt, not_le] at h ⊢)` does nothing

Note: This linter can be disabled with `set_option linter.unusedTactic false`
SunPrize\Certificate\Theory000.lean:2200:2: warning: Unused tactic linter: `all_goals clear e0 e1 e2 e3 e4 e5 e6 e7 e8 e9 e10 e11 e12 e13 e14 e15` does nothing

Note: This linter can be disabled with `set_option linter.unusedTactic false`
SunPrize\Certificate\Theory000.lean:2201:2: warning: Unused tactic linter: `all_goals tauto` does nothing

Note: This linter can be disabled with `set_option linter.unusedTactic false`
SunPrize\Certificate\Theory000.lean:2200:12: warning: this tactic is never executed

Note: This linter can be disabled with `set_option linter.unreachableTactic false`
SunPrize\Certificate\Theory000.lean:2201:12: warning: this tactic is never executed

Note: This linter can be disabled with `set_option linter.unreachableTactic false`
SunPrize\Certificate\Theory000.lean:2219:56: warning: This simp argument is unused:
  not_le

Hint: Omit it from the simp argument list.
  [apply] simp only [not_lt] at h ⊢

Note: This linter can be disabled with `set_option linter.unusedSimpArgs false`
SunPrize\Certificate\Theory000.lean:2221:56: warning: This simp argument is unused:
  not_le

Hint: Omit it from the simp argument list.
  [apply] simp only [not_lt] at h ⊢

Note: This linter can be disabled with `set_option linter.unusedSimpArgs false`
SunPrize\Certificate\Theory000.lean:2223:56: warning: This simp argument is unused:
  not_le

Hint: Omit it from the simp argument list.
  [apply] simp only [not_lt] at h ⊢

Note: This linter can be disabled with `set_option linter.unusedSimpArgs false`
SunPrize\Certificate\Theory000.lean:2225:56: warning: This simp argument is unused:
  not_le

Hint: Omit it from the simp argument list.
  [apply] simp only [not_lt] at h ⊢

Note: This linter can be disabled with `set_option linter.unusedSimpArgs false`
SunPrize\Certificate\Theory000.lean:2227:56: warning: This simp argument is unused:
  not_le

Hint: Omit it from the simp argument list.
  [apply] simp only [not_lt] at h ⊢

Note: This linter can be disabled with `set_option linter.unusedSimpArgs false`
SunPrize\Certificate\Theory000.lean:2229:56: warning: This simp argument is unused:
  not_le

Hint: Omit it from the simp argument list.
  [apply] simp only [not_lt] at h ⊢

Note: This linter can be disabled with `set_option linter.unusedSimpArgs false`
SunPrize\Certificate\Theory000.lean:2231:56: warning: This simp argument is unused:
  not_le

Hint: Omit it from the simp argument list.
  [apply] simp only [not_lt] at h ⊢

Note: This linter can be disabled with `set_option linter.unusedSimpArgs false`
SunPrize\Certificate\Theory000.lean:2235:56: warning: This simp argument is unused:
  not_le

Hint: Omit it from the simp argument list.
  [apply] simp only [not_lt] at h ⊢

Note: This linter can be disabled with `set_option linter.unusedSimpArgs false`
SunPrize\Certificate\Theory000.lean:2237:56: warning: This simp argument is unused:
  not_le

Hint: Omit it from the simp argument list.
  [apply] simp only [not_lt] at h ⊢

Note: This linter can be disabled with `set_option linter.unusedSimpArgs false`
SunPrize\Certificate\Theory000.lean:2239:56: warning: This simp argument is unused:
  not_le

Hint: Omit it from the simp argument list.
  [apply] simp only [not_lt] at h ⊢

Note: This linter can be disabled with `set_option linter.unusedSimpArgs false`
SunPrize\Certificate\Theory000.lean:2241:56: warning: This simp argument is unused:
  not_le

Hint: Omit it from the simp argument list.
  [apply] simp only [not_lt] at h ⊢

Note: This linter can be disabled with `set_option linter.unusedSimpArgs false`
SunPrize\Certificate\Theory000.lean:2243:56: warning: This simp argument is unused:
  not_le

Hint: Omit it from the simp argument list.
  [apply] simp only [not_lt] at h ⊢

Note: This linter can be disabled with `set_option linter.unusedSimpArgs false`
SunPrize\Certificate\Theory000.lean:2213:32: warning: Unused tactic linter: `(try simp only [not_lt, not_le] at h ⊢)` does nothing

Note: This linter can be disabled with `set_option linter.unusedTactic false`
SunPrize\Certificate\Theory000.lean:2215:32: warning: Unused tactic linter: `(try simp only [not_lt, not_le] at h ⊢)` does nothing

Note: This linter can be disabled with `set_option linter.unusedTactic false`
SunPrize\Certificate\Theory000.lean:2217:32: warning: Unused tactic linter: `(try simp only [not_lt, not_le] at h ⊢)` does nothing

Note: This linter can be disabled with `set_option linter.unusedTactic false`
SunPrize\Certificate\Theory000.lean:2233:32: warning: Unused tactic linter: `(try simp only [not_lt, not_le] at h ⊢)` does nothing

Note: This linter can be disabled with `set_option linter.unusedTactic false`
SunPrize\Certificate\Theory000.lean:2245:2: warning: Unused tactic linter: `all_goals clear e0 e1 e2 e3 e4 e5 e6 e7 e8 e9 e10 e11 e12 e13 e14 e15` does nothing

Note: This linter can be disabled with `set_option linter.unusedTactic false`
SunPrize\Certificate\Theory000.lean:2246:2: warning: Unused tactic linter: `all_goals tauto` does nothing

Note: This linter can be disabled with `set_option linter.unusedTactic false`
SunPrize\Certificate\Theory000.lean:2245:12: warning: this tactic is never executed

Note: This linter can be disabled with `set_option linter.unreachableTactic false`
SunPrize\Certificate\Theory000.lean:2246:12: warning: this tactic is never executed

Note: This linter can be disabled with `set_option linter.unreachableTactic false`
SunPrize\Certificate\Theory000.lean:2251:32: warning: Unused tactic linter: `(try simp only [not_lt, not_le] at h ⊢)` does nothing

Note: This linter can be disabled with `set_option linter.unusedTactic false`
SunPrize\Certificate\Theory000.lean:2253:32: warning: Unused tactic linter: `(try simp only [not_lt, not_le] at h ⊢)` does nothing

Note: This linter can be disabled with `set_option linter.unusedTactic false`
SunPrize\Certificate\Theory000.lean:2255:2: warning: Unused tactic linter: `all_goals clear e0 e1` does nothing

Note: This linter can be disabled with `set_option linter.unusedTactic false`
SunPrize\Certificate\Theory000.lean:2256:2: warning: Unused tactic linter: `all_goals tauto` does nothing

Note: This linter can be disabled with `set_option linter.unusedTactic false`
SunPrize\Certificate\Theory000.lean:2255:12: warning: this tactic is never executed

Note: This linter can be disabled with `set_option linter.unreachableTactic false`
SunPrize\Certificate\Theory000.lean:2256:12: warning: this tactic is never executed

Note: This linter can be disabled with `set_option linter.unreachableTactic false`
SunPrize\Certificate\Theory000.lean:2261:56: warning: This simp argument is unused:
  not_le

Hint: Omit it from the simp argument list.
  [apply] simp only [not_lt] at h ⊢

Note: This linter can be disabled with `set_option linter.unusedSimpArgs false`
SunPrize\Certificate\Theory000.lean:2269:56: warning: This simp argument is unused:
  not_le

Hint: Omit it from the simp argument list.
  [apply] simp only [not_lt] at h ⊢

Note: This linter can be disabled with `set_option linter.unusedSimpArgs false`
SunPrize\Certificate\Theory000.lean:2271:56: warning: This simp argument is unused:
  not_le

Hint: Omit it from the simp argument list.
  [apply] simp only [not_lt] at h ⊢

Note: This linter can be disabled with `set_option linter.unusedSimpArgs false`
SunPrize\Certificate\Theory000.lean:2273:56: warning: This simp argument is unused:
  not_le

Hint: Omit it from the simp argument list.
  [apply] simp only [not_lt] at h ⊢

Note: This linter can be disabled with `set_option linter.unusedSimpArgs false`
SunPrize\Certificate\Theory000.lean:2275:56: warning: This simp argument is unused:
  not_le

Hint: Omit it from the simp argument list.
  [apply] simp only [not_lt] at h ⊢

Note: This linter can be disabled with `set_option linter.unusedSimpArgs false`
SunPrize\Certificate\Theory000.lean:2277:56: warning: This simp argument is unused:
  not_le

Hint: Omit it from the simp argument list.
  [apply] simp only [not_lt] at h ⊢

Note: This linter can be disabled with `set_option linter.unusedSimpArgs false`
SunPrize\Certificate\Theory000.lean:2279:56: warning: This simp argument is unused:
  not_le

Hint: Omit it from the simp argument list.
  [apply] simp only [not_lt] at h ⊢

Note: This linter can be disabled with `set_option linter.unusedSimpArgs false`
SunPrize\Certificate\Theory000.lean:2281:56: warning: This simp argument is unused:
  not_le

Hint: Omit it from the simp argument list.
  [apply] simp only [not_lt] at h ⊢

Note: This linter can be disabled with `set_option linter.unusedSimpArgs false`
SunPrize\Certificate\Theory000.lean:2285:56: warning: This simp argument is unused:
  not_le

Hint: Omit it from the simp argument list.
  [apply] simp only [not_lt] at h ⊢

Note: This linter can be disabled with `set_option linter.unusedSimpArgs false`
SunPrize\Certificate\Theory000.lean:2287:56: warning: This simp argument is unused:
  not_le

Hint: Omit it from the simp argument list.
  [apply] simp only [not_lt] at h ⊢

Note: This linter can be disabled with `set_option linter.unusedSimpArgs false`
SunPrize\Certificate\Theory000.lean:2289:56: warning: This simp argument is unused:
  not_le

Hint: Omit it from the simp argument list.
  [apply] simp only [not_lt] at h ⊢

Note: This linter can be disabled with `set_option linter.unusedSimpArgs false`
SunPrize\Certificate\Theory000.lean:2291:56: warning: This simp argument is unused:
  not_le

Hint: Omit it from the simp argument list.
  [apply] simp only [not_lt] at h ⊢

Note: This linter can be disabled with `set_option linter.unusedSimpArgs false`
SunPrize\Certificate\Theory000.lean:2263:32: warning: Unused tactic linter: `(try simp only [not_lt, not_le] at h ⊢)` does nothing

Note: This linter can be disabled with `set_option linter.unusedTactic false`
SunPrize\Certificate\Theory000.lean:2265:32: warning: Unused tactic linter: `(try simp only [not_lt, not_le] at h ⊢)` does nothing

Note: This linter can be disabled with `set_option linter.unusedTactic false`
SunPrize\Certificate\Theory000.lean:2267:32: warning: Unused tactic linter: `(try simp only [not_lt, not_le] at h ⊢)` does nothing

Note: This linter can be disabled with `set_option linter.unusedTactic false`
SunPrize\Certificate\Theory000.lean:2283:32: warning: Unused tactic linter: `(try simp only [not_lt, not_le] at h ⊢)` does nothing

Note: This linter can be disabled with `set_option linter.unusedTactic false`
SunPrize\Certificate\Theory000.lean:2293:2: warning: Unused tactic linter: `all_goals clear e0 e1 e2 e3 e4 e5 e6 e7 e8 e9 e10 e11 e12 e13 e14 e15` does nothing

Note: This linter can be disabled with `set_option linter.unusedTactic false`
SunPrize\Certificate\Theory000.lean:2294:2: warning: Unused tactic linter: `all_goals tauto` does nothing

Note: This linter can be disabled with `set_option linter.unusedTactic false`
SunPrize\Certificate\Theory000.lean:2293:12: warning: this tactic is never executed

Note: This linter can be disabled with `set_option linter.unreachableTactic false`
SunPrize\Certificate\Theory000.lean:2294:12: warning: this tactic is never executed

Note: This linter can be disabled with `set_option linter.unreachableTactic false`
SunPrize\Certificate\Theory000.lean:2299:56: warning: This simp argument is unused:
  not_le

Hint: Omit it from the simp argument list.
  [apply] simp only [not_lt] at h ⊢

Note: This linter can be disabled with `set_option linter.unusedSimpArgs false`
SunPrize\Certificate\Theory000.lean:2307:56: warning: This simp argument is unused:
  not_le

Hint: Omit it from the simp argument list.
  [apply] simp only [not_lt] at h ⊢

Note: This linter can be disabled with `set_option linter.unusedSimpArgs false`
SunPrize\Certificate\Theory000.lean:2309:56: warning: This simp argument is unused:
  not_le

Hint: Omit it from the simp argument list.
  [apply] simp only [not_lt] at h ⊢

Note: This linter can be disabled with `set_option linter.unusedSimpArgs false`
SunPrize\Certificate\Theory000.lean:2311:56: warning: This simp argument is unused:
  not_le

Hint: Omit it from the simp argument list.
  [apply] simp only [not_lt] at h ⊢

Note: This linter can be disabled with `set_option linter.unusedSimpArgs false`
SunPrize\Certificate\Theory000.lean:2313:56: warning: This simp argument is unused:
  not_le

Hint: Omit it from the simp argument list.
  [apply] simp only [not_lt] at h ⊢

Note: This linter can be disabled with `set_option linter.unusedSimpArgs false`
SunPrize\Certificate\Theory000.lean:2315:56: warning: This simp argument is unused:
  not_le

Hint: Omit it from the simp argument list.
  [apply] simp only [not_lt] at h ⊢

Note: This linter can be disabled with `set_option linter.unusedSimpArgs false`
SunPrize\Certificate\Theory000.lean:2317:56: warning: This simp argument is unused:
  not_le

Hint: Omit it from the simp argument list.
  [apply] simp only [not_lt] at h ⊢

Note: This linter can be disabled with `set_option linter.unusedSimpArgs false`
SunPrize\Certificate\Theory000.lean:2319:56: warning: This simp argument is unused:
  not_le

Hint: Omit it from the simp argument list.
  [apply] simp only [not_lt] at h ⊢

Note: This linter can be disabled with `set_option linter.unusedSimpArgs false`
SunPrize\Certificate\Theory000.lean:2323:56: warning: This simp argument is unused:
  not_le

Hint: Omit it from the simp argument list.
  [apply] simp only [not_lt] at h ⊢

Note: This linter can be disabled with `set_option linter.unusedSimpArgs false`
SunPrize\Certificate\Theory000.lean:2325:56: warning: This simp argument is unused:
  not_le

Hint: Omit it from the simp argument list.
  [apply] simp only [not_lt] at h ⊢

Note: This linter can be disabled with `set_option linter.unusedSimpArgs false`
SunPrize\Certificate\Theory000.lean:2327:56: warning: This simp argument is unused:
  not_le

Hint: Omit it from the simp argument list.
  [apply] simp only [not_lt] at h ⊢

Note: This linter can be disabled with `set_option linter.unusedSimpArgs false`
SunPrize\Certificate\Theory000.lean:2329:56: warning: This simp argument is unused:
  not_le

Hint: Omit it from the simp argument list.
  [apply] simp only [not_lt] at h ⊢

Note: This linter can be disabled with `set_option linter.unusedSimpArgs false`
SunPrize\Certificate\Theory000.lean:2301:32: warning: Unused tactic linter: `(try simp only [not_lt, not_le] at h ⊢)` does nothing

Note: This linter can be disabled with `set_option linter.unusedTactic false`
SunPrize\Certificate\Theory000.lean:2303:32: warning: Unused tactic linter: `(try simp only [not_lt, not_le] at h ⊢)` does nothing

Note: This linter can be disabled with `set_option linter.unusedTactic false`
SunPrize\Certificate\Theory000.lean:2305:32: warning: Unused tactic linter: `(try simp only [not_lt, not_le] at h ⊢)` does nothing

Note: This linter can be disabled with `set_option linter.unusedTactic false`
SunPrize\Certificate\Theory000.lean:2321:32: warning: Unused tactic linter: `(try simp only [not_lt, not_le] at h ⊢)` does nothing

Note: This linter can be disabled with `set_option linter.unusedTactic false`
SunPrize\Certificate\Theory000.lean:2331:2: warning: Unused tactic linter: `all_goals clear e0 e1 e2 e3 e4 e5 e6 e7 e8 e9 e10 e11 e12 e13 e14 e15` does nothing

Note: This linter can be disabled with `set_option linter.unusedTactic false`
SunPrize\Certificate\Theory000.lean:2332:2: warning: Unused tactic linter: `all_goals tauto` does nothing

Note: This linter can be disabled with `set_option linter.unusedTactic false`
SunPrize\Certificate\Theory000.lean:2331:12: warning: this tactic is never executed

Note: This linter can be disabled with `set_option linter.unreachableTactic false`
SunPrize\Certificate\Theory000.lean:2332:12: warning: this tactic is never executed

Note: This linter can be disabled with `set_option linter.unreachableTactic false`
SunPrize\Certificate\Theory000.lean:2337:56: warning: This simp argument is unused:
  not_le

Hint: Omit it from the simp argument list.
  [apply] simp only [not_lt] at h ⊢

Note: This linter can be disabled with `set_option linter.unusedSimpArgs false`
SunPrize\Certificate\Theory000.lean:2345:56: warning: This simp argument is unused:
  not_le

Hint: Omit it from the simp argument list.
  [apply] simp only [not_lt] at h ⊢

Note: This linter can be disabled with `set_option linter.unusedSimpArgs false`
SunPrize\Certificate\Theory000.lean:2347:56: warning: This simp argument is unused:
  not_le

Hint: Omit it from the simp argument list.
  [apply] simp only [not_lt] at h ⊢

Note: This linter can be disabled with `set_option linter.unusedSimpArgs false`
SunPrize\Certificate\Theory000.lean:2349:56: warning: This simp argument is unused:
  not_le

Hint: Omit it from the simp argument list.
  [apply] simp only [not_lt] at h ⊢

Note: This linter can be disabled with `set_option linter.unusedSimpArgs false`
SunPrize\Certificate\Theory000.lean:2351:56: warning: This simp argument is unused:
  not_le

Hint: Omit it from the simp argument list.
  [apply] simp only [not_lt] at h ⊢

Note: This linter can be disabled with `set_option linter.unusedSimpArgs false`
SunPrize\Certificate\Theory000.lean:2353:56: warning: This simp argument is unused:
  not_le

Hint: Omit it from the simp argument list.
  [apply] simp only [not_lt] at h ⊢

Note: This linter can be disabled with `set_option linter.unusedSimpArgs false`
SunPrize\Certificate\Theory000.lean:2355:56: warning: This simp argument is unused:
  not_le

Hint: Omit it from the simp argument list.
  [apply] simp only [not_lt] at h ⊢

Note: This linter can be disabled with `set_option linter.unusedSimpArgs false`
SunPrize\Certificate\Theory000.lean:2357:56: warning: This simp argument is unused:
  not_le

Hint: Omit it from the simp argument list.
  [apply] simp only [not_lt] at h ⊢

Note: This linter can be disabled with `set_option linter.unusedSimpArgs false`
SunPrize\Certificate\Theory000.lean:2361:56: warning: This simp argument is unused:
  not_le

Hint: Omit it from the simp argument list.
  [apply] simp only [not_lt] at h ⊢

Note: This linter can be disabled with `set_option linter.unusedSimpArgs false`
SunPrize\Certificate\Theory000.lean:2363:56: warning: This simp argument is unused:
  not_le

Hint: Omit it from the simp argument list.
  [apply] simp only [not_lt] at h ⊢

Note: This linter can be disabled with `set_option linter.unusedSimpArgs false`
SunPrize\Certificate\Theory000.lean:2365:56: warning: This simp argument is unused:
  not_le

Hint: Omit it from the simp argument list.
  [apply] simp only [not_lt] at h ⊢

Note: This linter can be disabled with `set_option linter.unusedSimpArgs false`
SunPrize\Certificate\Theory000.lean:2367:56: warning: This simp argument is unused:
  not_le

Hint: Omit it from the simp argument list.
  [apply] simp only [not_lt] at h ⊢

Note: This linter can be disabled with `set_option linter.unusedSimpArgs false`
SunPrize\Certificate\Theory000.lean:2339:32: warning: Unused tactic linter: `(try simp only [not_lt, not_le] at h ⊢)` does nothing

Note: This linter can be disabled with `set_option linter.unusedTactic false`
SunPrize\Certificate\Theory000.lean:2341:32: warning: Unused tactic linter: `(try simp only [not_lt, not_le] at h ⊢)` does nothing

Note: This linter can be disabled with `set_option linter.unusedTactic false`
SunPrize\Certificate\Theory000.lean:2343:32: warning: Unused tactic linter: `(try simp only [not_lt, not_le] at h ⊢)` does nothing

Note: This linter can be disabled with `set_option linter.unusedTactic false`
SunPrize\Certificate\Theory000.lean:2359:32: warning: Unused tactic linter: `(try simp only [not_lt, not_le] at h ⊢)` does nothing

Note: This linter can be disabled with `set_option linter.unusedTactic false`
SunPrize\Certificate\Theory000.lean:2369:2: warning: Unused tactic linter: `all_goals clear e0 e1 e2 e3 e4 e5 e6 e7 e8 e9 e10 e11 e12 e13 e14 e15` does nothing

Note: This linter can be disabled with `set_option linter.unusedTactic false`
SunPrize\Certificate\Theory000.lean:2370:2: warning: Unused tactic linter: `all_goals tauto` does nothing

Note: This linter can be disabled with `set_option linter.unusedTactic false`
SunPrize\Certificate\Theory000.lean:2369:12: warning: this tactic is never executed

Note: This linter can be disabled with `set_option linter.unreachableTactic false`
SunPrize\Certificate\Theory000.lean:2370:12: warning: this tactic is never executed

Note: This linter can be disabled with `set_option linter.unreachableTactic false`
SunPrize\Certificate\Theory000.lean:2381:56: warning: This simp argument is unused:
  not_le

Hint: Omit it from the simp argument list.
  [apply] simp only [not_lt] at h ⊢

Note: This linter can be disabled with `set_option linter.unusedSimpArgs false`
SunPrize\Certificate\Theory000.lean:2383:56: warning: This simp argument is unused:
  not_le

Hint: Omit it from the simp argument list.
  [apply] simp only [not_lt] at h ⊢

Note: This linter can be disabled with `set_option linter.unusedSimpArgs false`
SunPrize\Certificate\Theory000.lean:2375:32: warning: Unused tactic linter: `(try simp only [not_lt, not_le] at h ⊢)` does nothing

Note: This linter can be disabled with `set_option linter.unusedTactic false`
SunPrize\Certificate\Theory000.lean:2377:32: warning: Unused tactic linter: `(try simp only [not_lt, not_le] at h ⊢)` does nothing

Note: This linter can be disabled with `set_option linter.unusedTactic false`
SunPrize\Certificate\Theory000.lean:2379:32: warning: Unused tactic linter: `(try simp only [not_lt, not_le] at h ⊢)` does nothing

Note: This linter can be disabled with `set_option linter.unusedTactic false`
SunPrize\Certificate\Theory000.lean:2391:56: warning: This simp argument is unused:
  not_le

Hint: Omit it from the simp argument list.
  [apply] simp only [not_lt] at h ⊢

Note: This linter can be disabled with `set_option linter.unusedSimpArgs false`
SunPrize\Certificate\Theory000.lean:2393:56: warning: This simp argument is unused:
  not_le

Hint: Omit it from the simp argument list.
  [apply] simp only [not_lt] at h ⊢

Note: This linter can be disabled with `set_option linter.unusedSimpArgs false`
SunPrize\Certificate\Theory000.lean:2395:56: warning: This simp argument is unused:
  not_le

Hint: Omit it from the simp argument list.
  [apply] simp only [not_lt] at h ⊢

Note: This linter can be disabled with `set_option linter.unusedSimpArgs false`
SunPrize\Certificate\Theory000.lean:2397:56: warning: This simp argument is unused:
  not_le

Hint: Omit it from the simp argument list.
  [apply] simp only [not_lt] at h ⊢

Note: This linter can be disabled with `set_option linter.unusedSimpArgs false`
SunPrize\Certificate\Theory000.lean:2399:56: warning: This simp argument is unused:
  not_le

Hint: Omit it from the simp argument list.
  [apply] simp only [not_lt] at h ⊢

Note: This linter can be disabled with `set_option linter.unusedSimpArgs false`
SunPrize\Certificate\Theory000.lean:2427:56: warning: This simp argument is unused:
  not_le

Hint: Omit it from the simp argument list.
  [apply] simp only [not_lt] at h ⊢

Note: This linter can be disabled with `set_option linter.unusedSimpArgs false`
SunPrize\Certificate\Theory000.lean:2429:56: warning: This simp argument is unused:
  not_le

Hint: Omit it from the simp argument list.
  [apply] simp only [not_lt] at h ⊢

Note: This linter can be disabled with `set_option linter.unusedSimpArgs false`
SunPrize\Certificate\Theory000.lean:2431:56: warning: This simp argument is unused:
  not_le

Hint: Omit it from the simp argument list.
  [apply] simp only [not_lt] at h ⊢

Note: This linter can be disabled with `set_option linter.unusedSimpArgs false`
SunPrize\Certificate\Theory000.lean:2433:56: warning: This simp argument is unused:
  not_le

Hint: Omit it from the simp argument list.
  [apply] simp only [not_lt] at h ⊢

Note: This linter can be disabled with `set_option linter.unusedSimpArgs false`
SunPrize\Certificate\Theory000.lean:2435:56: warning: This simp argument is unused:
  not_le

Hint: Omit it from the simp argument list.
  [apply] simp only [not_lt] at h ⊢

Note: This linter can be disabled with `set_option linter.unusedSimpArgs false`
SunPrize\Certificate\Theory000.lean:2437:56: warning: This simp argument is unused:
  not_le

Hint: Omit it from the simp argument list.
  [apply] simp only [not_lt] at h ⊢

Note: This linter can be disabled with `set_option linter.unusedSimpArgs false`
SunPrize\Certificate\Theory000.lean:2439:56: warning: This simp argument is unused:
  not_le

Hint: Omit it from the simp argument list.
  [apply] simp only [not_lt] at h ⊢

Note: This linter can be disabled with `set_option linter.unusedSimpArgs false`
SunPrize\Certificate\Theory000.lean:2443:56: warning: This simp argument is unused:
  not_le

Hint: Omit it from the simp argument list.
  [apply] simp only [not_lt] at h ⊢

Note: This linter can be disabled with `set_option linter.unusedSimpArgs false`
SunPrize\Certificate\Theory000.lean:2445:56: warning: This simp argument is unused:
  not_le

Hint: Omit it from the simp argument list.
  [apply] simp only [not_lt] at h ⊢

Note: This linter can be disabled with `set_option linter.unusedSimpArgs false`
SunPrize\Certificate\Theory000.lean:2447:56: warning: This simp argument is unused:
  not_le

Hint: Omit it from the simp argument list.
  [apply] simp only [not_lt] at h ⊢

Note: This linter can be disabled with `set_option linter.unusedSimpArgs false`
SunPrize\Certificate\Theory000.lean:2449:56: warning: This simp argument is unused:
  not_le

Hint: Omit it from the simp argument list.
  [apply] simp only [not_lt] at h ⊢

Note: This linter can be disabled with `set_option linter.unusedSimpArgs false`
SunPrize\Certificate\Theory000.lean:2451:56: warning: This simp argument is unused:
  not_le

Hint: Omit it from the simp argument list.
  [apply] simp only [not_lt] at h ⊢

Note: This linter can be disabled with `set_option linter.unusedSimpArgs false`
SunPrize\Certificate\Theory000.lean:2421:32: warning: Unused tactic linter: `(try simp only [not_lt, not_le] at h ⊢)` does nothing

Note: This linter can be disabled with `set_option linter.unusedTactic false`
SunPrize\Certificate\Theory000.lean:2423:32: warning: Unused tactic linter: `(try simp only [not_lt, not_le] at h ⊢)` does nothing

Note: This linter can be disabled with `set_option linter.unusedTactic false`
SunPrize\Certificate\Theory000.lean:2425:32: warning: Unused tactic linter: `(try simp only [not_lt, not_le] at h ⊢)` does nothing

Note: This linter can be disabled with `set_option linter.unusedTactic false`
SunPrize\Certificate\Theory000.lean:2441:32: warning: Unused tactic linter: `(try simp only [not_lt, not_le] at h ⊢)` does nothing

Note: This linter can be disabled with `set_option linter.unusedTactic false`
SunPrize\Certificate\Theory000.lean:2453:2: warning: Unused tactic linter: `all_goals clear e0 e1 e2 e3 e4 e5 e6 e7 e8 e9 e10 e11 e12 e13 e14 e15` does nothing

Note: This linter can be disabled with `set_option linter.unusedTactic false`
SunPrize\Certificate\Theory000.lean:2454:2: warning: Unused tactic linter: `all_goals tauto` does nothing

Note: This linter can be disabled with `set_option linter.unusedTactic false`
SunPrize\Certificate\Theory000.lean:2453:12: warning: this tactic is never executed

Note: This linter can be disabled with `set_option linter.unreachableTactic false`
SunPrize\Certificate\Theory000.lean:2454:12: warning: this tactic is never executed

Note: This linter can be disabled with `set_option linter.unreachableTactic false`
SunPrize\Certificate\Theory000.lean:2459:56: warning: This simp argument is unused:
  not_le

Hint: Omit it from the simp argument list.
  [apply] simp only [not_lt] at h ⊢

Note: This linter can be disabled with `set_option linter.unusedSimpArgs false`
SunPrize\Certificate\Theory000.lean:2467:56: warning: This simp argument is unused:
  not_le

Hint: Omit it from the simp argument list.
  [apply] simp only [not_lt] at h ⊢

Note: This linter can be disabled with `set_option linter.unusedSimpArgs false`
SunPrize\Certificate\Theory000.lean:2469:56: warning: This simp argument is unused:
  not_le

Hint: Omit it from the simp argument list.
  [apply] simp only [not_lt] at h ⊢

Note: This linter can be disabled with `set_option linter.unusedSimpArgs false`
SunPrize\Certificate\Theory000.lean:2471:56: warning: This simp argument is unused:
  not_le

Hint: Omit it from the simp argument list.
  [apply] simp only [not_lt] at h ⊢

Note: This linter can be disabled with `set_option linter.unusedSimpArgs false`
SunPrize\Certificate\Theory000.lean:2473:56: warning: This simp argument is unused:
  not_le

Hint: Omit it from the simp argument list.
  [apply] simp only [not_lt] at h ⊢

Note: This linter can be disabled with `set_option linter.unusedSimpArgs false`
SunPrize\Certificate\Theory000.lean:2475:56: warning: This simp argument is unused:
  not_le

Hint: Omit it from the simp argument list.
  [apply] simp only [not_lt] at h ⊢

Note: This linter can be disabled with `set_option linter.unusedSimpArgs false`
SunPrize\Certificate\Theory000.lean:2477:56: warning: This simp argument is unused:
  not_le

Hint: Omit it from the simp argument list.
  [apply] simp only [not_lt] at h ⊢

Note: This linter can be disabled with `set_option linter.unusedSimpArgs false`
SunPrize\Certificate\Theory000.lean:2479:56: warning: This simp argument is unused:
  not_le

Hint: Omit it from the simp argument list.
  [apply] simp only [not_lt] at h ⊢

Note: This linter can be disabled with `set_option linter.unusedSimpArgs false`
SunPrize\Certificate\Theory000.lean:2483:56: warning: This simp argument is unused:
  not_le

Hint: Omit it from the simp argument list.
  [apply] simp only [not_lt] at h ⊢

Note: This linter can be disabled with `set_option linter.unusedSimpArgs false`
SunPrize\Certificate\Theory000.lean:2485:56: warning: This simp argument is unused:
  not_le

Hint: Omit it from the simp argument list.
  [apply] simp only [not_lt] at h ⊢

Note: This linter can be disabled with `set_option linter.unusedSimpArgs false`
SunPrize\Certificate\Theory000.lean:2487:56: warning: This simp argument is unused:
  not_le

Hint: Omit it from the simp argument list.
  [apply] simp only [not_lt] at h ⊢

Note: This linter can be disabled with `set_option linter.unusedSimpArgs false`
SunPrize\Certificate\Theory000.lean:2489:56: warning: This simp argument is unused:
  not_le

Hint: Omit it from the simp argument list.
  [apply] simp only [not_lt] at h ⊢

Note: This linter can be disabled with `set_option linter.unusedSimpArgs false`
SunPrize\Certificate\Theory000.lean:2461:32: warning: Unused tactic linter: `(try simp only [not_lt, not_le] at h ⊢)` does nothing

Note: This linter can be disabled with `set_option linter.unusedTactic false`
SunPrize\Certificate\Theory000.lean:2463:32: warning: Unused tactic linter: `(try simp only [not_lt, not_le] at h ⊢)` does nothing

Note: This linter can be disabled with `set_option linter.unusedTactic false`
SunPrize\Certificate\Theory000.lean:2465:32: warning: Unused tactic linter: `(try simp only [not_lt, not_le] at h ⊢)` does nothing

Note: This linter can be disabled with `set_option linter.unusedTactic false`
SunPrize\Certificate\Theory000.lean:2481:32: warning: Unused tactic linter: `(try simp only [not_lt, not_le] at h ⊢)` does nothing

Note: This linter can be disabled with `set_option linter.unusedTactic false`
SunPrize\Certificate\Theory000.lean:2491:2: warning: Unused tactic linter: `all_goals clear e0 e1 e2 e3 e4 e5 e6 e7 e8 e9 e10 e11 e12 e13 e14 e15` does nothing

Note: This linter can be disabled with `set_option linter.unusedTactic false`
SunPrize\Certificate\Theory000.lean:2492:2: warning: Unused tactic linter: `all_goals tauto` does nothing

Note: This linter can be disabled with `set_option linter.unusedTactic false`
SunPrize\Certificate\Theory000.lean:2491:12: warning: this tactic is never executed

Note: This linter can be disabled with `set_option linter.unreachableTactic false`
SunPrize\Certificate\Theory000.lean:2492:12: warning: this tactic is never executed

Note: This linter can be disabled with `set_option linter.unreachableTactic false`
SunPrize\Certificate\Theory000.lean:2497:32: warning: Unused tactic linter: `(try simp only [not_lt, not_le] at h ⊢)` does nothing

Note: This linter can be disabled with `set_option linter.unusedTactic false`
SunPrize\Certificate\Theory000.lean:2499:32: warning: Unused tactic linter: `(try simp only [not_lt, not_le] at h ⊢)` does nothing

Note: This linter can be disabled with `set_option linter.unusedTactic false`
SunPrize\Certificate\Theory000.lean:2501:2: warning: Unused tactic linter: `all_goals clear e0 e1` does nothing

Note: This linter can be disabled with `set_option linter.unusedTactic false`
SunPrize\Certificate\Theory000.lean:2502:2: warning: Unused tactic linter: `all_goals tauto` does nothing

Note: This linter can be disabled with `set_option linter.unusedTactic false`
SunPrize\Certificate\Theory000.lean:2501:12: warning: this tactic is never executed

Note: This linter can be disabled with `set_option linter.unreachableTactic false`
SunPrize\Certificate\Theory000.lean:2502:12: warning: this tactic is never executed

Note: This linter can be disabled with `set_option linter.unreachableTactic false`
SunPrize\Certificate\Theory000.lean:2507:56: warning: This simp argument is unused:
  not_le

Hint: Omit it from the simp argument list.
  [apply] simp only [not_lt] at h ⊢

Note: This linter can be disabled with `set_option linter.unusedSimpArgs false`
SunPrize\Certificate\Theory000.lean:2515:56: warning: This simp argument is unused:
  not_le

Hint: Omit it from the simp argument list.
  [apply] simp only [not_lt] at h ⊢

Note: This linter can be disabled with `set_option linter.unusedSimpArgs false`
SunPrize\Certificate\Theory000.lean:2517:56: warning: This simp argument is unused:
  not_le

Hint: Omit it from the simp argument list.
  [apply] simp only [not_lt] at h ⊢

Note: This linter can be disabled with `set_option linter.unusedSimpArgs false`
SunPrize\Certificate\Theory000.lean:2519:56: warning: This simp argument is unused:
  not_le

Hint: Omit it from the simp argument list.
  [apply] simp only [not_lt] at h ⊢

Note: This linter can be disabled with `set_option linter.unusedSimpArgs false`
SunPrize\Certificate\Theory000.lean:2521:56: warning: This simp argument is unused:
  not_le

Hint: Omit it from the simp argument list.
  [apply] simp only [not_lt] at h ⊢

Note: This linter can be disabled with `set_option linter.unusedSimpArgs false`
SunPrize\Certificate\Theory000.lean:2523:56: warning: This simp argument is unused:
  not_le

Hint: Omit it from the simp argument list.
  [apply] simp only [not_lt] at h ⊢

Note: This linter can be disabled with `set_option linter.unusedSimpArgs false`
SunPrize\Certificate\Theory000.lean:2525:56: warning: This simp argument is unused:
  not_le

Hint: Omit it from the simp argument list.
  [apply] simp only [not_lt] at h ⊢

Note: This linter can be disabled with `set_option linter.unusedSimpArgs false`
SunPrize\Certificate\Theory000.lean:2527:56: warning: This simp argument is unused:
  not_le

Hint: Omit it from the simp argument list.
  [apply] simp only [not_lt] at h ⊢

Note: This linter can be disabled with `set_option linter.unusedSimpArgs false`
SunPrize\Certificate\Theory000.lean:2531:56: warning: This simp argument is unused:
  not_le

Hint: Omit it from the simp argument list.
  [apply] simp only [not_lt] at h ⊢

Note: This linter can be disabled with `set_option linter.unusedSimpArgs false`
SunPrize\Certificate\Theory000.lean:2533:56: warning: This simp argument is unused:
  not_le

Hint: Omit it from the simp argument list.
  [apply] simp only [not_lt] at h ⊢

Note: This linter can be disabled with `set_option linter.unusedSimpArgs false`
SunPrize\Certificate\Theory000.lean:2535:56: warning: This simp argument is unused:
  not_le

Hint: Omit it from the simp argument list.
  [apply] simp only [not_lt] at h ⊢

Note: This linter can be disabled with `set_option linter.unusedSimpArgs false`
SunPrize\Certificate\Theory000.lean:2537:56: warning: This simp argument is unused:
  not_le

Hint: Omit it from the simp argument list.
  [apply] simp only [not_lt] at h ⊢

Note: This linter can be disabled with `set_option linter.unusedSimpArgs false`
SunPrize\Certificate\Theory000.lean:2509:32: warning: Unused tactic linter: `(try simp only [not_lt, not_le] at h ⊢)` does nothing

Note: This linter can be disabled with `set_option linter.unusedTactic false`
SunPrize\Certificate\Theory000.lean:2511:32: warning: Unused tactic linter: `(try simp only [not_lt, not_le] at h ⊢)` does nothing

Note: This linter can be disabled with `set_option linter.unusedTactic false`
SunPrize\Certificate\Theory000.lean:2513:32: warning: Unused tactic linter: `(try simp only [not_lt, not_le] at h ⊢)` does nothing

Note: This linter can be disabled with `set_option linter.unusedTactic false`
SunPrize\Certificate\Theory000.lean:2529:32: warning: Unused tactic linter: `(try simp only [not_lt, not_le] at h ⊢)` does nothing

Note: This linter can be disabled with `set_option linter.unusedTactic false`
SunPrize\Certificate\Theory000.lean:2539:2: warning: Unused tactic linter: `all_goals clear e0 e1 e2 e3 e4 e5 e6 e7 e8 e9 e10 e11 e12 e13 e14 e15` does nothing

Note: This linter can be disabled with `set_option linter.unusedTactic false`
SunPrize\Certificate\Theory000.lean:2540:2: warning: Unused tactic linter: `all_goals tauto` does nothing

Note: This linter can be disabled with `set_option linter.unusedTactic false`
SunPrize\Certificate\Theory000.lean:2539:12: warning: this tactic is never executed

Note: This linter can be disabled with `set_option linter.unreachableTactic false`
SunPrize\Certificate\Theory000.lean:2540:12: warning: this tactic is never executed

Note: This linter can be disabled with `set_option linter.unreachableTactic false`
SunPrize\Certificate\Theory000.lean:2545:32: warning: Unused tactic linter: `(try simp only [not_lt, not_le] at h ⊢)` does nothing

Note: This linter can be disabled with `set_option linter.unusedTactic false`
SunPrize\Certificate\Theory000.lean:2547:32: warning: Unused tactic linter: `(try simp only [not_lt, not_le] at h ⊢)` does nothing

Note: This linter can be disabled with `set_option linter.unusedTactic false`
SunPrize\Certificate\Theory000.lean:2549:2: warning: Unused tactic linter: `all_goals clear e0 e1` does nothing

Note: This linter can be disabled with `set_option linter.unusedTactic false`
SunPrize\Certificate\Theory000.lean:2550:2: warning: Unused tactic linter: `all_goals tauto` does nothing

Note: This linter can be disabled with `set_option linter.unusedTactic false`
SunPrize\Certificate\Theory000.lean:2549:12: warning: this tactic is never executed

Note: This linter can be disabled with `set_option linter.unreachableTactic false`
SunPrize\Certificate\Theory000.lean:2550:12: warning: this tactic is never executed

Note: This linter can be disabled with `set_option linter.unreachableTactic false`
SunPrize\Certificate\Theory000.lean:2555:56: warning: This simp argument is unused:
  not_le

Hint: Omit it from the simp argument list.
  [apply] simp only [not_lt] at h ⊢

Note: This linter can be disabled with `set_option linter.unusedSimpArgs false`
SunPrize\Certificate\Theory000.lean:2563:56: warning: This simp argument is unused:
  not_le

Hint: Omit it from the simp argument list.
  [apply] simp only [not_lt] at h ⊢

Note: This linter can be disabled with `set_option linter.unusedSimpArgs false`
SunPrize\Certificate\Theory000.lean:2565:56: warning: This simp argument is unused:
  not_le

Hint: Omit it from the simp argument list.
  [apply] simp only [not_lt] at h ⊢

Note: This linter can be disabled with `set_option linter.unusedSimpArgs false`
SunPrize\Certificate\Theory000.lean:2567:56: warning: This simp argument is unused:
  not_le

Hint: Omit it from the simp argument list.
  [apply] simp only [not_lt] at h ⊢

Note: This linter can be disabled with `set_option linter.unusedSimpArgs false`
SunPrize\Certificate\Theory000.lean:2569:56: warning: This simp argument is unused:
  not_le

Hint: Omit it from the simp argument list.
  [apply] simp only [not_lt] at h ⊢

Note: This linter can be disabled with `set_option linter.unusedSimpArgs false`
SunPrize\Certificate\Theory000.lean:2571:56: warning: This simp argument is unused:
  not_le

Hint: Omit it from the simp argument list.
  [apply] simp only [not_lt] at h ⊢

Note: This linter can be disabled with `set_option linter.unusedSimpArgs false`
SunPrize\Certificate\Theory000.lean:2573:56: warning: This simp argument is unused:
  not_le

Hint: Omit it from the simp argument list.
  [apply] simp only [not_lt] at h ⊢

Note: This linter can be disabled with `set_option linter.unusedSimpArgs false`
SunPrize\Certificate\Theory000.lean:2575:56: warning: This simp argument is unused:
  not_le

Hint: Omit it from the simp argument list.
  [apply] simp only [not_lt] at h ⊢

Note: This linter can be disabled with `set_option linter.unusedSimpArgs false`
SunPrize\Certificate\Theory000.lean:2579:56: warning: This simp argument is unused:
  not_le

Hint: Omit it from the simp argument list.
  [apply] simp only [not_lt] at h ⊢

Note: This linter can be disabled with `set_option linter.unusedSimpArgs false`
SunPrize\Certificate\Theory000.lean:2581:56: warning: This simp argument is unused:
  not_le

Hint: Omit it from the simp argument list.
  [apply] simp only [not_lt] at h ⊢

Note: This linter can be disabled with `set_option linter.unusedSimpArgs false`
SunPrize\Certificate\Theory000.lean:2583:56: warning: This simp argument is unused:
  not_le

Hint: Omit it from the simp argument list.
  [apply] simp only [not_lt] at h ⊢

Note: This linter can be disabled with `set_option linter.unusedSimpArgs false`
SunPrize\Certificate\Theory000.lean:2585:56: warning: This simp argument is unused:
  not_le

Hint: Omit it from the simp argument list.
  [apply] simp only [not_lt] at h ⊢

Note: This linter can be disabled with `set_option linter.unusedSimpArgs false`
SunPrize\Certificate\Theory000.lean:2557:32: warning: Unused tactic linter: `(try simp only [not_lt, not_le] at h ⊢)` does nothing

Note: This linter can be disabled with `set_option linter.unusedTactic false`
SunPrize\Certificate\Theory000.lean:2559:32: warning: Unused tactic linter: `(try simp only [not_lt, not_le] at h ⊢)` does nothing

Note: This linter can be disabled with `set_option linter.unusedTactic false`
SunPrize\Certificate\Theory000.lean:2561:32: warning: Unused tactic linter: `(try simp only [not_lt, not_le] at h ⊢)` does nothing

Note: This linter can be disabled with `set_option linter.unusedTactic false`
SunPrize\Certificate\Theory000.lean:2577:32: warning: Unused tactic linter: `(try simp only [not_lt, not_le] at h ⊢)` does nothing

Note: This linter can be disabled with `set_option linter.unusedTactic false`
SunPrize\Certificate\Theory000.lean:2587:2: warning: Unused tactic linter: `all_goals clear e0 e1 e2 e3 e4 e5 e6 e7 e8 e9 e10 e11 e12 e13 e14 e15` does nothing

Note: This linter can be disabled with `set_option linter.unusedTactic false`
SunPrize\Certificate\Theory000.lean:2588:2: warning: Unused tactic linter: `all_goals tauto` does nothing

Note: This linter can be disabled with `set_option linter.unusedTactic false`
SunPrize\Certificate\Theory000.lean:2587:12: warning: this tactic is never executed

Note: This linter can be disabled with `set_option linter.unreachableTactic false`
SunPrize\Certificate\Theory000.lean:2588:12: warning: this tactic is never executed

Note: This linter can be disabled with `set_option linter.unreachableTactic false`
SunPrize\Certificate\Theory000.lean:2593:32: warning: Unused tactic linter: `(try simp only [not_lt, not_le] at h ⊢)` does nothing

Note: This linter can be disabled with `set_option linter.unusedTactic false`
SunPrize\Certificate\Theory000.lean:2595:32: warning: Unused tactic linter: `(try simp only [not_lt, not_le] at h ⊢)` does nothing

Note: This linter can be disabled with `set_option linter.unusedTactic false`
SunPrize\Certificate\Theory000.lean:2597:2: warning: Unused tactic linter: `all_goals clear e0 e1` does nothing

Note: This linter can be disabled with `set_option linter.unusedTactic false`
SunPrize\Certificate\Theory000.lean:2598:2: warning: Unused tactic linter: `all_goals tauto` does nothing

Note: This linter can be disabled with `set_option linter.unusedTactic false`
SunPrize\Certificate\Theory000.lean:2597:12: warning: this tactic is never executed

Note: This linter can be disabled with `set_option linter.unreachableTactic false`
SunPrize\Certificate\Theory000.lean:2598:12: warning: this tactic is never executed

Note: This linter can be disabled with `set_option linter.unreachableTactic false`
SunPrize\Certificate\Theory000.lean:2609:56: warning: This simp argument is unused:
  not_le

Hint: Omit it from the simp argument list.
  [apply] simp only [not_lt] at h ⊢

Note: This linter can be disabled with `set_option linter.unusedSimpArgs false`
SunPrize\Certificate\Theory000.lean:2611:56: warning: This simp argument is unused:
  not_le

Hint: Omit it from the simp argument list.
  [apply] simp only [not_lt] at h ⊢

Note: This linter can be disabled with `set_option linter.unusedSimpArgs false`
SunPrize\Certificate\Theory000.lean:2613:56: warning: This simp argument is unused:
  not_le

Hint: Omit it from the simp argument list.
  [apply] simp only [not_lt] at h ⊢

Note: This linter can be disabled with `set_option linter.unusedSimpArgs false`
SunPrize\Certificate\Theory000.lean:2615:56: warning: This simp argument is unused:
  not_le

Hint: Omit it from the simp argument list.
  [apply] simp only [not_lt] at h ⊢

Note: This linter can be disabled with `set_option linter.unusedSimpArgs false`
SunPrize\Certificate\Theory000.lean:2617:56: warning: This simp argument is unused:
  not_le

Hint: Omit it from the simp argument list.
  [apply] simp only [not_lt] at h ⊢

Note: This linter can be disabled with `set_option linter.unusedSimpArgs false`
SunPrize\Certificate\Theory000.lean:2619:56: warning: This simp argument is unused:
  not_le

Hint: Omit it from the simp argument list.
  [apply] simp only [not_lt] at h ⊢

Note: This linter can be disabled with `set_option linter.unusedSimpArgs false`
SunPrize\Certificate\Theory000.lean:2621:56: warning: This simp argument is unused:
  not_le

Hint: Omit it from the simp argument list.
  [apply] simp only [not_lt] at h ⊢

Note: This linter can be disabled with `set_option linter.unusedSimpArgs false`
SunPrize\Certificate\Theory000.lean:2625:56: warning: This simp argument is unused:
  not_le

Hint: Omit it from the simp argument list.
  [apply] simp only [not_lt] at h ⊢

Note: This linter can be disabled with `set_option linter.unusedSimpArgs false`
SunPrize\Certificate\Theory000.lean:2627:56: warning: This simp argument is unused:
  not_le

Hint: Omit it from the simp argument list.
  [apply] simp only [not_lt] at h ⊢

Note: This linter can be disabled with `set_option linter.unusedSimpArgs false`
SunPrize\Certificate\Theory000.lean:2629:56: warning: This simp argument is unused:
  not_le

Hint: Omit it from the simp argument list.
  [apply] simp only [not_lt] at h ⊢

Note: This linter can be disabled with `set_option linter.unusedSimpArgs false`
SunPrize\Certificate\Theory000.lean:2631:56: warning: This simp argument is unused:
  not_le

Hint: Omit it from the simp argument list.
  [apply] simp only [not_lt] at h ⊢

Note: This linter can be disabled with `set_option linter.unusedSimpArgs false`
SunPrize\Certificate\Theory000.lean:2633:56: warning: This simp argument is unused:
  not_le

Hint: Omit it from the simp argument list.
  [apply] simp only [not_lt] at h ⊢

Note: This linter can be disabled with `set_option linter.unusedSimpArgs false`
SunPrize\Certificate\Theory000.lean:2603:32: warning: Unused tactic linter: `(try simp only [not_lt, not_le] at h ⊢)` does nothing

Note: This linter can be disabled with `set_option linter.unusedTactic false`
SunPrize\Certificate\Theory000.lean:2605:32: warning: Unused tactic linter: `(try simp only [not_lt, not_le] at h ⊢)` does nothing

Note: This linter can be disabled with `set_option linter.unusedTactic false`
SunPrize\Certificate\Theory000.lean:2607:32: warning: Unused tactic linter: `(try simp only [not_lt, not_le] at h ⊢)` does nothing

Note: This linter can be disabled with `set_option linter.unusedTactic false`
SunPrize\Certificate\Theory000.lean:2623:32: warning: Unused tactic linter: `(try simp only [not_lt, not_le] at h ⊢)` does nothing

Note: This linter can be disabled with `set_option linter.unusedTactic false`
SunPrize\Certificate\Theory000.lean:2635:2: warning: Unused tactic linter: `all_goals clear e0 e1 e2 e3 e4 e5 e6 e7 e8 e9 e10 e11 e12 e13 e14 e15` does nothing

Note: This linter can be disabled with `set_option linter.unusedTactic false`
SunPrize\Certificate\Theory000.lean:2636:2: warning: Unused tactic linter: `all_goals tauto` does nothing

Note: This linter can be disabled with `set_option linter.unusedTactic false`
SunPrize\Certificate\Theory000.lean:2635:12: warning: this tactic is never executed

Note: This linter can be disabled with `set_option linter.unreachableTactic false`
SunPrize\Certificate\Theory000.lean:2636:12: warning: this tactic is never executed

Note: This linter can be disabled with `set_option linter.unreachableTactic false`
SunPrize\Certificate\Theory000.lean:2647:56: warning: This simp argument is unused:
  not_le

Hint: Omit it from the simp argument list.
  [apply] simp only [not_lt] at h ⊢

Note: This linter can be disabled with `set_option linter.unusedSimpArgs false`
SunPrize\Certificate\Theory000.lean:2649:56: warning: This simp argument is unused:
  not_le

Hint: Omit it from the simp argument list.
  [apply] simp only [not_lt] at h ⊢

Note: This linter can be disabled with `set_option linter.unusedSimpArgs false`
SunPrize\Certificate\Theory000.lean:2651:56: warning: This simp argument is unused:
  not_le

Hint: Omit it from the simp argument list.
  [apply] simp only [not_lt] at h ⊢

Note: This linter can be disabled with `set_option linter.unusedSimpArgs false`
SunPrize\Certificate\Theory000.lean:2653:56: warning: This simp argument is unused:
  not_le

Hint: Omit it from the simp argument list.
  [apply] simp only [not_lt] at h ⊢

Note: This linter can be disabled with `set_option linter.unusedSimpArgs false`
SunPrize\Certificate\Theory000.lean:2655:56: warning: This simp argument is unused:
  not_le

Hint: Omit it from the simp argument list.
  [apply] simp only [not_lt] at h ⊢

Note: This linter can be disabled with `set_option linter.unusedSimpArgs false`
SunPrize\Certificate\Theory000.lean:2657:56: warning: This simp argument is unused:
  not_le

Hint: Omit it from the simp argument list.
  [apply] simp only [not_lt] at h ⊢

Note: This linter can be disabled with `set_option linter.unusedSimpArgs false`
SunPrize\Certificate\Theory000.lean:2659:56: warning: This simp argument is unused:
  not_le

Hint: Omit it from the simp argument list.
  [apply] simp only [not_lt] at h ⊢

Note: This linter can be disabled with `set_option linter.unusedSimpArgs false`
SunPrize\Certificate\Theory000.lean:2663:56: warning: This simp argument is unused:
  not_le

Hint: Omit it from the simp argument list.
  [apply] simp only [not_lt] at h ⊢

Note: This linter can be disabled with `set_option linter.unusedSimpArgs false`
SunPrize\Certificate\Theory000.lean:2665:56: warning: This simp argument is unused:
  not_le

Hint: Omit it from the simp argument list.
  [apply] simp only [not_lt] at h ⊢

Note: This linter can be disabled with `set_option linter.unusedSimpArgs false`
SunPrize\Certificate\Theory000.lean:2667:56: warning: This simp argument is unused:
  not_le

Hint: Omit it from the simp argument list.
  [apply] simp only [not_lt] at h ⊢

Note: This linter can be disabled with `set_option linter.unusedSimpArgs false`
SunPrize\Certificate\Theory000.lean:2669:56: warning: This simp argument is unused:
  not_le

Hint: Omit it from the simp argument list.
  [apply] simp only [not_lt] at h ⊢

Note: This linter can be disabled with `set_option linter.unusedSimpArgs false`
SunPrize\Certificate\Theory000.lean:2671:56: warning: This simp argument is unused:
  not_le

Hint: Omit it from the simp argument list.
  [apply] simp only [not_lt] at h ⊢

Note: This linter can be disabled with `set_option linter.unusedSimpArgs false`
SunPrize\Certificate\Theory000.lean:2641:32: warning: Unused tactic linter: `(try simp only [not_lt, not_le] at h ⊢)` does nothing

Note: This linter can be disabled with `set_option linter.unusedTactic false`
SunPrize\Certificate\Theory000.lean:2643:32: warning: Unused tactic linter: `(try simp only [not_lt, not_le] at h ⊢)` does nothing

Note: This linter can be disabled with `set_option linter.unusedTactic false`
SunPrize\Certificate\Theory000.lean:2645:32: warning: Unused tactic linter: `(try simp only [not_lt, not_le] at h ⊢)` does nothing

Note: This linter can be disabled with `set_option linter.unusedTactic false`
SunPrize\Certificate\Theory000.lean:2661:32: warning: Unused tactic linter: `(try simp only [not_lt, not_le] at h ⊢)` does nothing

Note: This linter can be disabled with `set_option linter.unusedTactic false`
SunPrize\Certificate\Theory000.lean:2673:2: warning: Unused tactic linter: `all_goals clear e0 e1 e2 e3 e4 e5 e6 e7 e8 e9 e10 e11 e12 e13 e14 e15` does nothing

Note: This linter can be disabled with `set_option linter.unusedTactic false`
SunPrize\Certificate\Theory000.lean:2674:2: warning: Unused tactic linter: `all_goals tauto` does nothing

Note: This linter can be disabled with `set_option linter.unusedTactic false`
SunPrize\Certificate\Theory000.lean:2673:12: warning: this tactic is never executed

Note: This linter can be disabled with `set_option linter.unreachableTactic false`
SunPrize\Certificate\Theory000.lean:2674:12: warning: this tactic is never executed

Note: This linter can be disabled with `set_option linter.unreachableTactic false`
SunPrize\Certificate\Theory000.lean:2679:56: warning: This simp argument is unused:
  not_le

Hint: Omit it from the simp argument list.
  [apply] simp only [not_lt] at h ⊢

Note: This linter can be disabled with `set_option linter.unusedSimpArgs false`
SunPrize\Certificate\Theory000.lean:2681:56: warning: This simp argument is unused:
  not_le

Hint: Omit it from the simp argument list.
  [apply] simp only [not_lt] at h ⊢

Note: This linter can be disabled with `set_option linter.unusedSimpArgs false`
SunPrize\Certificate\Theory000.lean:2683:32: warning: Unused tactic linter: `(try simp only [not_lt, not_le] at h ⊢)` does nothing

Note: This linter can be disabled with `set_option linter.unusedTactic false`
SunPrize\Certificate\Theory000.lean:2685:32: warning: Unused tactic linter: `(try simp only [not_lt, not_le] at h ⊢)` does nothing

Note: This linter can be disabled with `set_option linter.unusedTactic false`
SunPrize\Certificate\Theory000.lean:2687:32: warning: Unused tactic linter: `(try simp only [not_lt, not_le] at h ⊢)` does nothing

Note: This linter can be disabled with `set_option linter.unusedTactic false`
SunPrize\Certificate\Theory000.lean:2695:56: warning: This simp argument is unused:
  not_le

Hint: Omit it from the simp argument list.
  [apply] simp only [not_lt] at h ⊢

Note: This linter can be disabled with `set_option linter.unusedSimpArgs false`
SunPrize\Certificate\Theory000.lean:2697:56: warning: This simp argument is unused:
  not_le

Hint: Omit it from the simp argument list.
  [apply] simp only [not_lt] at h ⊢

Note: This linter can be disabled with `set_option linter.unusedSimpArgs false`
SunPrize\Certificate\Theory000.lean:2699:56: warning: This simp argument is unused:
  not_le

Hint: Omit it from the simp argument list.
  [apply] simp only [not_lt] at h ⊢

Note: This linter can be disabled with `set_option linter.unusedSimpArgs false`
SunPrize\Certificate\Theory000.lean:2701:56: warning: This simp argument is unused:
  not_le

Hint: Omit it from the simp argument list.
  [apply] simp only [not_lt] at h ⊢

Note: This linter can be disabled with `set_option linter.unusedSimpArgs false`
SunPrize\Certificate\Theory000.lean:2703:56: warning: This simp argument is unused:
  not_le

Hint: Omit it from the simp argument list.
  [apply] simp only [not_lt] at h ⊢

Note: This linter can be disabled with `set_option linter.unusedSimpArgs false`
SunPrize\Certificate\Theory000.lean:2718:56: warning: This simp argument is unused:
  not_le

Hint: Omit it from the simp argument list.
  [apply] simp only [not_lt] at h ⊢

Note: This linter can be disabled with `set_option linter.unusedSimpArgs false`
SunPrize\Certificate\Theory000.lean:2726:56: warning: This simp argument is unused:
  not_le

Hint: Omit it from the simp argument list.
  [apply] simp only [not_lt] at h ⊢

Note: This linter can be disabled with `set_option linter.unusedSimpArgs false`
SunPrize\Certificate\Theory000.lean:2728:56: warning: This simp argument is unused:
  not_le

Hint: Omit it from the simp argument list.
  [apply] simp only [not_lt] at h ⊢

Note: This linter can be disabled with `set_option linter.unusedSimpArgs false`
SunPrize\Certificate\Theory000.lean:2730:56: warning: This simp argument is unused:
  not_le

Hint: Omit it from the simp argument list.
  [apply] simp only [not_lt] at h ⊢

Note: This linter can be disabled with `set_option linter.unusedSimpArgs false`
SunPrize\Certificate\Theory000.lean:2732:56: warning: This simp argument is unused:
  not_le

Hint: Omit it from the simp argument list.
  [apply] simp only [not_lt] at h ⊢

Note: This linter can be disabled with `set_option linter.unusedSimpArgs false`
SunPrize\Certificate\Theory000.lean:2734:56: warning: This simp argument is unused:
  not_le

Hint: Omit it from the simp argument list.
  [apply] simp only [not_lt] at h ⊢

Note: This linter can be disabled with `set_option linter.unusedSimpArgs false`
SunPrize\Certificate\Theory000.lean:2736:56: warning: This simp argument is unused:
  not_le

Hint: Omit it from the simp argument list.
  [apply] simp only [not_lt] at h ⊢

Note: This linter can be disabled with `set_option linter.unusedSimpArgs false`
SunPrize\Certificate\Theory000.lean:2738:56: warning: This simp argument is unused:
  not_le

Hint: Omit it from the simp argument list.
  [apply] simp only [not_lt] at h ⊢

Note: This linter can be disabled with `set_option linter.unusedSimpArgs false`
SunPrize\Certificate\Theory000.lean:2742:56: warning: This simp argument is unused:
  not_le

Hint: Omit it from the simp argument list.
  [apply] simp only [not_lt] at h ⊢

Note: This linter can be disabled with `set_option linter.unusedSimpArgs false`
SunPrize\Certificate\Theory000.lean:2744:56: warning: This simp argument is unused:
  not_le

Hint: Omit it from the simp argument list.
  [apply] simp only [not_lt] at h ⊢

Note: This linter can be disabled with `set_option linter.unusedSimpArgs false`
SunPrize\Certificate\Theory000.lean:2746:56: warning: This simp argument is unused:
  not_le

Hint: Omit it from the simp argument list.
  [apply] simp only [not_lt] at h ⊢

Note: This linter can be disabled with `set_option linter.unusedSimpArgs false`
SunPrize\Certificate\Theory000.lean:2748:56: warning: This simp argument is unused:
  not_le

Hint: Omit it from the simp argument list.
  [apply] simp only [not_lt] at h ⊢

Note: This linter can be disabled with `set_option linter.unusedSimpArgs false`
SunPrize\Certificate\Theory000.lean:2720:32: warning: Unused tactic linter: `(try simp only [not_lt, not_le] at h ⊢)` does nothing

Note: This linter can be disabled with `set_option linter.unusedTactic false`
SunPrize\Certificate\Theory000.lean:2722:32: warning: Unused tactic linter: `(try simp only [not_lt, not_le] at h ⊢)` does nothing

Note: This linter can be disabled with `set_option linter.unusedTactic false`
SunPrize\Certificate\Theory000.lean:2724:32: warning: Unused tactic linter: `(try simp only [not_lt, not_le] at h ⊢)` does nothing

Note: This linter can be disabled with `set_option linter.unusedTactic false`
SunPrize\Certificate\Theory000.lean:2740:32: warning: Unused tactic linter: `(try simp only [not_lt, not_le] at h ⊢)` does nothing

Note: This linter can be disabled with `set_option linter.unusedTactic false`
SunPrize\Certificate\Theory000.lean:2750:2: warning: Unused tactic linter: `all_goals clear e0 e1 e2 e3 e4 e5 e6 e7 e8 e9 e10 e11 e12 e13 e14 e15` does nothing

Note: This linter can be disabled with `set_option linter.unusedTactic false`
SunPrize\Certificate\Theory000.lean:2751:2: warning: Unused tactic linter: `all_goals tauto` does nothing

Note: This linter can be disabled with `set_option linter.unusedTactic false`
SunPrize\Certificate\Theory000.lean:2750:12: warning: this tactic is never executed

Note: This linter can be disabled with `set_option linter.unreachableTactic false`
SunPrize\Certificate\Theory000.lean:2751:12: warning: this tactic is never executed

Note: This linter can be disabled with `set_option linter.unreachableTactic false`
SunPrize\Certificate\Theory000.lean:2762:56: warning: This simp argument is unused:
  not_le

Hint: Omit it from the simp argument list.
  [apply] simp only [not_lt] at h ⊢

Note: This linter can be disabled with `set_option linter.unusedSimpArgs false`
SunPrize\Certificate\Theory000.lean:2764:56: warning: This simp argument is unused:
  not_le

Hint: Omit it from the simp argument list.
  [apply] simp only [not_lt] at h ⊢

Note: This linter can be disabled with `set_option linter.unusedSimpArgs false`
SunPrize\Certificate\Theory000.lean:2766:56: warning: This simp argument is unused:
  not_le

Hint: Omit it from the simp argument list.
  [apply] simp only [not_lt] at h ⊢

Note: This linter can be disabled with `set_option linter.unusedSimpArgs false`
SunPrize\Certificate\Theory000.lean:2768:56: warning: This simp argument is unused:
  not_le

Hint: Omit it from the simp argument list.
  [apply] simp only [not_lt] at h ⊢

Note: This linter can be disabled with `set_option linter.unusedSimpArgs false`
SunPrize\Certificate\Theory000.lean:2770:56: warning: This simp argument is unused:
  not_le

Hint: Omit it from the simp argument list.
  [apply] simp only [not_lt] at h ⊢

Note: This linter can be disabled with `set_option linter.unusedSimpArgs false`
SunPrize\Certificate\Theory000.lean:2772:56: warning: This simp argument is unused:
  not_le

Hint: Omit it from the simp argument list.
  [apply] simp only [not_lt] at h ⊢

Note: This linter can be disabled with `set_option linter.unusedSimpArgs false`
SunPrize\Certificate\Theory000.lean:2774:56: warning: This simp argument is unused:
  not_le

Hint: Omit it from the simp argument list.
  [apply] simp only [not_lt] at h ⊢

Note: This linter can be disabled with `set_option linter.unusedSimpArgs false`
SunPrize\Certificate\Theory000.lean:2778:56: warning: This simp argument is unused:
  not_le

Hint: Omit it from the simp argument list.
  [apply] simp only [not_lt] at h ⊢

Note: This linter can be disabled with `set_option linter.unusedSimpArgs false`
SunPrize\Certificate\Theory000.lean:2780:56: warning: This simp argument is unused:
  not_le

Hint: Omit it from the simp argument list.
  [apply] simp only [not_lt] at h ⊢

Note: This linter can be disabled with `set_option linter.unusedSimpArgs false`
SunPrize\Certificate\Theory000.lean:2782:56: warning: This simp argument is unused:
  not_le

Hint: Omit it from the simp argument list.
  [apply] simp only [not_lt] at h ⊢

Note: This linter can be disabled with `set_option linter.unusedSimpArgs false`
SunPrize\Certificate\Theory000.lean:2784:56: warning: This simp argument is unused:
  not_le

Hint: Omit it from the simp argument list.
  [apply] simp only [not_lt] at h ⊢

Note: This linter can be disabled with `set_option linter.unusedSimpArgs false`
SunPrize\Certificate\Theory000.lean:2786:56: warning: This simp argument is unused:
  not_le

Hint: Omit it from the simp argument list.
  [apply] simp only [not_lt] at h ⊢

Note: This linter can be disabled with `set_option linter.unusedSimpArgs false`
SunPrize\Certificate\Theory000.lean:2756:32: warning: Unused tactic linter: `(try simp only [not_lt, not_le] at h ⊢)` does nothing

Note: This linter can be disabled with `set_option linter.unusedTactic false`
SunPrize\Certificate\Theory000.lean:2758:32: warning: Unused tactic linter: `(try simp only [not_lt, not_le] at h ⊢)` does nothing

Note: This linter can be disabled with `set_option linter.unusedTactic false`
SunPrize\Certificate\Theory000.lean:2760:32: warning: Unused tactic linter: `(try simp only [not_lt, not_le] at h ⊢)` does nothing

Note: This linter can be disabled with `set_option linter.unusedTactic false`
SunPrize\Certificate\Theory000.lean:2776:32: warning: Unused tactic linter: `(try simp only [not_lt, not_le] at h ⊢)` does nothing

Note: This linter can be disabled with `set_option linter.unusedTactic false`
SunPrize\Certificate\Theory000.lean:2788:2: warning: Unused tactic linter: `all_goals clear e0 e1 e2 e3 e4 e5 e6 e7 e8 e9 e10 e11 e12 e13 e14 e15` does nothing

Note: This linter can be disabled with `set_option linter.unusedTactic false`
SunPrize\Certificate\Theory000.lean:2789:2: warning: Unused tactic linter: `all_goals tauto` does nothing

Note: This linter can be disabled with `set_option linter.unusedTactic false`
SunPrize\Certificate\Theory000.lean:2788:12: warning: this tactic is never executed

Note: This linter can be disabled with `set_option linter.unreachableTactic false`
SunPrize\Certificate\Theory000.lean:2789:12: warning: this tactic is never executed

Note: This linter can be disabled with `set_option linter.unreachableTactic false`
SunPrize\Certificate\Theory000.lean:2794:32: warning: Unused tactic linter: `(try simp only [not_lt, not_le] at h ⊢)` does nothing

Note: This linter can be disabled with `set_option linter.unusedTactic false`
SunPrize\Certificate\Theory000.lean:2796:32: warning: Unused tactic linter: `(try simp only [not_lt, not_le] at h ⊢)` does nothing

Note: This linter can be disabled with `set_option linter.unusedTactic false`
SunPrize\Certificate\Theory000.lean:2798:2: warning: Unused tactic linter: `all_goals clear e0 e1` does nothing

Note: This linter can be disabled with `set_option linter.unusedTactic false`
SunPrize\Certificate\Theory000.lean:2799:2: warning: Unused tactic linter: `all_goals tauto` does nothing

Note: This linter can be disabled with `set_option linter.unusedTactic false`
SunPrize\Certificate\Theory000.lean:2798:12: warning: this tactic is never executed

Note: This linter can be disabled with `set_option linter.unreachableTactic false`
SunPrize\Certificate\Theory000.lean:2799:12: warning: this tactic is never executed

Note: This linter can be disabled with `set_option linter.unreachableTactic false`
SunPrize\Certificate\Theory000.lean:2810:56: warning: This simp argument is unused:
  not_le

Hint: Omit it from the simp argument list.
  [apply] simp only [not_lt] at h ⊢

Note: This linter can be disabled with `set_option linter.unusedSimpArgs false`
SunPrize\Certificate\Theory000.lean:2812:56: warning: This simp argument is unused:
  not_le

Hint: Omit it from the simp argument list.
  [apply] simp only [not_lt] at h ⊢

Note: This linter can be disabled with `set_option linter.unusedSimpArgs false`
SunPrize\Certificate\Theory000.lean:2814:56: warning: This simp argument is unused:
  not_le

Hint: Omit it from the simp argument list.
  [apply] simp only [not_lt] at h ⊢

Note: This linter can be disabled with `set_option linter.unusedSimpArgs false`
SunPrize\Certificate\Theory000.lean:2816:56: warning: This simp argument is unused:
  not_le

Hint: Omit it from the simp argument list.
  [apply] simp only [not_lt] at h ⊢

Note: This linter can be disabled with `set_option linter.unusedSimpArgs false`
SunPrize\Certificate\Theory000.lean:2818:56: warning: This simp argument is unused:
  not_le

Hint: Omit it from the simp argument list.
  [apply] simp only [not_lt] at h ⊢

Note: This linter can be disabled with `set_option linter.unusedSimpArgs false`
SunPrize\Certificate\Theory000.lean:2820:56: warning: This simp argument is unused:
  not_le

Hint: Omit it from the simp argument list.
  [apply] simp only [not_lt] at h ⊢

Note: This linter can be disabled with `set_option linter.unusedSimpArgs false`
SunPrize\Certificate\Theory000.lean:2822:56: warning: This simp argument is unused:
  not_le

Hint: Omit it from the simp argument list.
  [apply] simp only [not_lt] at h ⊢

Note: This linter can be disabled with `set_option linter.unusedSimpArgs false`
SunPrize\Certificate\Theory000.lean:2826:56: warning: This simp argument is unused:
  not_le

Hint: Omit it from the simp argument list.
  [apply] simp only [not_lt] at h ⊢

Note: This linter can be disabled with `set_option linter.unusedSimpArgs false`
SunPrize\Certificate\Theory000.lean:2828:56: warning: This simp argument is unused:
  not_le

Hint: Omit it from the simp argument list.
  [apply] simp only [not_lt] at h ⊢

Note: This linter can be disabled with `set_option linter.unusedSimpArgs false`
SunPrize\Certificate\Theory000.lean:2830:56: warning: This simp argument is unused:
  not_le

Hint: Omit it from the simp argument list.
  [apply] simp only [not_lt] at h ⊢

Note: This linter can be disabled with `set_option linter.unusedSimpArgs false`
SunPrize\Certificate\Theory000.lean:2832:56: warning: This simp argument is unused:
  not_le

Hint: Omit it from the simp argument list.
  [apply] simp only [not_lt] at h ⊢

Note: This linter can be disabled with `set_option linter.unusedSimpArgs false`
SunPrize\Certificate\Theory000.lean:2834:56: warning: This simp argument is unused:
  not_le

Hint: Omit it from the simp argument list.
  [apply] simp only [not_lt] at h ⊢

Note: This linter can be disabled with `set_option linter.unusedSimpArgs false`
SunPrize\Certificate\Theory000.lean:2804:32: warning: Unused tactic linter: `(try simp only [not_lt, not_le] at h ⊢)` does nothing

Note: This linter can be disabled with `set_option linter.unusedTactic false`
SunPrize\Certificate\Theory000.lean:2806:32: warning: Unused tactic linter: `(try simp only [not_lt, not_le] at h ⊢)` does nothing

Note: This linter can be disabled with `set_option linter.unusedTactic false`
SunPrize\Certificate\Theory000.lean:2808:32: warning: Unused tactic linter: `(try simp only [not_lt, not_le] at h ⊢)` does nothing

Note: This linter can be disabled with `set_option linter.unusedTactic false`
SunPrize\Certificate\Theory000.lean:2824:32: warning: Unused tactic linter: `(try simp only [not_lt, not_le] at h ⊢)` does nothing

Note: This linter can be disabled with `set_option linter.unusedTactic false`
SunPrize\Certificate\Theory000.lean:2836:2: warning: Unused tactic linter: `all_goals clear e0 e1 e2 e3 e4 e5 e6 e7 e8 e9 e10 e11 e12 e13 e14 e15` does nothing

Note: This linter can be disabled with `set_option linter.unusedTactic false`
SunPrize\Certificate\Theory000.lean:2837:2: warning: Unused tactic linter: `all_goals tauto` does nothing

Note: This linter can be disabled with `set_option linter.unusedTactic false`
SunPrize\Certificate\Theory000.lean:2836:12: warning: this tactic is never executed

Note: This linter can be disabled with `set_option linter.unreachableTactic false`
SunPrize\Certificate\Theory000.lean:2837:12: warning: this tactic is never executed

Note: This linter can be disabled with `set_option linter.unreachableTactic false`
SunPrize\Certificate\Theory000.lean:2842:32: warning: Unused tactic linter: `(try simp only [not_lt, not_le] at h ⊢)` does nothing

Note: This linter can be disabled with `set_option linter.unusedTactic false`
SunPrize\Certificate\Theory000.lean:2844:32: warning: Unused tactic linter: `(try simp only [not_lt, not_le] at h ⊢)` does nothing

Note: This linter can be disabled with `set_option linter.unusedTactic false`
SunPrize\Certificate\Theory000.lean:2846:2: warning: Unused tactic linter: `all_goals clear e0 e1` does nothing

Note: This linter can be disabled with `set_option linter.unusedTactic false`
SunPrize\Certificate\Theory000.lean:2847:2: warning: Unused tactic linter: `all_goals tauto` does nothing

Note: This linter can be disabled with `set_option linter.unusedTactic false`
SunPrize\Certificate\Theory000.lean:2846:12: warning: this tactic is never executed

Note: This linter can be disabled with `set_option linter.unreachableTactic false`
SunPrize\Certificate\Theory000.lean:2847:12: warning: this tactic is never executed

Note: This linter can be disabled with `set_option linter.unreachableTactic false`
SunPrize\Certificate\Theory000.lean:2858:56: warning: This simp argument is unused:
  not_le

Hint: Omit it from the simp argument list.
  [apply] simp only [not_lt] at h ⊢

Note: This linter can be disabled with `set_option linter.unusedSimpArgs false`
SunPrize\Certificate\Theory000.lean:2860:56: warning: This simp argument is unused:
  not_le

Hint: Omit it from the simp argument list.
  [apply] simp only [not_lt] at h ⊢

Note: This linter can be disabled with `set_option linter.unusedSimpArgs false`
SunPrize\Certificate\Theory000.lean:2862:56: warning: This simp argument is unused:
  not_le

Hint: Omit it from the simp argument list.
  [apply] simp only [not_lt] at h ⊢

Note: This linter can be disabled with `set_option linter.unusedSimpArgs false`
SunPrize\Certificate\Theory000.lean:2864:56: warning: This simp argument is unused:
  not_le

Hint: Omit it from the simp argument list.
  [apply] simp only [not_lt] at h ⊢

Note: This linter can be disabled with `set_option linter.unusedSimpArgs false`
SunPrize\Certificate\Theory000.lean:2866:56: warning: This simp argument is unused:
  not_le

Hint: Omit it from the simp argument list.
  [apply] simp only [not_lt] at h ⊢

Note: This linter can be disabled with `set_option linter.unusedSimpArgs false`
SunPrize\Certificate\Theory000.lean:2868:56: warning: This simp argument is unused:
  not_le

Hint: Omit it from the simp argument list.
  [apply] simp only [not_lt] at h ⊢

Note: This linter can be disabled with `set_option linter.unusedSimpArgs false`
SunPrize\Certificate\Theory000.lean:2870:56: warning: This simp argument is unused:
  not_le

Hint: Omit it from the simp argument list.
  [apply] simp only [not_lt] at h ⊢

Note: This linter can be disabled with `set_option linter.unusedSimpArgs false`
SunPrize\Certificate\Theory000.lean:2874:56: warning: This simp argument is unused:
  not_le

Hint: Omit it from the simp argument list.
  [apply] simp only [not_lt] at h ⊢

Note: This linter can be disabled with `set_option linter.unusedSimpArgs false`
SunPrize\Certificate\Theory000.lean:2876:56: warning: This simp argument is unused:
  not_le

Hint: Omit it from the simp argument list.
  [apply] simp only [not_lt] at h ⊢

Note: This linter can be disabled with `set_option linter.unusedSimpArgs false`
SunPrize\Certificate\Theory000.lean:2878:56: warning: This simp argument is unused:
  not_le

Hint: Omit it from the simp argument list.
  [apply] simp only [not_lt] at h ⊢

Note: This linter can be disabled with `set_option linter.unusedSimpArgs false`
SunPrize\Certificate\Theory000.lean:2880:56: warning: This simp argument is unused:
  not_le

Hint: Omit it from the simp argument list.
  [apply] simp only [not_lt] at h ⊢

Note: This linter can be disabled with `set_option linter.unusedSimpArgs false`
SunPrize\Certificate\Theory000.lean:2882:56: warning: This simp argument is unused:
  not_le

Hint: Omit it from the simp argument list.
  [apply] simp only [not_lt] at h ⊢

Note: This linter can be disabled with `set_option linter.unusedSimpArgs false`
SunPrize\Certificate\Theory000.lean:2852:32: warning: Unused tactic linter: `(try simp only [not_lt, not_le] at h ⊢)` does nothing

Note: This linter can be disabled with `set_option linter.unusedTactic false`
SunPrize\Certificate\Theory000.lean:2854:32: warning: Unused tactic linter: `(try simp only [not_lt, not_le] at h ⊢)` does nothing

Note: This linter can be disabled with `set_option linter.unusedTactic false`
SunPrize\Certificate\Theory000.lean:2856:32: warning: Unused tactic linter: `(try simp only [not_lt, not_le] at h ⊢)` does nothing

Note: This linter can be disabled with `set_option linter.unusedTactic false`
SunPrize\Certificate\Theory000.lean:2872:32: warning: Unused tactic linter: `(try simp only [not_lt, not_le] at h ⊢)` does nothing

Note: This linter can be disabled with `set_option linter.unusedTactic false`
SunPrize\Certificate\Theory000.lean:2884:2: warning: Unused tactic linter: `all_goals clear e0 e1 e2 e3 e4 e5 e6 e7 e8 e9 e10 e11 e12 e13 e14 e15` does nothing

Note: This linter can be disabled with `set_option linter.unusedTactic false`
SunPrize\Certificate\Theory000.lean:2885:2: warning: Unused tactic linter: `all_goals tauto` does nothing

Note: This linter can be disabled with `set_option linter.unusedTactic false`
SunPrize\Certificate\Theory000.lean:2884:12: warning: this tactic is never executed

Note: This linter can be disabled with `set_option linter.unreachableTactic false`
SunPrize\Certificate\Theory000.lean:2885:12: warning: this tactic is never executed

Note: This linter can be disabled with `set_option linter.unreachableTactic false`
SunPrize\Certificate\Theory000.lean:2890:56: warning: This simp argument is unused:
  not_le

Hint: Omit it from the simp argument list.
  [apply] simp only [not_lt] at h ⊢

Note: This linter can be disabled with `set_option linter.unusedSimpArgs false`
SunPrize\Certificate\Theory000.lean:2898:56: warning: This simp argument is unused:
  not_le

Hint: Omit it from the simp argument list.
  [apply] simp only [not_lt] at h ⊢

Note: This linter can be disabled with `set_option linter.unusedSimpArgs false`
SunPrize\Certificate\Theory000.lean:2900:56: warning: This simp argument is unused:
  not_le

Hint: Omit it from the simp argument list.
  [apply] simp only [not_lt] at h ⊢

Note: This linter can be disabled with `set_option linter.unusedSimpArgs false`
SunPrize\Certificate\Theory000.lean:2902:56: warning: This simp argument is unused:
  not_le

Hint: Omit it from the simp argument list.
  [apply] simp only [not_lt] at h ⊢

Note: This linter can be disabled with `set_option linter.unusedSimpArgs false`
SunPrize\Certificate\Theory000.lean:2904:56: warning: This simp argument is unused:
  not_le

Hint: Omit it from the simp argument list.
  [apply] simp only [not_lt] at h ⊢

Note: This linter can be disabled with `set_option linter.unusedSimpArgs false`
SunPrize\Certificate\Theory000.lean:2906:56: warning: This simp argument is unused:
  not_le

Hint: Omit it from the simp argument list.
  [apply] simp only [not_lt] at h ⊢

Note: This linter can be disabled with `set_option linter.unusedSimpArgs false`
SunPrize\Certificate\Theory000.lean:2908:56: warning: This simp argument is unused:
  not_le

Hint: Omit it from the simp argument list.
  [apply] simp only [not_lt] at h ⊢

Note: This linter can be disabled with `set_option linter.unusedSimpArgs false`
SunPrize\Certificate\Theory000.lean:2910:56: warning: This simp argument is unused:
  not_le

Hint: Omit it from the simp argument list.
  [apply] simp only [not_lt] at h ⊢

Note: This linter can be disabled with `set_option linter.unusedSimpArgs false`
SunPrize\Certificate\Theory000.lean:2914:56: warning: This simp argument is unused:
  not_le

Hint: Omit it from the simp argument list.
  [apply] simp only [not_lt] at h ⊢

Note: This linter can be disabled with `set_option linter.unusedSimpArgs false`
SunPrize\Certificate\Theory000.lean:2916:56: warning: This simp argument is unused:
  not_le

Hint: Omit it from the simp argument list.
  [apply] simp only [not_lt] at h ⊢

Note: This linter can be disabled with `set_option linter.unusedSimpArgs false`
SunPrize\Certificate\Theory000.lean:2918:56: warning: This simp argument is unused:
  not_le

Hint: Omit it from the simp argument list.
  [apply] simp only [not_lt] at h ⊢

Note: This linter can be disabled with `set_option linter.unusedSimpArgs false`
SunPrize\Certificate\Theory000.lean:2920:56: warning: This simp argument is unused:
  not_le

Hint: Omit it from the simp argument list.
  [apply] simp only [not_lt] at h ⊢

Note: This linter can be disabled with `set_option linter.unusedSimpArgs false`
SunPrize\Certificate\Theory000.lean:2892:32: warning: Unused tactic linter: `(try simp only [not_lt, not_le] at h ⊢)` does nothing

Note: This linter can be disabled with `set_option linter.unusedTactic false`
SunPrize\Certificate\Theory000.lean:2894:32: warning: Unused tactic linter: `(try simp only [not_lt, not_le] at h ⊢)` does nothing

Note: This linter can be disabled with `set_option linter.unusedTactic false`
SunPrize\Certificate\Theory000.lean:2896:32: warning: Unused tactic linter: `(try simp only [not_lt, not_le] at h ⊢)` does nothing

Note: This linter can be disabled with `set_option linter.unusedTactic false`
SunPrize\Certificate\Theory000.lean:2912:32: warning: Unused tactic linter: `(try simp only [not_lt, not_le] at h ⊢)` does nothing

Note: This linter can be disabled with `set_option linter.unusedTactic false`
SunPrize\Certificate\Theory000.lean:2922:2: warning: Unused tactic linter: `all_goals clear e0 e1 e2 e3 e4 e5 e6 e7 e8 e9 e10 e11 e12 e13 e14 e15` does nothing

Note: This linter can be disabled with `set_option linter.unusedTactic false`
SunPrize\Certificate\Theory000.lean:2923:2: warning: Unused tactic linter: `all_goals tauto` does nothing

Note: This linter can be disabled with `set_option linter.unusedTactic false`
SunPrize\Certificate\Theory000.lean:2922:12: warning: this tactic is never executed

Note: This linter can be disabled with `set_option linter.unreachableTactic false`
SunPrize\Certificate\Theory000.lean:2923:12: warning: this tactic is never executed

Note: This linter can be disabled with `set_option linter.unreachableTactic false`
SunPrize\Certificate\Theory000.lean:2934:56: warning: This simp argument is unused:
  not_le

Hint: Omit it from the simp argument list.
  [apply] simp only [not_lt] at h ⊢

Note: This linter can be disabled with `set_option linter.unusedSimpArgs false`
SunPrize\Certificate\Theory000.lean:2936:56: warning: This simp argument is unused:
  not_le

Hint: Omit it from the simp argument list.
  [apply] simp only [not_lt] at h ⊢

Note: This linter can be disabled with `set_option linter.unusedSimpArgs false`
SunPrize\Certificate\Theory000.lean:2938:56: warning: This simp argument is unused:
  not_le

Hint: Omit it from the simp argument list.
  [apply] simp only [not_lt] at h ⊢

Note: This linter can be disabled with `set_option linter.unusedSimpArgs false`
SunPrize\Certificate\Theory000.lean:2940:56: warning: This simp argument is unused:
  not_le

Hint: Omit it from the simp argument list.
  [apply] simp only [not_lt] at h ⊢

Note: This linter can be disabled with `set_option linter.unusedSimpArgs false`
SunPrize\Certificate\Theory000.lean:2942:56: warning: This simp argument is unused:
  not_le

Hint: Omit it from the simp argument list.
  [apply] simp only [not_lt] at h ⊢

Note: This linter can be disabled with `set_option linter.unusedSimpArgs false`
SunPrize\Certificate\Theory000.lean:2944:56: warning: This simp argument is unused:
  not_le

Hint: Omit it from the simp argument list.
  [apply] simp only [not_lt] at h ⊢

Note: This linter can be disabled with `set_option linter.unusedSimpArgs false`
SunPrize\Certificate\Theory000.lean:2946:56: warning: This simp argument is unused:
  not_le

Hint: Omit it from the simp argument list.
  [apply] simp only [not_lt] at h ⊢

Note: This linter can be disabled with `set_option linter.unusedSimpArgs false`
SunPrize\Certificate\Theory000.lean:2950:56: warning: This simp argument is unused:
  not_le

Hint: Omit it from the simp argument list.
  [apply] simp only [not_lt] at h ⊢

Note: This linter can be disabled with `set_option linter.unusedSimpArgs false`
SunPrize\Certificate\Theory000.lean:2952:56: warning: This simp argument is unused:
  not_le

Hint: Omit it from the simp argument list.
  [apply] simp only [not_lt] at h ⊢

Note: This linter can be disabled with `set_option linter.unusedSimpArgs false`
SunPrize\Certificate\Theory000.lean:2954:56: warning: This simp argument is unused:
  not_le

Hint: Omit it from the simp argument list.
  [apply] simp only [not_lt] at h ⊢

Note: This linter can be disabled with `set_option linter.unusedSimpArgs false`
SunPrize\Certificate\Theory000.lean:2956:56: warning: This simp argument is unused:
  not_le

Hint: Omit it from the simp argument list.
  [apply] simp only [not_lt] at h ⊢

Note: This linter can be disabled with `set_option linter.unusedSimpArgs false`
SunPrize\Certificate\Theory000.lean:2958:56: warning: This simp argument is unused:
  not_le

Hint: Omit it from the simp argument list.
  [apply] simp only [not_lt] at h ⊢

Note: This linter can be disabled with `set_option linter.unusedSimpArgs false`
SunPrize\Certificate\Theory000.lean:2928:32: warning: Unused tactic linter: `(try simp only [not_lt, not_le] at h ⊢)` does nothing

Note: This linter can be disabled with `set_option linter.unusedTactic false`
SunPrize\Certificate\Theory000.lean:2930:32: warning: Unused tactic linter: `(try simp only [not_lt, not_le] at h ⊢)` does nothing

Note: This linter can be disabled with `set_option linter.unusedTactic false`
SunPrize\Certificate\Theory000.lean:2932:32: warning: Unused tactic linter: `(try simp only [not_lt, not_le] at h ⊢)` does nothing

Note: This linter can be disabled with `set_option linter.unusedTactic false`
SunPrize\Certificate\Theory000.lean:2948:32: warning: Unused tactic linter: `(try simp only [not_lt, not_le] at h ⊢)` does nothing

Note: This linter can be disabled with `set_option linter.unusedTactic false`
SunPrize\Certificate\Theory000.lean:2960:2: warning: Unused tactic linter: `all_goals clear e0 e1 e2 e3 e4 e5 e6 e7 e8 e9 e10 e11 e12 e13 e14 e15` does nothing

Note: This linter can be disabled with `set_option linter.unusedTactic false`
SunPrize\Certificate\Theory000.lean:2961:2: warning: Unused tactic linter: `all_goals tauto` does nothing

Note: This linter can be disabled with `set_option linter.unusedTactic false`
SunPrize\Certificate\Theory000.lean:2960:12: warning: this tactic is never executed

Note: This linter can be disabled with `set_option linter.unreachableTactic false`
SunPrize\Certificate\Theory000.lean:2961:12: warning: this tactic is never executed

Note: This linter can be disabled with `set_option linter.unreachableTactic false`
SunPrize\Certificate\Theory000.lean:2966:56: warning: This simp argument is unused:
  not_le

Hint: Omit it from the simp argument list.
  [apply] simp only [not_lt] at h ⊢

Note: This linter can be disabled with `set_option linter.unusedSimpArgs false`
SunPrize\Certificate\Theory000.lean:2974:56: warning: This simp argument is unused:
  not_le

Hint: Omit it from the simp argument list.
  [apply] simp only [not_lt] at h ⊢

Note: This linter can be disabled with `set_option linter.unusedSimpArgs false`
SunPrize\Certificate\Theory000.lean:2976:56: warning: This simp argument is unused:
  not_le

Hint: Omit it from the simp argument list.
  [apply] simp only [not_lt] at h ⊢

Note: This linter can be disabled with `set_option linter.unusedSimpArgs false`
SunPrize\Certificate\Theory000.lean:2978:56: warning: This simp argument is unused:
  not_le

Hint: Omit it from the simp argument list.
  [apply] simp only [not_lt] at h ⊢

Note: This linter can be disabled with `set_option linter.unusedSimpArgs false`
SunPrize\Certificate\Theory000.lean:2980:56: warning: This simp argument is unused:
  not_le

Hint: Omit it from the simp argument list.
  [apply] simp only [not_lt] at h ⊢

Note: This linter can be disabled with `set_option linter.unusedSimpArgs false`
SunPrize\Certificate\Theory000.lean:2982:56: warning: This simp argument is unused:
  not_le

Hint: Omit it from the simp argument list.
  [apply] simp only [not_lt] at h ⊢

Note: This linter can be disabled with `set_option linter.unusedSimpArgs false`
SunPrize\Certificate\Theory000.lean:2984:56: warning: This simp argument is unused:
  not_le

Hint: Omit it from the simp argument list.
  [apply] simp only [not_lt] at h ⊢

Note: This linter can be disabled with `set_option linter.unusedSimpArgs false`
SunPrize\Certificate\Theory000.lean:2986:56: warning: This simp argument is unused:
  not_le

Hint: Omit it from the simp argument list.
  [apply] simp only [not_lt] at h ⊢

Note: This linter can be disabled with `set_option linter.unusedSimpArgs false`
SunPrize\Certificate\Theory000.lean:2990:56: warning: This simp argument is unused:
  not_le

Hint: Omit it from the simp argument list.
  [apply] simp only [not_lt] at h ⊢

Note: This linter can be disabled with `set_option linter.unusedSimpArgs false`
SunPrize\Certificate\Theory000.lean:2992:56: warning: This simp argument is unused:
  not_le

Hint: Omit it from the simp argument list.
  [apply] simp only [not_lt] at h ⊢

Note: This linter can be disabled with `set_option linter.unusedSimpArgs false`
SunPrize\Certificate\Theory000.lean:2994:56: warning: This simp argument is unused:
  not_le

Hint: Omit it from the simp argument list.
  [apply] simp only [not_lt] at h ⊢

Note: This linter can be disabled with `set_option linter.unusedSimpArgs false`
SunPrize\Certificate\Theory000.lean:2996:56: warning: This simp argument is unused:
  not_le

Hint: Omit it from the simp argument list.
  [apply] simp only [not_lt] at h ⊢

Note: This linter can be disabled with `set_option linter.unusedSimpArgs false`
SunPrize\Certificate\Theory000.lean:2968:32: warning: Unused tactic linter: `(try simp only [not_lt, not_le] at h ⊢)` does nothing

Note: This linter can be disabled with `set_option linter.unusedTactic false`
SunPrize\Certificate\Theory000.lean:2970:32: warning: Unused tactic linter: `(try simp only [not_lt, not_le] at h ⊢)` does nothing

Note: This linter can be disabled with `set_option linter.unusedTactic false`
SunPrize\Certificate\Theory000.lean:2972:32: warning: Unused tactic linter: `(try simp only [not_lt, not_le] at h ⊢)` does nothing

Note: This linter can be disabled with `set_option linter.unusedTactic false`
SunPrize\Certificate\Theory000.lean:2988:32: warning: Unused tactic linter: `(try simp only [not_lt, not_le] at h ⊢)` does nothing

Note: This linter can be disabled with `set_option linter.unusedTactic false`
SunPrize\Certificate\Theory000.lean:2998:2: warning: Unused tactic linter: `all_goals clear e0 e1 e2 e3 e4 e5 e6 e7 e8 e9 e10 e11 e12 e13 e14 e15` does nothing

Note: This linter can be disabled with `set_option linter.unusedTactic false`
SunPrize\Certificate\Theory000.lean:2999:2: warning: Unused tactic linter: `all_goals tauto` does nothing

Note: This linter can be disabled with `set_option linter.unusedTactic false`
SunPrize\Certificate\Theory000.lean:2998:12: warning: this tactic is never executed

Note: This linter can be disabled with `set_option linter.unreachableTactic false`
SunPrize\Certificate\Theory000.lean:2999:12: warning: this tactic is never executed

Note: This linter can be disabled with `set_option linter.unreachableTactic false`
SunPrize\Certificate\Theory000.lean:3010:56: warning: This simp argument is unused:
  not_le

Hint: Omit it from the simp argument list.
  [apply] simp only [not_lt] at h ⊢

Note: This linter can be disabled with `set_option linter.unusedSimpArgs false`
SunPrize\Certificate\Theory000.lean:3012:56: warning: This simp argument is unused:
  not_le

Hint: Omit it from the simp argument list.
  [apply] simp only [not_lt] at h ⊢

Note: This linter can be disabled with `set_option linter.unusedSimpArgs false`
SunPrize\Certificate\Theory000.lean:3004:32: warning: Unused tactic linter: `(try simp only [not_lt, not_le] at h ⊢)` does nothing

Note: This linter can be disabled with `set_option linter.unusedTactic false`
SunPrize\Certificate\Theory000.lean:3006:32: warning: Unused tactic linter: `(try simp only [not_lt, not_le] at h ⊢)` does nothing

Note: This linter can be disabled with `set_option linter.unusedTactic false`
SunPrize\Certificate\Theory000.lean:3008:32: warning: Unused tactic linter: `(try simp only [not_lt, not_le] at h ⊢)` does nothing

Note: This linter can be disabled with `set_option linter.unusedTactic false`
SunPrize\Certificate\Theory000.lean:3020:56: warning: This simp argument is unused:
  not_le

Hint: Omit it from the simp argument list.
  [apply] simp only [not_lt] at h ⊢

Note: This linter can be disabled with `set_option linter.unusedSimpArgs false`
SunPrize\Certificate\Theory000.lean:3022:56: warning: This simp argument is unused:
  not_le

Hint: Omit it from the simp argument list.
  [apply] simp only [not_lt] at h ⊢

Note: This linter can be disabled with `set_option linter.unusedSimpArgs false`
SunPrize\Certificate\Theory000.lean:3024:56: warning: This simp argument is unused:
  not_le

Hint: Omit it from the simp argument list.
  [apply] simp only [not_lt] at h ⊢

Note: This linter can be disabled with `set_option linter.unusedSimpArgs false`
SunPrize\Certificate\Theory000.lean:3026:56: warning: This simp argument is unused:
  not_le

Hint: Omit it from the simp argument list.
  [apply] simp only [not_lt] at h ⊢

Note: This linter can be disabled with `set_option linter.unusedSimpArgs false`
SunPrize\Certificate\Theory000.lean:3028:56: warning: This simp argument is unused:
  not_le

Hint: Omit it from the simp argument list.
  [apply] simp only [not_lt] at h ⊢

Note: This linter can be disabled with `set_option linter.unusedSimpArgs false`
SunPrize\Certificate\Theory000.lean:3043:56: warning: This simp argument is unused:
  not_le

Hint: Omit it from the simp argument list.
  [apply] simp only [not_lt] at h ⊢

Note: This linter can be disabled with `set_option linter.unusedSimpArgs false`
SunPrize\Certificate\Theory000.lean:3045:56: warning: This simp argument is unused:
  not_le

Hint: Omit it from the simp argument list.
  [apply] simp only [not_lt] at h ⊢

Note: This linter can be disabled with `set_option linter.unusedSimpArgs false`
SunPrize\Certificate\Theory000.lean:3051:56: warning: This simp argument is unused:
  not_le

Hint: Omit it from the simp argument list.
  [apply] simp only [not_lt] at h ⊢

Note: This linter can be disabled with `set_option linter.unusedSimpArgs false`
SunPrize\Certificate\Theory000.lean:3053:56: warning: This simp argument is unused:
  not_le

Hint: Omit it from the simp argument list.
  [apply] simp only [not_lt] at h ⊢

Note: This linter can be disabled with `set_option linter.unusedSimpArgs false`
SunPrize\Certificate\Theory000.lean:3055:56: warning: This simp argument is unused:
  not_le

Hint: Omit it from the simp argument list.
  [apply] simp only [not_lt] at h ⊢

Note: This linter can be disabled with `set_option linter.unusedSimpArgs false`
SunPrize\Certificate\Theory000.lean:3059:56: warning: This simp argument is unused:
  not_le

Hint: Omit it from the simp argument list.
  [apply] simp only [not_lt] at h ⊢

Note: This linter can be disabled with `set_option linter.unusedSimpArgs false`
SunPrize\Certificate\Theory000.lean:3061:56: warning: This simp argument is unused:
  not_le

Hint: Omit it from the simp argument list.
  [apply] simp only [not_lt] at h ⊢

Note: This linter can be disabled with `set_option linter.unusedSimpArgs false`
SunPrize\Certificate\Theory000.lean:3063:56: warning: This simp argument is unused:
  not_le

Hint: Omit it from the simp argument list.
  [apply] simp only [not_lt] at h ⊢

Note: This linter can be disabled with `set_option linter.unusedSimpArgs false`
SunPrize\Certificate\Theory000.lean:3067:56: warning: This simp argument is unused:
  not_le

Hint: Omit it from the simp argument list.
  [apply] simp only [not_lt] at h ⊢

Note: This linter can be disabled with `set_option linter.unusedSimpArgs false`
SunPrize\Certificate\Theory000.lean:3069:56: warning: This simp argument is unused:
  not_le

Hint: Omit it from the simp argument list.
  [apply] simp only [not_lt] at h ⊢

Note: This linter can be disabled with `set_option linter.unusedSimpArgs false`
SunPrize\Certificate\Theory000.lean:3071:56: warning: This simp argument is unused:
  not_le

Hint: Omit it from the simp argument list.
  [apply] simp only [not_lt] at h ⊢

Note: This linter can be disabled with `set_option linter.unusedSimpArgs false`
SunPrize\Certificate\Theory000.lean:3073:56: warning: This simp argument is unused:
  not_le

Hint: Omit it from the simp argument list.
  [apply] simp only [not_lt] at h ⊢

Note: This linter can be disabled with `set_option linter.unusedSimpArgs false`
SunPrize\Certificate\Theory000.lean:3047:32: warning: Unused tactic linter: `(try simp only [not_lt, not_le] at h ⊢)` does nothing

Note: This linter can be disabled with `set_option linter.unusedTactic false`
SunPrize\Certificate\Theory000.lean:3049:32: warning: Unused tactic linter: `(try simp only [not_lt, not_le] at h ⊢)` does nothing

Note: This linter can be disabled with `set_option linter.unusedTactic false`
SunPrize\Certificate\Theory000.lean:3057:32: warning: Unused tactic linter: `(try simp only [not_lt, not_le] at h ⊢)` does nothing

Note: This linter can be disabled with `set_option linter.unusedTactic false`
SunPrize\Certificate\Theory000.lean:3065:32: warning: Unused tactic linter: `(try simp only [not_lt, not_le] at h ⊢)` does nothing

Note: This linter can be disabled with `set_option linter.unusedTactic false`
SunPrize\Certificate\Theory000.lean:3075:2: warning: Unused tactic linter: `all_goals clear e0 e1 e2 e3 e4 e5 e6 e7 e8 e9 e10 e11 e12 e13 e14 e15` does nothing

Note: This linter can be disabled with `set_option linter.unusedTactic false`
SunPrize\Certificate\Theory000.lean:3076:2: warning: Unused tactic linter: `all_goals tauto` does nothing

Note: This linter can be disabled with `set_option linter.unusedTactic false`
SunPrize\Certificate\Theory000.lean:3075:12: warning: this tactic is never executed

Note: This linter can be disabled with `set_option linter.unreachableTactic false`
SunPrize\Certificate\Theory000.lean:3076:12: warning: this tactic is never executed

Note: This linter can be disabled with `set_option linter.unreachableTactic false`
SunPrize\Certificate\Theory000.lean:3081:32: warning: Unused tactic linter: `(try simp only [not_lt, not_le] at h ⊢)` does nothing

Note: This linter can be disabled with `set_option linter.unusedTactic false`
SunPrize\Certificate\Theory000.lean:3083:32: warning: Unused tactic linter: `(try simp only [not_lt, not_le] at h ⊢)` does nothing

Note: This linter can be disabled with `set_option linter.unusedTactic false`
SunPrize\Certificate\Theory000.lean:3085:2: warning: Unused tactic linter: `all_goals clear e0 e1` does nothing

Note: This linter can be disabled with `set_option linter.unusedTactic false`
SunPrize\Certificate\Theory000.lean:3086:2: warning: Unused tactic linter: `all_goals tauto` does nothing

Note: This linter can be disabled with `set_option linter.unusedTactic false`
SunPrize\Certificate\Theory000.lean:3085:12: warning: this tactic is never executed

Note: This linter can be disabled with `set_option linter.unreachableTactic false`
SunPrize\Certificate\Theory000.lean:3086:12: warning: this tactic is never executed

Note: This linter can be disabled with `set_option linter.unreachableTactic false`
SunPrize\Certificate\Theory000.lean:3091:32: warning: Unused tactic linter: `(try simp only [not_lt, not_le] at h ⊢)` does nothing

Note: This linter can be disabled with `set_option linter.unusedTactic false`
SunPrize\Certificate\Theory000.lean:3093:32: warning: Unused tactic linter: `(try simp only [not_lt, not_le] at h ⊢)` does nothing

Note: This linter can be disabled with `set_option linter.unusedTactic false`
SunPrize\Certificate\Theory000.lean:3095:2: warning: Unused tactic linter: `all_goals clear e0 e1` does nothing

Note: This linter can be disabled with `set_option linter.unusedTactic false`
SunPrize\Certificate\Theory000.lean:3096:2: warning: Unused tactic linter: `all_goals tauto` does nothing

Note: This linter can be disabled with `set_option linter.unusedTactic false`
SunPrize\Certificate\Theory000.lean:3095:12: warning: this tactic is never executed

Note: This linter can be disabled with `set_option linter.unreachableTactic false`
SunPrize\Certificate\Theory000.lean:3096:12: warning: this tactic is never executed

Note: This linter can be disabled with `set_option linter.unreachableTactic false`
SunPrize\Certificate\Theory000.lean:3101:32: warning: Unused tactic linter: `(try simp only [not_lt, not_le] at h ⊢)` does nothing

Note: This linter can be disabled with `set_option linter.unusedTactic false`
SunPrize\Certificate\Theory000.lean:3103:32: warning: Unused tactic linter: `(try simp only [not_lt, not_le] at h ⊢)` does nothing

Note: This linter can be disabled with `set_option linter.unusedTactic false`
SunPrize\Certificate\Theory000.lean:3105:2: warning: Unused tactic linter: `all_goals clear e0 e1` does nothing

Note: This linter can be disabled with `set_option linter.unusedTactic false`
SunPrize\Certificate\Theory000.lean:3106:2: warning: Unused tactic linter: `all_goals tauto` does nothing

Note: This linter can be disabled with `set_option linter.unusedTactic false`
SunPrize\Certificate\Theory000.lean:3105:12: warning: this tactic is never executed

Note: This linter can be disabled with `set_option linter.unreachableTactic false`
SunPrize\Certificate\Theory000.lean:3106:12: warning: this tactic is never executed

Note: This linter can be disabled with `set_option linter.unreachableTactic false`
SunPrize\Certificate\Theory000.lean:3111:56: warning: This simp argument is unused:
  not_le

Hint: Omit it from the simp argument list.
  [apply] simp only [not_lt] at h ⊢

Note: This linter can be disabled with `set_option linter.unusedSimpArgs false`
SunPrize\Certificate\Theory000.lean:3119:56: warning: This simp argument is unused:
  not_le

Hint: Omit it from the simp argument list.
  [apply] simp only [not_lt] at h ⊢

Note: This linter can be disabled with `set_option linter.unusedSimpArgs false`
SunPrize\Certificate\Theory000.lean:3121:56: warning: This simp argument is unused:
  not_le

Hint: Omit it from the simp argument list.
  [apply] simp only [not_lt] at h ⊢

Note: This linter can be disabled with `set_option linter.unusedSimpArgs false`
SunPrize\Certificate\Theory000.lean:3123:56: warning: This simp argument is unused:
  not_le

Hint: Omit it from the simp argument list.
  [apply] simp only [not_lt] at h ⊢

Note: This linter can be disabled with `set_option linter.unusedSimpArgs false`
SunPrize\Certificate\Theory000.lean:3125:56: warning: This simp argument is unused:
  not_le

Hint: Omit it from the simp argument list.
  [apply] simp only [not_lt] at h ⊢

Note: This linter can be disabled with `set_option linter.unusedSimpArgs false`
SunPrize\Certificate\Theory000.lean:3127:56: warning: This simp argument is unused:
  not_le

Hint: Omit it from the simp argument list.
  [apply] simp only [not_lt] at h ⊢

Note: This linter can be disabled with `set_option linter.unusedSimpArgs false`
SunPrize\Certificate\Theory000.lean:3129:56: warning: This simp argument is unused:
  not_le

Hint: Omit it from the simp argument list.
  [apply] simp only [not_lt] at h ⊢

Note: This linter can be disabled with `set_option linter.unusedSimpArgs false`
SunPrize\Certificate\Theory000.lean:3131:56: warning: This simp argument is unused:
  not_le

Hint: Omit it from the simp argument list.
  [apply] simp only [not_lt] at h ⊢

Note: This linter can be disabled with `set_option linter.unusedSimpArgs false`
SunPrize\Certificate\Theory000.lean:3135:56: warning: This simp argument is unused:
  not_le

Hint: Omit it from the simp argument list.
  [apply] simp only [not_lt] at h ⊢

Note: This linter can be disabled with `set_option linter.unusedSimpArgs false`
SunPrize\Certificate\Theory000.lean:3137:56: warning: This simp argument is unused:
  not_le

Hint: Omit it from the simp argument list.
  [apply] simp only [not_lt] at h ⊢

Note: This linter can be disabled with `set_option linter.unusedSimpArgs false`
SunPrize\Certificate\Theory000.lean:3139:56: warning: This simp argument is unused:
  not_le

Hint: Omit it from the simp argument list.
  [apply] simp only [not_lt] at h ⊢

Note: This linter can be disabled with `set_option linter.unusedSimpArgs false`
SunPrize\Certificate\Theory000.lean:3141:56: warning: This simp argument is unused:
  not_le

Hint: Omit it from the simp argument list.
  [apply] simp only [not_lt] at h ⊢

Note: This linter can be disabled with `set_option linter.unusedSimpArgs false`
SunPrize\Certificate\Theory000.lean:3113:32: warning: Unused tactic linter: `(try simp only [not_lt, not_le] at h ⊢)` does nothing

Note: This linter can be disabled with `set_option linter.unusedTactic false`
SunPrize\Certificate\Theory000.lean:3115:32: warning: Unused tactic linter: `(try simp only [not_lt, not_le] at h ⊢)` does nothing

Note: This linter can be disabled with `set_option linter.unusedTactic false`
SunPrize\Certificate\Theory000.lean:3117:32: warning: Unused tactic linter: `(try simp only [not_lt, not_le] at h ⊢)` does nothing

Note: This linter can be disabled with `set_option linter.unusedTactic false`
SunPrize\Certificate\Theory000.lean:3133:32: warning: Unused tactic linter: `(try simp only [not_lt, not_le] at h ⊢)` does nothing

Note: This linter can be disabled with `set_option linter.unusedTactic false`
SunPrize\Certificate\Theory000.lean:3143:2: warning: Unused tactic linter: `all_goals clear e0 e1 e2 e3 e4 e5 e6 e7 e8 e9 e10 e11 e12 e13 e14 e15` does nothing

Note: This linter can be disabled with `set_option linter.unusedTactic false`
SunPrize\Certificate\Theory000.lean:3144:2: warning: Unused tactic linter: `all_goals tauto` does nothing

Note: This linter can be disabled with `set_option linter.unusedTactic false`
SunPrize\Certificate\Theory000.lean:3143:12: warning: this tactic is never executed

Note: This linter can be disabled with `set_option linter.unreachableTactic false`
SunPrize\Certificate\Theory000.lean:3144:12: warning: this tactic is never executed

Note: This linter can be disabled with `set_option linter.unreachableTactic false`
SunPrize\Certificate\Theory000.lean:3151:56: warning: This simp argument is unused:
  not_le

Hint: Omit it from the simp argument list.
  [apply] simp only [not_lt] at h ⊢

Note: This linter can be disabled with `set_option linter.unusedSimpArgs false`
SunPrize\Certificate\Theory000.lean:3153:56: warning: This simp argument is unused:
  not_le

Hint: Omit it from the simp argument list.
  [apply] simp only [not_lt] at h ⊢

Note: This linter can be disabled with `set_option linter.unusedSimpArgs false`
SunPrize\Certificate\Theory000.lean:3149:32: warning: Unused tactic linter: `(try simp only [not_lt, not_le] at h ⊢)` does nothing

Note: This linter can be disabled with `set_option linter.unusedTactic false`
SunPrize\Certificate\Theory000.lean:3155:32: warning: Unused tactic linter: `(try simp only [not_lt, not_le] at h ⊢)` does nothing

Note: This linter can be disabled with `set_option linter.unusedTactic false`
SunPrize\Certificate\Theory000.lean:3157:32: warning: Unused tactic linter: `(try simp only [not_lt, not_le] at h ⊢)` does nothing

Note: This linter can be disabled with `set_option linter.unusedTactic false`
SunPrize\Certificate\Theory000.lean:3165:56: warning: This simp argument is unused:
  not_le

Hint: Omit it from the simp argument list.
  [apply] simp only [not_lt] at h ⊢

Note: This linter can be disabled with `set_option linter.unusedSimpArgs false`
SunPrize\Certificate\Theory000.lean:3167:56: warning: This simp argument is unused:
  not_le

Hint: Omit it from the simp argument list.
  [apply] simp only [not_lt] at h ⊢

Note: This linter can be disabled with `set_option linter.unusedSimpArgs false`
SunPrize\Certificate\Theory000.lean:3169:56: warning: This simp argument is unused:
  not_le

Hint: Omit it from the simp argument list.
  [apply] simp only [not_lt] at h ⊢

Note: This linter can be disabled with `set_option linter.unusedSimpArgs false`
SunPrize\Certificate\Theory000.lean:3171:56: warning: This simp argument is unused:
  not_le

Hint: Omit it from the simp argument list.
  [apply] simp only [not_lt] at h ⊢

Note: This linter can be disabled with `set_option linter.unusedSimpArgs false`
SunPrize\Certificate\Theory000.lean:3173:56: warning: This simp argument is unused:
  not_le

Hint: Omit it from the simp argument list.
  [apply] simp only [not_lt] at h ⊢

Note: This linter can be disabled with `set_option linter.unusedSimpArgs false`
SunPrize\Certificate\Theory000.lean:3181:56: warning: This simp argument is unused:
  not_le

Hint: Omit it from the simp argument list.
  [apply] simp only [not_lt] at h ⊢

Note: This linter can be disabled with `set_option linter.unusedSimpArgs false`
SunPrize\Certificate\Theory000.lean:3189:56: warning: This simp argument is unused:
  not_le

Hint: Omit it from the simp argument list.
  [apply] simp only [not_lt] at h ⊢

Note: This linter can be disabled with `set_option linter.unusedSimpArgs false`
SunPrize\Certificate\Theory000.lean:3191:56: warning: This simp argument is unused:
  not_le

Hint: Omit it from the simp argument list.
  [apply] simp only [not_lt] at h ⊢

Note: This linter can be disabled with `set_option linter.unusedSimpArgs false`
SunPrize\Certificate\Theory000.lean:3193:56: warning: This simp argument is unused:
  not_le

Hint: Omit it from the simp argument list.
  [apply] simp only [not_lt] at h ⊢

Note: This linter can be disabled with `set_option linter.unusedSimpArgs false`
SunPrize\Certificate\Theory000.lean:3195:56: warning: This simp argument is unused:
  not_le

Hint: Omit it from the simp argument list.
  [apply] simp only [not_lt] at h ⊢

Note: This linter can be disabled with `set_option linter.unusedSimpArgs false`
SunPrize\Certificate\Theory000.lean:3197:56: warning: This simp argument is unused:
  not_le

Hint: Omit it from the simp argument list.
  [apply] simp only [not_lt] at h ⊢

Note: This linter can be disabled with `set_option linter.unusedSimpArgs false`
SunPrize\Certificate\Theory000.lean:3199:56: warning: This simp argument is unused:
  not_le

Hint: Omit it from the simp argument list.
  [apply] simp only [not_lt] at h ⊢

Note: This linter can be disabled with `set_option linter.unusedSimpArgs false`
SunPrize\Certificate\Theory000.lean:3201:56: warning: This simp argument is unused:
  not_le

Hint: Omit it from the simp argument list.
  [apply] simp only [not_lt] at h ⊢

Note: This linter can be disabled with `set_option linter.unusedSimpArgs false`
SunPrize\Certificate\Theory000.lean:3205:56: warning: This simp argument is unused:
  not_le

Hint: Omit it from the simp argument list.
  [apply] simp only [not_lt] at h ⊢

Note: This linter can be disabled with `set_option linter.unusedSimpArgs false`
SunPrize\Certificate\Theory000.lean:3207:56: warning: This simp argument is unused:
  not_le

Hint: Omit it from the simp argument list.
  [apply] simp only [not_lt] at h ⊢

Note: This linter can be disabled with `set_option linter.unusedSimpArgs false`
SunPrize\Certificate\Theory000.lean:3209:56: warning: This simp argument is unused:
  not_le

Hint: Omit it from the simp argument list.
  [apply] simp only [not_lt] at h ⊢

Note: This linter can be disabled with `set_option linter.unusedSimpArgs false`
SunPrize\Certificate\Theory000.lean:3211:56: warning: This simp argument is unused:
  not_le

Hint: Omit it from the simp argument list.
  [apply] simp only [not_lt] at h ⊢

Note: This linter can be disabled with `set_option linter.unusedSimpArgs false`
SunPrize\Certificate\Theory000.lean:3183:32: warning: Unused tactic linter: `(try simp only [not_lt, not_le] at h ⊢)` does nothing

Note: This linter can be disabled with `set_option linter.unusedTactic false`
SunPrize\Certificate\Theory000.lean:3185:32: warning: Unused tactic linter: `(try simp only [not_lt, not_le] at h ⊢)` does nothing

Note: This linter can be disabled with `set_option linter.unusedTactic false`
SunPrize\Certificate\Theory000.lean:3187:32: warning: Unused tactic linter: `(try simp only [not_lt, not_le] at h ⊢)` does nothing

Note: This linter can be disabled with `set_option linter.unusedTactic false`
SunPrize\Certificate\Theory000.lean:3203:32: warning: Unused tactic linter: `(try simp only [not_lt, not_le] at h ⊢)` does nothing

Note: This linter can be disabled with `set_option linter.unusedTactic false`
SunPrize\Certificate\Theory000.lean:3213:2: warning: Unused tactic linter: `all_goals clear e0 e1 e2 e3 e4 e5 e6 e7 e8 e9 e10 e11 e12 e13 e14 e15` does nothing

Note: This linter can be disabled with `set_option linter.unusedTactic false`
SunPrize\Certificate\Theory000.lean:3214:2: warning: Unused tactic linter: `all_goals tauto` does nothing

Note: This linter can be disabled with `set_option linter.unusedTactic false`
SunPrize\Certificate\Theory000.lean:3213:12: warning: this tactic is never executed

Note: This linter can be disabled with `set_option linter.unreachableTactic false`
SunPrize\Certificate\Theory000.lean:3214:12: warning: this tactic is never executed

Note: This linter can be disabled with `set_option linter.unreachableTactic false`
SunPrize\Certificate\Theory000.lean:3219:56: warning: This simp argument is unused:
  not_le

Hint: Omit it from the simp argument list.
  [apply] simp only [not_lt] at h ⊢

Note: This linter can be disabled with `set_option linter.unusedSimpArgs false`
SunPrize\Certificate\Theory000.lean:3227:56: warning: This simp argument is unused:
  not_le

Hint: Omit it from the simp argument list.
  [apply] simp only [not_lt] at h ⊢

Note: This linter can be disabled with `set_option linter.unusedSimpArgs false`
SunPrize\Certificate\Theory000.lean:3229:56: warning: This simp argument is unused:
  not_le

Hint: Omit it from the simp argument list.
  [apply] simp only [not_lt] at h ⊢

Note: This linter can be disabled with `set_option linter.unusedSimpArgs false`
SunPrize\Certificate\Theory000.lean:3231:56: warning: This simp argument is unused:
  not_le

Hint: Omit it from the simp argument list.
  [apply] simp only [not_lt] at h ⊢

Note: This linter can be disabled with `set_option linter.unusedSimpArgs false`
SunPrize\Certificate\Theory000.lean:3233:56: warning: This simp argument is unused:
  not_le

Hint: Omit it from the simp argument list.
  [apply] simp only [not_lt] at h ⊢

Note: This linter can be disabled with `set_option linter.unusedSimpArgs false`
SunPrize\Certificate\Theory000.lean:3235:56: warning: This simp argument is unused:
  not_le

Hint: Omit it from the simp argument list.
  [apply] simp only [not_lt] at h ⊢

Note: This linter can be disabled with `set_option linter.unusedSimpArgs false`
SunPrize\Certificate\Theory000.lean:3237:56: warning: This simp argument is unused:
  not_le

Hint: Omit it from the simp argument list.
  [apply] simp only [not_lt] at h ⊢

Note: This linter can be disabled with `set_option linter.unusedSimpArgs false`
SunPrize\Certificate\Theory000.lean:3239:56: warning: This simp argument is unused:
  not_le

Hint: Omit it from the simp argument list.
  [apply] simp only [not_lt] at h ⊢

Note: This linter can be disabled with `set_option linter.unusedSimpArgs false`
SunPrize\Certificate\Theory000.lean:3243:56: warning: This simp argument is unused:
  not_le

Hint: Omit it from the simp argument list.
  [apply] simp only [not_lt] at h ⊢

Note: This linter can be disabled with `set_option linter.unusedSimpArgs false`
SunPrize\Certificate\Theory000.lean:3245:56: warning: This simp argument is unused:
  not_le

Hint: Omit it from the simp argument list.
  [apply] simp only [not_lt] at h ⊢

Note: This linter can be disabled with `set_option linter.unusedSimpArgs false`
SunPrize\Certificate\Theory000.lean:3247:56: warning: This simp argument is unused:
  not_le

Hint: Omit it from the simp argument list.
  [apply] simp only [not_lt] at h ⊢

Note: This linter can be disabled with `set_option linter.unusedSimpArgs false`
SunPrize\Certificate\Theory000.lean:3249:56: warning: This simp argument is unused:
  not_le

Hint: Omit it from the simp argument list.
  [apply] simp only [not_lt] at h ⊢

Note: This linter can be disabled with `set_option linter.unusedSimpArgs false`
SunPrize\Certificate\Theory000.lean:3221:32: warning: Unused tactic linter: `(try simp only [not_lt, not_le] at h ⊢)` does nothing

Note: This linter can be disabled with `set_option linter.unusedTactic false`
SunPrize\Certificate\Theory000.lean:3223:32: warning: Unused tactic linter: `(try simp only [not_lt, not_le] at h ⊢)` does nothing

Note: This linter can be disabled with `set_option linter.unusedTactic false`
SunPrize\Certificate\Theory000.lean:3225:32: warning: Unused tactic linter: `(try simp only [not_lt, not_le] at h ⊢)` does nothing

Note: This linter can be disabled with `set_option linter.unusedTactic false`
SunPrize\Certificate\Theory000.lean:3241:32: warning: Unused tactic linter: `(try simp only [not_lt, not_le] at h ⊢)` does nothing

Note: This linter can be disabled with `set_option linter.unusedTactic false`
SunPrize\Certificate\Theory000.lean:3251:2: warning: Unused tactic linter: `all_goals clear e0 e1 e2 e3 e4 e5 e6 e7 e8 e9 e10 e11 e12 e13 e14 e15` does nothing

Note: This linter can be disabled with `set_option linter.unusedTactic false`
SunPrize\Certificate\Theory000.lean:3252:2: warning: Unused tactic linter: `all_goals tauto` does nothing

Note: This linter can be disabled with `set_option linter.unusedTactic false`
SunPrize\Certificate\Theory000.lean:3251:12: warning: this tactic is never executed

Note: This linter can be disabled with `set_option linter.unreachableTactic false`
SunPrize\Certificate\Theory000.lean:3252:12: warning: this tactic is never executed

Note: This linter can be disabled with `set_option linter.unreachableTactic false`
SunPrize\Certificate\Theory000.lean:3270:56: warning: This simp argument is unused:
  not_le

Hint: Omit it from the simp argument list.
  [apply] simp only [not_lt] at h ⊢

Note: This linter can be disabled with `set_option linter.unusedSimpArgs false`
SunPrize\Certificate\Theory000.lean:3272:56: warning: This simp argument is unused:
  not_le

Hint: Omit it from the simp argument list.
  [apply] simp only [not_lt] at h ⊢

Note: This linter can be disabled with `set_option linter.unusedSimpArgs false`
SunPrize\Certificate\Theory000.lean:3274:56: warning: This simp argument is unused:
  not_le

Hint: Omit it from the simp argument list.
  [apply] simp only [not_lt] at h ⊢

Note: This linter can be disabled with `set_option linter.unusedSimpArgs false`
SunPrize\Certificate\Theory000.lean:3276:56: warning: This simp argument is unused:
  not_le

Hint: Omit it from the simp argument list.
  [apply] simp only [not_lt] at h ⊢

Note: This linter can be disabled with `set_option linter.unusedSimpArgs false`
SunPrize\Certificate\Theory000.lean:3278:56: warning: This simp argument is unused:
  not_le

Hint: Omit it from the simp argument list.
  [apply] simp only [not_lt] at h ⊢

Note: This linter can be disabled with `set_option linter.unusedSimpArgs false`
SunPrize\Certificate\Theory000.lean:3280:56: warning: This simp argument is unused:
  not_le

Hint: Omit it from the simp argument list.
  [apply] simp only [not_lt] at h ⊢

Note: This linter can be disabled with `set_option linter.unusedSimpArgs false`
SunPrize\Certificate\Theory000.lean:3282:56: warning: This simp argument is unused:
  not_le

Hint: Omit it from the simp argument list.
  [apply] simp only [not_lt] at h ⊢

Note: This linter can be disabled with `set_option linter.unusedSimpArgs false`
SunPrize\Certificate\Theory000.lean:3286:56: warning: This simp argument is unused:
  not_le

Hint: Omit it from the simp argument list.
  [apply] simp only [not_lt] at h ⊢

Note: This linter can be disabled with `set_option linter.unusedSimpArgs false`
SunPrize\Certificate\Theory000.lean:3288:56: warning: This simp argument is unused:
  not_le

Hint: Omit it from the simp argument list.
  [apply] simp only [not_lt] at h ⊢

Note: This linter can be disabled with `set_option linter.unusedSimpArgs false`
SunPrize\Certificate\Theory000.lean:3290:56: warning: This simp argument is unused:
  not_le

Hint: Omit it from the simp argument list.
  [apply] simp only [not_lt] at h ⊢

Note: This linter can be disabled with `set_option linter.unusedSimpArgs false`
SunPrize\Certificate\Theory000.lean:3292:56: warning: This simp argument is unused:
  not_le

Hint: Omit it from the simp argument list.
  [apply] simp only [not_lt] at h ⊢

Note: This linter can be disabled with `set_option linter.unusedSimpArgs false`
SunPrize\Certificate\Theory000.lean:3294:56: warning: This simp argument is unused:
  not_le

Hint: Omit it from the simp argument list.
  [apply] simp only [not_lt] at h ⊢

Note: This linter can be disabled with `set_option linter.unusedSimpArgs false`
SunPrize\Certificate\Theory000.lean:3264:32: warning: Unused tactic linter: `(try simp only [not_lt, not_le] at h ⊢)` does nothing

Note: This linter can be disabled with `set_option linter.unusedTactic false`
SunPrize\Certificate\Theory000.lean:3266:32: warning: Unused tactic linter: `(try simp only [not_lt, not_le] at h ⊢)` does nothing

Note: This linter can be disabled with `set_option linter.unusedTactic false`
SunPrize\Certificate\Theory000.lean:3268:32: warning: Unused tactic linter: `(try simp only [not_lt, not_le] at h ⊢)` does nothing

Note: This linter can be disabled with `set_option linter.unusedTactic false`
SunPrize\Certificate\Theory000.lean:3284:32: warning: Unused tactic linter: `(try simp only [not_lt, not_le] at h ⊢)` does nothing

Note: This linter can be disabled with `set_option linter.unusedTactic false`
SunPrize\Certificate\Theory000.lean:3296:2: warning: Unused tactic linter: `all_goals clear e0 e1 e2 e3 e4 e5 e6 e7 e8 e9 e10 e11 e12 e13 e14 e15` does nothing

Note: This linter can be disabled with `set_option linter.unusedTactic false`
SunPrize\Certificate\Theory000.lean:3297:2: warning: Unused tactic linter: `all_goals tauto` does nothing

Note: This linter can be disabled with `set_option linter.unusedTactic false`
SunPrize\Certificate\Theory000.lean:3296:12: warning: this tactic is never executed

Note: This linter can be disabled with `set_option linter.unreachableTactic false`
SunPrize\Certificate\Theory000.lean:3297:12: warning: this tactic is never executed

Note: This linter can be disabled with `set_option linter.unreachableTactic false`
SunPrize\Certificate\Theory000.lean:3302:56: warning: This simp argument is unused:
  not_le

Hint: Omit it from the simp argument list.
  [apply] simp only [not_lt] at h ⊢

Note: This linter can be disabled with `set_option linter.unusedSimpArgs false`
SunPrize\Certificate\Theory000.lean:3310:56: warning: This simp argument is unused:
  not_le

Hint: Omit it from the simp argument list.
  [apply] simp only [not_lt] at h ⊢

Note: This linter can be disabled with `set_option linter.unusedSimpArgs false`
SunPrize\Certificate\Theory000.lean:3312:56: warning: This simp argument is unused:
  not_le

Hint: Omit it from the simp argument list.
  [apply] simp only [not_lt] at h ⊢

Note: This linter can be disabled with `set_option linter.unusedSimpArgs false`
SunPrize\Certificate\Theory000.lean:3314:56: warning: This simp argument is unused:
  not_le

Hint: Omit it from the simp argument list.
  [apply] simp only [not_lt] at h ⊢

Note: This linter can be disabled with `set_option linter.unusedSimpArgs false`
SunPrize\Certificate\Theory000.lean:3316:56: warning: This simp argument is unused:
  not_le

Hint: Omit it from the simp argument list.
  [apply] simp only [not_lt] at h ⊢

Note: This linter can be disabled with `set_option linter.unusedSimpArgs false`
SunPrize\Certificate\Theory000.lean:3318:56: warning: This simp argument is unused:
  not_le

Hint: Omit it from the simp argument list.
  [apply] simp only [not_lt] at h ⊢

Note: This linter can be disabled with `set_option linter.unusedSimpArgs false`
SunPrize\Certificate\Theory000.lean:3320:56: warning: This simp argument is unused:
  not_le

Hint: Omit it from the simp argument list.
  [apply] simp only [not_lt] at h ⊢

Note: This linter can be disabled with `set_option linter.unusedSimpArgs false`
SunPrize\Certificate\Theory000.lean:3322:56: warning: This simp argument is unused:
  not_le

Hint: Omit it from the simp argument list.
  [apply] simp only [not_lt] at h ⊢

Note: This linter can be disabled with `set_option linter.unusedSimpArgs false`
SunPrize\Certificate\Theory000.lean:3326:56: warning: This simp argument is unused:
  not_le

Hint: Omit it from the simp argument list.
  [apply] simp only [not_lt] at h ⊢

Note: This linter can be disabled with `set_option linter.unusedSimpArgs false`
SunPrize\Certificate\Theory000.lean:3328:56: warning: This simp argument is unused:
  not_le

Hint: Omit it from the simp argument list.
  [apply] simp only [not_lt] at h ⊢

Note: This linter can be disabled with `set_option linter.unusedSimpArgs false`
SunPrize\Certificate\Theory000.lean:3330:56: warning: This simp argument is unused:
  not_le

Hint: Omit it from the simp argument list.
  [apply] simp only [not_lt] at h ⊢

Note: This linter can be disabled with `set_option linter.unusedSimpArgs false`
SunPrize\Certificate\Theory000.lean:3332:56: warning: This simp argument is unused:
  not_le

Hint: Omit it from the simp argument list.
  [apply] simp only [not_lt] at h ⊢

Note: This linter can be disabled with `set_option linter.unusedSimpArgs false`
SunPrize\Certificate\Theory000.lean:3304:32: warning: Unused tactic linter: `(try simp only [not_lt, not_le] at h ⊢)` does nothing

Note: This linter can be disabled with `set_option linter.unusedTactic false`
SunPrize\Certificate\Theory000.lean:3306:32: warning: Unused tactic linter: `(try simp only [not_lt, not_le] at h ⊢)` does nothing

Note: This linter can be disabled with `set_option linter.unusedTactic false`
SunPrize\Certificate\Theory000.lean:3308:32: warning: Unused tactic linter: `(try simp only [not_lt, not_le] at h ⊢)` does nothing

Note: This linter can be disabled with `set_option linter.unusedTactic false`
SunPrize\Certificate\Theory000.lean:3324:32: warning: Unused tactic linter: `(try simp only [not_lt, not_le] at h ⊢)` does nothing

Note: This linter can be disabled with `set_option linter.unusedTactic false`
SunPrize\Certificate\Theory000.lean:3334:2: warning: Unused tactic linter: `all_goals clear e0 e1 e2 e3 e4 e5 e6 e7 e8 e9 e10 e11 e12 e13 e14 e15` does nothing

Note: This linter can be disabled with `set_option linter.unusedTactic false`
SunPrize\Certificate\Theory000.lean:3335:2: warning: Unused tactic linter: `all_goals tauto` does nothing

Note: This linter can be disabled with `set_option linter.unusedTactic false`
SunPrize\Certificate\Theory000.lean:3334:12: warning: this tactic is never executed

Note: This linter can be disabled with `set_option linter.unreachableTactic false`
SunPrize\Certificate\Theory000.lean:3335:12: warning: this tactic is never executed

Note: This linter can be disabled with `set_option linter.unreachableTactic false`
SunPrize\Certificate\Theory000.lean:3346:56: warning: This simp argument is unused:
  not_le

Hint: Omit it from the simp argument list.
  [apply] simp only [not_lt] at h ⊢

Note: This linter can be disabled with `set_option linter.unusedSimpArgs false`
SunPrize\Certificate\Theory000.lean:3348:56: warning: This simp argument is unused:
  not_le

Hint: Omit it from the simp argument list.
  [apply] simp only [not_lt] at h ⊢

Note: This linter can be disabled with `set_option linter.unusedSimpArgs false`
SunPrize\Certificate\Theory000.lean:3350:56: warning: This simp argument is unused:
  not_le

Hint: Omit it from the simp argument list.
  [apply] simp only [not_lt] at h ⊢

Note: This linter can be disabled with `set_option linter.unusedSimpArgs false`
SunPrize\Certificate\Theory000.lean:3352:56: warning: This simp argument is unused:
  not_le

Hint: Omit it from the simp argument list.
  [apply] simp only [not_lt] at h ⊢

Note: This linter can be disabled with `set_option linter.unusedSimpArgs false`
SunPrize\Certificate\Theory000.lean:3354:56: warning: This simp argument is unused:
  not_le

Hint: Omit it from the simp argument list.
  [apply] simp only [not_lt] at h ⊢

Note: This linter can be disabled with `set_option linter.unusedSimpArgs false`
SunPrize\Certificate\Theory000.lean:3356:56: warning: This simp argument is unused:
  not_le

Hint: Omit it from the simp argument list.
  [apply] simp only [not_lt] at h ⊢

Note: This linter can be disabled with `set_option linter.unusedSimpArgs false`
SunPrize\Certificate\Theory000.lean:3358:56: warning: This simp argument is unused:
  not_le

Hint: Omit it from the simp argument list.
  [apply] simp only [not_lt] at h ⊢

Note: This linter can be disabled with `set_option linter.unusedSimpArgs false`
SunPrize\Certificate\Theory000.lean:3362:56: warning: This simp argument is unused:
  not_le

Hint: Omit it from the simp argument list.
  [apply] simp only [not_lt] at h ⊢

Note: This linter can be disabled with `set_option linter.unusedSimpArgs false`
SunPrize\Certificate\Theory000.lean:3364:56: warning: This simp argument is unused:
  not_le

Hint: Omit it from the simp argument list.
  [apply] simp only [not_lt] at h ⊢

Note: This linter can be disabled with `set_option linter.unusedSimpArgs false`
SunPrize\Certificate\Theory000.lean:3366:56: warning: This simp argument is unused:
  not_le

Hint: Omit it from the simp argument list.
  [apply] simp only [not_lt] at h ⊢

Note: This linter can be disabled with `set_option linter.unusedSimpArgs false`
SunPrize\Certificate\Theory000.lean:3368:56: warning: This simp argument is unused:
  not_le

Hint: Omit it from the simp argument list.
  [apply] simp only [not_lt] at h ⊢

Note: This linter can be disabled with `set_option linter.unusedSimpArgs false`
SunPrize\Certificate\Theory000.lean:3370:56: warning: This simp argument is unused:
  not_le

Hint: Omit it from the simp argument list.
  [apply] simp only [not_lt] at h ⊢

Note: This linter can be disabled with `set_option linter.unusedSimpArgs false`
SunPrize\Certificate\Theory000.lean:3340:32: warning: Unused tactic linter: `(try simp only [not_lt, not_le] at h ⊢)` does nothing

Note: This linter can be disabled with `set_option linter.unusedTactic false`
SunPrize\Certificate\Theory000.lean:3342:32: warning: Unused tactic linter: `(try simp only [not_lt, not_le] at h ⊢)` does nothing

Note: This linter can be disabled with `set_option linter.unusedTactic false`
SunPrize\Certificate\Theory000.lean:3344:32: warning: Unused tactic linter: `(try simp only [not_lt, not_le] at h ⊢)` does nothing

Note: This linter can be disabled with `set_option linter.unusedTactic false`
SunPrize\Certificate\Theory000.lean:3360:32: warning: Unused tactic linter: `(try simp only [not_lt, not_le] at h ⊢)` does nothing

Note: This linter can be disabled with `set_option linter.unusedTactic false`
SunPrize\Certificate\Theory000.lean:3372:2: warning: Unused tactic linter: `all_goals clear e0 e1 e2 e3 e4 e5 e6 e7 e8 e9 e10 e11 e12 e13 e14 e15` does nothing

Note: This linter can be disabled with `set_option linter.unusedTactic false`
SunPrize\Certificate\Theory000.lean:3373:2: warning: Unused tactic linter: `all_goals tauto` does nothing

Note: This linter can be disabled with `set_option linter.unusedTactic false`
SunPrize\Certificate\Theory000.lean:3372:12: warning: this tactic is never executed

Note: This linter can be disabled with `set_option linter.unreachableTactic false`
SunPrize\Certificate\Theory000.lean:3373:12: warning: this tactic is never executed

Note: This linter can be disabled with `set_option linter.unreachableTactic false`
SunPrize\Certificate\Theory000.lean:3378:32: warning: Unused tactic linter: `(try simp only [not_lt, not_le] at h ⊢)` does nothing

Note: This linter can be disabled with `set_option linter.unusedTactic false`
SunPrize\Certificate\Theory000.lean:3380:32: warning: Unused tactic linter: `(try simp only [not_lt, not_le] at h ⊢)` does nothing

Note: This linter can be disabled with `set_option linter.unusedTactic false`
SunPrize\Certificate\Theory000.lean:3382:2: warning: Unused tactic linter: `all_goals clear e0 e1` does nothing

Note: This linter can be disabled with `set_option linter.unusedTactic false`
SunPrize\Certificate\Theory000.lean:3383:2: warning: Unused tactic linter: `all_goals tauto` does nothing

Note: This linter can be disabled with `set_option linter.unusedTactic false`
SunPrize\Certificate\Theory000.lean:3382:12: warning: this tactic is never executed

Note: This linter can be disabled with `set_option linter.unreachableTactic false`
SunPrize\Certificate\Theory000.lean:3383:12: warning: this tactic is never executed

Note: This linter can be disabled with `set_option linter.unreachableTactic false`
SunPrize\Certificate\Theory000.lean:3388:56: warning: This simp argument is unused:
  not_le

Hint: Omit it from the simp argument list.
  [apply] simp only [not_lt] at h ⊢

Note: This linter can be disabled with `set_option linter.unusedSimpArgs false`
SunPrize\Certificate\Theory000.lean:3396:56: warning: This simp argument is unused:
  not_le

Hint: Omit it from the simp argument list.
  [apply] simp only [not_lt] at h ⊢

Note: This linter can be disabled with `set_option linter.unusedSimpArgs false`
SunPrize\Certificate\Theory000.lean:3398:56: warning: This simp argument is unused:
  not_le

Hint: Omit it from the simp argument list.
  [apply] simp only [not_lt] at h ⊢

Note: This linter can be disabled with `set_option linter.unusedSimpArgs false`
SunPrize\Certificate\Theory000.lean:3400:56: warning: This simp argument is unused:
  not_le

Hint: Omit it from the simp argument list.
  [apply] simp only [not_lt] at h ⊢

Note: This linter can be disabled with `set_option linter.unusedSimpArgs false`
SunPrize\Certificate\Theory000.lean:3402:56: warning: This simp argument is unused:
  not_le

Hint: Omit it from the simp argument list.
  [apply] simp only [not_lt] at h ⊢

Note: This linter can be disabled with `set_option linter.unusedSimpArgs false`
SunPrize\Certificate\Theory000.lean:3404:56: warning: This simp argument is unused:
  not_le

Hint: Omit it from the simp argument list.
  [apply] simp only [not_lt] at h ⊢

Note: This linter can be disabled with `set_option linter.unusedSimpArgs false`
SunPrize\Certificate\Theory000.lean:3406:56: warning: This simp argument is unused:
  not_le

Hint: Omit it from the simp argument list.
  [apply] simp only [not_lt] at h ⊢

Note: This linter can be disabled with `set_option linter.unusedSimpArgs false`
SunPrize\Certificate\Theory000.lean:3408:56: warning: This simp argument is unused:
  not_le

Hint: Omit it from the simp argument list.
  [apply] simp only [not_lt] at h ⊢

Note: This linter can be disabled with `set_option linter.unusedSimpArgs false`
SunPrize\Certificate\Theory000.lean:3412:56: warning: This simp argument is unused:
  not_le

Hint: Omit it from the simp argument list.
  [apply] simp only [not_lt] at h ⊢

Note: This linter can be disabled with `set_option linter.unusedSimpArgs false`
SunPrize\Certificate\Theory000.lean:3414:56: warning: This simp argument is unused:
  not_le

Hint: Omit it from the simp argument list.
  [apply] simp only [not_lt] at h ⊢

Note: This linter can be disabled with `set_option linter.unusedSimpArgs false`
SunPrize\Certificate\Theory000.lean:3416:56: warning: This simp argument is unused:
  not_le

Hint: Omit it from the simp argument list.
  [apply] simp only [not_lt] at h ⊢

Note: This linter can be disabled with `set_option linter.unusedSimpArgs false`
SunPrize\Certificate\Theory000.lean:3418:56: warning: This simp argument is unused:
  not_le

Hint: Omit it from the simp argument list.
  [apply] simp only [not_lt] at h ⊢

Note: This linter can be disabled with `set_option linter.unusedSimpArgs false`
SunPrize\Certificate\Theory000.lean:3390:32: warning: Unused tactic linter: `(try simp only [not_lt, not_le] at h ⊢)` does nothing

Note: This linter can be disabled with `set_option linter.unusedTactic false`
SunPrize\Certificate\Theory000.lean:3392:32: warning: Unused tactic linter: `(try simp only [not_lt, not_le] at h ⊢)` does nothing

Note: This linter can be disabled with `set_option linter.unusedTactic false`
SunPrize\Certificate\Theory000.lean:3394:32: warning: Unused tactic linter: `(try simp only [not_lt, not_le] at h ⊢)` does nothing

Note: This linter can be disabled with `set_option linter.unusedTactic false`
SunPrize\Certificate\Theory000.lean:3410:32: warning: Unused tactic linter: `(try simp only [not_lt, not_le] at h ⊢)` does nothing

Note: This linter can be disabled with `set_option linter.unusedTactic false`
SunPrize\Certificate\Theory000.lean:3420:2: warning: Unused tactic linter: `all_goals clear e0 e1 e2 e3 e4 e5 e6 e7 e8 e9 e10 e11 e12 e13 e14 e15` does nothing

Note: This linter can be disabled with `set_option linter.unusedTactic false`
SunPrize\Certificate\Theory000.lean:3421:2: warning: Unused tactic linter: `all_goals tauto` does nothing

Note: This linter can be disabled with `set_option linter.unusedTactic false`
SunPrize\Certificate\Theory000.lean:3420:12: warning: this tactic is never executed

Note: This linter can be disabled with `set_option linter.unreachableTactic false`
SunPrize\Certificate\Theory000.lean:3421:12: warning: this tactic is never executed

Note: This linter can be disabled with `set_option linter.unreachableTactic false`
SunPrize\Certificate\Theory000.lean:3432:56: warning: This simp argument is unused:
  not_le

Hint: Omit it from the simp argument list.
  [apply] simp only [not_lt] at h ⊢

Note: This linter can be disabled with `set_option linter.unusedSimpArgs false`
SunPrize\Certificate\Theory000.lean:3434:56: warning: This simp argument is unused:
  not_le

Hint: Omit it from the simp argument list.
  [apply] simp only [not_lt] at h ⊢

Note: This linter can be disabled with `set_option linter.unusedSimpArgs false`
SunPrize\Certificate\Theory000.lean:3436:56: warning: This simp argument is unused:
  not_le

Hint: Omit it from the simp argument list.
  [apply] simp only [not_lt] at h ⊢

Note: This linter can be disabled with `set_option linter.unusedSimpArgs false`
SunPrize\Certificate\Theory000.lean:3438:56: warning: This simp argument is unused:
  not_le

Hint: Omit it from the simp argument list.
  [apply] simp only [not_lt] at h ⊢

Note: This linter can be disabled with `set_option linter.unusedSimpArgs false`
SunPrize\Certificate\Theory000.lean:3440:56: warning: This simp argument is unused:
  not_le

Hint: Omit it from the simp argument list.
  [apply] simp only [not_lt] at h ⊢

Note: This linter can be disabled with `set_option linter.unusedSimpArgs false`
SunPrize\Certificate\Theory000.lean:3442:56: warning: This simp argument is unused:
  not_le

Hint: Omit it from the simp argument list.
  [apply] simp only [not_lt] at h ⊢

Note: This linter can be disabled with `set_option linter.unusedSimpArgs false`
SunPrize\Certificate\Theory000.lean:3444:56: warning: This simp argument is unused:
  not_le

Hint: Omit it from the simp argument list.
  [apply] simp only [not_lt] at h ⊢

Note: This linter can be disabled with `set_option linter.unusedSimpArgs false`
SunPrize\Certificate\Theory000.lean:3448:56: warning: This simp argument is unused:
  not_le

Hint: Omit it from the simp argument list.
  [apply] simp only [not_lt] at h ⊢

Note: This linter can be disabled with `set_option linter.unusedSimpArgs false`
SunPrize\Certificate\Theory000.lean:3450:56: warning: This simp argument is unused:
  not_le

Hint: Omit it from the simp argument list.
  [apply] simp only [not_lt] at h ⊢

Note: This linter can be disabled with `set_option linter.unusedSimpArgs false`
SunPrize\Certificate\Theory000.lean:3452:56: warning: This simp argument is unused:
  not_le

Hint: Omit it from the simp argument list.
  [apply] simp only [not_lt] at h ⊢

Note: This linter can be disabled with `set_option linter.unusedSimpArgs false`
SunPrize\Certificate\Theory000.lean:3454:56: warning: This simp argument is unused:
  not_le

Hint: Omit it from the simp argument list.
  [apply] simp only [not_lt] at h ⊢

Note: This linter can be disabled with `set_option linter.unusedSimpArgs false`
SunPrize\Certificate\Theory000.lean:3456:56: warning: This simp argument is unused:
  not_le

Hint: Omit it from the simp argument list.
  [apply] simp only [not_lt] at h ⊢

Note: This linter can be disabled with `set_option linter.unusedSimpArgs false`
SunPrize\Certificate\Theory000.lean:3426:32: warning: Unused tactic linter: `(try simp only [not_lt, not_le] at h ⊢)` does nothing

Note: This linter can be disabled with `set_option linter.unusedTactic false`
SunPrize\Certificate\Theory000.lean:3428:32: warning: Unused tactic linter: `(try simp only [not_lt, not_le] at h ⊢)` does nothing

Note: This linter can be disabled with `set_option linter.unusedTactic false`
SunPrize\Certificate\Theory000.lean:3430:32: warning: Unused tactic linter: `(try simp only [not_lt, not_le] at h ⊢)` does nothing

Note: This linter can be disabled with `set_option linter.unusedTactic false`
SunPrize\Certificate\Theory000.lean:3446:32: warning: Unused tactic linter: `(try simp only [not_lt, not_le] at h ⊢)` does nothing

Note: This linter can be disabled with `set_option linter.unusedTactic false`
SunPrize\Certificate\Theory000.lean:3458:2: warning: Unused tactic linter: `all_goals clear e0 e1 e2 e3 e4 e5 e6 e7 e8 e9 e10 e11 e12 e13 e14 e15` does nothing

Note: This linter can be disabled with `set_option linter.unusedTactic false`
SunPrize\Certificate\Theory000.lean:3459:2: warning: Unused tactic linter: `all_goals tauto` does nothing

Note: This linter can be disabled with `set_option linter.unusedTactic false`
SunPrize\Certificate\Theory000.lean:3458:12: warning: this tactic is never executed

Note: This linter can be disabled with `set_option linter.unreachableTactic false`
SunPrize\Certificate\Theory000.lean:3459:12: warning: this tactic is never executed

Note: This linter can be disabled with `set_option linter.unreachableTactic false`
SunPrize\Certificate\Theory000.lean:3464:56: warning: This simp argument is unused:
  not_le

Hint: Omit it from the simp argument list.
  [apply] simp only [not_lt] at h ⊢

Note: This linter can be disabled with `set_option linter.unusedSimpArgs false`
SunPrize\Certificate\Theory000.lean:3472:56: warning: This simp argument is unused:
  not_le

Hint: Omit it from the simp argument list.
  [apply] simp only [not_lt] at h ⊢

Note: This linter can be disabled with `set_option linter.unusedSimpArgs false`
SunPrize\Certificate\Theory000.lean:3474:56: warning: This simp argument is unused:
  not_le

Hint: Omit it from the simp argument list.
  [apply] simp only [not_lt] at h ⊢

Note: This linter can be disabled with `set_option linter.unusedSimpArgs false`
SunPrize\Certificate\Theory000.lean:3476:56: warning: This simp argument is unused:
  not_le

Hint: Omit it from the simp argument list.
  [apply] simp only [not_lt] at h ⊢

Note: This linter can be disabled with `set_option linter.unusedSimpArgs false`
SunPrize\Certificate\Theory000.lean:3478:56: warning: This simp argument is unused:
  not_le

Hint: Omit it from the simp argument list.
  [apply] simp only [not_lt] at h ⊢

Note: This linter can be disabled with `set_option linter.unusedSimpArgs false`
SunPrize\Certificate\Theory000.lean:3480:56: warning: This simp argument is unused:
  not_le

Hint: Omit it from the simp argument list.
  [apply] simp only [not_lt] at h ⊢

Note: This linter can be disabled with `set_option linter.unusedSimpArgs false`
SunPrize\Certificate\Theory000.lean:3482:56: warning: This simp argument is unused:
  not_le

Hint: Omit it from the simp argument list.
  [apply] simp only [not_lt] at h ⊢

Note: This linter can be disabled with `set_option linter.unusedSimpArgs false`
SunPrize\Certificate\Theory000.lean:3484:56: warning: This simp argument is unused:
  not_le

Hint: Omit it from the simp argument list.
  [apply] simp only [not_lt] at h ⊢

Note: This linter can be disabled with `set_option linter.unusedSimpArgs false`
SunPrize\Certificate\Theory000.lean:3488:56: warning: This simp argument is unused:
  not_le

Hint: Omit it from the simp argument list.
  [apply] simp only [not_lt] at h ⊢

Note: This linter can be disabled with `set_option linter.unusedSimpArgs false`
SunPrize\Certificate\Theory000.lean:3490:56: warning: This simp argument is unused:
  not_le

Hint: Omit it from the simp argument list.
  [apply] simp only [not_lt] at h ⊢

Note: This linter can be disabled with `set_option linter.unusedSimpArgs false`
SunPrize\Certificate\Theory000.lean:3492:56: warning: This simp argument is unused:
  not_le

Hint: Omit it from the simp argument list.
  [apply] simp only [not_lt] at h ⊢

Note: This linter can be disabled with `set_option linter.unusedSimpArgs false`
SunPrize\Certificate\Theory000.lean:3494:56: warning: This simp argument is unused:
  not_le

Hint: Omit it from the simp argument list.
  [apply] simp only [not_lt] at h ⊢

Note: This linter can be disabled with `set_option linter.unusedSimpArgs false`
SunPrize\Certificate\Theory000.lean:3466:32: warning: Unused tactic linter: `(try simp only [not_lt, not_le] at h ⊢)` does nothing

Note: This linter can be disabled with `set_option linter.unusedTactic false`
SunPrize\Certificate\Theory000.lean:3468:32: warning: Unused tactic linter: `(try simp only [not_lt, not_le] at h ⊢)` does nothing

Note: This linter can be disabled with `set_option linter.unusedTactic false`
SunPrize\Certificate\Theory000.lean:3470:32: warning: Unused tactic linter: `(try simp only [not_lt, not_le] at h ⊢)` does nothing

Note: This linter can be disabled with `set_option linter.unusedTactic false`
SunPrize\Certificate\Theory000.lean:3486:32: warning: Unused tactic linter: `(try simp only [not_lt, not_le] at h ⊢)` does nothing

Note: This linter can be disabled with `set_option linter.unusedTactic false`
SunPrize\Certificate\Theory000.lean:3496:2: warning: Unused tactic linter: `all_goals clear e0 e1 e2 e3 e4 e5 e6 e7 e8 e9 e10 e11 e12 e13 e14 e15` does nothing

Note: This linter can be disabled with `set_option linter.unusedTactic false`
SunPrize\Certificate\Theory000.lean:3497:2: warning: Unused tactic linter: `all_goals tauto` does nothing

Note: This linter can be disabled with `set_option linter.unusedTactic false`
SunPrize\Certificate\Theory000.lean:3496:12: warning: this tactic is never executed

Note: This linter can be disabled with `set_option linter.unreachableTactic false`
SunPrize\Certificate\Theory000.lean:3497:12: warning: this tactic is never executed

Note: This linter can be disabled with `set_option linter.unreachableTactic false`
SunPrize\Certificate\Theory000.lean:3502:32: warning: Unused tactic linter: `(try simp only [not_lt, not_le] at h ⊢)` does nothing

Note: This linter can be disabled with `set_option linter.unusedTactic false`
SunPrize\Certificate\Theory000.lean:3504:32: warning: Unused tactic linter: `(try simp only [not_lt, not_le] at h ⊢)` does nothing

Note: This linter can be disabled with `set_option linter.unusedTactic false`
SunPrize\Certificate\Theory000.lean:3506:2: warning: Unused tactic linter: `all_goals clear e0 e1` does nothing

Note: This linter can be disabled with `set_option linter.unusedTactic false`
SunPrize\Certificate\Theory000.lean:3507:2: warning: Unused tactic linter: `all_goals tauto` does nothing

Note: This linter can be disabled with `set_option linter.unusedTactic false`
SunPrize\Certificate\Theory000.lean:3506:12: warning: this tactic is never executed

Note: This linter can be disabled with `set_option linter.unreachableTactic false`
SunPrize\Certificate\Theory000.lean:3507:12: warning: this tactic is never executed

Note: This linter can be disabled with `set_option linter.unreachableTactic false`
SunPrize\Certificate\Theory000.lean:3512:56: warning: This simp argument is unused:
  not_le

Hint: Omit it from the simp argument list.
  [apply] simp only [not_lt] at h ⊢

Note: This linter can be disabled with `set_option linter.unusedSimpArgs false`
SunPrize\Certificate\Theory000.lean:3520:56: warning: This simp argument is unused:
  not_le

Hint: Omit it from the simp argument list.
  [apply] simp only [not_lt] at h ⊢

Note: This linter can be disabled with `set_option linter.unusedSimpArgs false`
SunPrize\Certificate\Theory000.lean:3522:56: warning: This simp argument is unused:
  not_le

Hint: Omit it from the simp argument list.
  [apply] simp only [not_lt] at h ⊢

Note: This linter can be disabled with `set_option linter.unusedSimpArgs false`
SunPrize\Certificate\Theory000.lean:3524:56: warning: This simp argument is unused:
  not_le

Hint: Omit it from the simp argument list.
  [apply] simp only [not_lt] at h ⊢

Note: This linter can be disabled with `set_option linter.unusedSimpArgs false`
SunPrize\Certificate\Theory000.lean:3526:56: warning: This simp argument is unused:
  not_le

Hint: Omit it from the simp argument list.
  [apply] simp only [not_lt] at h ⊢

Note: This linter can be disabled with `set_option linter.unusedSimpArgs false`
SunPrize\Certificate\Theory000.lean:3528:56: warning: This simp argument is unused:
  not_le

Hint: Omit it from the simp argument list.
  [apply] simp only [not_lt] at h ⊢

Note: This linter can be disabled with `set_option linter.unusedSimpArgs false`
SunPrize\Certificate\Theory000.lean:3530:56: warning: This simp argument is unused:
  not_le

Hint: Omit it from the simp argument list.
  [apply] simp only [not_lt] at h ⊢

Note: This linter can be disabled with `set_option linter.unusedSimpArgs false`
SunPrize\Certificate\Theory000.lean:3532:56: warning: This simp argument is unused:
  not_le

Hint: Omit it from the simp argument list.
  [apply] simp only [not_lt] at h ⊢

Note: This linter can be disabled with `set_option linter.unusedSimpArgs false`
SunPrize\Certificate\Theory000.lean:3536:56: warning: This simp argument is unused:
  not_le

Hint: Omit it from the simp argument list.
  [apply] simp only [not_lt] at h ⊢

Note: This linter can be disabled with `set_option linter.unusedSimpArgs false`
SunPrize\Certificate\Theory000.lean:3538:56: warning: This simp argument is unused:
  not_le

Hint: Omit it from the simp argument list.
  [apply] simp only [not_lt] at h ⊢

Note: This linter can be disabled with `set_option linter.unusedSimpArgs false`
SunPrize\Certificate\Theory000.lean:3540:56: warning: This simp argument is unused:
  not_le

Hint: Omit it from the simp argument list.
  [apply] simp only [not_lt] at h ⊢

Note: This linter can be disabled with `set_option linter.unusedSimpArgs false`
SunPrize\Certificate\Theory000.lean:3542:56: warning: This simp argument is unused:
  not_le

Hint: Omit it from the simp argument list.
  [apply] simp only [not_lt] at h ⊢

Note: This linter can be disabled with `set_option linter.unusedSimpArgs false`
SunPrize\Certificate\Theory000.lean:3514:32: warning: Unused tactic linter: `(try simp only [not_lt, not_le] at h ⊢)` does nothing

Note: This linter can be disabled with `set_option linter.unusedTactic false`
SunPrize\Certificate\Theory000.lean:3516:32: warning: Unused tactic linter: `(try simp only [not_lt, not_le] at h ⊢)` does nothing

Note: This linter can be disabled with `set_option linter.unusedTactic false`
SunPrize\Certificate\Theory000.lean:3518:32: warning: Unused tactic linter: `(try simp only [not_lt, not_le] at h ⊢)` does nothing

Note: This linter can be disabled with `set_option linter.unusedTactic false`
SunPrize\Certificate\Theory000.lean:3534:32: warning: Unused tactic linter: `(try simp only [not_lt, not_le] at h ⊢)` does nothing

Note: This linter can be disabled with `set_option linter.unusedTactic false`
SunPrize\Certificate\Theory000.lean:3544:2: warning: Unused tactic linter: `all_goals clear e0 e1 e2 e3 e4 e5 e6 e7 e8 e9 e10 e11 e12 e13 e14 e15` does nothing

Note: This linter can be disabled with `set_option linter.unusedTactic false`
SunPrize\Certificate\Theory000.lean:3545:2: warning: Unused tactic linter: `all_goals tauto` does nothing

Note: This linter can be disabled with `set_option linter.unusedTactic false`
SunPrize\Certificate\Theory000.lean:3544:12: warning: this tactic is never executed

Note: This linter can be disabled with `set_option linter.unreachableTactic false`
SunPrize\Certificate\Theory000.lean:3545:12: warning: this tactic is never executed

Note: This linter can be disabled with `set_option linter.unreachableTactic false`
SunPrize\Certificate\Theory000.lean:3550:56: warning: This simp argument is unused:
  not_le

Hint: Omit it from the simp argument list.
  [apply] simp only [not_lt] at h ⊢

Note: This linter can be disabled with `set_option linter.unusedSimpArgs false`
SunPrize\Certificate\Theory000.lean:3558:56: warning: This simp argument is unused:
  not_le

Hint: Omit it from the simp argument list.
  [apply] simp only [not_lt] at h ⊢

Note: This linter can be disabled with `set_option linter.unusedSimpArgs false`
SunPrize\Certificate\Theory000.lean:3560:56: warning: This simp argument is unused:
  not_le

Hint: Omit it from the simp argument list.
  [apply] simp only [not_lt] at h ⊢

Note: This linter can be disabled with `set_option linter.unusedSimpArgs false`
SunPrize\Certificate\Theory000.lean:3562:56: warning: This simp argument is unused:
  not_le

Hint: Omit it from the simp argument list.
  [apply] simp only [not_lt] at h ⊢

Note: This linter can be disabled with `set_option linter.unusedSimpArgs false`
SunPrize\Certificate\Theory000.lean:3564:56: warning: This simp argument is unused:
  not_le

Hint: Omit it from the simp argument list.
  [apply] simp only [not_lt] at h ⊢

Note: This linter can be disabled with `set_option linter.unusedSimpArgs false`
SunPrize\Certificate\Theory000.lean:3566:56: warning: This simp argument is unused:
  not_le

Hint: Omit it from the simp argument list.
  [apply] simp only [not_lt] at h ⊢

Note: This linter can be disabled with `set_option linter.unusedSimpArgs false`
SunPrize\Certificate\Theory000.lean:3568:56: warning: This simp argument is unused:
  not_le

Hint: Omit it from the simp argument list.
  [apply] simp only [not_lt] at h ⊢

Note: This linter can be disabled with `set_option linter.unusedSimpArgs false`
SunPrize\Certificate\Theory000.lean:3570:56: warning: This simp argument is unused:
  not_le

Hint: Omit it from the simp argument list.
  [apply] simp only [not_lt] at h ⊢

Note: This linter can be disabled with `set_option linter.unusedSimpArgs false`
SunPrize\Certificate\Theory000.lean:3574:56: warning: This simp argument is unused:
  not_le

Hint: Omit it from the simp argument list.
  [apply] simp only [not_lt] at h ⊢

Note: This linter can be disabled with `set_option linter.unusedSimpArgs false`
SunPrize\Certificate\Theory000.lean:3576:56: warning: This simp argument is unused:
  not_le

Hint: Omit it from the simp argument list.
  [apply] simp only [not_lt] at h ⊢

Note: This linter can be disabled with `set_option linter.unusedSimpArgs false`
SunPrize\Certificate\Theory000.lean:3578:56: warning: This simp argument is unused:
  not_le

Hint: Omit it from the simp argument list.
  [apply] simp only [not_lt] at h ⊢

Note: This linter can be disabled with `set_option linter.unusedSimpArgs false`
SunPrize\Certificate\Theory000.lean:3580:56: warning: This simp argument is unused:
  not_le

Hint: Omit it from the simp argument list.
  [apply] simp only [not_lt] at h ⊢

Note: This linter can be disabled with `set_option linter.unusedSimpArgs false`
SunPrize\Certificate\Theory000.lean:3552:32: warning: Unused tactic linter: `(try simp only [not_lt, not_le] at h ⊢)` does nothing

Note: This linter can be disabled with `set_option linter.unusedTactic false`
SunPrize\Certificate\Theory000.lean:3554:32: warning: Unused tactic linter: `(try simp only [not_lt, not_le] at h ⊢)` does nothing

Note: This linter can be disabled with `set_option linter.unusedTactic false`
SunPrize\Certificate\Theory000.lean:3556:32: warning: Unused tactic linter: `(try simp only [not_lt, not_le] at h ⊢)` does nothing

Note: This linter can be disabled with `set_option linter.unusedTactic false`
SunPrize\Certificate\Theory000.lean:3572:32: warning: Unused tactic linter: `(try simp only [not_lt, not_le] at h ⊢)` does nothing

Note: This linter can be disabled with `set_option linter.unusedTactic false`
SunPrize\Certificate\Theory000.lean:3582:2: warning: Unused tactic linter: `all_goals clear e0 e1 e2 e3 e4 e5 e6 e7 e8 e9 e10 e11 e12 e13 e14 e15` does nothing

Note: This linter can be disabled with `set_option linter.unusedTactic false`
SunPrize\Certificate\Theory000.lean:3583:2: warning: Unused tactic linter: `all_goals tauto` does nothing

Note: This linter can be disabled with `set_option linter.unusedTactic false`
SunPrize\Certificate\Theory000.lean:3582:12: warning: this tactic is never executed

Note: This linter can be disabled with `set_option linter.unreachableTactic false`
SunPrize\Certificate\Theory000.lean:3583:12: warning: this tactic is never executed

Note: This linter can be disabled with `set_option linter.unreachableTactic false`
SunPrize\Certificate\Theory000.lean:3588:56: warning: This simp argument is unused:
  not_le

Hint: Omit it from the simp argument list.
  [apply] simp only [not_lt] at h ⊢

Note: This linter can be disabled with `set_option linter.unusedSimpArgs false`
SunPrize\Certificate\Theory000.lean:3596:56: warning: This simp argument is unused:
  not_le

Hint: Omit it from the simp argument list.
  [apply] simp only [not_lt] at h ⊢

Note: This linter can be disabled with `set_option linter.unusedSimpArgs false`
SunPrize\Certificate\Theory000.lean:3598:56: warning: This simp argument is unused:
  not_le

Hint: Omit it from the simp argument list.
  [apply] simp only [not_lt] at h ⊢

Note: This linter can be disabled with `set_option linter.unusedSimpArgs false`
SunPrize\Certificate\Theory000.lean:3600:56: warning: This simp argument is unused:
  not_le

Hint: Omit it from the simp argument list.
  [apply] simp only [not_lt] at h ⊢

Note: This linter can be disabled with `set_option linter.unusedSimpArgs false`
SunPrize\Certificate\Theory000.lean:3602:56: warning: This simp argument is unused:
  not_le

Hint: Omit it from the simp argument list.
  [apply] simp only [not_lt] at h ⊢

Note: This linter can be disabled with `set_option linter.unusedSimpArgs false`
SunPrize\Certificate\Theory000.lean:3604:56: warning: This simp argument is unused:
  not_le

Hint: Omit it from the simp argument list.
  [apply] simp only [not_lt] at h ⊢

Note: This linter can be disabled with `set_option linter.unusedSimpArgs false`
SunPrize\Certificate\Theory000.lean:3606:56: warning: This simp argument is unused:
  not_le

Hint: Omit it from the simp argument list.
  [apply] simp only [not_lt] at h ⊢

Note: This linter can be disabled with `set_option linter.unusedSimpArgs false`
SunPrize\Certificate\Theory000.lean:3608:56: warning: This simp argument is unused:
  not_le

Hint: Omit it from the simp argument list.
  [apply] simp only [not_lt] at h ⊢

Note: This linter can be disabled with `set_option linter.unusedSimpArgs false`
SunPrize\Certificate\Theory000.lean:3612:56: warning: This simp argument is unused:
  not_le

Hint: Omit it from the simp argument list.
  [apply] simp only [not_lt] at h ⊢

Note: This linter can be disabled with `set_option linter.unusedSimpArgs false`
SunPrize\Certificate\Theory000.lean:3614:56: warning: This simp argument is unused:
  not_le

Hint: Omit it from the simp argument list.
  [apply] simp only [not_lt] at h ⊢

Note: This linter can be disabled with `set_option linter.unusedSimpArgs false`
SunPrize\Certificate\Theory000.lean:3616:56: warning: This simp argument is unused:
  not_le

Hint: Omit it from the simp argument list.
  [apply] simp only [not_lt] at h ⊢

Note: This linter can be disabled with `set_option linter.unusedSimpArgs false`
SunPrize\Certificate\Theory000.lean:3618:56: warning: This simp argument is unused:
  not_le

Hint: Omit it from the simp argument list.
  [apply] simp only [not_lt] at h ⊢

Note: This linter can be disabled with `set_option linter.unusedSimpArgs false`
SunPrize\Certificate\Theory000.lean:3590:32: warning: Unused tactic linter: `(try simp only [not_lt, not_le] at h ⊢)` does nothing

Note: This linter can be disabled with `set_option linter.unusedTactic false`
SunPrize\Certificate\Theory000.lean:3592:32: warning: Unused tactic linter: `(try simp only [not_lt, not_le] at h ⊢)` does nothing

Note: This linter can be disabled with `set_option linter.unusedTactic false`
SunPrize\Certificate\Theory000.lean:3594:32: warning: Unused tactic linter: `(try simp only [not_lt, not_le] at h ⊢)` does nothing

Note: This linter can be disabled with `set_option linter.unusedTactic false`
SunPrize\Certificate\Theory000.lean:3610:32: warning: Unused tactic linter: `(try simp only [not_lt, not_le] at h ⊢)` does nothing

Note: This linter can be disabled with `set_option linter.unusedTactic false`
SunPrize\Certificate\Theory000.lean:3620:2: warning: Unused tactic linter: `all_goals clear e0 e1 e2 e3 e4 e5 e6 e7 e8 e9 e10 e11 e12 e13 e14 e15` does nothing

Note: This linter can be disabled with `set_option linter.unusedTactic false`
SunPrize\Certificate\Theory000.lean:3621:2: warning: Unused tactic linter: `all_goals tauto` does nothing

Note: This linter can be disabled with `set_option linter.unusedTactic false`
SunPrize\Certificate\Theory000.lean:3620:12: warning: this tactic is never executed

Note: This linter can be disabled with `set_option linter.unreachableTactic false`
SunPrize\Certificate\Theory000.lean:3621:12: warning: this tactic is never executed

Note: This linter can be disabled with `set_option linter.unreachableTactic false`
SunPrize\Certificate\Theory000.lean:3626:56: warning: This simp argument is unused:
  not_le

Hint: Omit it from the simp argument list.
  [apply] simp only [not_lt] at h ⊢

Note: This linter can be disabled with `set_option linter.unusedSimpArgs false`
SunPrize\Certificate\Theory000.lean:3634:56: warning: This simp argument is unused:
  not_le

Hint: Omit it from the simp argument list.
  [apply] simp only [not_lt] at h ⊢

Note: This linter can be disabled with `set_option linter.unusedSimpArgs false`
SunPrize\Certificate\Theory000.lean:3636:56: warning: This simp argument is unused:
  not_le

Hint: Omit it from the simp argument list.
  [apply] simp only [not_lt] at h ⊢

Note: This linter can be disabled with `set_option linter.unusedSimpArgs false`
SunPrize\Certificate\Theory000.lean:3638:56: warning: This simp argument is unused:
  not_le

Hint: Omit it from the simp argument list.
  [apply] simp only [not_lt] at h ⊢

Note: This linter can be disabled with `set_option linter.unusedSimpArgs false`
SunPrize\Certificate\Theory000.lean:3640:56: warning: This simp argument is unused:
  not_le

Hint: Omit it from the simp argument list.
  [apply] simp only [not_lt] at h ⊢

Note: This linter can be disabled with `set_option linter.unusedSimpArgs false`
SunPrize\Certificate\Theory000.lean:3642:56: warning: This simp argument is unused:
  not_le

Hint: Omit it from the simp argument list.
  [apply] simp only [not_lt] at h ⊢

Note: This linter can be disabled with `set_option linter.unusedSimpArgs false`
SunPrize\Certificate\Theory000.lean:3644:56: warning: This simp argument is unused:
  not_le

Hint: Omit it from the simp argument list.
  [apply] simp only [not_lt] at h ⊢

Note: This linter can be disabled with `set_option linter.unusedSimpArgs false`
SunPrize\Certificate\Theory000.lean:3646:56: warning: This simp argument is unused:
  not_le

Hint: Omit it from the simp argument list.
  [apply] simp only [not_lt] at h ⊢

Note: This linter can be disabled with `set_option linter.unusedSimpArgs false`
SunPrize\Certificate\Theory000.lean:3650:56: warning: This simp argument is unused:
  not_le

Hint: Omit it from the simp argument list.
  [apply] simp only [not_lt] at h ⊢

Note: This linter can be disabled with `set_option linter.unusedSimpArgs false`
SunPrize\Certificate\Theory000.lean:3652:56: warning: This simp argument is unused:
  not_le

Hint: Omit it from the simp argument list.
  [apply] simp only [not_lt] at h ⊢

Note: This linter can be disabled with `set_option linter.unusedSimpArgs false`
SunPrize\Certificate\Theory000.lean:3654:56: warning: This simp argument is unused:
  not_le

Hint: Omit it from the simp argument list.
  [apply] simp only [not_lt] at h ⊢

Note: This linter can be disabled with `set_option linter.unusedSimpArgs false`
SunPrize\Certificate\Theory000.lean:3656:56: warning: This simp argument is unused:
  not_le

Hint: Omit it from the simp argument list.
  [apply] simp only [not_lt] at h ⊢

Note: This linter can be disabled with `set_option linter.unusedSimpArgs false`
SunPrize\Certificate\Theory000.lean:3628:32: warning: Unused tactic linter: `(try simp only [not_lt, not_le] at h ⊢)` does nothing

Note: This linter can be disabled with `set_option linter.unusedTactic false`
SunPrize\Certificate\Theory000.lean:3630:32: warning: Unused tactic linter: `(try simp only [not_lt, not_le] at h ⊢)` does nothing

Note: This linter can be disabled with `set_option linter.unusedTactic false`
SunPrize\Certificate\Theory000.lean:3632:32: warning: Unused tactic linter: `(try simp only [not_lt, not_le] at h ⊢)` does nothing

Note: This linter can be disabled with `set_option linter.unusedTactic false`
SunPrize\Certificate\Theory000.lean:3648:32: warning: Unused tactic linter: `(try simp only [not_lt, not_le] at h ⊢)` does nothing

Note: This linter can be disabled with `set_option linter.unusedTactic false`
SunPrize\Certificate\Theory000.lean:3658:2: warning: Unused tactic linter: `all_goals clear e0 e1 e2 e3 e4 e5 e6 e7 e8 e9 e10 e11 e12 e13 e14 e15` does nothing

Note: This linter can be disabled with `set_option linter.unusedTactic false`
SunPrize\Certificate\Theory000.lean:3659:2: warning: Unused tactic linter: `all_goals tauto` does nothing

Note: This linter can be disabled with `set_option linter.unusedTactic false`
SunPrize\Certificate\Theory000.lean:3658:12: warning: this tactic is never executed

Note: This linter can be disabled with `set_option linter.unreachableTactic false`
SunPrize\Certificate\Theory000.lean:3659:12: warning: this tactic is never executed

Note: This linter can be disabled with `set_option linter.unreachableTactic false`
SunPrize\Certificate\Theory000.lean:3664:32: warning: Unused tactic linter: `(try simp only [not_lt, not_le] at h ⊢)` does nothing

Note: This linter can be disabled with `set_option linter.unusedTactic false`
SunPrize\Certificate\Theory000.lean:3666:32: warning: Unused tactic linter: `(try simp only [not_lt, not_le] at h ⊢)` does nothing

Note: This linter can be disabled with `set_option linter.unusedTactic false`
SunPrize\Certificate\Theory000.lean:3668:2: warning: Unused tactic linter: `all_goals clear e0 e1` does nothing

Note: This linter can be disabled with `set_option linter.unusedTactic false`
SunPrize\Certificate\Theory000.lean:3669:2: warning: Unused tactic linter: `all_goals tauto` does nothing

Note: This linter can be disabled with `set_option linter.unusedTactic false`
SunPrize\Certificate\Theory000.lean:3668:12: warning: this tactic is never executed

Note: This linter can be disabled with `set_option linter.unreachableTactic false`
SunPrize\Certificate\Theory000.lean:3669:12: warning: this tactic is never executed

Note: This linter can be disabled with `set_option linter.unreachableTactic false`
SunPrize\Certificate\Theory000.lean:3680:56: warning: This simp argument is unused:
  not_le

Hint: Omit it from the simp argument list.
  [apply] simp only [not_lt] at h ⊢

Note: This linter can be disabled with `set_option linter.unusedSimpArgs false`
SunPrize\Certificate\Theory000.lean:3682:56: warning: This simp argument is unused:
  not_le

Hint: Omit it from the simp argument list.
  [apply] simp only [not_lt] at h ⊢

Note: This linter can be disabled with `set_option linter.unusedSimpArgs false`
SunPrize\Certificate\Theory000.lean:3684:56: warning: This simp argument is unused:
  not_le

Hint: Omit it from the simp argument list.
  [apply] simp only [not_lt] at h ⊢

Note: This linter can be disabled with `set_option linter.unusedSimpArgs false`
SunPrize\Certificate\Theory000.lean:3686:56: warning: This simp argument is unused:
  not_le

Hint: Omit it from the simp argument list.
  [apply] simp only [not_lt] at h ⊢

Note: This linter can be disabled with `set_option linter.unusedSimpArgs false`
SunPrize\Certificate\Theory000.lean:3688:56: warning: This simp argument is unused:
  not_le

Hint: Omit it from the simp argument list.
  [apply] simp only [not_lt] at h ⊢

Note: This linter can be disabled with `set_option linter.unusedSimpArgs false`
SunPrize\Certificate\Theory000.lean:3690:56: warning: This simp argument is unused:
  not_le

Hint: Omit it from the simp argument list.
  [apply] simp only [not_lt] at h ⊢

Note: This linter can be disabled with `set_option linter.unusedSimpArgs false`
SunPrize\Certificate\Theory000.lean:3692:56: warning: This simp argument is unused:
  not_le

Hint: Omit it from the simp argument list.
  [apply] simp only [not_lt] at h ⊢

Note: This linter can be disabled with `set_option linter.unusedSimpArgs false`
SunPrize\Certificate\Theory000.lean:3696:56: warning: This simp argument is unused:
  not_le

Hint: Omit it from the simp argument list.
  [apply] simp only [not_lt] at h ⊢

Note: This linter can be disabled with `set_option linter.unusedSimpArgs false`
SunPrize\Certificate\Theory000.lean:3698:56: warning: This simp argument is unused:
  not_le

Hint: Omit it from the simp argument list.
  [apply] simp only [not_lt] at h ⊢

Note: This linter can be disabled with `set_option linter.unusedSimpArgs false`
SunPrize\Certificate\Theory000.lean:3700:56: warning: This simp argument is unused:
  not_le

Hint: Omit it from the simp argument list.
  [apply] simp only [not_lt] at h ⊢

Note: This linter can be disabled with `set_option linter.unusedSimpArgs false`
SunPrize\Certificate\Theory000.lean:3702:56: warning: This simp argument is unused:
  not_le

Hint: Omit it from the simp argument list.
  [apply] simp only [not_lt] at h ⊢

Note: This linter can be disabled with `set_option linter.unusedSimpArgs false`
SunPrize\Certificate\Theory000.lean:3704:56: warning: This simp argument is unused:
  not_le

Hint: Omit it from the simp argument list.
  [apply] simp only [not_lt] at h ⊢

Note: This linter can be disabled with `set_option linter.unusedSimpArgs false`
SunPrize\Certificate\Theory000.lean:3674:32: warning: Unused tactic linter: `(try simp only [not_lt, not_le] at h ⊢)` does nothing

Note: This linter can be disabled with `set_option linter.unusedTactic false`
SunPrize\Certificate\Theory000.lean:3676:32: warning: Unused tactic linter: `(try simp only [not_lt, not_le] at h ⊢)` does nothing

Note: This linter can be disabled with `set_option linter.unusedTactic false`
SunPrize\Certificate\Theory000.lean:3678:32: warning: Unused tactic linter: `(try simp only [not_lt, not_le] at h ⊢)` does nothing

Note: This linter can be disabled with `set_option linter.unusedTactic false`
SunPrize\Certificate\Theory000.lean:3694:32: warning: Unused tactic linter: `(try simp only [not_lt, not_le] at h ⊢)` does nothing

Note: This linter can be disabled with `set_option linter.unusedTactic false`
SunPrize\Certificate\Theory000.lean:3706:2: warning: Unused tactic linter: `all_goals clear e0 e1 e2 e3 e4 e5 e6 e7 e8 e9 e10 e11 e12 e13 e14 e15` does nothing

Note: This linter can be disabled with `set_option linter.unusedTactic false`
SunPrize\Certificate\Theory000.lean:3707:2: warning: Unused tactic linter: `all_goals tauto` does nothing

Note: This linter can be disabled with `set_option linter.unusedTactic false`
SunPrize\Certificate\Theory000.lean:3706:12: warning: this tactic is never executed

Note: This linter can be disabled with `set_option linter.unreachableTactic false`
SunPrize\Certificate\Theory000.lean:3707:12: warning: this tactic is never executed

Note: This linter can be disabled with `set_option linter.unreachableTactic false`
SunPrize\Certificate\Theory000.lean:3714:56: warning: This simp argument is unused:
  not_le

Hint: Omit it from the simp argument list.
  [apply] simp only [not_lt] at h ⊢

Note: This linter can be disabled with `set_option linter.unusedSimpArgs false`
SunPrize\Certificate\Theory000.lean:3718:56: warning: This simp argument is unused:
  not_le

Hint: Omit it from the simp argument list.
  [apply] simp only [not_lt] at h ⊢

Note: This linter can be disabled with `set_option linter.unusedSimpArgs false`
SunPrize\Certificate\Theory000.lean:3712:32: warning: Unused tactic linter: `(try simp only [not_lt, not_le] at h ⊢)` does nothing

Note: This linter can be disabled with `set_option linter.unusedTactic false`
SunPrize\Certificate\Theory000.lean:3716:32: warning: Unused tactic linter: `(try simp only [not_lt, not_le] at h ⊢)` does nothing

Note: This linter can be disabled with `set_option linter.unusedTactic false`
SunPrize\Certificate\Theory000.lean:3720:32: warning: Unused tactic linter: `(try simp only [not_lt, not_le] at h ⊢)` does nothing

Note: This linter can be disabled with `set_option linter.unusedTactic false`
SunPrize\Certificate\Theory000.lean:3728:56: warning: This simp argument is unused:
  not_le

Hint: Omit it from the simp argument list.
  [apply] simp only [not_lt] at h ⊢

Note: This linter can be disabled with `set_option linter.unusedSimpArgs false`
SunPrize\Certificate\Theory000.lean:3730:56: warning: This simp argument is unused:
  not_le

Hint: Omit it from the simp argument list.
  [apply] simp only [not_lt] at h ⊢

Note: This linter can be disabled with `set_option linter.unusedSimpArgs false`
SunPrize\Certificate\Theory000.lean:3732:56: warning: This simp argument is unused:
  not_le

Hint: Omit it from the simp argument list.
  [apply] simp only [not_lt] at h ⊢

Note: This linter can be disabled with `set_option linter.unusedSimpArgs false`
SunPrize\Certificate\Theory000.lean:3734:56: warning: This simp argument is unused:
  not_le

Hint: Omit it from the simp argument list.
  [apply] simp only [not_lt] at h ⊢

Note: This linter can be disabled with `set_option linter.unusedSimpArgs false`
SunPrize\Certificate\Theory000.lean:3736:56: warning: This simp argument is unused:
  not_le

Hint: Omit it from the simp argument list.
  [apply] simp only [not_lt] at h ⊢

Note: This linter can be disabled with `set_option linter.unusedSimpArgs false`
SunPrize\Certificate\Theory000.lean:3744:32: warning: Unused tactic linter: `(try simp only [not_lt, not_le] at h ⊢)` does nothing

Note: This linter can be disabled with `set_option linter.unusedTactic false`
SunPrize\Certificate\Theory000.lean:3746:32: warning: Unused tactic linter: `(try simp only [not_lt, not_le] at h ⊢)` does nothing

Note: This linter can be disabled with `set_option linter.unusedTactic false`
SunPrize\Certificate\Theory000.lean:3748:2: warning: Unused tactic linter: `all_goals clear e0 e1` does nothing

Note: This linter can be disabled with `set_option linter.unusedTactic false`
SunPrize\Certificate\Theory000.lean:3749:2: warning: Unused tactic linter: `all_goals tauto` does nothing

Note: This linter can be disabled with `set_option linter.unusedTactic false`
SunPrize\Certificate\Theory000.lean:3748:12: warning: this tactic is never executed

Note: This linter can be disabled with `set_option linter.unreachableTactic false`
SunPrize\Certificate\Theory000.lean:3749:12: warning: this tactic is never executed

Note: This linter can be disabled with `set_option linter.unreachableTactic false`
SunPrize\Certificate\Theory000.lean:3760:56: warning: This simp argument is unused:
  not_le

Hint: Omit it from the simp argument list.
  [apply] simp only [not_lt] at h ⊢

Note: This linter can be disabled with `set_option linter.unusedSimpArgs false`
SunPrize\Certificate\Theory000.lean:3762:56: warning: This simp argument is unused:
  not_le

Hint: Omit it from the simp argument list.
  [apply] simp only [not_lt] at h ⊢

Note: This linter can be disabled with `set_option linter.unusedSimpArgs false`
SunPrize\Certificate\Theory000.lean:3764:56: warning: This simp argument is unused:
  not_le

Hint: Omit it from the simp argument list.
  [apply] simp only [not_lt] at h ⊢

Note: This linter can be disabled with `set_option linter.unusedSimpArgs false`
SunPrize\Certificate\Theory000.lean:3766:56: warning: This simp argument is unused:
  not_le

Hint: Omit it from the simp argument list.
  [apply] simp only [not_lt] at h ⊢

Note: This linter can be disabled with `set_option linter.unusedSimpArgs false`
SunPrize\Certificate\Theory000.lean:3768:56: warning: This simp argument is unused:
  not_le

Hint: Omit it from the simp argument list.
  [apply] simp only [not_lt] at h ⊢

Note: This linter can be disabled with `set_option linter.unusedSimpArgs false`
SunPrize\Certificate\Theory000.lean:3770:56: warning: This simp argument is unused:
  not_le

Hint: Omit it from the simp argument list.
  [apply] simp only [not_lt] at h ⊢

Note: This linter can be disabled with `set_option linter.unusedSimpArgs false`
SunPrize\Certificate\Theory000.lean:3772:56: warning: This simp argument is unused:
  not_le

Hint: Omit it from the simp argument list.
  [apply] simp only [not_lt] at h ⊢

Note: This linter can be disabled with `set_option linter.unusedSimpArgs false`
SunPrize\Certificate\Theory000.lean:3776:56: warning: This simp argument is unused:
  not_le

Hint: Omit it from the simp argument list.
  [apply] simp only [not_lt] at h ⊢

Note: This linter can be disabled with `set_option linter.unusedSimpArgs false`
SunPrize\Certificate\Theory000.lean:3778:56: warning: This simp argument is unused:
  not_le

Hint: Omit it from the simp argument list.
  [apply] simp only [not_lt] at h ⊢

Note: This linter can be disabled with `set_option linter.unusedSimpArgs false`
SunPrize\Certificate\Theory000.lean:3780:56: warning: This simp argument is unused:
  not_le

Hint: Omit it from the simp argument list.
  [apply] simp only [not_lt] at h ⊢

Note: This linter can be disabled with `set_option linter.unusedSimpArgs false`
SunPrize\Certificate\Theory000.lean:3782:56: warning: This simp argument is unused:
  not_le

Hint: Omit it from the simp argument list.
  [apply] simp only [not_lt] at h ⊢

Note: This linter can be disabled with `set_option linter.unusedSimpArgs false`
SunPrize\Certificate\Theory000.lean:3784:56: warning: This simp argument is unused:
  not_le

Hint: Omit it from the simp argument list.
  [apply] simp only [not_lt] at h ⊢

Note: This linter can be disabled with `set_option linter.unusedSimpArgs false`
SunPrize\Certificate\Theory000.lean:3754:32: warning: Unused tactic linter: `(try simp only [not_lt, not_le] at h ⊢)` does nothing

Note: This linter can be disabled with `set_option linter.unusedTactic false`
SunPrize\Certificate\Theory000.lean:3756:32: warning: Unused tactic linter: `(try simp only [not_lt, not_le] at h ⊢)` does nothing

Note: This linter can be disabled with `set_option linter.unusedTactic false`
SunPrize\Certificate\Theory000.lean:3758:32: warning: Unused tactic linter: `(try simp only [not_lt, not_le] at h ⊢)` does nothing

Note: This linter can be disabled with `set_option linter.unusedTactic false`
SunPrize\Certificate\Theory000.lean:3774:32: warning: Unused tactic linter: `(try simp only [not_lt, not_le] at h ⊢)` does nothing

Note: This linter can be disabled with `set_option linter.unusedTactic false`
SunPrize\Certificate\Theory000.lean:3786:2: warning: Unused tactic linter: `all_goals clear e0 e1 e2 e3 e4 e5 e6 e7 e8 e9 e10 e11 e12 e13 e14 e15` does nothing

Note: This linter can be disabled with `set_option linter.unusedTactic false`
SunPrize\Certificate\Theory000.lean:3787:2: warning: Unused tactic linter: `all_goals tauto` does nothing

Note: This linter can be disabled with `set_option linter.unusedTactic false`
SunPrize\Certificate\Theory000.lean:3786:12: warning: this tactic is never executed

Note: This linter can be disabled with `set_option linter.unreachableTactic false`
SunPrize\Certificate\Theory000.lean:3787:12: warning: this tactic is never executed

Note: This linter can be disabled with `set_option linter.unreachableTactic false`
SunPrize\Certificate\Theory000.lean:3794:56: warning: This simp argument is unused:
  not_le

Hint: Omit it from the simp argument list.
  [apply] simp only [not_lt] at h ⊢

Note: This linter can be disabled with `set_option linter.unusedSimpArgs false`
SunPrize\Certificate\Theory000.lean:3796:56: warning: This simp argument is unused:
  not_le

Hint: Omit it from the simp argument list.
  [apply] simp only [not_lt] at h ⊢

Note: This linter can be disabled with `set_option linter.unusedSimpArgs false`
SunPrize\Certificate\Theory000.lean:3792:32: warning: Unused tactic linter: `(try simp only [not_lt, not_le] at h ⊢)` does nothing

Note: This linter can be disabled with `set_option linter.unusedTactic false`
SunPrize\Certificate\Theory000.lean:3798:32: warning: Unused tactic linter: `(try simp only [not_lt, not_le] at h ⊢)` does nothing

Note: This linter can be disabled with `set_option linter.unusedTactic false`
SunPrize\Certificate\Theory000.lean:3800:32: warning: Unused tactic linter: `(try simp only [not_lt, not_le] at h ⊢)` does nothing

Note: This linter can be disabled with `set_option linter.unusedTactic false`
SunPrize\Certificate\Theory000.lean:3808:56: warning: This simp argument is unused:
  not_le

Hint: Omit it from the simp argument list.
  [apply] simp only [not_lt] at h ⊢

Note: This linter can be disabled with `set_option linter.unusedSimpArgs false`
SunPrize\Certificate\Theory000.lean:3810:56: warning: This simp argument is unused:
  not_le

Hint: Omit it from the simp argument list.
  [apply] simp only [not_lt] at h ⊢

Note: This linter can be disabled with `set_option linter.unusedSimpArgs false`
SunPrize\Certificate\Theory000.lean:3812:56: warning: This simp argument is unused:
  not_le

Hint: Omit it from the simp argument list.
  [apply] simp only [not_lt] at h ⊢

Note: This linter can be disabled with `set_option linter.unusedSimpArgs false`
SunPrize\Certificate\Theory000.lean:3814:56: warning: This simp argument is unused:
  not_le

Hint: Omit it from the simp argument list.
  [apply] simp only [not_lt] at h ⊢

Note: This linter can be disabled with `set_option linter.unusedSimpArgs false`
SunPrize\Certificate\Theory000.lean:3816:56: warning: This simp argument is unused:
  not_le

Hint: Omit it from the simp argument list.
  [apply] simp only [not_lt] at h ⊢

Note: This linter can be disabled with `set_option linter.unusedSimpArgs false`
SunPrize\Certificate\Theory000.lean:3831:32: warning: Unused tactic linter: `(try simp only [not_lt, not_le] at h ⊢)` does nothing

Note: This linter can be disabled with `set_option linter.unusedTactic false`
SunPrize\Certificate\Theory000.lean:3833:32: warning: Unused tactic linter: `(try simp only [not_lt, not_le] at h ⊢)` does nothing

Note: This linter can be disabled with `set_option linter.unusedTactic false`
SunPrize\Certificate\Theory000.lean:3835:2: warning: Unused tactic linter: `all_goals clear e0 e1` does nothing

Note: This linter can be disabled with `set_option linter.unusedTactic false`
SunPrize\Certificate\Theory000.lean:3836:2: warning: Unused tactic linter: `all_goals tauto` does nothing

Note: This linter can be disabled with `set_option linter.unusedTactic false`
SunPrize\Certificate\Theory000.lean:3835:12: warning: this tactic is never executed

Note: This linter can be disabled with `set_option linter.unreachableTactic false`
SunPrize\Certificate\Theory000.lean:3836:12: warning: this tactic is never executed

Note: This linter can be disabled with `set_option linter.unreachableTactic false`
SunPrize\Certificate\Theory000.lean:3841:56: warning: This simp argument is unused:
  not_le

Hint: Omit it from the simp argument list.
  [apply] simp only [not_lt] at h ⊢

Note: This linter can be disabled with `set_option linter.unusedSimpArgs false`
SunPrize\Certificate\Theory000.lean:3849:56: warning: This simp argument is unused:
  not_le

Hint: Omit it from the simp argument list.
  [apply] simp only [not_lt] at h ⊢

Note: This linter can be disabled with `set_option linter.unusedSimpArgs false`
SunPrize\Certificate\Theory000.lean:3851:56: warning: This simp argument is unused:
  not_le

Hint: Omit it from the simp argument list.
  [apply] simp only [not_lt] at h ⊢

Note: This linter can be disabled with `set_option linter.unusedSimpArgs false`
SunPrize\Certificate\Theory000.lean:3853:56: warning: This simp argument is unused:
  not_le

Hint: Omit it from the simp argument list.
  [apply] simp only [not_lt] at h ⊢

Note: This linter can be disabled with `set_option linter.unusedSimpArgs false`
SunPrize\Certificate\Theory000.lean:3855:56: warning: This simp argument is unused:
  not_le

Hint: Omit it from the simp argument list.
  [apply] simp only [not_lt] at h ⊢

Note: This linter can be disabled with `set_option linter.unusedSimpArgs false`
SunPrize\Certificate\Theory000.lean:3857:56: warning: This simp argument is unused:
  not_le

Hint: Omit it from the simp argument list.
  [apply] simp only [not_lt] at h ⊢

Note: This linter can be disabled with `set_option linter.unusedSimpArgs false`
SunPrize\Certificate\Theory000.lean:3859:56: warning: This simp argument is unused:
  not_le

Hint: Omit it from the simp argument list.
  [apply] simp only [not_lt] at h ⊢

Note: This linter can be disabled with `set_option linter.unusedSimpArgs false`
SunPrize\Certificate\Theory000.lean:3861:56: warning: This simp argument is unused:
  not_le

Hint: Omit it from the simp argument list.
  [apply] simp only [not_lt] at h ⊢

Note: This linter can be disabled with `set_option linter.unusedSimpArgs false`
SunPrize\Certificate\Theory000.lean:3865:56: warning: This simp argument is unused:
  not_le

Hint: Omit it from the simp argument list.
  [apply] simp only [not_lt] at h ⊢

Note: This linter can be disabled with `set_option linter.unusedSimpArgs false`
SunPrize\Certificate\Theory000.lean:3867:56: warning: This simp argument is unused:
  not_le

Hint: Omit it from the simp argument list.
  [apply] simp only [not_lt] at h ⊢

Note: This linter can be disabled with `set_option linter.unusedSimpArgs false`
SunPrize\Certificate\Theory000.lean:3869:56: warning: This simp argument is unused:
  not_le

Hint: Omit it from the simp argument list.
  [apply] simp only [not_lt] at h ⊢

Note: This linter can be disabled with `set_option linter.unusedSimpArgs false`
SunPrize\Certificate\Theory000.lean:3871:56: warning: This simp argument is unused:
  not_le

Hint: Omit it from the simp argument list.
  [apply] simp only [not_lt] at h ⊢

Note: This linter can be disabled with `set_option linter.unusedSimpArgs false`
SunPrize\Certificate\Theory000.lean:3843:32: warning: Unused tactic linter: `(try simp only [not_lt, not_le] at h ⊢)` does nothing

Note: This linter can be disabled with `set_option linter.unusedTactic false`
SunPrize\Certificate\Theory000.lean:3845:32: warning: Unused tactic linter: `(try simp only [not_lt, not_le] at h ⊢)` does nothing

Note: This linter can be disabled with `set_option linter.unusedTactic false`
SunPrize\Certificate\Theory000.lean:3847:32: warning: Unused tactic linter: `(try simp only [not_lt, not_le] at h ⊢)` does nothing

Note: This linter can be disabled with `set_option linter.unusedTactic false`
SunPrize\Certificate\Theory000.lean:3863:32: warning: Unused tactic linter: `(try simp only [not_lt, not_le] at h ⊢)` does nothing

Note: This linter can be disabled with `set_option linter.unusedTactic false`
SunPrize\Certificate\Theory000.lean:3873:2: warning: Unused tactic linter: `all_goals clear e0 e1 e2 e3 e4 e5 e6 e7 e8 e9 e10 e11 e12 e13 e14 e15` does nothing

Note: This linter can be disabled with `set_option linter.unusedTactic false`
SunPrize\Certificate\Theory000.lean:3874:2: warning: Unused tactic linter: `all_goals tauto` does nothing

Note: This linter can be disabled with `set_option linter.unusedTactic false`
SunPrize\Certificate\Theory000.lean:3873:12: warning: this tactic is never executed

Note: This linter can be disabled with `set_option linter.unreachableTactic false`
SunPrize\Certificate\Theory000.lean:3874:12: warning: this tactic is never executed

Note: This linter can be disabled with `set_option linter.unreachableTactic false`
SunPrize\Certificate\Theory000.lean:3879:56: warning: This simp argument is unused:
  not_le

Hint: Omit it from the simp argument list.
  [apply] simp only [not_lt] at h ⊢

Note: This linter can be disabled with `set_option linter.unusedSimpArgs false`
SunPrize\Certificate\Theory000.lean:3887:56: warning: This simp argument is unused:
  not_le

Hint: Omit it from the simp argument list.
  [apply] simp only [not_lt] at h ⊢

Note: This linter can be disabled with `set_option linter.unusedSimpArgs false`
SunPrize\Certificate\Theory000.lean:3889:56: warning: This simp argument is unused:
  not_le

Hint: Omit it from the simp argument list.
  [apply] simp only [not_lt] at h ⊢

Note: This linter can be disabled with `set_option linter.unusedSimpArgs false`
SunPrize\Certificate\Theory000.lean:3891:56: warning: This simp argument is unused:
  not_le

Hint: Omit it from the simp argument list.
  [apply] simp only [not_lt] at h ⊢

Note: This linter can be disabled with `set_option linter.unusedSimpArgs false`
SunPrize\Certificate\Theory000.lean:3893:56: warning: This simp argument is unused:
  not_le

Hint: Omit it from the simp argument list.
  [apply] simp only [not_lt] at h ⊢

Note: This linter can be disabled with `set_option linter.unusedSimpArgs false`
SunPrize\Certificate\Theory000.lean:3895:56: warning: This simp argument is unused:
  not_le

Hint: Omit it from the simp argument list.
  [apply] simp only [not_lt] at h ⊢

Note: This linter can be disabled with `set_option linter.unusedSimpArgs false`
SunPrize\Certificate\Theory000.lean:3897:56: warning: This simp argument is unused:
  not_le

Hint: Omit it from the simp argument list.
  [apply] simp only [not_lt] at h ⊢

Note: This linter can be disabled with `set_option linter.unusedSimpArgs false`
SunPrize\Certificate\Theory000.lean:3899:56: warning: This simp argument is unused:
  not_le

Hint: Omit it from the simp argument list.
  [apply] simp only [not_lt] at h ⊢

Note: This linter can be disabled with `set_option linter.unusedSimpArgs false`
SunPrize\Certificate\Theory000.lean:3903:56: warning: This simp argument is unused:
  not_le

Hint: Omit it from the simp argument list.
  [apply] simp only [not_lt] at h ⊢

Note: This linter can be disabled with `set_option linter.unusedSimpArgs false`
SunPrize\Certificate\Theory000.lean:3905:56: warning: This simp argument is unused:
  not_le

Hint: Omit it from the simp argument list.
  [apply] simp only [not_lt] at h ⊢

Note: This linter can be disabled with `set_option linter.unusedSimpArgs false`
SunPrize\Certificate\Theory000.lean:3907:56: warning: This simp argument is unused:
  not_le

Hint: Omit it from the simp argument list.
  [apply] simp only [not_lt] at h ⊢

Note: This linter can be disabled with `set_option linter.unusedSimpArgs false`
SunPrize\Certificate\Theory000.lean:3909:56: warning: This simp argument is unused:
  not_le

Hint: Omit it from the simp argument list.
  [apply] simp only [not_lt] at h ⊢

Note: This linter can be disabled with `set_option linter.unusedSimpArgs false`
SunPrize\Certificate\Theory000.lean:3881:32: warning: Unused tactic linter: `(try simp only [not_lt, not_le] at h ⊢)` does nothing

Note: This linter can be disabled with `set_option linter.unusedTactic false`
SunPrize\Certificate\Theory000.lean:3883:32: warning: Unused tactic linter: `(try simp only [not_lt, not_le] at h ⊢)` does nothing

Note: This linter can be disabled with `set_option linter.unusedTactic false`
SunPrize\Certificate\Theory000.lean:3885:32: warning: Unused tactic linter: `(try simp only [not_lt, not_le] at h ⊢)` does nothing

Note: This linter can be disabled with `set_option linter.unusedTactic false`
SunPrize\Certificate\Theory000.lean:3901:32: warning: Unused tactic linter: `(try simp only [not_lt, not_le] at h ⊢)` does nothing

Note: This linter can be disabled with `set_option linter.unusedTactic false`
SunPrize\Certificate\Theory000.lean:3911:2: warning: Unused tactic linter: `all_goals clear e0 e1 e2 e3 e4 e5 e6 e7 e8 e9 e10 e11 e12 e13 e14 e15` does nothing

Note: This linter can be disabled with `set_option linter.unusedTactic false`
SunPrize\Certificate\Theory000.lean:3912:2: warning: Unused tactic linter: `all_goals tauto` does nothing

Note: This linter can be disabled with `set_option linter.unusedTactic false`
SunPrize\Certificate\Theory000.lean:3911:12: warning: this tactic is never executed

Note: This linter can be disabled with `set_option linter.unreachableTactic false`
SunPrize\Certificate\Theory000.lean:3912:12: warning: this tactic is never executed

Note: This linter can be disabled with `set_option linter.unreachableTactic false`
SunPrize\Certificate\Theory000.lean:3923:56: warning: This simp argument is unused:
  not_le

Hint: Omit it from the simp argument list.
  [apply] simp only [not_lt] at h ⊢

Note: This linter can be disabled with `set_option linter.unusedSimpArgs false`
SunPrize\Certificate\Theory000.lean:3925:56: warning: This simp argument is unused:
  not_le

Hint: Omit it from the simp argument list.
  [apply] simp only [not_lt] at h ⊢

Note: This linter can be disabled with `set_option linter.unusedSimpArgs false`
SunPrize\Certificate\Theory000.lean:3927:56: warning: This simp argument is unused:
  not_le

Hint: Omit it from the simp argument list.
  [apply] simp only [not_lt] at h ⊢

Note: This linter can be disabled with `set_option linter.unusedSimpArgs false`
SunPrize\Certificate\Theory000.lean:3929:56: warning: This simp argument is unused:
  not_le

Hint: Omit it from the simp argument list.
  [apply] simp only [not_lt] at h ⊢

Note: This linter can be disabled with `set_option linter.unusedSimpArgs false`
SunPrize\Certificate\Theory000.lean:3931:56: warning: This simp argument is unused:
  not_le

Hint: Omit it from the simp argument list.
  [apply] simp only [not_lt] at h ⊢

Note: This linter can be disabled with `set_option linter.unusedSimpArgs false`
SunPrize\Certificate\Theory000.lean:3933:56: warning: This simp argument is unused:
  not_le

Hint: Omit it from the simp argument list.
  [apply] simp only [not_lt] at h ⊢

Note: This linter can be disabled with `set_option linter.unusedSimpArgs false`
SunPrize\Certificate\Theory000.lean:3935:56: warning: This simp argument is unused:
  not_le

Hint: Omit it from the simp argument list.
  [apply] simp only [not_lt] at h ⊢

Note: This linter can be disabled with `set_option linter.unusedSimpArgs false`
SunPrize\Certificate\Theory000.lean:3939:56: warning: This simp argument is unused:
  not_le

Hint: Omit it from the simp argument list.
  [apply] simp only [not_lt] at h ⊢

Note: This linter can be disabled with `set_option linter.unusedSimpArgs false`
SunPrize\Certificate\Theory000.lean:3941:56: warning: This simp argument is unused:
  not_le

Hint: Omit it from the simp argument list.
  [apply] simp only [not_lt] at h ⊢

Note: This linter can be disabled with `set_option linter.unusedSimpArgs false`
SunPrize\Certificate\Theory000.lean:3943:56: warning: This simp argument is unused:
  not_le

Hint: Omit it from the simp argument list.
  [apply] simp only [not_lt] at h ⊢

Note: This linter can be disabled with `set_option linter.unusedSimpArgs false`
SunPrize\Certificate\Theory000.lean:3945:56: warning: This simp argument is unused:
  not_le

Hint: Omit it from the simp argument list.
  [apply] simp only [not_lt] at h ⊢

Note: This linter can be disabled with `set_option linter.unusedSimpArgs false`
SunPrize\Certificate\Theory000.lean:3947:56: warning: This simp argument is unused:
  not_le

Hint: Omit it from the simp argument list.
  [apply] simp only [not_lt] at h ⊢

Note: This linter can be disabled with `set_option linter.unusedSimpArgs false`
SunPrize\Certificate\Theory000.lean:3917:32: warning: Unused tactic linter: `(try simp only [not_lt, not_le] at h ⊢)` does nothing

Note: This linter can be disabled with `set_option linter.unusedTactic false`
SunPrize\Certificate\Theory000.lean:3919:32: warning: Unused tactic linter: `(try simp only [not_lt, not_le] at h ⊢)` does nothing

Note: This linter can be disabled with `set_option linter.unusedTactic false`
SunPrize\Certificate\Theory000.lean:3921:32: warning: Unused tactic linter: `(try simp only [not_lt, not_le] at h ⊢)` does nothing

Note: This linter can be disabled with `set_option linter.unusedTactic false`
SunPrize\Certificate\Theory000.lean:3937:32: warning: Unused tactic linter: `(try simp only [not_lt, not_le] at h ⊢)` does nothing

Note: This linter can be disabled with `set_option linter.unusedTactic false`
SunPrize\Certificate\Theory000.lean:3949:2: warning: Unused tactic linter: `all_goals clear e0 e1 e2 e3 e4 e5 e6 e7 e8 e9 e10 e11 e12 e13 e14 e15` does nothing

Note: This linter can be disabled with `set_option linter.unusedTactic false`
SunPrize\Certificate\Theory000.lean:3950:2: warning: Unused tactic linter: `all_goals tauto` does nothing

Note: This linter can be disabled with `set_option linter.unusedTactic false`
SunPrize\Certificate\Theory000.lean:3949:12: warning: this tactic is never executed

Note: This linter can be disabled with `set_option linter.unreachableTactic false`
SunPrize\Certificate\Theory000.lean:3950:12: warning: this tactic is never executed

Note: This linter can be disabled with `set_option linter.unreachableTactic false`
SunPrize\Certificate\Theory000.lean:3962:32: warning: Unused tactic linter: `(try simp only [not_lt, not_le] at h ⊢)` does nothing

Note: This linter can be disabled with `set_option linter.unusedTactic false`
SunPrize\Certificate\Theory000.lean:3964:32: warning: Unused tactic linter: `(try simp only [not_lt, not_le] at h ⊢)` does nothing

Note: This linter can be disabled with `set_option linter.unusedTactic false`
SunPrize\Certificate\Theory000.lean:3966:2: warning: Unused tactic linter: `all_goals clear e0 e1` does nothing

Note: This linter can be disabled with `set_option linter.unusedTactic false`
SunPrize\Certificate\Theory000.lean:3967:2: warning: Unused tactic linter: `all_goals tauto` does nothing

Note: This linter can be disabled with `set_option linter.unusedTactic false`
SunPrize\Certificate\Theory000.lean:3966:12: warning: this tactic is never executed

Note: This linter can be disabled with `set_option linter.unreachableTactic false`
SunPrize\Certificate\Theory000.lean:3967:12: warning: this tactic is never executed

Note: This linter can be disabled with `set_option linter.unreachableTactic false`
SunPrize\Certificate\Theory000.lean:3978:56: warning: This simp argument is unused:
  not_le

Hint: Omit it from the simp argument list.
  [apply] simp only [not_lt] at h ⊢

Note: This linter can be disabled with `set_option linter.unusedSimpArgs false`
SunPrize\Certificate\Theory000.lean:3980:56: warning: This simp argument is unused:
  not_le

Hint: Omit it from the simp argument list.
  [apply] simp only [not_lt] at h ⊢

Note: This linter can be disabled with `set_option linter.unusedSimpArgs false`
SunPrize\Certificate\Theory000.lean:3982:56: warning: This simp argument is unused:
  not_le

Hint: Omit it from the simp argument list.
  [apply] simp only [not_lt] at h ⊢

Note: This linter can be disabled with `set_option linter.unusedSimpArgs false`
SunPrize\Certificate\Theory000.lean:3984:56: warning: This simp argument is unused:
  not_le

Hint: Omit it from the simp argument list.
  [apply] simp only [not_lt] at h ⊢

Note: This linter can be disabled with `set_option linter.unusedSimpArgs false`
SunPrize\Certificate\Theory000.lean:3986:56: warning: This simp argument is unused:
  not_le

Hint: Omit it from the simp argument list.
  [apply] simp only [not_lt] at h ⊢

Note: This linter can be disabled with `set_option linter.unusedSimpArgs false`
SunPrize\Certificate\Theory000.lean:3988:56: warning: This simp argument is unused:
  not_le

Hint: Omit it from the simp argument list.
  [apply] simp only [not_lt] at h ⊢

Note: This linter can be disabled with `set_option linter.unusedSimpArgs false`
SunPrize\Certificate\Theory000.lean:3990:56: warning: This simp argument is unused:
  not_le

Hint: Omit it from the simp argument list.
  [apply] simp only [not_lt] at h ⊢

Note: This linter can be disabled with `set_option linter.unusedSimpArgs false`
SunPrize\Certificate\Theory000.lean:3994:56: warning: This simp argument is unused:
  not_le

Hint: Omit it from the simp argument list.
  [apply] simp only [not_lt] at h ⊢

Note: This linter can be disabled with `set_option linter.unusedSimpArgs false`
SunPrize\Certificate\Theory000.lean:3996:56: warning: This simp argument is unused:
  not_le

Hint: Omit it from the simp argument list.
  [apply] simp only [not_lt] at h ⊢

Note: This linter can be disabled with `set_option linter.unusedSimpArgs false`
SunPrize\Certificate\Theory000.lean:3998:56: warning: This simp argument is unused:
  not_le

Hint: Omit it from the simp argument list.
  [apply] simp only [not_lt] at h ⊢

Note: This linter can be disabled with `set_option linter.unusedSimpArgs false`
SunPrize\Certificate\Theory000.lean:4000:56: warning: This simp argument is unused:
  not_le

Hint: Omit it from the simp argument list.
  [apply] simp only [not_lt] at h ⊢

Note: This linter can be disabled with `set_option linter.unusedSimpArgs false`
SunPrize\Certificate\Theory000.lean:4002:56: warning: This simp argument is unused:
  not_le

Hint: Omit it from the simp argument list.
  [apply] simp only [not_lt] at h ⊢

Note: This linter can be disabled with `set_option linter.unusedSimpArgs false`
SunPrize\Certificate\Theory000.lean:3972:32: warning: Unused tactic linter: `(try simp only [not_lt, not_le] at h ⊢)` does nothing

Note: This linter can be disabled with `set_option linter.unusedTactic false`
SunPrize\Certificate\Theory000.lean:3974:32: warning: Unused tactic linter: `(try simp only [not_lt, not_le] at h ⊢)` does nothing

Note: This linter can be disabled with `set_option linter.unusedTactic false`
SunPrize\Certificate\Theory000.lean:3976:32: warning: Unused tactic linter: `(try simp only [not_lt, not_le] at h ⊢)` does nothing

Note: This linter can be disabled with `set_option linter.unusedTactic false`
SunPrize\Certificate\Theory000.lean:3992:32: warning: Unused tactic linter: `(try simp only [not_lt, not_le] at h ⊢)` does nothing

Note: This linter can be disabled with `set_option linter.unusedTactic false`
SunPrize\Certificate\Theory000.lean:4004:2: warning: Unused tactic linter: `all_goals clear e0 e1 e2 e3 e4 e5 e6 e7 e8 e9 e10 e11 e12 e13 e14 e15` does nothing

Note: This linter can be disabled with `set_option linter.unusedTactic false`
SunPrize\Certificate\Theory000.lean:4005:2: warning: Unused tactic linter: `all_goals tauto` does nothing

Note: This linter can be disabled with `set_option linter.unusedTactic false`
SunPrize\Certificate\Theory000.lean:4004:12: warning: this tactic is never executed

Note: This linter can be disabled with `set_option linter.unreachableTactic false`
SunPrize\Certificate\Theory000.lean:4005:12: warning: this tactic is never executed

Note: This linter can be disabled with `set_option linter.unreachableTactic false`
SunPrize\Certificate\Theory000.lean:4010:32: warning: Unused tactic linter: `(try simp only [not_lt, not_le] at h ⊢)` does nothing

Note: This linter can be disabled with `set_option linter.unusedTactic false`
SunPrize\Certificate\Theory000.lean:4012:32: warning: Unused tactic linter: `(try simp only [not_lt, not_le] at h ⊢)` does nothing

Note: This linter can be disabled with `set_option linter.unusedTactic false`
SunPrize\Certificate\Theory000.lean:4014:2: warning: Unused tactic linter: `all_goals clear e0 e1` does nothing

Note: This linter can be disabled with `set_option linter.unusedTactic false`
SunPrize\Certificate\Theory000.lean:4015:2: warning: Unused tactic linter: `all_goals tauto` does nothing

Note: This linter can be disabled with `set_option linter.unusedTactic false`
SunPrize\Certificate\Theory000.lean:4014:12: warning: this tactic is never executed

Note: This linter can be disabled with `set_option linter.unreachableTactic false`
SunPrize\Certificate\Theory000.lean:4015:12: warning: this tactic is never executed

Note: This linter can be disabled with `set_option linter.unreachableTactic false`
SunPrize\Certificate\Theory000.lean:4026:56: warning: This simp argument is unused:
  not_le

Hint: Omit it from the simp argument list.
  [apply] simp only [not_lt] at h ⊢

Note: This linter can be disabled with `set_option linter.unusedSimpArgs false`
SunPrize\Certificate\Theory000.lean:4028:56: warning: This simp argument is unused:
  not_le

Hint: Omit it from the simp argument list.
  [apply] simp only [not_lt] at h ⊢

Note: This linter can be disabled with `set_option linter.unusedSimpArgs false`
SunPrize\Certificate\Theory000.lean:4030:56: warning: This simp argument is unused:
  not_le

Hint: Omit it from the simp argument list.
  [apply] simp only [not_lt] at h ⊢

Note: This linter can be disabled with `set_option linter.unusedSimpArgs false`
SunPrize\Certificate\Theory000.lean:4032:56: warning: This simp argument is unused:
  not_le

Hint: Omit it from the simp argument list.
  [apply] simp only [not_lt] at h ⊢

Note: This linter can be disabled with `set_option linter.unusedSimpArgs false`
SunPrize\Certificate\Theory000.lean:4034:56: warning: This simp argument is unused:
  not_le

Hint: Omit it from the simp argument list.
  [apply] simp only [not_lt] at h ⊢

Note: This linter can be disabled with `set_option linter.unusedSimpArgs false`
SunPrize\Certificate\Theory000.lean:4036:56: warning: This simp argument is unused:
  not_le

Hint: Omit it from the simp argument list.
  [apply] simp only [not_lt] at h ⊢

Note: This linter can be disabled with `set_option linter.unusedSimpArgs false`
SunPrize\Certificate\Theory000.lean:4038:56: warning: This simp argument is unused:
  not_le

Hint: Omit it from the simp argument list.
  [apply] simp only [not_lt] at h ⊢

Note: This linter can be disabled with `set_option linter.unusedSimpArgs false`
SunPrize\Certificate\Theory000.lean:4042:56: warning: This simp argument is unused:
  not_le

Hint: Omit it from the simp argument list.
  [apply] simp only [not_lt] at h ⊢

Note: This linter can be disabled with `set_option linter.unusedSimpArgs false`
SunPrize\Certificate\Theory000.lean:4044:56: warning: This simp argument is unused:
  not_le

Hint: Omit it from the simp argument list.
  [apply] simp only [not_lt] at h ⊢

Note: This linter can be disabled with `set_option linter.unusedSimpArgs false`
SunPrize\Certificate\Theory000.lean:4046:56: warning: This simp argument is unused:
  not_le

Hint: Omit it from the simp argument list.
  [apply] simp only [not_lt] at h ⊢

Note: This linter can be disabled with `set_option linter.unusedSimpArgs false`
SunPrize\Certificate\Theory000.lean:4048:56: warning: This simp argument is unused:
  not_le

Hint: Omit it from the simp argument list.
  [apply] simp only [not_lt] at h ⊢

Note: This linter can be disabled with `set_option linter.unusedSimpArgs false`
SunPrize\Certificate\Theory000.lean:4050:56: warning: This simp argument is unused:
  not_le

Hint: Omit it from the simp argument list.
  [apply] simp only [not_lt] at h ⊢

Note: This linter can be disabled with `set_option linter.unusedSimpArgs false`
SunPrize\Certificate\Theory000.lean:4020:32: warning: Unused tactic linter: `(try simp only [not_lt, not_le] at h ⊢)` does nothing

Note: This linter can be disabled with `set_option linter.unusedTactic false`
SunPrize\Certificate\Theory000.lean:4022:32: warning: Unused tactic linter: `(try simp only [not_lt, not_le] at h ⊢)` does nothing

Note: This linter can be disabled with `set_option linter.unusedTactic false`
SunPrize\Certificate\Theory000.lean:4024:32: warning: Unused tactic linter: `(try simp only [not_lt, not_le] at h ⊢)` does nothing

Note: This linter can be disabled with `set_option linter.unusedTactic false`
SunPrize\Certificate\Theory000.lean:4040:32: warning: Unused tactic linter: `(try simp only [not_lt, not_le] at h ⊢)` does nothing

Note: This linter can be disabled with `set_option linter.unusedTactic false`
SunPrize\Certificate\Theory000.lean:4052:2: warning: Unused tactic linter: `all_goals clear e0 e1 e2 e3 e4 e5 e6 e7 e8 e9 e10 e11 e12 e13 e14 e15` does nothing

Note: This linter can be disabled with `set_option linter.unusedTactic false`
SunPrize\Certificate\Theory000.lean:4053:2: warning: Unused tactic linter: `all_goals tauto` does nothing

Note: This linter can be disabled with `set_option linter.unusedTactic false`
SunPrize\Certificate\Theory000.lean:4052:12: warning: this tactic is never executed

Note: This linter can be disabled with `set_option linter.unreachableTactic false`
SunPrize\Certificate\Theory000.lean:4053:12: warning: this tactic is never executed

Note: This linter can be disabled with `set_option linter.unreachableTactic false`
SunPrize\Certificate\Theory000.lean:4071:56: warning: This simp argument is unused:
  not_le

Hint: Omit it from the simp argument list.
  [apply] simp only [not_lt] at h ⊢

Note: This linter can be disabled with `set_option linter.unusedSimpArgs false`
SunPrize\Certificate\Theory000.lean:4073:56: warning: This simp argument is unused:
  not_le

Hint: Omit it from the simp argument list.
  [apply] simp only [not_lt] at h ⊢

Note: This linter can be disabled with `set_option linter.unusedSimpArgs false`
SunPrize\Certificate\Theory000.lean:4075:56: warning: This simp argument is unused:
  not_le

Hint: Omit it from the simp argument list.
  [apply] simp only [not_lt] at h ⊢

Note: This linter can be disabled with `set_option linter.unusedSimpArgs false`
SunPrize\Certificate\Theory000.lean:4077:56: warning: This simp argument is unused:
  not_le

Hint: Omit it from the simp argument list.
  [apply] simp only [not_lt] at h ⊢

Note: This linter can be disabled with `set_option linter.unusedSimpArgs false`
SunPrize\Certificate\Theory000.lean:4079:56: warning: This simp argument is unused:
  not_le

Hint: Omit it from the simp argument list.
  [apply] simp only [not_lt] at h ⊢

Note: This linter can be disabled with `set_option linter.unusedSimpArgs false`
SunPrize\Certificate\Theory000.lean:4081:56: warning: This simp argument is unused:
  not_le

Hint: Omit it from the simp argument list.
  [apply] simp only [not_lt] at h ⊢

Note: This linter can be disabled with `set_option linter.unusedSimpArgs false`
SunPrize\Certificate\Theory000.lean:4083:56: warning: This simp argument is unused:
  not_le

Hint: Omit it from the simp argument list.
  [apply] simp only [not_lt] at h ⊢

Note: This linter can be disabled with `set_option linter.unusedSimpArgs false`
SunPrize\Certificate\Theory000.lean:4087:56: warning: This simp argument is unused:
  not_le

Hint: Omit it from the simp argument list.
  [apply] simp only [not_lt] at h ⊢

Note: This linter can be disabled with `set_option linter.unusedSimpArgs false`
SunPrize\Certificate\Theory000.lean:4089:56: warning: This simp argument is unused:
  not_le

Hint: Omit it from the simp argument list.
  [apply] simp only [not_lt] at h ⊢

Note: This linter can be disabled with `set_option linter.unusedSimpArgs false`
SunPrize\Certificate\Theory000.lean:4091:56: warning: This simp argument is unused:
  not_le

Hint: Omit it from the simp argument list.
  [apply] simp only [not_lt] at h ⊢

Note: This linter can be disabled with `set_option linter.unusedSimpArgs false`
SunPrize\Certificate\Theory000.lean:4093:56: warning: This simp argument is unused:
  not_le

Hint: Omit it from the simp argument list.
  [apply] simp only [not_lt] at h ⊢

Note: This linter can be disabled with `set_option linter.unusedSimpArgs false`
SunPrize\Certificate\Theory000.lean:4095:56: warning: This simp argument is unused:
  not_le

Hint: Omit it from the simp argument list.
  [apply] simp only [not_lt] at h ⊢

Note: This linter can be disabled with `set_option linter.unusedSimpArgs false`
SunPrize\Certificate\Theory000.lean:4065:32: warning: Unused tactic linter: `(try simp only [not_lt, not_le] at h ⊢)` does nothing

Note: This linter can be disabled with `set_option linter.unusedTactic false`
SunPrize\Certificate\Theory000.lean:4067:32: warning: Unused tactic linter: `(try simp only [not_lt, not_le] at h ⊢)` does nothing

Note: This linter can be disabled with `set_option linter.unusedTactic false`
SunPrize\Certificate\Theory000.lean:4069:32: warning: Unused tactic linter: `(try simp only [not_lt, not_le] at h ⊢)` does nothing

Note: This linter can be disabled with `set_option linter.unusedTactic false`
SunPrize\Certificate\Theory000.lean:4085:32: warning: Unused tactic linter: `(try simp only [not_lt, not_le] at h ⊢)` does nothing

Note: This linter can be disabled with `set_option linter.unusedTactic false`
SunPrize\Certificate\Theory000.lean:4097:2: warning: Unused tactic linter: `all_goals clear e0 e1 e2 e3 e4 e5 e6 e7 e8 e9 e10 e11 e12 e13 e14 e15` does nothing

Note: This linter can be disabled with `set_option linter.unusedTactic false`
SunPrize\Certificate\Theory000.lean:4098:2: warning: Unused tactic linter: `all_goals tauto` does nothing

Note: This linter can be disabled with `set_option linter.unusedTactic false`
SunPrize\Certificate\Theory000.lean:4097:12: warning: this tactic is never executed

Note: This linter can be disabled with `set_option linter.unreachableTactic false`
SunPrize\Certificate\Theory000.lean:4098:12: warning: this tactic is never executed

Note: This linter can be disabled with `set_option linter.unreachableTactic false`
SunPrize\Certificate\Theory000.lean:4109:56: warning: This simp argument is unused:
  not_le

Hint: Omit it from the simp argument list.
  [apply] simp only [not_lt] at h ⊢

Note: This linter can be disabled with `set_option linter.unusedSimpArgs false`
SunPrize\Certificate\Theory000.lean:4111:56: warning: This simp argument is unused:
  not_le

Hint: Omit it from the simp argument list.
  [apply] simp only [not_lt] at h ⊢

Note: This linter can be disabled with `set_option linter.unusedSimpArgs false`
SunPrize\Certificate\Theory000.lean:4103:32: warning: Unused tactic linter: `(try simp only [not_lt, not_le] at h ⊢)` does nothing

Note: This linter can be disabled with `set_option linter.unusedTactic false`
SunPrize\Certificate\Theory000.lean:4105:32: warning: Unused tactic linter: `(try simp only [not_lt, not_le] at h ⊢)` does nothing

Note: This linter can be disabled with `set_option linter.unusedTactic false`
SunPrize\Certificate\Theory000.lean:4107:32: warning: Unused tactic linter: `(try simp only [not_lt, not_le] at h ⊢)` does nothing

Note: This linter can be disabled with `set_option linter.unusedTactic false`
SunPrize\Certificate\Theory000.lean:4119:56: warning: This simp argument is unused:
  not_le

Hint: Omit it from the simp argument list.
  [apply] simp only [not_lt] at h ⊢

Note: This linter can be disabled with `set_option linter.unusedSimpArgs false`
SunPrize\Certificate\Theory000.lean:4121:56: warning: This simp argument is unused:
  not_le

Hint: Omit it from the simp argument list.
  [apply] simp only [not_lt] at h ⊢

Note: This linter can be disabled with `set_option linter.unusedSimpArgs false`
SunPrize\Certificate\Theory000.lean:4123:56: warning: This simp argument is unused:
  not_le

Hint: Omit it from the simp argument list.
  [apply] simp only [not_lt] at h ⊢

Note: This linter can be disabled with `set_option linter.unusedSimpArgs false`
SunPrize\Certificate\Theory000.lean:4125:56: warning: This simp argument is unused:
  not_le

Hint: Omit it from the simp argument list.
  [apply] simp only [not_lt] at h ⊢

Note: This linter can be disabled with `set_option linter.unusedSimpArgs false`
SunPrize\Certificate\Theory000.lean:4127:56: warning: This simp argument is unused:
  not_le

Hint: Omit it from the simp argument list.
  [apply] simp only [not_lt] at h ⊢

Note: This linter can be disabled with `set_option linter.unusedSimpArgs false`
SunPrize\Certificate\Theory000.lean:4135:32: warning: Unused tactic linter: `(try simp only [not_lt, not_le] at h ⊢)` does nothing

Note: This linter can be disabled with `set_option linter.unusedTactic false`
SunPrize\Certificate\Theory000.lean:4137:32: warning: Unused tactic linter: `(try simp only [not_lt, not_le] at h ⊢)` does nothing

Note: This linter can be disabled with `set_option linter.unusedTactic false`
SunPrize\Certificate\Theory000.lean:4139:2: warning: Unused tactic linter: `all_goals clear e0 e1` does nothing

Note: This linter can be disabled with `set_option linter.unusedTactic false`
SunPrize\Certificate\Theory000.lean:4140:2: warning: Unused tactic linter: `all_goals tauto` does nothing

Note: This linter can be disabled with `set_option linter.unusedTactic false`
SunPrize\Certificate\Theory000.lean:4139:12: warning: this tactic is never executed

Note: This linter can be disabled with `set_option linter.unreachableTactic false`
SunPrize\Certificate\Theory000.lean:4140:12: warning: this tactic is never executed

Note: This linter can be disabled with `set_option linter.unreachableTactic false`
SunPrize\Certificate\Theory000.lean:4145:32: warning: Unused tactic linter: `(try simp only [not_lt, not_le] at h ⊢)` does nothing

Note: This linter can be disabled with `set_option linter.unusedTactic false`
SunPrize\Certificate\Theory000.lean:4147:32: warning: Unused tactic linter: `(try simp only [not_lt, not_le] at h ⊢)` does nothing

Note: This linter can be disabled with `set_option linter.unusedTactic false`
SunPrize\Certificate\Theory000.lean:4149:2: warning: Unused tactic linter: `all_goals clear e0 e1` does nothing

Note: This linter can be disabled with `set_option linter.unusedTactic false`
SunPrize\Certificate\Theory000.lean:4150:2: warning: Unused tactic linter: `all_goals tauto` does nothing

Note: This linter can be disabled with `set_option linter.unusedTactic false`
SunPrize\Certificate\Theory000.lean:4149:12: warning: this tactic is never executed

Note: This linter can be disabled with `set_option linter.unreachableTactic false`
SunPrize\Certificate\Theory000.lean:4150:12: warning: this tactic is never executed

Note: This linter can be disabled with `set_option linter.unreachableTactic false`
SunPrize\Certificate\Theory000.lean:4155:56: warning: This simp argument is unused:
  not_le

Hint: Omit it from the simp argument list.
  [apply] simp only [not_lt] at h ⊢

Note: This linter can be disabled with `set_option linter.unusedSimpArgs false`
SunPrize\Certificate\Theory000.lean:4163:56: warning: This simp argument is unused:
  not_le

Hint: Omit it from the simp argument list.
  [apply] simp only [not_lt] at h ⊢

Note: This linter can be disabled with `set_option linter.unusedSimpArgs false`
SunPrize\Certificate\Theory000.lean:4165:56: warning: This simp argument is unused:
  not_le

Hint: Omit it from the simp argument list.
  [apply] simp only [not_lt] at h ⊢

Note: This linter can be disabled with `set_option linter.unusedSimpArgs false`
SunPrize\Certificate\Theory000.lean:4167:56: warning: This simp argument is unused:
  not_le

Hint: Omit it from the simp argument list.
  [apply] simp only [not_lt] at h ⊢

Note: This linter can be disabled with `set_option linter.unusedSimpArgs false`
SunPrize\Certificate\Theory000.lean:4169:56: warning: This simp argument is unused:
  not_le

Hint: Omit it from the simp argument list.
  [apply] simp only [not_lt] at h ⊢

Note: This linter can be disabled with `set_option linter.unusedSimpArgs false`
SunPrize\Certificate\Theory000.lean:4171:56: warning: This simp argument is unused:
  not_le

Hint: Omit it from the simp argument list.
  [apply] simp only [not_lt] at h ⊢

Note: This linter can be disabled with `set_option linter.unusedSimpArgs false`
SunPrize\Certificate\Theory000.lean:4173:56: warning: This simp argument is unused:
  not_le

Hint: Omit it from the simp argument list.
  [apply] simp only [not_lt] at h ⊢

Note: This linter can be disabled with `set_option linter.unusedSimpArgs false`
SunPrize\Certificate\Theory000.lean:4175:56: warning: This simp argument is unused:
  not_le

Hint: Omit it from the simp argument list.
  [apply] simp only [not_lt] at h ⊢

Note: This linter can be disabled with `set_option linter.unusedSimpArgs false`
SunPrize\Certificate\Theory000.lean:4179:56: warning: This simp argument is unused:
  not_le

Hint: Omit it from the simp argument list.
  [apply] simp only [not_lt] at h ⊢

Note: This linter can be disabled with `set_option linter.unusedSimpArgs false`
SunPrize\Certificate\Theory000.lean:4181:56: warning: This simp argument is unused:
  not_le

Hint: Omit it from the simp argument list.
  [apply] simp only [not_lt] at h ⊢

Note: This linter can be disabled with `set_option linter.unusedSimpArgs false`
SunPrize\Certificate\Theory000.lean:4183:56: warning: This simp argument is unused:
  not_le

Hint: Omit it from the simp argument list.
  [apply] simp only [not_lt] at h ⊢

Note: This linter can be disabled with `set_option linter.unusedSimpArgs false`
SunPrize\Certificate\Theory000.lean:4185:56: warning: This simp argument is unused:
  not_le

Hint: Omit it from the simp argument list.
  [apply] simp only [not_lt] at h ⊢

Note: This linter can be disabled with `set_option linter.unusedSimpArgs false`
SunPrize\Certificate\Theory000.lean:4157:32: warning: Unused tactic linter: `(try simp only [not_lt, not_le] at h ⊢)` does nothing

Note: This linter can be disabled with `set_option linter.unusedTactic false`
SunPrize\Certificate\Theory000.lean:4159:32: warning: Unused tactic linter: `(try simp only [not_lt, not_le] at h ⊢)` does nothing

Note: This linter can be disabled with `set_option linter.unusedTactic false`
SunPrize\Certificate\Theory000.lean:4161:32: warning: Unused tactic linter: `(try simp only [not_lt, not_le] at h ⊢)` does nothing

Note: This linter can be disabled with `set_option linter.unusedTactic false`
SunPrize\Certificate\Theory000.lean:4177:32: warning: Unused tactic linter: `(try simp only [not_lt, not_le] at h ⊢)` does nothing

Note: This linter can be disabled with `set_option linter.unusedTactic false`
SunPrize\Certificate\Theory000.lean:4187:2: warning: Unused tactic linter: `all_goals clear e0 e1 e2 e3 e4 e5 e6 e7 e8 e9 e10 e11 e12 e13 e14 e15` does nothing

Note: This linter can be disabled with `set_option linter.unusedTactic false`
SunPrize\Certificate\Theory000.lean:4188:2: warning: Unused tactic linter: `all_goals tauto` does nothing

Note: This linter can be disabled with `set_option linter.unusedTactic false`
SunPrize\Certificate\Theory000.lean:4187:12: warning: this tactic is never executed

Note: This linter can be disabled with `set_option linter.unreachableTactic false`
SunPrize\Certificate\Theory000.lean:4188:12: warning: this tactic is never executed

Note: This linter can be disabled with `set_option linter.unreachableTactic false`
SunPrize\Certificate\Theory000.lean:4206:56: warning: This simp argument is unused:
  not_le

Hint: Omit it from the simp argument list.
  [apply] simp only [not_lt] at h ⊢

Note: This linter can be disabled with `set_option linter.unusedSimpArgs false`
SunPrize\Certificate\Theory000.lean:4208:56: warning: This simp argument is unused:
  not_le

Hint: Omit it from the simp argument list.
  [apply] simp only [not_lt] at h ⊢

Note: This linter can be disabled with `set_option linter.unusedSimpArgs false`
SunPrize\Certificate\Theory000.lean:4210:56: warning: This simp argument is unused:
  not_le

Hint: Omit it from the simp argument list.
  [apply] simp only [not_lt] at h ⊢

Note: This linter can be disabled with `set_option linter.unusedSimpArgs false`
SunPrize\Certificate\Theory000.lean:4212:56: warning: This simp argument is unused:
  not_le

Hint: Omit it from the simp argument list.
  [apply] simp only [not_lt] at h ⊢

Note: This linter can be disabled with `set_option linter.unusedSimpArgs false`
SunPrize\Certificate\Theory000.lean:4214:56: warning: This simp argument is unused:
  not_le

Hint: Omit it from the simp argument list.
  [apply] simp only [not_lt] at h ⊢

Note: This linter can be disabled with `set_option linter.unusedSimpArgs false`
SunPrize\Certificate\Theory000.lean:4216:56: warning: This simp argument is unused:
  not_le

Hint: Omit it from the simp argument list.
  [apply] simp only [not_lt] at h ⊢

Note: This linter can be disabled with `set_option linter.unusedSimpArgs false`
SunPrize\Certificate\Theory000.lean:4218:56: warning: This simp argument is unused:
  not_le

Hint: Omit it from the simp argument list.
  [apply] simp only [not_lt] at h ⊢

Note: This linter can be disabled with `set_option linter.unusedSimpArgs false`
SunPrize\Certificate\Theory000.lean:4222:56: warning: This simp argument is unused:
  not_le

Hint: Omit it from the simp argument list.
  [apply] simp only [not_lt] at h ⊢

Note: This linter can be disabled with `set_option linter.unusedSimpArgs false`
SunPrize\Certificate\Theory000.lean:4224:56: warning: This simp argument is unused:
  not_le

Hint: Omit it from the simp argument list.
  [apply] simp only [not_lt] at h ⊢

Note: This linter can be disabled with `set_option linter.unusedSimpArgs false`
SunPrize\Certificate\Theory000.lean:4226:56: warning: This simp argument is unused:
  not_le

Hint: Omit it from the simp argument list.
  [apply] simp only [not_lt] at h ⊢

Note: This linter can be disabled with `set_option linter.unusedSimpArgs false`
SunPrize\Certificate\Theory000.lean:4228:56: warning: This simp argument is unused:
  not_le

Hint: Omit it from the simp argument list.
  [apply] simp only [not_lt] at h ⊢

Note: This linter can be disabled with `set_option linter.unusedSimpArgs false`
SunPrize\Certificate\Theory000.lean:4230:56: warning: This simp argument is unused:
  not_le

Hint: Omit it from the simp argument list.
  [apply] simp only [not_lt] at h ⊢

Note: This linter can be disabled with `set_option linter.unusedSimpArgs false`
SunPrize\Certificate\Theory000.lean:4200:32: warning: Unused tactic linter: `(try simp only [not_lt, not_le] at h ⊢)` does nothing

Note: This linter can be disabled with `set_option linter.unusedTactic false`
SunPrize\Certificate\Theory000.lean:4202:32: warning: Unused tactic linter: `(try simp only [not_lt, not_le] at h ⊢)` does nothing

Note: This linter can be disabled with `set_option linter.unusedTactic false`
SunPrize\Certificate\Theory000.lean:4204:32: warning: Unused tactic linter: `(try simp only [not_lt, not_le] at h ⊢)` does nothing

Note: This linter can be disabled with `set_option linter.unusedTactic false`
SunPrize\Certificate\Theory000.lean:4220:32: warning: Unused tactic linter: `(try simp only [not_lt, not_le] at h ⊢)` does nothing

Note: This linter can be disabled with `set_option linter.unusedTactic false`
SunPrize\Certificate\Theory000.lean:4232:2: warning: Unused tactic linter: `all_goals clear e0 e1 e2 e3 e4 e5 e6 e7 e8 e9 e10 e11 e12 e13 e14 e15` does nothing

Note: This linter can be disabled with `set_option linter.unusedTactic false`
SunPrize\Certificate\Theory000.lean:4233:2: warning: Unused tactic linter: `all_goals tauto` does nothing

Note: This linter can be disabled with `set_option linter.unusedTactic false`
SunPrize\Certificate\Theory000.lean:4232:12: warning: this tactic is never executed

Note: This linter can be disabled with `set_option linter.unreachableTactic false`
SunPrize\Certificate\Theory000.lean:4233:12: warning: this tactic is never executed

Note: This linter can be disabled with `set_option linter.unreachableTactic false`
SunPrize\Certificate\Theory000.lean:4238:56: warning: This simp argument is unused:
  not_le

Hint: Omit it from the simp argument list.
  [apply] simp only [not_lt] at h ⊢

Note: This linter can be disabled with `set_option linter.unusedSimpArgs false`
SunPrize\Certificate\Theory000.lean:4246:56: warning: This simp argument is unused:
  not_le

Hint: Omit it from the simp argument list.
  [apply] simp only [not_lt] at h ⊢

Note: This linter can be disabled with `set_option linter.unusedSimpArgs false`
SunPrize\Certificate\Theory000.lean:4248:56: warning: This simp argument is unused:
  not_le

Hint: Omit it from the simp argument list.
  [apply] simp only [not_lt] at h ⊢

Note: This linter can be disabled with `set_option linter.unusedSimpArgs false`
SunPrize\Certificate\Theory000.lean:4250:56: warning: This simp argument is unused:
  not_le

Hint: Omit it from the simp argument list.
  [apply] simp only [not_lt] at h ⊢

Note: This linter can be disabled with `set_option linter.unusedSimpArgs false`
SunPrize\Certificate\Theory000.lean:4252:56: warning: This simp argument is unused:
  not_le

Hint: Omit it from the simp argument list.
  [apply] simp only [not_lt] at h ⊢

Note: This linter can be disabled with `set_option linter.unusedSimpArgs false`
SunPrize\Certificate\Theory000.lean:4254:56: warning: This simp argument is unused:
  not_le

Hint: Omit it from the simp argument list.
  [apply] simp only [not_lt] at h ⊢

Note: This linter can be disabled with `set_option linter.unusedSimpArgs false`
SunPrize\Certificate\Theory000.lean:4256:56: warning: This simp argument is unused:
  not_le

Hint: Omit it from the simp argument list.
  [apply] simp only [not_lt] at h ⊢

Note: This linter can be disabled with `set_option linter.unusedSimpArgs false`
SunPrize\Certificate\Theory000.lean:4258:56: warning: This simp argument is unused:
  not_le

Hint: Omit it from the simp argument list.
  [apply] simp only [not_lt] at h ⊢

Note: This linter can be disabled with `set_option linter.unusedSimpArgs false`
SunPrize\Certificate\Theory000.lean:4262:56: warning: This simp argument is unused:
  not_le

Hint: Omit it from the simp argument list.
  [apply] simp only [not_lt] at h ⊢

Note: This linter can be disabled with `set_option linter.unusedSimpArgs false`
SunPrize\Certificate\Theory000.lean:4264:56: warning: This simp argument is unused:
  not_le

Hint: Omit it from the simp argument list.
  [apply] simp only [not_lt] at h ⊢

Note: This linter can be disabled with `set_option linter.unusedSimpArgs false`
SunPrize\Certificate\Theory000.lean:4266:56: warning: This simp argument is unused:
  not_le

Hint: Omit it from the simp argument list.
  [apply] simp only [not_lt] at h ⊢

Note: This linter can be disabled with `set_option linter.unusedSimpArgs false`
SunPrize\Certificate\Theory000.lean:4268:56: warning: This simp argument is unused:
  not_le

Hint: Omit it from the simp argument list.
  [apply] simp only [not_lt] at h ⊢

Note: This linter can be disabled with `set_option linter.unusedSimpArgs false`
SunPrize\Certificate\Theory000.lean:4240:32: warning: Unused tactic linter: `(try simp only [not_lt, not_le] at h ⊢)` does nothing

Note: This linter can be disabled with `set_option linter.unusedTactic false`
SunPrize\Certificate\Theory000.lean:4242:32: warning: Unused tactic linter: `(try simp only [not_lt, not_le] at h ⊢)` does nothing

Note: This linter can be disabled with `set_option linter.unusedTactic false`
SunPrize\Certificate\Theory000.lean:4244:32: warning: Unused tactic linter: `(try simp only [not_lt, not_le] at h ⊢)` does nothing

Note: This linter can be disabled with `set_option linter.unusedTactic false`
SunPrize\Certificate\Theory000.lean:4260:32: warning: Unused tactic linter: `(try simp only [not_lt, not_le] at h ⊢)` does nothing

Note: This linter can be disabled with `set_option linter.unusedTactic false`
SunPrize\Certificate\Theory000.lean:4270:2: warning: Unused tactic linter: `all_goals clear e0 e1 e2 e3 e4 e5 e6 e7 e8 e9 e10 e11 e12 e13 e14 e15` does nothing

Note: This linter can be disabled with `set_option linter.unusedTactic false`
SunPrize\Certificate\Theory000.lean:4271:2: warning: Unused tactic linter: `all_goals tauto` does nothing

Note: This linter can be disabled with `set_option linter.unusedTactic false`
SunPrize\Certificate\Theory000.lean:4270:12: warning: this tactic is never executed

Note: This linter can be disabled with `set_option linter.unreachableTactic false`
SunPrize\Certificate\Theory000.lean:4271:12: warning: this tactic is never executed

Note: This linter can be disabled with `set_option linter.unreachableTactic false`
