SunPrize\Certificate\Theory005.lean:12:56: warning: This simp argument is unused:
  not_le

Hint: Omit it from the simp argument list.
  [apply] simp only [not_lt] at h ⊢

Note: This linter can be disabled with `set_option linter.unusedSimpArgs false`
SunPrize\Certificate\Theory005.lean:14:56: warning: This simp argument is unused:
  not_le

Hint: Omit it from the simp argument list.
  [apply] simp only [not_lt] at h ⊢

Note: This linter can be disabled with `set_option linter.unusedSimpArgs false`
SunPrize\Certificate\Theory005.lean:16:56: warning: This simp argument is unused:
  not_le

Hint: Omit it from the simp argument list.
  [apply] simp only [not_lt] at h ⊢

Note: This linter can be disabled with `set_option linter.unusedSimpArgs false`
SunPrize\Certificate\Theory005.lean:18:56: warning: This simp argument is unused:
  not_le

Hint: Omit it from the simp argument list.
  [apply] simp only [not_lt] at h ⊢

Note: This linter can be disabled with `set_option linter.unusedSimpArgs false`
SunPrize\Certificate\Theory005.lean:20:56: warning: This simp argument is unused:
  not_le

Hint: Omit it from the simp argument list.
  [apply] simp only [not_lt] at h ⊢

Note: This linter can be disabled with `set_option linter.unusedSimpArgs false`
SunPrize\Certificate\Theory005.lean:26:56: warning: This simp argument is unused:
  not_le

Hint: Omit it from the simp argument list.
  [apply] simp only [not_lt] at h ⊢

Note: This linter can be disabled with `set_option linter.unusedSimpArgs false`
SunPrize\Certificate\Theory005.lean:28:56: warning: This simp argument is unused:
  not_le

Hint: Omit it from the simp argument list.
  [apply] simp only [not_lt] at h ⊢

Note: This linter can be disabled with `set_option linter.unusedSimpArgs false`
SunPrize\Certificate\Theory005.lean:32:56: warning: This simp argument is unused:
  not_le

Hint: Omit it from the simp argument list.
  [apply] simp only [not_lt] at h ⊢

Note: This linter can be disabled with `set_option linter.unusedSimpArgs false`
SunPrize\Certificate\Theory005.lean:34:56: warning: This simp argument is unused:
  not_le

Hint: Omit it from the simp argument list.
  [apply] simp only [not_lt] at h ⊢

Note: This linter can be disabled with `set_option linter.unusedSimpArgs false`
SunPrize\Certificate\Theory005.lean:36:56: warning: This simp argument is unused:
  not_le

Hint: Omit it from the simp argument list.
  [apply] simp only [not_lt] at h ⊢

Note: This linter can be disabled with `set_option linter.unusedSimpArgs false`
SunPrize\Certificate\Theory005.lean:38:56: warning: This simp argument is unused:
  not_le

Hint: Omit it from the simp argument list.
  [apply] simp only [not_lt] at h ⊢

Note: This linter can be disabled with `set_option linter.unusedSimpArgs false`
SunPrize\Certificate\Theory005.lean:46:56: warning: This simp argument is unused:
  not_le

Hint: Omit it from the simp argument list.
  [apply] simp only [not_lt] at h ⊢

Note: This linter can be disabled with `set_option linter.unusedSimpArgs false`
SunPrize\Certificate\Theory005.lean:48:56: warning: This simp argument is unused:
  not_le

Hint: Omit it from the simp argument list.
  [apply] simp only [not_lt] at h ⊢

Note: This linter can be disabled with `set_option linter.unusedSimpArgs false`
SunPrize\Certificate\Theory005.lean:22:32: warning: Unused tactic linter: `(try simp only [not_lt, not_le] at h ⊢)` does nothing

Note: This linter can be disabled with `set_option linter.unusedTactic false`
SunPrize\Certificate\Theory005.lean:24:32: warning: Unused tactic linter: `(try simp only [not_lt, not_le] at h ⊢)` does nothing

Note: This linter can be disabled with `set_option linter.unusedTactic false`
SunPrize\Certificate\Theory005.lean:30:32: warning: Unused tactic linter: `(try simp only [not_lt, not_le] at h ⊢)` does nothing

Note: This linter can be disabled with `set_option linter.unusedTactic false`
SunPrize\Certificate\Theory005.lean:40:32: warning: Unused tactic linter: `(try simp only [not_lt, not_le] at h ⊢)` does nothing

Note: This linter can be disabled with `set_option linter.unusedTactic false`
SunPrize\Certificate\Theory005.lean:42:32: warning: Unused tactic linter: `(try simp only [not_lt, not_le] at h ⊢)` does nothing

Note: This linter can be disabled with `set_option linter.unusedTactic false`
SunPrize\Certificate\Theory005.lean:44:32: warning: Unused tactic linter: `(try simp only [not_lt, not_le] at h ⊢)` does nothing

Note: This linter can be disabled with `set_option linter.unusedTactic false`
SunPrize\Certificate\Theory005.lean:50:2: warning: Unused tactic linter: `all_goals clear e0 e1 e2 e3 e4 e5 e6 e7 e8 e9 e10 e11 e12 e13 e14 e15 e16 e17 e18` does nothing

Note: This linter can be disabled with `set_option linter.unusedTactic false`
SunPrize\Certificate\Theory005.lean:51:2: warning: Unused tactic linter: `all_goals tauto` does nothing

Note: This linter can be disabled with `set_option linter.unusedTactic false`
SunPrize\Certificate\Theory005.lean:50:12: warning: this tactic is never executed

Note: This linter can be disabled with `set_option linter.unreachableTactic false`
SunPrize\Certificate\Theory005.lean:51:12: warning: this tactic is never executed

Note: This linter can be disabled with `set_option linter.unreachableTactic false`
SunPrize\Certificate\Theory005.lean:63:56: warning: This simp argument is unused:
  not_le

Hint: Omit it from the simp argument list.
  [apply] simp only [not_lt] at h ⊢

Note: This linter can be disabled with `set_option linter.unusedSimpArgs false`
SunPrize\Certificate\Theory005.lean:65:56: warning: This simp argument is unused:
  not_le

Hint: Omit it from the simp argument list.
  [apply] simp only [not_lt] at h ⊢

Note: This linter can be disabled with `set_option linter.unusedSimpArgs false`
SunPrize\Certificate\Theory005.lean:67:56: warning: This simp argument is unused:
  not_le

Hint: Omit it from the simp argument list.
  [apply] simp only [not_lt] at h ⊢

Note: This linter can be disabled with `set_option linter.unusedSimpArgs false`
SunPrize\Certificate\Theory005.lean:69:56: warning: This simp argument is unused:
  not_le

Hint: Omit it from the simp argument list.
  [apply] simp only [not_lt] at h ⊢

Note: This linter can be disabled with `set_option linter.unusedSimpArgs false`
SunPrize\Certificate\Theory005.lean:71:56: warning: This simp argument is unused:
  not_le

Hint: Omit it from the simp argument list.
  [apply] simp only [not_lt] at h ⊢

Note: This linter can be disabled with `set_option linter.unusedSimpArgs false`
SunPrize\Certificate\Theory005.lean:77:56: warning: This simp argument is unused:
  not_le

Hint: Omit it from the simp argument list.
  [apply] simp only [not_lt] at h ⊢

Note: This linter can be disabled with `set_option linter.unusedSimpArgs false`
SunPrize\Certificate\Theory005.lean:79:56: warning: This simp argument is unused:
  not_le

Hint: Omit it from the simp argument list.
  [apply] simp only [not_lt] at h ⊢

Note: This linter can be disabled with `set_option linter.unusedSimpArgs false`
SunPrize\Certificate\Theory005.lean:83:56: warning: This simp argument is unused:
  not_le

Hint: Omit it from the simp argument list.
  [apply] simp only [not_lt] at h ⊢

Note: This linter can be disabled with `set_option linter.unusedSimpArgs false`
SunPrize\Certificate\Theory005.lean:85:56: warning: This simp argument is unused:
  not_le

Hint: Omit it from the simp argument list.
  [apply] simp only [not_lt] at h ⊢

Note: This linter can be disabled with `set_option linter.unusedSimpArgs false`
SunPrize\Certificate\Theory005.lean:87:56: warning: This simp argument is unused:
  not_le

Hint: Omit it from the simp argument list.
  [apply] simp only [not_lt] at h ⊢

Note: This linter can be disabled with `set_option linter.unusedSimpArgs false`
SunPrize\Certificate\Theory005.lean:89:56: warning: This simp argument is unused:
  not_le

Hint: Omit it from the simp argument list.
  [apply] simp only [not_lt] at h ⊢

Note: This linter can be disabled with `set_option linter.unusedSimpArgs false`
SunPrize\Certificate\Theory005.lean:97:56: warning: This simp argument is unused:
  not_le

Hint: Omit it from the simp argument list.
  [apply] simp only [not_lt] at h ⊢

Note: This linter can be disabled with `set_option linter.unusedSimpArgs false`
SunPrize\Certificate\Theory005.lean:99:56: warning: This simp argument is unused:
  not_le

Hint: Omit it from the simp argument list.
  [apply] simp only [not_lt] at h ⊢

Note: This linter can be disabled with `set_option linter.unusedSimpArgs false`
SunPrize\Certificate\Theory005.lean:73:32: warning: Unused tactic linter: `(try simp only [not_lt, not_le] at h ⊢)` does nothing

Note: This linter can be disabled with `set_option linter.unusedTactic false`
SunPrize\Certificate\Theory005.lean:75:32: warning: Unused tactic linter: `(try simp only [not_lt, not_le] at h ⊢)` does nothing

Note: This linter can be disabled with `set_option linter.unusedTactic false`
SunPrize\Certificate\Theory005.lean:81:32: warning: Unused tactic linter: `(try simp only [not_lt, not_le] at h ⊢)` does nothing

Note: This linter can be disabled with `set_option linter.unusedTactic false`
SunPrize\Certificate\Theory005.lean:91:32: warning: Unused tactic linter: `(try simp only [not_lt, not_le] at h ⊢)` does nothing

Note: This linter can be disabled with `set_option linter.unusedTactic false`
SunPrize\Certificate\Theory005.lean:93:32: warning: Unused tactic linter: `(try simp only [not_lt, not_le] at h ⊢)` does nothing

Note: This linter can be disabled with `set_option linter.unusedTactic false`
SunPrize\Certificate\Theory005.lean:95:32: warning: Unused tactic linter: `(try simp only [not_lt, not_le] at h ⊢)` does nothing

Note: This linter can be disabled with `set_option linter.unusedTactic false`
SunPrize\Certificate\Theory005.lean:101:2: warning: Unused tactic linter: `all_goals clear e0 e1 e2 e3 e4 e5 e6 e7 e8 e9 e10 e11 e12 e13 e14 e15 e16 e17 e18` does nothing

Note: This linter can be disabled with `set_option linter.unusedTactic false`
SunPrize\Certificate\Theory005.lean:102:2: warning: Unused tactic linter: `all_goals tauto` does nothing

Note: This linter can be disabled with `set_option linter.unusedTactic false`
SunPrize\Certificate\Theory005.lean:101:12: warning: this tactic is never executed

Note: This linter can be disabled with `set_option linter.unreachableTactic false`
SunPrize\Certificate\Theory005.lean:102:12: warning: this tactic is never executed

Note: This linter can be disabled with `set_option linter.unreachableTactic false`
SunPrize\Certificate\Theory005.lean:120:56: warning: This simp argument is unused:
  not_le

Hint: Omit it from the simp argument list.
  [apply] simp only [not_lt] at h ⊢

Note: This linter can be disabled with `set_option linter.unusedSimpArgs false`
SunPrize\Certificate\Theory005.lean:122:56: warning: This simp argument is unused:
  not_le

Hint: Omit it from the simp argument list.
  [apply] simp only [not_lt] at h ⊢

Note: This linter can be disabled with `set_option linter.unusedSimpArgs false`
SunPrize\Certificate\Theory005.lean:128:56: warning: This simp argument is unused:
  not_le

Hint: Omit it from the simp argument list.
  [apply] simp only [not_lt] at h ⊢

Note: This linter can be disabled with `set_option linter.unusedSimpArgs false`
SunPrize\Certificate\Theory005.lean:130:56: warning: This simp argument is unused:
  not_le

Hint: Omit it from the simp argument list.
  [apply] simp only [not_lt] at h ⊢

Note: This linter can be disabled with `set_option linter.unusedSimpArgs false`
SunPrize\Certificate\Theory005.lean:134:56: warning: This simp argument is unused:
  not_le

Hint: Omit it from the simp argument list.
  [apply] simp only [not_lt] at h ⊢

Note: This linter can be disabled with `set_option linter.unusedSimpArgs false`
SunPrize\Certificate\Theory005.lean:136:56: warning: This simp argument is unused:
  not_le

Hint: Omit it from the simp argument list.
  [apply] simp only [not_lt] at h ⊢

Note: This linter can be disabled with `set_option linter.unusedSimpArgs false`
SunPrize\Certificate\Theory005.lean:138:56: warning: This simp argument is unused:
  not_le

Hint: Omit it from the simp argument list.
  [apply] simp only [not_lt] at h ⊢

Note: This linter can be disabled with `set_option linter.unusedSimpArgs false`
SunPrize\Certificate\Theory005.lean:140:56: warning: This simp argument is unused:
  not_le

Hint: Omit it from the simp argument list.
  [apply] simp only [not_lt] at h ⊢

Note: This linter can be disabled with `set_option linter.unusedSimpArgs false`
SunPrize\Certificate\Theory005.lean:142:56: warning: This simp argument is unused:
  not_le

Hint: Omit it from the simp argument list.
  [apply] simp only [not_lt] at h ⊢

Note: This linter can be disabled with `set_option linter.unusedSimpArgs false`
SunPrize\Certificate\Theory005.lean:144:56: warning: This simp argument is unused:
  not_le

Hint: Omit it from the simp argument list.
  [apply] simp only [not_lt] at h ⊢

Note: This linter can be disabled with `set_option linter.unusedSimpArgs false`
SunPrize\Certificate\Theory005.lean:146:56: warning: This simp argument is unused:
  not_le

Hint: Omit it from the simp argument list.
  [apply] simp only [not_lt] at h ⊢

Note: This linter can be disabled with `set_option linter.unusedSimpArgs false`
SunPrize\Certificate\Theory005.lean:148:56: warning: This simp argument is unused:
  not_le

Hint: Omit it from the simp argument list.
  [apply] simp only [not_lt] at h ⊢

Note: This linter can be disabled with `set_option linter.unusedSimpArgs false`
SunPrize\Certificate\Theory005.lean:150:56: warning: This simp argument is unused:
  not_le

Hint: Omit it from the simp argument list.
  [apply] simp only [not_lt] at h ⊢

Note: This linter can be disabled with `set_option linter.unusedSimpArgs false`
SunPrize\Certificate\Theory005.lean:114:32: warning: Unused tactic linter: `(try simp only [not_lt, not_le] at h ⊢)` does nothing

Note: This linter can be disabled with `set_option linter.unusedTactic false`
SunPrize\Certificate\Theory005.lean:116:32: warning: Unused tactic linter: `(try simp only [not_lt, not_le] at h ⊢)` does nothing

Note: This linter can be disabled with `set_option linter.unusedTactic false`
SunPrize\Certificate\Theory005.lean:118:32: warning: Unused tactic linter: `(try simp only [not_lt, not_le] at h ⊢)` does nothing

Note: This linter can be disabled with `set_option linter.unusedTactic false`
SunPrize\Certificate\Theory005.lean:124:32: warning: Unused tactic linter: `(try simp only [not_lt, not_le] at h ⊢)` does nothing

Note: This linter can be disabled with `set_option linter.unusedTactic false`
SunPrize\Certificate\Theory005.lean:126:32: warning: Unused tactic linter: `(try simp only [not_lt, not_le] at h ⊢)` does nothing

Note: This linter can be disabled with `set_option linter.unusedTactic false`
SunPrize\Certificate\Theory005.lean:132:32: warning: Unused tactic linter: `(try simp only [not_lt, not_le] at h ⊢)` does nothing

Note: This linter can be disabled with `set_option linter.unusedTactic false`
SunPrize\Certificate\Theory005.lean:152:2: warning: Unused tactic linter: `all_goals clear e0 e1 e2 e3 e4 e5 e6 e7 e8 e9 e10 e11 e12 e13 e14 e15 e16 e17 e18` does nothing

Note: This linter can be disabled with `set_option linter.unusedTactic false`
SunPrize\Certificate\Theory005.lean:153:2: warning: Unused tactic linter: `all_goals tauto` does nothing

Note: This linter can be disabled with `set_option linter.unusedTactic false`
SunPrize\Certificate\Theory005.lean:152:12: warning: this tactic is never executed

Note: This linter can be disabled with `set_option linter.unreachableTactic false`
SunPrize\Certificate\Theory005.lean:153:12: warning: this tactic is never executed

Note: This linter can be disabled with `set_option linter.unreachableTactic false`
SunPrize\Certificate\Theory005.lean:171:56: warning: This simp argument is unused:
  not_le

Hint: Omit it from the simp argument list.
  [apply] simp only [not_lt] at h ⊢

Note: This linter can be disabled with `set_option linter.unusedSimpArgs false`
SunPrize\Certificate\Theory005.lean:173:56: warning: This simp argument is unused:
  not_le

Hint: Omit it from the simp argument list.
  [apply] simp only [not_lt] at h ⊢

Note: This linter can be disabled with `set_option linter.unusedSimpArgs false`
SunPrize\Certificate\Theory005.lean:179:56: warning: This simp argument is unused:
  not_le

Hint: Omit it from the simp argument list.
  [apply] simp only [not_lt] at h ⊢

Note: This linter can be disabled with `set_option linter.unusedSimpArgs false`
SunPrize\Certificate\Theory005.lean:181:56: warning: This simp argument is unused:
  not_le

Hint: Omit it from the simp argument list.
  [apply] simp only [not_lt] at h ⊢

Note: This linter can be disabled with `set_option linter.unusedSimpArgs false`
SunPrize\Certificate\Theory005.lean:185:56: warning: This simp argument is unused:
  not_le

Hint: Omit it from the simp argument list.
  [apply] simp only [not_lt] at h ⊢

Note: This linter can be disabled with `set_option linter.unusedSimpArgs false`
SunPrize\Certificate\Theory005.lean:187:56: warning: This simp argument is unused:
  not_le

Hint: Omit it from the simp argument list.
  [apply] simp only [not_lt] at h ⊢

Note: This linter can be disabled with `set_option linter.unusedSimpArgs false`
SunPrize\Certificate\Theory005.lean:189:56: warning: This simp argument is unused:
  not_le

Hint: Omit it from the simp argument list.
  [apply] simp only [not_lt] at h ⊢

Note: This linter can be disabled with `set_option linter.unusedSimpArgs false`
SunPrize\Certificate\Theory005.lean:191:56: warning: This simp argument is unused:
  not_le

Hint: Omit it from the simp argument list.
  [apply] simp only [not_lt] at h ⊢

Note: This linter can be disabled with `set_option linter.unusedSimpArgs false`
SunPrize\Certificate\Theory005.lean:193:56: warning: This simp argument is unused:
  not_le

Hint: Omit it from the simp argument list.
  [apply] simp only [not_lt] at h ⊢

Note: This linter can be disabled with `set_option linter.unusedSimpArgs false`
SunPrize\Certificate\Theory005.lean:195:56: warning: This simp argument is unused:
  not_le

Hint: Omit it from the simp argument list.
  [apply] simp only [not_lt] at h ⊢

Note: This linter can be disabled with `set_option linter.unusedSimpArgs false`
SunPrize\Certificate\Theory005.lean:197:56: warning: This simp argument is unused:
  not_le

Hint: Omit it from the simp argument list.
  [apply] simp only [not_lt] at h ⊢

Note: This linter can be disabled with `set_option linter.unusedSimpArgs false`
SunPrize\Certificate\Theory005.lean:199:56: warning: This simp argument is unused:
  not_le

Hint: Omit it from the simp argument list.
  [apply] simp only [not_lt] at h ⊢

Note: This linter can be disabled with `set_option linter.unusedSimpArgs false`
SunPrize\Certificate\Theory005.lean:201:56: warning: This simp argument is unused:
  not_le

Hint: Omit it from the simp argument list.
  [apply] simp only [not_lt] at h ⊢

Note: This linter can be disabled with `set_option linter.unusedSimpArgs false`
SunPrize\Certificate\Theory005.lean:165:32: warning: Unused tactic linter: `(try simp only [not_lt, not_le] at h ⊢)` does nothing

Note: This linter can be disabled with `set_option linter.unusedTactic false`
SunPrize\Certificate\Theory005.lean:167:32: warning: Unused tactic linter: `(try simp only [not_lt, not_le] at h ⊢)` does nothing

Note: This linter can be disabled with `set_option linter.unusedTactic false`
SunPrize\Certificate\Theory005.lean:169:32: warning: Unused tactic linter: `(try simp only [not_lt, not_le] at h ⊢)` does nothing

Note: This linter can be disabled with `set_option linter.unusedTactic false`
SunPrize\Certificate\Theory005.lean:175:32: warning: Unused tactic linter: `(try simp only [not_lt, not_le] at h ⊢)` does nothing

Note: This linter can be disabled with `set_option linter.unusedTactic false`
SunPrize\Certificate\Theory005.lean:177:32: warning: Unused tactic linter: `(try simp only [not_lt, not_le] at h ⊢)` does nothing

Note: This linter can be disabled with `set_option linter.unusedTactic false`
SunPrize\Certificate\Theory005.lean:183:32: warning: Unused tactic linter: `(try simp only [not_lt, not_le] at h ⊢)` does nothing

Note: This linter can be disabled with `set_option linter.unusedTactic false`
SunPrize\Certificate\Theory005.lean:203:2: warning: Unused tactic linter: `all_goals clear e0 e1 e2 e3 e4 e5 e6 e7 e8 e9 e10 e11 e12 e13 e14 e15 e16 e17 e18` does nothing

Note: This linter can be disabled with `set_option linter.unusedTactic false`
SunPrize\Certificate\Theory005.lean:204:2: warning: Unused tactic linter: `all_goals tauto` does nothing

Note: This linter can be disabled with `set_option linter.unusedTactic false`
SunPrize\Certificate\Theory005.lean:203:12: warning: this tactic is never executed

Note: This linter can be disabled with `set_option linter.unreachableTactic false`
SunPrize\Certificate\Theory005.lean:204:12: warning: this tactic is never executed

Note: This linter can be disabled with `set_option linter.unreachableTactic false`
SunPrize\Certificate\Theory005.lean:215:56: warning: This simp argument is unused:
  not_le

Hint: Omit it from the simp argument list.
  [apply] simp only [not_lt] at h ⊢

Note: This linter can be disabled with `set_option linter.unusedSimpArgs false`
SunPrize\Certificate\Theory005.lean:217:56: warning: This simp argument is unused:
  not_le

Hint: Omit it from the simp argument list.
  [apply] simp only [not_lt] at h ⊢

Note: This linter can be disabled with `set_option linter.unusedSimpArgs false`
SunPrize\Certificate\Theory005.lean:223:56: warning: This simp argument is unused:
  not_le

Hint: Omit it from the simp argument list.
  [apply] simp only [not_lt] at h ⊢

Note: This linter can be disabled with `set_option linter.unusedSimpArgs false`
SunPrize\Certificate\Theory005.lean:225:56: warning: This simp argument is unused:
  not_le

Hint: Omit it from the simp argument list.
  [apply] simp only [not_lt] at h ⊢

Note: This linter can be disabled with `set_option linter.unusedSimpArgs false`
SunPrize\Certificate\Theory005.lean:229:56: warning: This simp argument is unused:
  not_le

Hint: Omit it from the simp argument list.
  [apply] simp only [not_lt] at h ⊢

Note: This linter can be disabled with `set_option linter.unusedSimpArgs false`
SunPrize\Certificate\Theory005.lean:231:56: warning: This simp argument is unused:
  not_le

Hint: Omit it from the simp argument list.
  [apply] simp only [not_lt] at h ⊢

Note: This linter can be disabled with `set_option linter.unusedSimpArgs false`
SunPrize\Certificate\Theory005.lean:233:56: warning: This simp argument is unused:
  not_le

Hint: Omit it from the simp argument list.
  [apply] simp only [not_lt] at h ⊢

Note: This linter can be disabled with `set_option linter.unusedSimpArgs false`
SunPrize\Certificate\Theory005.lean:235:56: warning: This simp argument is unused:
  not_le

Hint: Omit it from the simp argument list.
  [apply] simp only [not_lt] at h ⊢

Note: This linter can be disabled with `set_option linter.unusedSimpArgs false`
SunPrize\Certificate\Theory005.lean:237:56: warning: This simp argument is unused:
  not_le

Hint: Omit it from the simp argument list.
  [apply] simp only [not_lt] at h ⊢

Note: This linter can be disabled with `set_option linter.unusedSimpArgs false`
SunPrize\Certificate\Theory005.lean:239:56: warning: This simp argument is unused:
  not_le

Hint: Omit it from the simp argument list.
  [apply] simp only [not_lt] at h ⊢

Note: This linter can be disabled with `set_option linter.unusedSimpArgs false`
SunPrize\Certificate\Theory005.lean:241:56: warning: This simp argument is unused:
  not_le

Hint: Omit it from the simp argument list.
  [apply] simp only [not_lt] at h ⊢

Note: This linter can be disabled with `set_option linter.unusedSimpArgs false`
SunPrize\Certificate\Theory005.lean:243:56: warning: This simp argument is unused:
  not_le

Hint: Omit it from the simp argument list.
  [apply] simp only [not_lt] at h ⊢

Note: This linter can be disabled with `set_option linter.unusedSimpArgs false`
SunPrize\Certificate\Theory005.lean:245:56: warning: This simp argument is unused:
  not_le

Hint: Omit it from the simp argument list.
  [apply] simp only [not_lt] at h ⊢

Note: This linter can be disabled with `set_option linter.unusedSimpArgs false`
SunPrize\Certificate\Theory005.lean:209:32: warning: Unused tactic linter: `(try simp only [not_lt, not_le] at h ⊢)` does nothing

Note: This linter can be disabled with `set_option linter.unusedTactic false`
SunPrize\Certificate\Theory005.lean:211:32: warning: Unused tactic linter: `(try simp only [not_lt, not_le] at h ⊢)` does nothing

Note: This linter can be disabled with `set_option linter.unusedTactic false`
SunPrize\Certificate\Theory005.lean:213:32: warning: Unused tactic linter: `(try simp only [not_lt, not_le] at h ⊢)` does nothing

Note: This linter can be disabled with `set_option linter.unusedTactic false`
SunPrize\Certificate\Theory005.lean:219:32: warning: Unused tactic linter: `(try simp only [not_lt, not_le] at h ⊢)` does nothing

Note: This linter can be disabled with `set_option linter.unusedTactic false`
SunPrize\Certificate\Theory005.lean:221:32: warning: Unused tactic linter: `(try simp only [not_lt, not_le] at h ⊢)` does nothing

Note: This linter can be disabled with `set_option linter.unusedTactic false`
SunPrize\Certificate\Theory005.lean:227:32: warning: Unused tactic linter: `(try simp only [not_lt, not_le] at h ⊢)` does nothing

Note: This linter can be disabled with `set_option linter.unusedTactic false`
SunPrize\Certificate\Theory005.lean:247:2: warning: Unused tactic linter: `all_goals clear e0 e1 e2 e3 e4 e5 e6 e7 e8 e9 e10 e11 e12 e13 e14 e15 e16 e17 e18` does nothing

Note: This linter can be disabled with `set_option linter.unusedTactic false`
SunPrize\Certificate\Theory005.lean:248:2: warning: Unused tactic linter: `all_goals tauto` does nothing

Note: This linter can be disabled with `set_option linter.unusedTactic false`
SunPrize\Certificate\Theory005.lean:247:12: warning: this tactic is never executed

Note: This linter can be disabled with `set_option linter.unreachableTactic false`
SunPrize\Certificate\Theory005.lean:248:12: warning: this tactic is never executed

Note: This linter can be disabled with `set_option linter.unreachableTactic false`
SunPrize\Certificate\Theory005.lean:297:56: warning: This simp argument is unused:
  not_le

Hint: Omit it from the simp argument list.
  [apply] simp only [not_lt] at h ⊢

Note: This linter can be disabled with `set_option linter.unusedSimpArgs false`
SunPrize\Certificate\Theory005.lean:299:56: warning: This simp argument is unused:
  not_le

Hint: Omit it from the simp argument list.
  [apply] simp only [not_lt] at h ⊢

Note: This linter can be disabled with `set_option linter.unusedSimpArgs false`
SunPrize\Certificate\Theory005.lean:301:56: warning: This simp argument is unused:
  not_le

Hint: Omit it from the simp argument list.
  [apply] simp only [not_lt] at h ⊢

Note: This linter can be disabled with `set_option linter.unusedSimpArgs false`
SunPrize\Certificate\Theory005.lean:303:56: warning: This simp argument is unused:
  not_le

Hint: Omit it from the simp argument list.
  [apply] simp only [not_lt] at h ⊢

Note: This linter can be disabled with `set_option linter.unusedSimpArgs false`
SunPrize\Certificate\Theory005.lean:305:56: warning: This simp argument is unused:
  not_le

Hint: Omit it from the simp argument list.
  [apply] simp only [not_lt] at h ⊢

Note: This linter can be disabled with `set_option linter.unusedSimpArgs false`
SunPrize\Certificate\Theory005.lean:307:56: warning: This simp argument is unused:
  not_le

Hint: Omit it from the simp argument list.
  [apply] simp only [not_lt] at h ⊢

Note: This linter can be disabled with `set_option linter.unusedSimpArgs false`
SunPrize\Certificate\Theory005.lean:313:56: warning: This simp argument is unused:
  not_le

Hint: Omit it from the simp argument list.
  [apply] simp only [not_lt] at h ⊢

Note: This linter can be disabled with `set_option linter.unusedSimpArgs false`
SunPrize\Certificate\Theory005.lean:315:56: warning: This simp argument is unused:
  not_le

Hint: Omit it from the simp argument list.
  [apply] simp only [not_lt] at h ⊢

Note: This linter can be disabled with `set_option linter.unusedSimpArgs false`
SunPrize\Certificate\Theory005.lean:319:56: warning: This simp argument is unused:
  not_le

Hint: Omit it from the simp argument list.
  [apply] simp only [not_lt] at h ⊢

Note: This linter can be disabled with `set_option linter.unusedSimpArgs false`
SunPrize\Certificate\Theory005.lean:321:56: warning: This simp argument is unused:
  not_le

Hint: Omit it from the simp argument list.
  [apply] simp only [not_lt] at h ⊢

Note: This linter can be disabled with `set_option linter.unusedSimpArgs false`
SunPrize\Certificate\Theory005.lean:323:56: warning: This simp argument is unused:
  not_le

Hint: Omit it from the simp argument list.
  [apply] simp only [not_lt] at h ⊢

Note: This linter can be disabled with `set_option linter.unusedSimpArgs false`
SunPrize\Certificate\Theory005.lean:325:56: warning: This simp argument is unused:
  not_le

Hint: Omit it from the simp argument list.
  [apply] simp only [not_lt] at h ⊢

Note: This linter can be disabled with `set_option linter.unusedSimpArgs false`
SunPrize\Certificate\Theory005.lean:331:56: warning: This simp argument is unused:
  not_le

Hint: Omit it from the simp argument list.
  [apply] simp only [not_lt] at h ⊢

Note: This linter can be disabled with `set_option linter.unusedSimpArgs false`
SunPrize\Certificate\Theory005.lean:295:32: warning: Unused tactic linter: `(try simp only [not_lt, not_le] at h ⊢)` does nothing

Note: This linter can be disabled with `set_option linter.unusedTactic false`
SunPrize\Certificate\Theory005.lean:309:32: warning: Unused tactic linter: `(try simp only [not_lt, not_le] at h ⊢)` does nothing

Note: This linter can be disabled with `set_option linter.unusedTactic false`
SunPrize\Certificate\Theory005.lean:311:32: warning: Unused tactic linter: `(try simp only [not_lt, not_le] at h ⊢)` does nothing

Note: This linter can be disabled with `set_option linter.unusedTactic false`
SunPrize\Certificate\Theory005.lean:317:32: warning: Unused tactic linter: `(try simp only [not_lt, not_le] at h ⊢)` does nothing

Note: This linter can be disabled with `set_option linter.unusedTactic false`
SunPrize\Certificate\Theory005.lean:327:32: warning: Unused tactic linter: `(try simp only [not_lt, not_le] at h ⊢)` does nothing

Note: This linter can be disabled with `set_option linter.unusedTactic false`
SunPrize\Certificate\Theory005.lean:329:32: warning: Unused tactic linter: `(try simp only [not_lt, not_le] at h ⊢)` does nothing

Note: This linter can be disabled with `set_option linter.unusedTactic false`
SunPrize\Certificate\Theory005.lean:333:2: warning: Unused tactic linter: `all_goals clear e0 e1 e2 e3 e4 e5 e6 e7 e8 e9 e10 e11 e12 e13 e14 e15 e16 e17 e18` does nothing

Note: This linter can be disabled with `set_option linter.unusedTactic false`
SunPrize\Certificate\Theory005.lean:334:2: warning: Unused tactic linter: `all_goals tauto` does nothing

Note: This linter can be disabled with `set_option linter.unusedTactic false`
SunPrize\Certificate\Theory005.lean:333:12: warning: this tactic is never executed

Note: This linter can be disabled with `set_option linter.unreachableTactic false`
SunPrize\Certificate\Theory005.lean:334:12: warning: this tactic is never executed

Note: This linter can be disabled with `set_option linter.unreachableTactic false`
SunPrize\Certificate\Theory005.lean:339:56: warning: This simp argument is unused:
  not_le

Hint: Omit it from the simp argument list.
  [apply] simp only [not_lt] at h ⊢

Note: This linter can be disabled with `set_option linter.unusedSimpArgs false`
SunPrize\Certificate\Theory005.lean:341:56: warning: This simp argument is unused:
  not_le

Hint: Omit it from the simp argument list.
  [apply] simp only [not_lt] at h ⊢

Note: This linter can be disabled with `set_option linter.unusedSimpArgs false`
SunPrize\Certificate\Theory005.lean:343:56: warning: This simp argument is unused:
  not_le

Hint: Omit it from the simp argument list.
  [apply] simp only [not_lt] at h ⊢

Note: This linter can be disabled with `set_option linter.unusedSimpArgs false`
SunPrize\Certificate\Theory005.lean:345:56: warning: This simp argument is unused:
  not_le

Hint: Omit it from the simp argument list.
  [apply] simp only [not_lt] at h ⊢

Note: This linter can be disabled with `set_option linter.unusedSimpArgs false`
SunPrize\Certificate\Theory005.lean:347:56: warning: This simp argument is unused:
  not_le

Hint: Omit it from the simp argument list.
  [apply] simp only [not_lt] at h ⊢

Note: This linter can be disabled with `set_option linter.unusedSimpArgs false`
SunPrize\Certificate\Theory005.lean:353:56: warning: This simp argument is unused:
  not_le

Hint: Omit it from the simp argument list.
  [apply] simp only [not_lt] at h ⊢

Note: This linter can be disabled with `set_option linter.unusedSimpArgs false`
SunPrize\Certificate\Theory005.lean:355:56: warning: This simp argument is unused:
  not_le

Hint: Omit it from the simp argument list.
  [apply] simp only [not_lt] at h ⊢

Note: This linter can be disabled with `set_option linter.unusedSimpArgs false`
SunPrize\Certificate\Theory005.lean:359:56: warning: This simp argument is unused:
  not_le

Hint: Omit it from the simp argument list.
  [apply] simp only [not_lt] at h ⊢

Note: This linter can be disabled with `set_option linter.unusedSimpArgs false`
SunPrize\Certificate\Theory005.lean:361:56: warning: This simp argument is unused:
  not_le

Hint: Omit it from the simp argument list.
  [apply] simp only [not_lt] at h ⊢

Note: This linter can be disabled with `set_option linter.unusedSimpArgs false`
SunPrize\Certificate\Theory005.lean:363:56: warning: This simp argument is unused:
  not_le

Hint: Omit it from the simp argument list.
  [apply] simp only [not_lt] at h ⊢

Note: This linter can be disabled with `set_option linter.unusedSimpArgs false`
SunPrize\Certificate\Theory005.lean:365:56: warning: This simp argument is unused:
  not_le

Hint: Omit it from the simp argument list.
  [apply] simp only [not_lt] at h ⊢

Note: This linter can be disabled with `set_option linter.unusedSimpArgs false`
SunPrize\Certificate\Theory005.lean:373:56: warning: This simp argument is unused:
  not_le

Hint: Omit it from the simp argument list.
  [apply] simp only [not_lt] at h ⊢

Note: This linter can be disabled with `set_option linter.unusedSimpArgs false`
SunPrize\Certificate\Theory005.lean:375:56: warning: This simp argument is unused:
  not_le

Hint: Omit it from the simp argument list.
  [apply] simp only [not_lt] at h ⊢

Note: This linter can be disabled with `set_option linter.unusedSimpArgs false`
SunPrize\Certificate\Theory005.lean:349:32: warning: Unused tactic linter: `(try simp only [not_lt, not_le] at h ⊢)` does nothing

Note: This linter can be disabled with `set_option linter.unusedTactic false`
SunPrize\Certificate\Theory005.lean:351:32: warning: Unused tactic linter: `(try simp only [not_lt, not_le] at h ⊢)` does nothing

Note: This linter can be disabled with `set_option linter.unusedTactic false`
SunPrize\Certificate\Theory005.lean:357:32: warning: Unused tactic linter: `(try simp only [not_lt, not_le] at h ⊢)` does nothing

Note: This linter can be disabled with `set_option linter.unusedTactic false`
SunPrize\Certificate\Theory005.lean:367:32: warning: Unused tactic linter: `(try simp only [not_lt, not_le] at h ⊢)` does nothing

Note: This linter can be disabled with `set_option linter.unusedTactic false`
SunPrize\Certificate\Theory005.lean:369:32: warning: Unused tactic linter: `(try simp only [not_lt, not_le] at h ⊢)` does nothing

Note: This linter can be disabled with `set_option linter.unusedTactic false`
SunPrize\Certificate\Theory005.lean:371:32: warning: Unused tactic linter: `(try simp only [not_lt, not_le] at h ⊢)` does nothing

Note: This linter can be disabled with `set_option linter.unusedTactic false`
SunPrize\Certificate\Theory005.lean:377:2: warning: Unused tactic linter: `all_goals clear e0 e1 e2 e3 e4 e5 e6 e7 e8 e9 e10 e11 e12 e13 e14 e15 e16 e17 e18` does nothing

Note: This linter can be disabled with `set_option linter.unusedTactic false`
SunPrize\Certificate\Theory005.lean:378:2: warning: Unused tactic linter: `all_goals tauto` does nothing

Note: This linter can be disabled with `set_option linter.unusedTactic false`
SunPrize\Certificate\Theory005.lean:377:12: warning: this tactic is never executed

Note: This linter can be disabled with `set_option linter.unreachableTactic false`
SunPrize\Certificate\Theory005.lean:378:12: warning: this tactic is never executed

Note: This linter can be disabled with `set_option linter.unreachableTactic false`
SunPrize\Certificate\Theory005.lean:389:56: warning: This simp argument is unused:
  not_le

Hint: Omit it from the simp argument list.
  [apply] simp only [not_lt] at h ⊢

Note: This linter can be disabled with `set_option linter.unusedSimpArgs false`
SunPrize\Certificate\Theory005.lean:391:56: warning: This simp argument is unused:
  not_le

Hint: Omit it from the simp argument list.
  [apply] simp only [not_lt] at h ⊢

Note: This linter can be disabled with `set_option linter.unusedSimpArgs false`
SunPrize\Certificate\Theory005.lean:397:56: warning: This simp argument is unused:
  not_le

Hint: Omit it from the simp argument list.
  [apply] simp only [not_lt] at h ⊢

Note: This linter can be disabled with `set_option linter.unusedSimpArgs false`
SunPrize\Certificate\Theory005.lean:399:56: warning: This simp argument is unused:
  not_le

Hint: Omit it from the simp argument list.
  [apply] simp only [not_lt] at h ⊢

Note: This linter can be disabled with `set_option linter.unusedSimpArgs false`
SunPrize\Certificate\Theory005.lean:403:56: warning: This simp argument is unused:
  not_le

Hint: Omit it from the simp argument list.
  [apply] simp only [not_lt] at h ⊢

Note: This linter can be disabled with `set_option linter.unusedSimpArgs false`
SunPrize\Certificate\Theory005.lean:405:56: warning: This simp argument is unused:
  not_le

Hint: Omit it from the simp argument list.
  [apply] simp only [not_lt] at h ⊢

Note: This linter can be disabled with `set_option linter.unusedSimpArgs false`
SunPrize\Certificate\Theory005.lean:407:56: warning: This simp argument is unused:
  not_le

Hint: Omit it from the simp argument list.
  [apply] simp only [not_lt] at h ⊢

Note: This linter can be disabled with `set_option linter.unusedSimpArgs false`
SunPrize\Certificate\Theory005.lean:409:56: warning: This simp argument is unused:
  not_le

Hint: Omit it from the simp argument list.
  [apply] simp only [not_lt] at h ⊢

Note: This linter can be disabled with `set_option linter.unusedSimpArgs false`
SunPrize\Certificate\Theory005.lean:411:56: warning: This simp argument is unused:
  not_le

Hint: Omit it from the simp argument list.
  [apply] simp only [not_lt] at h ⊢

Note: This linter can be disabled with `set_option linter.unusedSimpArgs false`
SunPrize\Certificate\Theory005.lean:413:56: warning: This simp argument is unused:
  not_le

Hint: Omit it from the simp argument list.
  [apply] simp only [not_lt] at h ⊢

Note: This linter can be disabled with `set_option linter.unusedSimpArgs false`
SunPrize\Certificate\Theory005.lean:415:56: warning: This simp argument is unused:
  not_le

Hint: Omit it from the simp argument list.
  [apply] simp only [not_lt] at h ⊢

Note: This linter can be disabled with `set_option linter.unusedSimpArgs false`
SunPrize\Certificate\Theory005.lean:417:56: warning: This simp argument is unused:
  not_le

Hint: Omit it from the simp argument list.
  [apply] simp only [not_lt] at h ⊢

Note: This linter can be disabled with `set_option linter.unusedSimpArgs false`
SunPrize\Certificate\Theory005.lean:419:56: warning: This simp argument is unused:
  not_le

Hint: Omit it from the simp argument list.
  [apply] simp only [not_lt] at h ⊢

Note: This linter can be disabled with `set_option linter.unusedSimpArgs false`
SunPrize\Certificate\Theory005.lean:383:32: warning: Unused tactic linter: `(try simp only [not_lt, not_le] at h ⊢)` does nothing

Note: This linter can be disabled with `set_option linter.unusedTactic false`
SunPrize\Certificate\Theory005.lean:385:32: warning: Unused tactic linter: `(try simp only [not_lt, not_le] at h ⊢)` does nothing

Note: This linter can be disabled with `set_option linter.unusedTactic false`
SunPrize\Certificate\Theory005.lean:387:32: warning: Unused tactic linter: `(try simp only [not_lt, not_le] at h ⊢)` does nothing

Note: This linter can be disabled with `set_option linter.unusedTactic false`
SunPrize\Certificate\Theory005.lean:393:32: warning: Unused tactic linter: `(try simp only [not_lt, not_le] at h ⊢)` does nothing

Note: This linter can be disabled with `set_option linter.unusedTactic false`
SunPrize\Certificate\Theory005.lean:395:32: warning: Unused tactic linter: `(try simp only [not_lt, not_le] at h ⊢)` does nothing

Note: This linter can be disabled with `set_option linter.unusedTactic false`
SunPrize\Certificate\Theory005.lean:401:32: warning: Unused tactic linter: `(try simp only [not_lt, not_le] at h ⊢)` does nothing

Note: This linter can be disabled with `set_option linter.unusedTactic false`
SunPrize\Certificate\Theory005.lean:421:2: warning: Unused tactic linter: `all_goals clear e0 e1 e2 e3 e4 e5 e6 e7 e8 e9 e10 e11 e12 e13 e14 e15 e16 e17 e18` does nothing

Note: This linter can be disabled with `set_option linter.unusedTactic false`
SunPrize\Certificate\Theory005.lean:422:2: warning: Unused tactic linter: `all_goals tauto` does nothing

Note: This linter can be disabled with `set_option linter.unusedTactic false`
SunPrize\Certificate\Theory005.lean:421:12: warning: this tactic is never executed

Note: This linter can be disabled with `set_option linter.unreachableTactic false`
SunPrize\Certificate\Theory005.lean:422:12: warning: this tactic is never executed

Note: This linter can be disabled with `set_option linter.unreachableTactic false`
SunPrize\Certificate\Theory005.lean:450:56: warning: This simp argument is unused:
  not_le

Hint: Omit it from the simp argument list.
  [apply] simp only [not_lt] at h ⊢

Note: This linter can be disabled with `set_option linter.unusedSimpArgs false`
SunPrize\Certificate\Theory005.lean:452:56: warning: This simp argument is unused:
  not_le

Hint: Omit it from the simp argument list.
  [apply] simp only [not_lt] at h ⊢

Note: This linter can be disabled with `set_option linter.unusedSimpArgs false`
SunPrize\Certificate\Theory005.lean:454:56: warning: This simp argument is unused:
  not_le

Hint: Omit it from the simp argument list.
  [apply] simp only [not_lt] at h ⊢

Note: This linter can be disabled with `set_option linter.unusedSimpArgs false`
SunPrize\Certificate\Theory005.lean:456:56: warning: This simp argument is unused:
  not_le

Hint: Omit it from the simp argument list.
  [apply] simp only [not_lt] at h ⊢

Note: This linter can be disabled with `set_option linter.unusedSimpArgs false`
SunPrize\Certificate\Theory005.lean:458:56: warning: This simp argument is unused:
  not_le

Hint: Omit it from the simp argument list.
  [apply] simp only [not_lt] at h ⊢

Note: This linter can be disabled with `set_option linter.unusedSimpArgs false`
SunPrize\Certificate\Theory005.lean:464:56: warning: This simp argument is unused:
  not_le

Hint: Omit it from the simp argument list.
  [apply] simp only [not_lt] at h ⊢

Note: This linter can be disabled with `set_option linter.unusedSimpArgs false`
SunPrize\Certificate\Theory005.lean:466:56: warning: This simp argument is unused:
  not_le

Hint: Omit it from the simp argument list.
  [apply] simp only [not_lt] at h ⊢

Note: This linter can be disabled with `set_option linter.unusedSimpArgs false`
SunPrize\Certificate\Theory005.lean:470:56: warning: This simp argument is unused:
  not_le

Hint: Omit it from the simp argument list.
  [apply] simp only [not_lt] at h ⊢

Note: This linter can be disabled with `set_option linter.unusedSimpArgs false`
SunPrize\Certificate\Theory005.lean:472:56: warning: This simp argument is unused:
  not_le

Hint: Omit it from the simp argument list.
  [apply] simp only [not_lt] at h ⊢

Note: This linter can be disabled with `set_option linter.unusedSimpArgs false`
SunPrize\Certificate\Theory005.lean:474:56: warning: This simp argument is unused:
  not_le

Hint: Omit it from the simp argument list.
  [apply] simp only [not_lt] at h ⊢

Note: This linter can be disabled with `set_option linter.unusedSimpArgs false`
SunPrize\Certificate\Theory005.lean:476:56: warning: This simp argument is unused:
  not_le

Hint: Omit it from the simp argument list.
  [apply] simp only [not_lt] at h ⊢

Note: This linter can be disabled with `set_option linter.unusedSimpArgs false`
SunPrize\Certificate\Theory005.lean:482:56: warning: This simp argument is unused:
  not_le

Hint: Omit it from the simp argument list.
  [apply] simp only [not_lt] at h ⊢

Note: This linter can be disabled with `set_option linter.unusedSimpArgs false`
SunPrize\Certificate\Theory005.lean:484:56: warning: This simp argument is unused:
  not_le

Hint: Omit it from the simp argument list.
  [apply] simp only [not_lt] at h ⊢

Note: This linter can be disabled with `set_option linter.unusedSimpArgs false`
SunPrize\Certificate\Theory005.lean:448:32: warning: Unused tactic linter: `(try simp only [not_lt, not_le] at h ⊢)` does nothing

Note: This linter can be disabled with `set_option linter.unusedTactic false`
SunPrize\Certificate\Theory005.lean:460:32: warning: Unused tactic linter: `(try simp only [not_lt, not_le] at h ⊢)` does nothing

Note: This linter can be disabled with `set_option linter.unusedTactic false`
SunPrize\Certificate\Theory005.lean:462:32: warning: Unused tactic linter: `(try simp only [not_lt, not_le] at h ⊢)` does nothing

Note: This linter can be disabled with `set_option linter.unusedTactic false`
SunPrize\Certificate\Theory005.lean:468:32: warning: Unused tactic linter: `(try simp only [not_lt, not_le] at h ⊢)` does nothing

Note: This linter can be disabled with `set_option linter.unusedTactic false`
SunPrize\Certificate\Theory005.lean:478:32: warning: Unused tactic linter: `(try simp only [not_lt, not_le] at h ⊢)` does nothing

Note: This linter can be disabled with `set_option linter.unusedTactic false`
SunPrize\Certificate\Theory005.lean:480:32: warning: Unused tactic linter: `(try simp only [not_lt, not_le] at h ⊢)` does nothing

Note: This linter can be disabled with `set_option linter.unusedTactic false`
SunPrize\Certificate\Theory005.lean:486:2: warning: Unused tactic linter: `all_goals clear e0 e1 e2 e3 e4 e5 e6 e7 e8 e9 e10 e11 e12 e13 e14 e15 e16 e17 e18` does nothing

Note: This linter can be disabled with `set_option linter.unusedTactic false`
SunPrize\Certificate\Theory005.lean:487:2: warning: Unused tactic linter: `all_goals tauto` does nothing

Note: This linter can be disabled with `set_option linter.unusedTactic false`
SunPrize\Certificate\Theory005.lean:486:12: warning: this tactic is never executed

Note: This linter can be disabled with `set_option linter.unreachableTactic false`
SunPrize\Certificate\Theory005.lean:487:12: warning: this tactic is never executed

Note: This linter can be disabled with `set_option linter.unreachableTactic false`
SunPrize\Certificate\Theory005.lean:506:56: warning: This simp argument is unused:
  not_le

Hint: Omit it from the simp argument list.
  [apply] simp only [not_lt] at h ⊢

Note: This linter can be disabled with `set_option linter.unusedSimpArgs false`
SunPrize\Certificate\Theory005.lean:512:56: warning: This simp argument is unused:
  not_le

Hint: Omit it from the simp argument list.
  [apply] simp only [not_lt] at h ⊢

Note: This linter can be disabled with `set_option linter.unusedSimpArgs false`
SunPrize\Certificate\Theory005.lean:514:56: warning: This simp argument is unused:
  not_le

Hint: Omit it from the simp argument list.
  [apply] simp only [not_lt] at h ⊢

Note: This linter can be disabled with `set_option linter.unusedSimpArgs false`
SunPrize\Certificate\Theory005.lean:518:56: warning: This simp argument is unused:
  not_le

Hint: Omit it from the simp argument list.
  [apply] simp only [not_lt] at h ⊢

Note: This linter can be disabled with `set_option linter.unusedSimpArgs false`
SunPrize\Certificate\Theory005.lean:520:56: warning: This simp argument is unused:
  not_le

Hint: Omit it from the simp argument list.
  [apply] simp only [not_lt] at h ⊢

Note: This linter can be disabled with `set_option linter.unusedSimpArgs false`
SunPrize\Certificate\Theory005.lean:522:56: warning: This simp argument is unused:
  not_le

Hint: Omit it from the simp argument list.
  [apply] simp only [not_lt] at h ⊢

Note: This linter can be disabled with `set_option linter.unusedSimpArgs false`
SunPrize\Certificate\Theory005.lean:524:56: warning: This simp argument is unused:
  not_le

Hint: Omit it from the simp argument list.
  [apply] simp only [not_lt] at h ⊢

Note: This linter can be disabled with `set_option linter.unusedSimpArgs false`
SunPrize\Certificate\Theory005.lean:526:56: warning: This simp argument is unused:
  not_le

Hint: Omit it from the simp argument list.
  [apply] simp only [not_lt] at h ⊢

Note: This linter can be disabled with `set_option linter.unusedSimpArgs false`
SunPrize\Certificate\Theory005.lean:534:56: warning: This simp argument is unused:
  not_le

Hint: Omit it from the simp argument list.
  [apply] simp only [not_lt] at h ⊢

Note: This linter can be disabled with `set_option linter.unusedSimpArgs false`
SunPrize\Certificate\Theory005.lean:536:56: warning: This simp argument is unused:
  not_le

Hint: Omit it from the simp argument list.
  [apply] simp only [not_lt] at h ⊢

Note: This linter can be disabled with `set_option linter.unusedSimpArgs false`
SunPrize\Certificate\Theory005.lean:538:56: warning: This simp argument is unused:
  not_le

Hint: Omit it from the simp argument list.
  [apply] simp only [not_lt] at h ⊢

Note: This linter can be disabled with `set_option linter.unusedSimpArgs false`
SunPrize\Certificate\Theory005.lean:540:56: warning: This simp argument is unused:
  not_le

Hint: Omit it from the simp argument list.
  [apply] simp only [not_lt] at h ⊢

Note: This linter can be disabled with `set_option linter.unusedSimpArgs false`
SunPrize\Certificate\Theory005.lean:542:56: warning: This simp argument is unused:
  not_le

Hint: Omit it from the simp argument list.
  [apply] simp only [not_lt] at h ⊢

Note: This linter can be disabled with `set_option linter.unusedSimpArgs false`
SunPrize\Certificate\Theory005.lean:508:32: warning: Unused tactic linter: `(try simp only [not_lt, not_le] at h ⊢)` does nothing

Note: This linter can be disabled with `set_option linter.unusedTactic false`
SunPrize\Certificate\Theory005.lean:510:32: warning: Unused tactic linter: `(try simp only [not_lt, not_le] at h ⊢)` does nothing

Note: This linter can be disabled with `set_option linter.unusedTactic false`
SunPrize\Certificate\Theory005.lean:516:32: warning: Unused tactic linter: `(try simp only [not_lt, not_le] at h ⊢)` does nothing

Note: This linter can be disabled with `set_option linter.unusedTactic false`
SunPrize\Certificate\Theory005.lean:528:32: warning: Unused tactic linter: `(try simp only [not_lt, not_le] at h ⊢)` does nothing

Note: This linter can be disabled with `set_option linter.unusedTactic false`
SunPrize\Certificate\Theory005.lean:530:32: warning: Unused tactic linter: `(try simp only [not_lt, not_le] at h ⊢)` does nothing

Note: This linter can be disabled with `set_option linter.unusedTactic false`
SunPrize\Certificate\Theory005.lean:532:32: warning: Unused tactic linter: `(try simp only [not_lt, not_le] at h ⊢)` does nothing

Note: This linter can be disabled with `set_option linter.unusedTactic false`
SunPrize\Certificate\Theory005.lean:544:2: warning: Unused tactic linter: `all_goals clear e0 e1 e2 e3 e4 e5 e6 e7 e8 e9 e10 e11 e12 e13 e14 e15 e16 e17 e18` does nothing

Note: This linter can be disabled with `set_option linter.unusedTactic false`
SunPrize\Certificate\Theory005.lean:545:2: warning: Unused tactic linter: `all_goals tauto` does nothing

Note: This linter can be disabled with `set_option linter.unusedTactic false`
SunPrize\Certificate\Theory005.lean:544:12: warning: this tactic is never executed

Note: This linter can be disabled with `set_option linter.unreachableTactic false`
SunPrize\Certificate\Theory005.lean:545:12: warning: this tactic is never executed

Note: This linter can be disabled with `set_option linter.unreachableTactic false`
SunPrize\Certificate\Theory005.lean:577:56: warning: This simp argument is unused:
  not_le

Hint: Omit it from the simp argument list.
  [apply] simp only [not_lt] at h ⊢

Note: This linter can be disabled with `set_option linter.unusedSimpArgs false`
SunPrize\Certificate\Theory005.lean:579:56: warning: This simp argument is unused:
  not_le

Hint: Omit it from the simp argument list.
  [apply] simp only [not_lt] at h ⊢

Note: This linter can be disabled with `set_option linter.unusedSimpArgs false`
SunPrize\Certificate\Theory005.lean:585:56: warning: This simp argument is unused:
  not_le

Hint: Omit it from the simp argument list.
  [apply] simp only [not_lt] at h ⊢

Note: This linter can be disabled with `set_option linter.unusedSimpArgs false`
SunPrize\Certificate\Theory005.lean:587:56: warning: This simp argument is unused:
  not_le

Hint: Omit it from the simp argument list.
  [apply] simp only [not_lt] at h ⊢

Note: This linter can be disabled with `set_option linter.unusedSimpArgs false`
SunPrize\Certificate\Theory005.lean:591:56: warning: This simp argument is unused:
  not_le

Hint: Omit it from the simp argument list.
  [apply] simp only [not_lt] at h ⊢

Note: This linter can be disabled with `set_option linter.unusedSimpArgs false`
SunPrize\Certificate\Theory005.lean:593:56: warning: This simp argument is unused:
  not_le

Hint: Omit it from the simp argument list.
  [apply] simp only [not_lt] at h ⊢

Note: This linter can be disabled with `set_option linter.unusedSimpArgs false`
SunPrize\Certificate\Theory005.lean:595:56: warning: This simp argument is unused:
  not_le

Hint: Omit it from the simp argument list.
  [apply] simp only [not_lt] at h ⊢

Note: This linter can be disabled with `set_option linter.unusedSimpArgs false`
SunPrize\Certificate\Theory005.lean:597:56: warning: This simp argument is unused:
  not_le

Hint: Omit it from the simp argument list.
  [apply] simp only [not_lt] at h ⊢

Note: This linter can be disabled with `set_option linter.unusedSimpArgs false`
SunPrize\Certificate\Theory005.lean:599:56: warning: This simp argument is unused:
  not_le

Hint: Omit it from the simp argument list.
  [apply] simp only [not_lt] at h ⊢

Note: This linter can be disabled with `set_option linter.unusedSimpArgs false`
SunPrize\Certificate\Theory005.lean:601:56: warning: This simp argument is unused:
  not_le

Hint: Omit it from the simp argument list.
  [apply] simp only [not_lt] at h ⊢

Note: This linter can be disabled with `set_option linter.unusedSimpArgs false`
SunPrize\Certificate\Theory005.lean:603:56: warning: This simp argument is unused:
  not_le

Hint: Omit it from the simp argument list.
  [apply] simp only [not_lt] at h ⊢

Note: This linter can be disabled with `set_option linter.unusedSimpArgs false`
SunPrize\Certificate\Theory005.lean:605:56: warning: This simp argument is unused:
  not_le

Hint: Omit it from the simp argument list.
  [apply] simp only [not_lt] at h ⊢

Note: This linter can be disabled with `set_option linter.unusedSimpArgs false`
SunPrize\Certificate\Theory005.lean:607:56: warning: This simp argument is unused:
  not_le

Hint: Omit it from the simp argument list.
  [apply] simp only [not_lt] at h ⊢

Note: This linter can be disabled with `set_option linter.unusedSimpArgs false`
SunPrize\Certificate\Theory005.lean:571:32: warning: Unused tactic linter: `(try simp only [not_lt, not_le] at h ⊢)` does nothing

Note: This linter can be disabled with `set_option linter.unusedTactic false`
SunPrize\Certificate\Theory005.lean:573:32: warning: Unused tactic linter: `(try simp only [not_lt, not_le] at h ⊢)` does nothing

Note: This linter can be disabled with `set_option linter.unusedTactic false`
SunPrize\Certificate\Theory005.lean:575:32: warning: Unused tactic linter: `(try simp only [not_lt, not_le] at h ⊢)` does nothing

Note: This linter can be disabled with `set_option linter.unusedTactic false`
SunPrize\Certificate\Theory005.lean:581:32: warning: Unused tactic linter: `(try simp only [not_lt, not_le] at h ⊢)` does nothing

Note: This linter can be disabled with `set_option linter.unusedTactic false`
SunPrize\Certificate\Theory005.lean:583:32: warning: Unused tactic linter: `(try simp only [not_lt, not_le] at h ⊢)` does nothing

Note: This linter can be disabled with `set_option linter.unusedTactic false`
SunPrize\Certificate\Theory005.lean:589:32: warning: Unused tactic linter: `(try simp only [not_lt, not_le] at h ⊢)` does nothing

Note: This linter can be disabled with `set_option linter.unusedTactic false`
SunPrize\Certificate\Theory005.lean:609:2: warning: Unused tactic linter: `all_goals clear e0 e1 e2 e3 e4 e5 e6 e7 e8 e9 e10 e11 e12 e13 e14 e15 e16 e17 e18` does nothing

Note: This linter can be disabled with `set_option linter.unusedTactic false`
SunPrize\Certificate\Theory005.lean:610:2: warning: Unused tactic linter: `all_goals tauto` does nothing

Note: This linter can be disabled with `set_option linter.unusedTactic false`
SunPrize\Certificate\Theory005.lean:609:12: warning: this tactic is never executed

Note: This linter can be disabled with `set_option linter.unreachableTactic false`
SunPrize\Certificate\Theory005.lean:610:12: warning: this tactic is never executed

Note: This linter can be disabled with `set_option linter.unreachableTactic false`
SunPrize\Certificate\Theory005.lean:624:56: warning: This simp argument is unused:
  not_le

Hint: Omit it from the simp argument list.
  [apply] simp only [not_lt] at h ⊢

Note: This linter can be disabled with `set_option linter.unusedSimpArgs false`
SunPrize\Certificate\Theory005.lean:628:56: warning: This simp argument is unused:
  not_le

Hint: Omit it from the simp argument list.
  [apply] simp only [not_lt] at h ⊢

Note: This linter can be disabled with `set_option linter.unusedSimpArgs false`
SunPrize\Certificate\Theory005.lean:636:56: warning: This simp argument is unused:
  not_le

Hint: Omit it from the simp argument list.
  [apply] simp only [not_lt] at h ⊢

Note: This linter can be disabled with `set_option linter.unusedSimpArgs false`
SunPrize\Certificate\Theory005.lean:638:56: warning: This simp argument is unused:
  not_le

Hint: Omit it from the simp argument list.
  [apply] simp only [not_lt] at h ⊢

Note: This linter can be disabled with `set_option linter.unusedSimpArgs false`
SunPrize\Certificate\Theory005.lean:642:56: warning: This simp argument is unused:
  not_le

Hint: Omit it from the simp argument list.
  [apply] simp only [not_lt] at h ⊢

Note: This linter can be disabled with `set_option linter.unusedSimpArgs false`
SunPrize\Certificate\Theory005.lean:644:56: warning: This simp argument is unused:
  not_le

Hint: Omit it from the simp argument list.
  [apply] simp only [not_lt] at h ⊢

Note: This linter can be disabled with `set_option linter.unusedSimpArgs false`
SunPrize\Certificate\Theory005.lean:646:56: warning: This simp argument is unused:
  not_le

Hint: Omit it from the simp argument list.
  [apply] simp only [not_lt] at h ⊢

Note: This linter can be disabled with `set_option linter.unusedSimpArgs false`
SunPrize\Certificate\Theory005.lean:648:56: warning: This simp argument is unused:
  not_le

Hint: Omit it from the simp argument list.
  [apply] simp only [not_lt] at h ⊢

Note: This linter can be disabled with `set_option linter.unusedSimpArgs false`
SunPrize\Certificate\Theory005.lean:650:56: warning: This simp argument is unused:
  not_le

Hint: Omit it from the simp argument list.
  [apply] simp only [not_lt] at h ⊢

Note: This linter can be disabled with `set_option linter.unusedSimpArgs false`
SunPrize\Certificate\Theory005.lean:652:56: warning: This simp argument is unused:
  not_le

Hint: Omit it from the simp argument list.
  [apply] simp only [not_lt] at h ⊢

Note: This linter can be disabled with `set_option linter.unusedSimpArgs false`
SunPrize\Certificate\Theory005.lean:654:56: warning: This simp argument is unused:
  not_le

Hint: Omit it from the simp argument list.
  [apply] simp only [not_lt] at h ⊢

Note: This linter can be disabled with `set_option linter.unusedSimpArgs false`
SunPrize\Certificate\Theory005.lean:656:56: warning: This simp argument is unused:
  not_le

Hint: Omit it from the simp argument list.
  [apply] simp only [not_lt] at h ⊢

Note: This linter can be disabled with `set_option linter.unusedSimpArgs false`
SunPrize\Certificate\Theory005.lean:658:56: warning: This simp argument is unused:
  not_le

Hint: Omit it from the simp argument list.
  [apply] simp only [not_lt] at h ⊢

Note: This linter can be disabled with `set_option linter.unusedSimpArgs false`
SunPrize\Certificate\Theory005.lean:622:32: warning: Unused tactic linter: `(try simp only [not_lt, not_le] at h ⊢)` does nothing

Note: This linter can be disabled with `set_option linter.unusedTactic false`
SunPrize\Certificate\Theory005.lean:626:32: warning: Unused tactic linter: `(try simp only [not_lt, not_le] at h ⊢)` does nothing

Note: This linter can be disabled with `set_option linter.unusedTactic false`
SunPrize\Certificate\Theory005.lean:630:32: warning: Unused tactic linter: `(try simp only [not_lt, not_le] at h ⊢)` does nothing

Note: This linter can be disabled with `set_option linter.unusedTactic false`
SunPrize\Certificate\Theory005.lean:632:32: warning: Unused tactic linter: `(try simp only [not_lt, not_le] at h ⊢)` does nothing

Note: This linter can be disabled with `set_option linter.unusedTactic false`
SunPrize\Certificate\Theory005.lean:634:32: warning: Unused tactic linter: `(try simp only [not_lt, not_le] at h ⊢)` does nothing

Note: This linter can be disabled with `set_option linter.unusedTactic false`
SunPrize\Certificate\Theory005.lean:640:32: warning: Unused tactic linter: `(try simp only [not_lt, not_le] at h ⊢)` does nothing

Note: This linter can be disabled with `set_option linter.unusedTactic false`
SunPrize\Certificate\Theory005.lean:660:2: warning: Unused tactic linter: `all_goals clear e0 e1 e2 e3 e4 e5 e6 e7 e8 e9 e10 e11 e12 e13 e14 e15 e16 e17 e18` does nothing

Note: This linter can be disabled with `set_option linter.unusedTactic false`
SunPrize\Certificate\Theory005.lean:661:2: warning: Unused tactic linter: `all_goals tauto` does nothing

Note: This linter can be disabled with `set_option linter.unusedTactic false`
SunPrize\Certificate\Theory005.lean:660:12: warning: this tactic is never executed

Note: This linter can be disabled with `set_option linter.unreachableTactic false`
SunPrize\Certificate\Theory005.lean:661:12: warning: this tactic is never executed

Note: This linter can be disabled with `set_option linter.unreachableTactic false`
SunPrize\Certificate\Theory005.lean:670:56: warning: This simp argument is unused:
  not_le

Hint: Omit it from the simp argument list.
  [apply] simp only [not_lt] at h ⊢

Note: This linter can be disabled with `set_option linter.unusedSimpArgs false`
SunPrize\Certificate\Theory005.lean:672:56: warning: This simp argument is unused:
  not_le

Hint: Omit it from the simp argument list.
  [apply] simp only [not_lt] at h ⊢

Note: This linter can be disabled with `set_option linter.unusedSimpArgs false`
SunPrize\Certificate\Theory005.lean:674:56: warning: This simp argument is unused:
  not_le

Hint: Omit it from the simp argument list.
  [apply] simp only [not_lt] at h ⊢

Note: This linter can be disabled with `set_option linter.unusedSimpArgs false`
SunPrize\Certificate\Theory005.lean:676:56: warning: This simp argument is unused:
  not_le

Hint: Omit it from the simp argument list.
  [apply] simp only [not_lt] at h ⊢

Note: This linter can be disabled with `set_option linter.unusedSimpArgs false`
SunPrize\Certificate\Theory005.lean:680:56: warning: This simp argument is unused:
  not_le

Hint: Omit it from the simp argument list.
  [apply] simp only [not_lt] at h ⊢

Note: This linter can be disabled with `set_option linter.unusedSimpArgs false`
SunPrize\Certificate\Theory005.lean:686:56: warning: This simp argument is unused:
  not_le

Hint: Omit it from the simp argument list.
  [apply] simp only [not_lt] at h ⊢

Note: This linter can be disabled with `set_option linter.unusedSimpArgs false`
SunPrize\Certificate\Theory005.lean:688:56: warning: This simp argument is unused:
  not_le

Hint: Omit it from the simp argument list.
  [apply] simp only [not_lt] at h ⊢

Note: This linter can be disabled with `set_option linter.unusedSimpArgs false`
SunPrize\Certificate\Theory005.lean:690:56: warning: This simp argument is unused:
  not_le

Hint: Omit it from the simp argument list.
  [apply] simp only [not_lt] at h ⊢

Note: This linter can be disabled with `set_option linter.unusedSimpArgs false`
SunPrize\Certificate\Theory005.lean:692:56: warning: This simp argument is unused:
  not_le

Hint: Omit it from the simp argument list.
  [apply] simp only [not_lt] at h ⊢

Note: This linter can be disabled with `set_option linter.unusedSimpArgs false`
SunPrize\Certificate\Theory005.lean:694:56: warning: This simp argument is unused:
  not_le

Hint: Omit it from the simp argument list.
  [apply] simp only [not_lt] at h ⊢

Note: This linter can be disabled with `set_option linter.unusedSimpArgs false`
SunPrize\Certificate\Theory005.lean:696:56: warning: This simp argument is unused:
  not_le

Hint: Omit it from the simp argument list.
  [apply] simp only [not_lt] at h ⊢

Note: This linter can be disabled with `set_option linter.unusedSimpArgs false`
SunPrize\Certificate\Theory005.lean:700:56: warning: This simp argument is unused:
  not_le

Hint: Omit it from the simp argument list.
  [apply] simp only [not_lt] at h ⊢

Note: This linter can be disabled with `set_option linter.unusedSimpArgs false`
SunPrize\Certificate\Theory005.lean:702:56: warning: This simp argument is unused:
  not_le

Hint: Omit it from the simp argument list.
  [apply] simp only [not_lt] at h ⊢

Note: This linter can be disabled with `set_option linter.unusedSimpArgs false`
SunPrize\Certificate\Theory005.lean:666:32: warning: Unused tactic linter: `(try simp only [not_lt, not_le] at h ⊢)` does nothing

Note: This linter can be disabled with `set_option linter.unusedTactic false`
SunPrize\Certificate\Theory005.lean:668:32: warning: Unused tactic linter: `(try simp only [not_lt, not_le] at h ⊢)` does nothing

Note: This linter can be disabled with `set_option linter.unusedTactic false`
SunPrize\Certificate\Theory005.lean:678:32: warning: Unused tactic linter: `(try simp only [not_lt, not_le] at h ⊢)` does nothing

Note: This linter can be disabled with `set_option linter.unusedTactic false`
SunPrize\Certificate\Theory005.lean:682:32: warning: Unused tactic linter: `(try simp only [not_lt, not_le] at h ⊢)` does nothing

Note: This linter can be disabled with `set_option linter.unusedTactic false`
SunPrize\Certificate\Theory005.lean:684:32: warning: Unused tactic linter: `(try simp only [not_lt, not_le] at h ⊢)` does nothing

Note: This linter can be disabled with `set_option linter.unusedTactic false`
SunPrize\Certificate\Theory005.lean:698:32: warning: Unused tactic linter: `(try simp only [not_lt, not_le] at h ⊢)` does nothing

Note: This linter can be disabled with `set_option linter.unusedTactic false`
SunPrize\Certificate\Theory005.lean:704:2: warning: Unused tactic linter: `all_goals clear e0 e1 e2 e3 e4 e5 e6 e7 e8 e9 e10 e11 e12 e13 e14 e15 e16 e17 e18` does nothing

Note: This linter can be disabled with `set_option linter.unusedTactic false`
SunPrize\Certificate\Theory005.lean:705:2: warning: Unused tactic linter: `all_goals tauto` does nothing

Note: This linter can be disabled with `set_option linter.unusedTactic false`
SunPrize\Certificate\Theory005.lean:704:12: warning: this tactic is never executed

Note: This linter can be disabled with `set_option linter.unreachableTactic false`
SunPrize\Certificate\Theory005.lean:705:12: warning: this tactic is never executed

Note: This linter can be disabled with `set_option linter.unreachableTactic false`
SunPrize\Certificate\Theory005.lean:716:56: warning: This simp argument is unused:
  not_le

Hint: Omit it from the simp argument list.
  [apply] simp only [not_lt] at h ⊢

Note: This linter can be disabled with `set_option linter.unusedSimpArgs false`
SunPrize\Certificate\Theory005.lean:718:56: warning: This simp argument is unused:
  not_le

Hint: Omit it from the simp argument list.
  [apply] simp only [not_lt] at h ⊢

Note: This linter can be disabled with `set_option linter.unusedSimpArgs false`
SunPrize\Certificate\Theory005.lean:724:56: warning: This simp argument is unused:
  not_le

Hint: Omit it from the simp argument list.
  [apply] simp only [not_lt] at h ⊢

Note: This linter can be disabled with `set_option linter.unusedSimpArgs false`
SunPrize\Certificate\Theory005.lean:726:56: warning: This simp argument is unused:
  not_le

Hint: Omit it from the simp argument list.
  [apply] simp only [not_lt] at h ⊢

Note: This linter can be disabled with `set_option linter.unusedSimpArgs false`
SunPrize\Certificate\Theory005.lean:730:56: warning: This simp argument is unused:
  not_le

Hint: Omit it from the simp argument list.
  [apply] simp only [not_lt] at h ⊢

Note: This linter can be disabled with `set_option linter.unusedSimpArgs false`
SunPrize\Certificate\Theory005.lean:732:56: warning: This simp argument is unused:
  not_le

Hint: Omit it from the simp argument list.
  [apply] simp only [not_lt] at h ⊢

Note: This linter can be disabled with `set_option linter.unusedSimpArgs false`
SunPrize\Certificate\Theory005.lean:734:56: warning: This simp argument is unused:
  not_le

Hint: Omit it from the simp argument list.
  [apply] simp only [not_lt] at h ⊢

Note: This linter can be disabled with `set_option linter.unusedSimpArgs false`
SunPrize\Certificate\Theory005.lean:736:56: warning: This simp argument is unused:
  not_le

Hint: Omit it from the simp argument list.
  [apply] simp only [not_lt] at h ⊢

Note: This linter can be disabled with `set_option linter.unusedSimpArgs false`
SunPrize\Certificate\Theory005.lean:738:56: warning: This simp argument is unused:
  not_le

Hint: Omit it from the simp argument list.
  [apply] simp only [not_lt] at h ⊢

Note: This linter can be disabled with `set_option linter.unusedSimpArgs false`
SunPrize\Certificate\Theory005.lean:740:56: warning: This simp argument is unused:
  not_le

Hint: Omit it from the simp argument list.
  [apply] simp only [not_lt] at h ⊢

Note: This linter can be disabled with `set_option linter.unusedSimpArgs false`
SunPrize\Certificate\Theory005.lean:742:56: warning: This simp argument is unused:
  not_le

Hint: Omit it from the simp argument list.
  [apply] simp only [not_lt] at h ⊢

Note: This linter can be disabled with `set_option linter.unusedSimpArgs false`
SunPrize\Certificate\Theory005.lean:744:56: warning: This simp argument is unused:
  not_le

Hint: Omit it from the simp argument list.
  [apply] simp only [not_lt] at h ⊢

Note: This linter can be disabled with `set_option linter.unusedSimpArgs false`
SunPrize\Certificate\Theory005.lean:746:56: warning: This simp argument is unused:
  not_le

Hint: Omit it from the simp argument list.
  [apply] simp only [not_lt] at h ⊢

Note: This linter can be disabled with `set_option linter.unusedSimpArgs false`
SunPrize\Certificate\Theory005.lean:710:32: warning: Unused tactic linter: `(try simp only [not_lt, not_le] at h ⊢)` does nothing

Note: This linter can be disabled with `set_option linter.unusedTactic false`
SunPrize\Certificate\Theory005.lean:712:32: warning: Unused tactic linter: `(try simp only [not_lt, not_le] at h ⊢)` does nothing

Note: This linter can be disabled with `set_option linter.unusedTactic false`
SunPrize\Certificate\Theory005.lean:714:32: warning: Unused tactic linter: `(try simp only [not_lt, not_le] at h ⊢)` does nothing

Note: This linter can be disabled with `set_option linter.unusedTactic false`
SunPrize\Certificate\Theory005.lean:720:32: warning: Unused tactic linter: `(try simp only [not_lt, not_le] at h ⊢)` does nothing

Note: This linter can be disabled with `set_option linter.unusedTactic false`
SunPrize\Certificate\Theory005.lean:722:32: warning: Unused tactic linter: `(try simp only [not_lt, not_le] at h ⊢)` does nothing

Note: This linter can be disabled with `set_option linter.unusedTactic false`
SunPrize\Certificate\Theory005.lean:728:32: warning: Unused tactic linter: `(try simp only [not_lt, not_le] at h ⊢)` does nothing

Note: This linter can be disabled with `set_option linter.unusedTactic false`
SunPrize\Certificate\Theory005.lean:748:2: warning: Unused tactic linter: `all_goals clear e0 e1 e2 e3 e4 e5 e6 e7 e8 e9 e10 e11 e12 e13 e14 e15 e16 e17 e18` does nothing

Note: This linter can be disabled with `set_option linter.unusedTactic false`
SunPrize\Certificate\Theory005.lean:749:2: warning: Unused tactic linter: `all_goals tauto` does nothing

Note: This linter can be disabled with `set_option linter.unusedTactic false`
SunPrize\Certificate\Theory005.lean:748:12: warning: this tactic is never executed

Note: This linter can be disabled with `set_option linter.unreachableTactic false`
SunPrize\Certificate\Theory005.lean:749:12: warning: this tactic is never executed

Note: This linter can be disabled with `set_option linter.unreachableTactic false`
SunPrize\Certificate\Theory005.lean:754:56: warning: This simp argument is unused:
  not_le

Hint: Omit it from the simp argument list.
  [apply] simp only [not_lt] at h ⊢

Note: This linter can be disabled with `set_option linter.unusedSimpArgs false`
SunPrize\Certificate\Theory005.lean:756:56: warning: This simp argument is unused:
  not_le

Hint: Omit it from the simp argument list.
  [apply] simp only [not_lt] at h ⊢

Note: This linter can be disabled with `set_option linter.unusedSimpArgs false`
SunPrize\Certificate\Theory005.lean:758:56: warning: This simp argument is unused:
  not_le

Hint: Omit it from the simp argument list.
  [apply] simp only [not_lt] at h ⊢

Note: This linter can be disabled with `set_option linter.unusedSimpArgs false`
SunPrize\Certificate\Theory005.lean:760:56: warning: This simp argument is unused:
  not_le

Hint: Omit it from the simp argument list.
  [apply] simp only [not_lt] at h ⊢

Note: This linter can be disabled with `set_option linter.unusedSimpArgs false`
SunPrize\Certificate\Theory005.lean:762:56: warning: This simp argument is unused:
  not_le

Hint: Omit it from the simp argument list.
  [apply] simp only [not_lt] at h ⊢

Note: This linter can be disabled with `set_option linter.unusedSimpArgs false`
SunPrize\Certificate\Theory005.lean:768:56: warning: This simp argument is unused:
  not_le

Hint: Omit it from the simp argument list.
  [apply] simp only [not_lt] at h ⊢

Note: This linter can be disabled with `set_option linter.unusedSimpArgs false`
SunPrize\Certificate\Theory005.lean:770:56: warning: This simp argument is unused:
  not_le

Hint: Omit it from the simp argument list.
  [apply] simp only [not_lt] at h ⊢

Note: This linter can be disabled with `set_option linter.unusedSimpArgs false`
SunPrize\Certificate\Theory005.lean:774:56: warning: This simp argument is unused:
  not_le

Hint: Omit it from the simp argument list.
  [apply] simp only [not_lt] at h ⊢

Note: This linter can be disabled with `set_option linter.unusedSimpArgs false`
SunPrize\Certificate\Theory005.lean:776:56: warning: This simp argument is unused:
  not_le

Hint: Omit it from the simp argument list.
  [apply] simp only [not_lt] at h ⊢

Note: This linter can be disabled with `set_option linter.unusedSimpArgs false`
SunPrize\Certificate\Theory005.lean:778:56: warning: This simp argument is unused:
  not_le

Hint: Omit it from the simp argument list.
  [apply] simp only [not_lt] at h ⊢

Note: This linter can be disabled with `set_option linter.unusedSimpArgs false`
SunPrize\Certificate\Theory005.lean:780:56: warning: This simp argument is unused:
  not_le

Hint: Omit it from the simp argument list.
  [apply] simp only [not_lt] at h ⊢

Note: This linter can be disabled with `set_option linter.unusedSimpArgs false`
SunPrize\Certificate\Theory005.lean:788:56: warning: This simp argument is unused:
  not_le

Hint: Omit it from the simp argument list.
  [apply] simp only [not_lt] at h ⊢

Note: This linter can be disabled with `set_option linter.unusedSimpArgs false`
SunPrize\Certificate\Theory005.lean:790:56: warning: This simp argument is unused:
  not_le

Hint: Omit it from the simp argument list.
  [apply] simp only [not_lt] at h ⊢

Note: This linter can be disabled with `set_option linter.unusedSimpArgs false`
SunPrize\Certificate\Theory005.lean:764:32: warning: Unused tactic linter: `(try simp only [not_lt, not_le] at h ⊢)` does nothing

Note: This linter can be disabled with `set_option linter.unusedTactic false`
SunPrize\Certificate\Theory005.lean:766:32: warning: Unused tactic linter: `(try simp only [not_lt, not_le] at h ⊢)` does nothing

Note: This linter can be disabled with `set_option linter.unusedTactic false`
SunPrize\Certificate\Theory005.lean:772:32: warning: Unused tactic linter: `(try simp only [not_lt, not_le] at h ⊢)` does nothing

Note: This linter can be disabled with `set_option linter.unusedTactic false`
SunPrize\Certificate\Theory005.lean:782:32: warning: Unused tactic linter: `(try simp only [not_lt, not_le] at h ⊢)` does nothing

Note: This linter can be disabled with `set_option linter.unusedTactic false`
SunPrize\Certificate\Theory005.lean:784:32: warning: Unused tactic linter: `(try simp only [not_lt, not_le] at h ⊢)` does nothing

Note: This linter can be disabled with `set_option linter.unusedTactic false`
SunPrize\Certificate\Theory005.lean:786:32: warning: Unused tactic linter: `(try simp only [not_lt, not_le] at h ⊢)` does nothing

Note: This linter can be disabled with `set_option linter.unusedTactic false`
SunPrize\Certificate\Theory005.lean:792:2: warning: Unused tactic linter: `all_goals clear e0 e1 e2 e3 e4 e5 e6 e7 e8 e9 e10 e11 e12 e13 e14 e15 e16 e17 e18` does nothing

Note: This linter can be disabled with `set_option linter.unusedTactic false`
SunPrize\Certificate\Theory005.lean:793:2: warning: Unused tactic linter: `all_goals tauto` does nothing

Note: This linter can be disabled with `set_option linter.unusedTactic false`
SunPrize\Certificate\Theory005.lean:792:12: warning: this tactic is never executed

Note: This linter can be disabled with `set_option linter.unreachableTactic false`
SunPrize\Certificate\Theory005.lean:793:12: warning: this tactic is never executed

Note: This linter can be disabled with `set_option linter.unreachableTactic false`
SunPrize\Certificate\Theory005.lean:812:56: warning: This simp argument is unused:
  not_le

Hint: Omit it from the simp argument list.
  [apply] simp only [not_lt] at h ⊢

Note: This linter can be disabled with `set_option linter.unusedSimpArgs false`
SunPrize\Certificate\Theory005.lean:814:56: warning: This simp argument is unused:
  not_le

Hint: Omit it from the simp argument list.
  [apply] simp only [not_lt] at h ⊢

Note: This linter can be disabled with `set_option linter.unusedSimpArgs false`
SunPrize\Certificate\Theory005.lean:816:56: warning: This simp argument is unused:
  not_le

Hint: Omit it from the simp argument list.
  [apply] simp only [not_lt] at h ⊢

Note: This linter can be disabled with `set_option linter.unusedSimpArgs false`
SunPrize\Certificate\Theory005.lean:818:56: warning: This simp argument is unused:
  not_le

Hint: Omit it from the simp argument list.
  [apply] simp only [not_lt] at h ⊢

Note: This linter can be disabled with `set_option linter.unusedSimpArgs false`
SunPrize\Certificate\Theory005.lean:820:56: warning: This simp argument is unused:
  not_le

Hint: Omit it from the simp argument list.
  [apply] simp only [not_lt] at h ⊢

Note: This linter can be disabled with `set_option linter.unusedSimpArgs false`
SunPrize\Certificate\Theory005.lean:826:56: warning: This simp argument is unused:
  not_le

Hint: Omit it from the simp argument list.
  [apply] simp only [not_lt] at h ⊢

Note: This linter can be disabled with `set_option linter.unusedSimpArgs false`
SunPrize\Certificate\Theory005.lean:828:56: warning: This simp argument is unused:
  not_le

Hint: Omit it from the simp argument list.
  [apply] simp only [not_lt] at h ⊢

Note: This linter can be disabled with `set_option linter.unusedSimpArgs false`
SunPrize\Certificate\Theory005.lean:832:56: warning: This simp argument is unused:
  not_le

Hint: Omit it from the simp argument list.
  [apply] simp only [not_lt] at h ⊢

Note: This linter can be disabled with `set_option linter.unusedSimpArgs false`
SunPrize\Certificate\Theory005.lean:834:56: warning: This simp argument is unused:
  not_le

Hint: Omit it from the simp argument list.
  [apply] simp only [not_lt] at h ⊢

Note: This linter can be disabled with `set_option linter.unusedSimpArgs false`
SunPrize\Certificate\Theory005.lean:836:56: warning: This simp argument is unused:
  not_le

Hint: Omit it from the simp argument list.
  [apply] simp only [not_lt] at h ⊢

Note: This linter can be disabled with `set_option linter.unusedSimpArgs false`
SunPrize\Certificate\Theory005.lean:838:56: warning: This simp argument is unused:
  not_le

Hint: Omit it from the simp argument list.
  [apply] simp only [not_lt] at h ⊢

Note: This linter can be disabled with `set_option linter.unusedSimpArgs false`
SunPrize\Certificate\Theory005.lean:846:56: warning: This simp argument is unused:
  not_le

Hint: Omit it from the simp argument list.
  [apply] simp only [not_lt] at h ⊢

Note: This linter can be disabled with `set_option linter.unusedSimpArgs false`
SunPrize\Certificate\Theory005.lean:848:56: warning: This simp argument is unused:
  not_le

Hint: Omit it from the simp argument list.
  [apply] simp only [not_lt] at h ⊢

Note: This linter can be disabled with `set_option linter.unusedSimpArgs false`
SunPrize\Certificate\Theory005.lean:822:32: warning: Unused tactic linter: `(try simp only [not_lt, not_le] at h ⊢)` does nothing

Note: This linter can be disabled with `set_option linter.unusedTactic false`
SunPrize\Certificate\Theory005.lean:824:32: warning: Unused tactic linter: `(try simp only [not_lt, not_le] at h ⊢)` does nothing

Note: This linter can be disabled with `set_option linter.unusedTactic false`
SunPrize\Certificate\Theory005.lean:830:32: warning: Unused tactic linter: `(try simp only [not_lt, not_le] at h ⊢)` does nothing

Note: This linter can be disabled with `set_option linter.unusedTactic false`
SunPrize\Certificate\Theory005.lean:840:32: warning: Unused tactic linter: `(try simp only [not_lt, not_le] at h ⊢)` does nothing

Note: This linter can be disabled with `set_option linter.unusedTactic false`
SunPrize\Certificate\Theory005.lean:842:32: warning: Unused tactic linter: `(try simp only [not_lt, not_le] at h ⊢)` does nothing

Note: This linter can be disabled with `set_option linter.unusedTactic false`
SunPrize\Certificate\Theory005.lean:844:32: warning: Unused tactic linter: `(try simp only [not_lt, not_le] at h ⊢)` does nothing

Note: This linter can be disabled with `set_option linter.unusedTactic false`
SunPrize\Certificate\Theory005.lean:850:2: warning: Unused tactic linter: `all_goals clear e0 e1 e2 e3 e4 e5 e6 e7 e8 e9 e10 e11 e12 e13 e14 e15 e16 e17 e18` does nothing

Note: This linter can be disabled with `set_option linter.unusedTactic false`
SunPrize\Certificate\Theory005.lean:851:2: warning: Unused tactic linter: `all_goals tauto` does nothing

Note: This linter can be disabled with `set_option linter.unusedTactic false`
SunPrize\Certificate\Theory005.lean:850:12: warning: this tactic is never executed

Note: This linter can be disabled with `set_option linter.unreachableTactic false`
SunPrize\Certificate\Theory005.lean:851:12: warning: this tactic is never executed

Note: This linter can be disabled with `set_option linter.unreachableTactic false`
SunPrize\Certificate\Theory005.lean:870:56: warning: This simp argument is unused:
  not_le

Hint: Omit it from the simp argument list.
  [apply] simp only [not_lt] at h ⊢

Note: This linter can be disabled with `set_option linter.unusedSimpArgs false`
SunPrize\Certificate\Theory005.lean:874:56: warning: This simp argument is unused:
  not_le

Hint: Omit it from the simp argument list.
  [apply] simp only [not_lt] at h ⊢

Note: This linter can be disabled with `set_option linter.unusedSimpArgs false`
SunPrize\Certificate\Theory005.lean:876:56: warning: This simp argument is unused:
  not_le

Hint: Omit it from the simp argument list.
  [apply] simp only [not_lt] at h ⊢

Note: This linter can be disabled with `set_option linter.unusedSimpArgs false`
SunPrize\Certificate\Theory005.lean:878:56: warning: This simp argument is unused:
  not_le

Hint: Omit it from the simp argument list.
  [apply] simp only [not_lt] at h ⊢

Note: This linter can be disabled with `set_option linter.unusedSimpArgs false`
SunPrize\Certificate\Theory005.lean:880:56: warning: This simp argument is unused:
  not_le

Hint: Omit it from the simp argument list.
  [apply] simp only [not_lt] at h ⊢

Note: This linter can be disabled with `set_option linter.unusedSimpArgs false`
SunPrize\Certificate\Theory005.lean:884:56: warning: This simp argument is unused:
  not_le

Hint: Omit it from the simp argument list.
  [apply] simp only [not_lt] at h ⊢

Note: This linter can be disabled with `set_option linter.unusedSimpArgs false`
SunPrize\Certificate\Theory005.lean:890:56: warning: This simp argument is unused:
  not_le

Hint: Omit it from the simp argument list.
  [apply] simp only [not_lt] at h ⊢

Note: This linter can be disabled with `set_option linter.unusedSimpArgs false`
SunPrize\Certificate\Theory005.lean:892:56: warning: This simp argument is unused:
  not_le

Hint: Omit it from the simp argument list.
  [apply] simp only [not_lt] at h ⊢

Note: This linter can be disabled with `set_option linter.unusedSimpArgs false`
SunPrize\Certificate\Theory005.lean:894:56: warning: This simp argument is unused:
  not_le

Hint: Omit it from the simp argument list.
  [apply] simp only [not_lt] at h ⊢

Note: This linter can be disabled with `set_option linter.unusedSimpArgs false`
SunPrize\Certificate\Theory005.lean:896:56: warning: This simp argument is unused:
  not_le

Hint: Omit it from the simp argument list.
  [apply] simp only [not_lt] at h ⊢

Note: This linter can be disabled with `set_option linter.unusedSimpArgs false`
SunPrize\Certificate\Theory005.lean:898:56: warning: This simp argument is unused:
  not_le

Hint: Omit it from the simp argument list.
  [apply] simp only [not_lt] at h ⊢

Note: This linter can be disabled with `set_option linter.unusedSimpArgs false`
SunPrize\Certificate\Theory005.lean:904:56: warning: This simp argument is unused:
  not_le

Hint: Omit it from the simp argument list.
  [apply] simp only [not_lt] at h ⊢

Note: This linter can be disabled with `set_option linter.unusedSimpArgs false`
SunPrize\Certificate\Theory005.lean:906:56: warning: This simp argument is unused:
  not_le

Hint: Omit it from the simp argument list.
  [apply] simp only [not_lt] at h ⊢

Note: This linter can be disabled with `set_option linter.unusedSimpArgs false`
SunPrize\Certificate\Theory005.lean:872:32: warning: Unused tactic linter: `(try simp only [not_lt, not_le] at h ⊢)` does nothing

Note: This linter can be disabled with `set_option linter.unusedTactic false`
SunPrize\Certificate\Theory005.lean:882:32: warning: Unused tactic linter: `(try simp only [not_lt, not_le] at h ⊢)` does nothing

Note: This linter can be disabled with `set_option linter.unusedTactic false`
SunPrize\Certificate\Theory005.lean:886:32: warning: Unused tactic linter: `(try simp only [not_lt, not_le] at h ⊢)` does nothing

Note: This linter can be disabled with `set_option linter.unusedTactic false`
SunPrize\Certificate\Theory005.lean:888:32: warning: Unused tactic linter: `(try simp only [not_lt, not_le] at h ⊢)` does nothing

Note: This linter can be disabled with `set_option linter.unusedTactic false`
SunPrize\Certificate\Theory005.lean:900:32: warning: Unused tactic linter: `(try simp only [not_lt, not_le] at h ⊢)` does nothing

Note: This linter can be disabled with `set_option linter.unusedTactic false`
SunPrize\Certificate\Theory005.lean:902:32: warning: Unused tactic linter: `(try simp only [not_lt, not_le] at h ⊢)` does nothing

Note: This linter can be disabled with `set_option linter.unusedTactic false`
SunPrize\Certificate\Theory005.lean:908:2: warning: Unused tactic linter: `all_goals clear e0 e1 e2 e3 e4 e5 e6 e7 e8 e9 e10 e11 e12 e13 e14 e15 e16 e17 e18` does nothing

Note: This linter can be disabled with `set_option linter.unusedTactic false`
SunPrize\Certificate\Theory005.lean:909:2: warning: Unused tactic linter: `all_goals tauto` does nothing

Note: This linter can be disabled with `set_option linter.unusedTactic false`
SunPrize\Certificate\Theory005.lean:908:12: warning: this tactic is never executed

Note: This linter can be disabled with `set_option linter.unreachableTactic false`
SunPrize\Certificate\Theory005.lean:909:12: warning: this tactic is never executed

Note: This linter can be disabled with `set_option linter.unreachableTactic false`
SunPrize\Certificate\Theory005.lean:914:56: warning: This simp argument is unused:
  not_le

Hint: Omit it from the simp argument list.
  [apply] simp only [not_lt] at h ⊢

Note: This linter can be disabled with `set_option linter.unusedSimpArgs false`
SunPrize\Certificate\Theory005.lean:916:56: warning: This simp argument is unused:
  not_le

Hint: Omit it from the simp argument list.
  [apply] simp only [not_lt] at h ⊢

Note: This linter can be disabled with `set_option linter.unusedSimpArgs false`
SunPrize\Certificate\Theory005.lean:918:56: warning: This simp argument is unused:
  not_le

Hint: Omit it from the simp argument list.
  [apply] simp only [not_lt] at h ⊢

Note: This linter can be disabled with `set_option linter.unusedSimpArgs false`
SunPrize\Certificate\Theory005.lean:920:56: warning: This simp argument is unused:
  not_le

Hint: Omit it from the simp argument list.
  [apply] simp only [not_lt] at h ⊢

Note: This linter can be disabled with `set_option linter.unusedSimpArgs false`
SunPrize\Certificate\Theory005.lean:922:56: warning: This simp argument is unused:
  not_le

Hint: Omit it from the simp argument list.
  [apply] simp only [not_lt] at h ⊢

Note: This linter can be disabled with `set_option linter.unusedSimpArgs false`
SunPrize\Certificate\Theory005.lean:928:56: warning: This simp argument is unused:
  not_le

Hint: Omit it from the simp argument list.
  [apply] simp only [not_lt] at h ⊢

Note: This linter can be disabled with `set_option linter.unusedSimpArgs false`
SunPrize\Certificate\Theory005.lean:930:56: warning: This simp argument is unused:
  not_le

Hint: Omit it from the simp argument list.
  [apply] simp only [not_lt] at h ⊢

Note: This linter can be disabled with `set_option linter.unusedSimpArgs false`
SunPrize\Certificate\Theory005.lean:934:56: warning: This simp argument is unused:
  not_le

Hint: Omit it from the simp argument list.
  [apply] simp only [not_lt] at h ⊢

Note: This linter can be disabled with `set_option linter.unusedSimpArgs false`
SunPrize\Certificate\Theory005.lean:936:56: warning: This simp argument is unused:
  not_le

Hint: Omit it from the simp argument list.
  [apply] simp only [not_lt] at h ⊢

Note: This linter can be disabled with `set_option linter.unusedSimpArgs false`
SunPrize\Certificate\Theory005.lean:938:56: warning: This simp argument is unused:
  not_le

Hint: Omit it from the simp argument list.
  [apply] simp only [not_lt] at h ⊢

Note: This linter can be disabled with `set_option linter.unusedSimpArgs false`
SunPrize\Certificate\Theory005.lean:940:56: warning: This simp argument is unused:
  not_le

Hint: Omit it from the simp argument list.
  [apply] simp only [not_lt] at h ⊢

Note: This linter can be disabled with `set_option linter.unusedSimpArgs false`
SunPrize\Certificate\Theory005.lean:948:56: warning: This simp argument is unused:
  not_le

Hint: Omit it from the simp argument list.
  [apply] simp only [not_lt] at h ⊢

Note: This linter can be disabled with `set_option linter.unusedSimpArgs false`
SunPrize\Certificate\Theory005.lean:950:56: warning: This simp argument is unused:
  not_le

Hint: Omit it from the simp argument list.
  [apply] simp only [not_lt] at h ⊢

Note: This linter can be disabled with `set_option linter.unusedSimpArgs false`
SunPrize\Certificate\Theory005.lean:924:32: warning: Unused tactic linter: `(try simp only [not_lt, not_le] at h ⊢)` does nothing

Note: This linter can be disabled with `set_option linter.unusedTactic false`
SunPrize\Certificate\Theory005.lean:926:32: warning: Unused tactic linter: `(try simp only [not_lt, not_le] at h ⊢)` does nothing

Note: This linter can be disabled with `set_option linter.unusedTactic false`
SunPrize\Certificate\Theory005.lean:932:32: warning: Unused tactic linter: `(try simp only [not_lt, not_le] at h ⊢)` does nothing

Note: This linter can be disabled with `set_option linter.unusedTactic false`
SunPrize\Certificate\Theory005.lean:942:32: warning: Unused tactic linter: `(try simp only [not_lt, not_le] at h ⊢)` does nothing

Note: This linter can be disabled with `set_option linter.unusedTactic false`
SunPrize\Certificate\Theory005.lean:944:32: warning: Unused tactic linter: `(try simp only [not_lt, not_le] at h ⊢)` does nothing

Note: This linter can be disabled with `set_option linter.unusedTactic false`
SunPrize\Certificate\Theory005.lean:946:32: warning: Unused tactic linter: `(try simp only [not_lt, not_le] at h ⊢)` does nothing

Note: This linter can be disabled with `set_option linter.unusedTactic false`
SunPrize\Certificate\Theory005.lean:952:2: warning: Unused tactic linter: `all_goals clear e0 e1 e2 e3 e4 e5 e6 e7 e8 e9 e10 e11 e12 e13 e14 e15 e16 e17 e18` does nothing

Note: This linter can be disabled with `set_option linter.unusedTactic false`
SunPrize\Certificate\Theory005.lean:953:2: warning: Unused tactic linter: `all_goals tauto` does nothing

Note: This linter can be disabled with `set_option linter.unusedTactic false`
SunPrize\Certificate\Theory005.lean:952:12: warning: this tactic is never executed

Note: This linter can be disabled with `set_option linter.unreachableTactic false`
SunPrize\Certificate\Theory005.lean:953:12: warning: this tactic is never executed

Note: This linter can be disabled with `set_option linter.unreachableTactic false`
SunPrize\Certificate\Theory005.lean:974:56: warning: This simp argument is unused:
  not_le

Hint: Omit it from the simp argument list.
  [apply] simp only [not_lt] at h ⊢

Note: This linter can be disabled with `set_option linter.unusedSimpArgs false`
SunPrize\Certificate\Theory005.lean:978:56: warning: This simp argument is unused:
  not_le

Hint: Omit it from the simp argument list.
  [apply] simp only [not_lt] at h ⊢

Note: This linter can be disabled with `set_option linter.unusedSimpArgs false`
SunPrize\Certificate\Theory005.lean:980:56: warning: This simp argument is unused:
  not_le

Hint: Omit it from the simp argument list.
  [apply] simp only [not_lt] at h ⊢

Note: This linter can be disabled with `set_option linter.unusedSimpArgs false`
SunPrize\Certificate\Theory005.lean:982:56: warning: This simp argument is unused:
  not_le

Hint: Omit it from the simp argument list.
  [apply] simp only [not_lt] at h ⊢

Note: This linter can be disabled with `set_option linter.unusedSimpArgs false`
SunPrize\Certificate\Theory005.lean:984:56: warning: This simp argument is unused:
  not_le

Hint: Omit it from the simp argument list.
  [apply] simp only [not_lt] at h ⊢

Note: This linter can be disabled with `set_option linter.unusedSimpArgs false`
SunPrize\Certificate\Theory005.lean:986:56: warning: This simp argument is unused:
  not_le

Hint: Omit it from the simp argument list.
  [apply] simp only [not_lt] at h ⊢

Note: This linter can be disabled with `set_option linter.unusedSimpArgs false`
SunPrize\Certificate\Theory005.lean:992:56: warning: This simp argument is unused:
  not_le

Hint: Omit it from the simp argument list.
  [apply] simp only [not_lt] at h ⊢

Note: This linter can be disabled with `set_option linter.unusedSimpArgs false`
SunPrize\Certificate\Theory005.lean:994:56: warning: This simp argument is unused:
  not_le

Hint: Omit it from the simp argument list.
  [apply] simp only [not_lt] at h ⊢

Note: This linter can be disabled with `set_option linter.unusedSimpArgs false`
SunPrize\Certificate\Theory005.lean:998:56: warning: This simp argument is unused:
  not_le

Hint: Omit it from the simp argument list.
  [apply] simp only [not_lt] at h ⊢

Note: This linter can be disabled with `set_option linter.unusedSimpArgs false`
SunPrize\Certificate\Theory005.lean:1000:56: warning: This simp argument is unused:
  not_le

Hint: Omit it from the simp argument list.
  [apply] simp only [not_lt] at h ⊢

Note: This linter can be disabled with `set_option linter.unusedSimpArgs false`
SunPrize\Certificate\Theory005.lean:1002:56: warning: This simp argument is unused:
  not_le

Hint: Omit it from the simp argument list.
  [apply] simp only [not_lt] at h ⊢

Note: This linter can be disabled with `set_option linter.unusedSimpArgs false`
SunPrize\Certificate\Theory005.lean:1004:56: warning: This simp argument is unused:
  not_le

Hint: Omit it from the simp argument list.
  [apply] simp only [not_lt] at h ⊢

Note: This linter can be disabled with `set_option linter.unusedSimpArgs false`
SunPrize\Certificate\Theory005.lean:1008:56: warning: This simp argument is unused:
  not_le

Hint: Omit it from the simp argument list.
  [apply] simp only [not_lt] at h ⊢

Note: This linter can be disabled with `set_option linter.unusedSimpArgs false`
SunPrize\Certificate\Theory005.lean:972:32: warning: Unused tactic linter: `(try simp only [not_lt, not_le] at h ⊢)` does nothing

Note: This linter can be disabled with `set_option linter.unusedTactic false`
SunPrize\Certificate\Theory005.lean:976:32: warning: Unused tactic linter: `(try simp only [not_lt, not_le] at h ⊢)` does nothing

Note: This linter can be disabled with `set_option linter.unusedTactic false`
SunPrize\Certificate\Theory005.lean:988:32: warning: Unused tactic linter: `(try simp only [not_lt, not_le] at h ⊢)` does nothing

Note: This linter can be disabled with `set_option linter.unusedTactic false`
SunPrize\Certificate\Theory005.lean:990:32: warning: Unused tactic linter: `(try simp only [not_lt, not_le] at h ⊢)` does nothing

Note: This linter can be disabled with `set_option linter.unusedTactic false`
SunPrize\Certificate\Theory005.lean:996:32: warning: Unused tactic linter: `(try simp only [not_lt, not_le] at h ⊢)` does nothing

Note: This linter can be disabled with `set_option linter.unusedTactic false`
SunPrize\Certificate\Theory005.lean:1006:32: warning: Unused tactic linter: `(try simp only [not_lt, not_le] at h ⊢)` does nothing

Note: This linter can be disabled with `set_option linter.unusedTactic false`
SunPrize\Certificate\Theory005.lean:1010:2: warning: Unused tactic linter: `all_goals clear e0 e1 e2 e3 e4 e5 e6 e7 e8 e9 e10 e11 e12 e13 e14 e15 e16 e17 e18` does nothing

Note: This linter can be disabled with `set_option linter.unusedTactic false`
SunPrize\Certificate\Theory005.lean:1011:2: warning: Unused tactic linter: `all_goals tauto` does nothing

Note: This linter can be disabled with `set_option linter.unusedTactic false`
SunPrize\Certificate\Theory005.lean:1010:12: warning: this tactic is never executed

Note: This linter can be disabled with `set_option linter.unreachableTactic false`
SunPrize\Certificate\Theory005.lean:1011:12: warning: this tactic is never executed

Note: This linter can be disabled with `set_option linter.unreachableTactic false`
SunPrize\Certificate\Theory005.lean:1058:56: warning: This simp argument is unused:
  not_le

Hint: Omit it from the simp argument list.
  [apply] simp only [not_lt] at h ⊢

Note: This linter can be disabled with `set_option linter.unusedSimpArgs false`
SunPrize\Certificate\Theory005.lean:1060:56: warning: This simp argument is unused:
  not_le

Hint: Omit it from the simp argument list.
  [apply] simp only [not_lt] at h ⊢

Note: This linter can be disabled with `set_option linter.unusedSimpArgs false`
SunPrize\Certificate\Theory005.lean:1062:56: warning: This simp argument is unused:
  not_le

Hint: Omit it from the simp argument list.
  [apply] simp only [not_lt] at h ⊢

Note: This linter can be disabled with `set_option linter.unusedSimpArgs false`
SunPrize\Certificate\Theory005.lean:1064:56: warning: This simp argument is unused:
  not_le

Hint: Omit it from the simp argument list.
  [apply] simp only [not_lt] at h ⊢

Note: This linter can be disabled with `set_option linter.unusedSimpArgs false`
SunPrize\Certificate\Theory005.lean:1066:56: warning: This simp argument is unused:
  not_le

Hint: Omit it from the simp argument list.
  [apply] simp only [not_lt] at h ⊢

Note: This linter can be disabled with `set_option linter.unusedSimpArgs false`
SunPrize\Certificate\Theory005.lean:1072:56: warning: This simp argument is unused:
  not_le

Hint: Omit it from the simp argument list.
  [apply] simp only [not_lt] at h ⊢

Note: This linter can be disabled with `set_option linter.unusedSimpArgs false`
SunPrize\Certificate\Theory005.lean:1074:56: warning: This simp argument is unused:
  not_le

Hint: Omit it from the simp argument list.
  [apply] simp only [not_lt] at h ⊢

Note: This linter can be disabled with `set_option linter.unusedSimpArgs false`
SunPrize\Certificate\Theory005.lean:1078:56: warning: This simp argument is unused:
  not_le

Hint: Omit it from the simp argument list.
  [apply] simp only [not_lt] at h ⊢

Note: This linter can be disabled with `set_option linter.unusedSimpArgs false`
SunPrize\Certificate\Theory005.lean:1080:56: warning: This simp argument is unused:
  not_le

Hint: Omit it from the simp argument list.
  [apply] simp only [not_lt] at h ⊢

Note: This linter can be disabled with `set_option linter.unusedSimpArgs false`
SunPrize\Certificate\Theory005.lean:1082:56: warning: This simp argument is unused:
  not_le

Hint: Omit it from the simp argument list.
  [apply] simp only [not_lt] at h ⊢

Note: This linter can be disabled with `set_option linter.unusedSimpArgs false`
SunPrize\Certificate\Theory005.lean:1084:56: warning: This simp argument is unused:
  not_le

Hint: Omit it from the simp argument list.
  [apply] simp only [not_lt] at h ⊢

Note: This linter can be disabled with `set_option linter.unusedSimpArgs false`
SunPrize\Certificate\Theory005.lean:1092:56: warning: This simp argument is unused:
  not_le

Hint: Omit it from the simp argument list.
  [apply] simp only [not_lt] at h ⊢

Note: This linter can be disabled with `set_option linter.unusedSimpArgs false`
SunPrize\Certificate\Theory005.lean:1094:56: warning: This simp argument is unused:
  not_le

Hint: Omit it from the simp argument list.
  [apply] simp only [not_lt] at h ⊢

Note: This linter can be disabled with `set_option linter.unusedSimpArgs false`
SunPrize\Certificate\Theory005.lean:1068:32: warning: Unused tactic linter: `(try simp only [not_lt, not_le] at h ⊢)` does nothing

Note: This linter can be disabled with `set_option linter.unusedTactic false`
SunPrize\Certificate\Theory005.lean:1070:32: warning: Unused tactic linter: `(try simp only [not_lt, not_le] at h ⊢)` does nothing

Note: This linter can be disabled with `set_option linter.unusedTactic false`
SunPrize\Certificate\Theory005.lean:1076:32: warning: Unused tactic linter: `(try simp only [not_lt, not_le] at h ⊢)` does nothing

Note: This linter can be disabled with `set_option linter.unusedTactic false`
SunPrize\Certificate\Theory005.lean:1086:32: warning: Unused tactic linter: `(try simp only [not_lt, not_le] at h ⊢)` does nothing

Note: This linter can be disabled with `set_option linter.unusedTactic false`
SunPrize\Certificate\Theory005.lean:1088:32: warning: Unused tactic linter: `(try simp only [not_lt, not_le] at h ⊢)` does nothing

Note: This linter can be disabled with `set_option linter.unusedTactic false`
SunPrize\Certificate\Theory005.lean:1090:32: warning: Unused tactic linter: `(try simp only [not_lt, not_le] at h ⊢)` does nothing

Note: This linter can be disabled with `set_option linter.unusedTactic false`
SunPrize\Certificate\Theory005.lean:1096:2: warning: Unused tactic linter: `all_goals clear e0 e1 e2 e3 e4 e5 e6 e7 e8 e9 e10 e11 e12 e13 e14 e15 e16 e17 e18` does nothing

Note: This linter can be disabled with `set_option linter.unusedTactic false`
SunPrize\Certificate\Theory005.lean:1097:2: warning: Unused tactic linter: `all_goals tauto` does nothing

Note: This linter can be disabled with `set_option linter.unusedTactic false`
SunPrize\Certificate\Theory005.lean:1096:12: warning: this tactic is never executed

Note: This linter can be disabled with `set_option linter.unreachableTactic false`
SunPrize\Certificate\Theory005.lean:1097:12: warning: this tactic is never executed

Note: This linter can be disabled with `set_option linter.unreachableTactic false`
SunPrize\Certificate\Theory005.lean:1237:56: warning: This simp argument is unused:
  not_le

Hint: Omit it from the simp argument list.
  [apply] simp only [not_lt] at h ⊢

Note: This linter can be disabled with `set_option linter.unusedSimpArgs false`
SunPrize\Certificate\Theory005.lean:1239:56: warning: This simp argument is unused:
  not_le

Hint: Omit it from the simp argument list.
  [apply] simp only [not_lt] at h ⊢

Note: This linter can be disabled with `set_option linter.unusedSimpArgs false`
SunPrize\Certificate\Theory005.lean:1241:56: warning: This simp argument is unused:
  not_le

Hint: Omit it from the simp argument list.
  [apply] simp only [not_lt] at h ⊢

Note: This linter can be disabled with `set_option linter.unusedSimpArgs false`
SunPrize\Certificate\Theory005.lean:1243:56: warning: This simp argument is unused:
  not_le

Hint: Omit it from the simp argument list.
  [apply] simp only [not_lt] at h ⊢

Note: This linter can be disabled with `set_option linter.unusedSimpArgs false`
SunPrize\Certificate\Theory005.lean:1245:56: warning: This simp argument is unused:
  not_le

Hint: Omit it from the simp argument list.
  [apply] simp only [not_lt] at h ⊢

Note: This linter can be disabled with `set_option linter.unusedSimpArgs false`
SunPrize\Certificate\Theory005.lean:1251:56: warning: This simp argument is unused:
  not_le

Hint: Omit it from the simp argument list.
  [apply] simp only [not_lt] at h ⊢

Note: This linter can be disabled with `set_option linter.unusedSimpArgs false`
SunPrize\Certificate\Theory005.lean:1253:56: warning: This simp argument is unused:
  not_le

Hint: Omit it from the simp argument list.
  [apply] simp only [not_lt] at h ⊢

Note: This linter can be disabled with `set_option linter.unusedSimpArgs false`
SunPrize\Certificate\Theory005.lean:1257:56: warning: This simp argument is unused:
  not_le

Hint: Omit it from the simp argument list.
  [apply] simp only [not_lt] at h ⊢

Note: This linter can be disabled with `set_option linter.unusedSimpArgs false`
SunPrize\Certificate\Theory005.lean:1259:56: warning: This simp argument is unused:
  not_le

Hint: Omit it from the simp argument list.
  [apply] simp only [not_lt] at h ⊢

Note: This linter can be disabled with `set_option linter.unusedSimpArgs false`
SunPrize\Certificate\Theory005.lean:1261:56: warning: This simp argument is unused:
  not_le

Hint: Omit it from the simp argument list.
  [apply] simp only [not_lt] at h ⊢

Note: This linter can be disabled with `set_option linter.unusedSimpArgs false`
SunPrize\Certificate\Theory005.lean:1263:56: warning: This simp argument is unused:
  not_le

Hint: Omit it from the simp argument list.
  [apply] simp only [not_lt] at h ⊢

Note: This linter can be disabled with `set_option linter.unusedSimpArgs false`
SunPrize\Certificate\Theory005.lean:1269:56: warning: This simp argument is unused:
  not_le

Hint: Omit it from the simp argument list.
  [apply] simp only [not_lt] at h ⊢

Note: This linter can be disabled with `set_option linter.unusedSimpArgs false`
SunPrize\Certificate\Theory005.lean:1271:56: warning: This simp argument is unused:
  not_le

Hint: Omit it from the simp argument list.
  [apply] simp only [not_lt] at h ⊢

Note: This linter can be disabled with `set_option linter.unusedSimpArgs false`
SunPrize\Certificate\Theory005.lean:1235:32: warning: Unused tactic linter: `(try simp only [not_lt, not_le] at h ⊢)` does nothing

Note: This linter can be disabled with `set_option linter.unusedTactic false`
SunPrize\Certificate\Theory005.lean:1247:32: warning: Unused tactic linter: `(try simp only [not_lt, not_le] at h ⊢)` does nothing

Note: This linter can be disabled with `set_option linter.unusedTactic false`
SunPrize\Certificate\Theory005.lean:1249:32: warning: Unused tactic linter: `(try simp only [not_lt, not_le] at h ⊢)` does nothing

Note: This linter can be disabled with `set_option linter.unusedTactic false`
SunPrize\Certificate\Theory005.lean:1255:32: warning: Unused tactic linter: `(try simp only [not_lt, not_le] at h ⊢)` does nothing

Note: This linter can be disabled with `set_option linter.unusedTactic false`
SunPrize\Certificate\Theory005.lean:1265:32: warning: Unused tactic linter: `(try simp only [not_lt, not_le] at h ⊢)` does nothing

Note: This linter can be disabled with `set_option linter.unusedTactic false`
SunPrize\Certificate\Theory005.lean:1267:32: warning: Unused tactic linter: `(try simp only [not_lt, not_le] at h ⊢)` does nothing

Note: This linter can be disabled with `set_option linter.unusedTactic false`
SunPrize\Certificate\Theory005.lean:1273:2: warning: Unused tactic linter: `all_goals clear e0 e1 e2 e3 e4 e5 e6 e7 e8 e9 e10 e11 e12 e13 e14 e15 e16 e17 e18` does nothing

Note: This linter can be disabled with `set_option linter.unusedTactic false`
SunPrize\Certificate\Theory005.lean:1274:2: warning: Unused tactic linter: `all_goals tauto` does nothing

Note: This linter can be disabled with `set_option linter.unusedTactic false`
SunPrize\Certificate\Theory005.lean:1273:12: warning: this tactic is never executed

Note: This linter can be disabled with `set_option linter.unreachableTactic false`
SunPrize\Certificate\Theory005.lean:1274:12: warning: this tactic is never executed

Note: This linter can be disabled with `set_option linter.unreachableTactic false`
SunPrize\Certificate\Theory005.lean:1512:56: warning: This simp argument is unused:
  not_le

Hint: Omit it from the simp argument list.
  [apply] simp only [not_lt] at h ⊢

Note: This linter can be disabled with `set_option linter.unusedSimpArgs false`
SunPrize\Certificate\Theory005.lean:1514:56: warning: This simp argument is unused:
  not_le

Hint: Omit it from the simp argument list.
  [apply] simp only [not_lt] at h ⊢

Note: This linter can be disabled with `set_option linter.unusedSimpArgs false`
SunPrize\Certificate\Theory005.lean:1524:56: warning: This simp argument is unused:
  not_le

Hint: Omit it from the simp argument list.
  [apply] simp only [not_lt] at h ⊢

Note: This linter can be disabled with `set_option linter.unusedSimpArgs false`
SunPrize\Certificate\Theory005.lean:1526:56: warning: This simp argument is unused:
  not_le

Hint: Omit it from the simp argument list.
  [apply] simp only [not_lt] at h ⊢

Note: This linter can be disabled with `set_option linter.unusedSimpArgs false`
SunPrize\Certificate\Theory005.lean:1530:56: warning: This simp argument is unused:
  not_le

Hint: Omit it from the simp argument list.
  [apply] simp only [not_lt] at h ⊢

Note: This linter can be disabled with `set_option linter.unusedSimpArgs false`
SunPrize\Certificate\Theory005.lean:1532:56: warning: This simp argument is unused:
  not_le

Hint: Omit it from the simp argument list.
  [apply] simp only [not_lt] at h ⊢

Note: This linter can be disabled with `set_option linter.unusedSimpArgs false`
SunPrize\Certificate\Theory005.lean:1534:56: warning: This simp argument is unused:
  not_le

Hint: Omit it from the simp argument list.
  [apply] simp only [not_lt] at h ⊢

Note: This linter can be disabled with `set_option linter.unusedSimpArgs false`
SunPrize\Certificate\Theory005.lean:1536:56: warning: This simp argument is unused:
  not_le

Hint: Omit it from the simp argument list.
  [apply] simp only [not_lt] at h ⊢

Note: This linter can be disabled with `set_option linter.unusedSimpArgs false`
SunPrize\Certificate\Theory005.lean:1538:56: warning: This simp argument is unused:
  not_le

Hint: Omit it from the simp argument list.
  [apply] simp only [not_lt] at h ⊢

Note: This linter can be disabled with `set_option linter.unusedSimpArgs false`
SunPrize\Certificate\Theory005.lean:1540:56: warning: This simp argument is unused:
  not_le

Hint: Omit it from the simp argument list.
  [apply] simp only [not_lt] at h ⊢

Note: This linter can be disabled with `set_option linter.unusedSimpArgs false`
SunPrize\Certificate\Theory005.lean:1542:56: warning: This simp argument is unused:
  not_le

Hint: Omit it from the simp argument list.
  [apply] simp only [not_lt] at h ⊢

Note: This linter can be disabled with `set_option linter.unusedSimpArgs false`
SunPrize\Certificate\Theory005.lean:1544:56: warning: This simp argument is unused:
  not_le

Hint: Omit it from the simp argument list.
  [apply] simp only [not_lt] at h ⊢

Note: This linter can be disabled with `set_option linter.unusedSimpArgs false`
SunPrize\Certificate\Theory005.lean:1546:56: warning: This simp argument is unused:
  not_le

Hint: Omit it from the simp argument list.
  [apply] simp only [not_lt] at h ⊢

Note: This linter can be disabled with `set_option linter.unusedSimpArgs false`
SunPrize\Certificate\Theory005.lean:1510:32: warning: Unused tactic linter: `(try simp only [not_lt, not_le] at h ⊢)` does nothing

Note: This linter can be disabled with `set_option linter.unusedTactic false`
SunPrize\Certificate\Theory005.lean:1516:32: warning: Unused tactic linter: `(try simp only [not_lt, not_le] at h ⊢)` does nothing

Note: This linter can be disabled with `set_option linter.unusedTactic false`
SunPrize\Certificate\Theory005.lean:1518:32: warning: Unused tactic linter: `(try simp only [not_lt, not_le] at h ⊢)` does nothing

Note: This linter can be disabled with `set_option linter.unusedTactic false`
SunPrize\Certificate\Theory005.lean:1520:32: warning: Unused tactic linter: `(try simp only [not_lt, not_le] at h ⊢)` does nothing

Note: This linter can be disabled with `set_option linter.unusedTactic false`
SunPrize\Certificate\Theory005.lean:1522:32: warning: Unused tactic linter: `(try simp only [not_lt, not_le] at h ⊢)` does nothing

Note: This linter can be disabled with `set_option linter.unusedTactic false`
SunPrize\Certificate\Theory005.lean:1528:32: warning: Unused tactic linter: `(try simp only [not_lt, not_le] at h ⊢)` does nothing

Note: This linter can be disabled with `set_option linter.unusedTactic false`
SunPrize\Certificate\Theory005.lean:1548:2: warning: Unused tactic linter: `all_goals clear e0 e1 e2 e3 e4 e5 e6 e7 e8 e9 e10 e11 e12 e13 e14 e15 e16 e17 e18` does nothing

Note: This linter can be disabled with `set_option linter.unusedTactic false`
SunPrize\Certificate\Theory005.lean:1549:2: warning: Unused tactic linter: `all_goals tauto` does nothing

Note: This linter can be disabled with `set_option linter.unusedTactic false`
SunPrize\Certificate\Theory005.lean:1548:12: warning: this tactic is never executed

Note: This linter can be disabled with `set_option linter.unreachableTactic false`
SunPrize\Certificate\Theory005.lean:1549:12: warning: this tactic is never executed

Note: This linter can be disabled with `set_option linter.unreachableTactic false`
SunPrize\Certificate\Theory005.lean:1554:56: warning: This simp argument is unused:
  not_le

Hint: Omit it from the simp argument list.
  [apply] simp only [not_lt] at h ⊢

Note: This linter can be disabled with `set_option linter.unusedSimpArgs false`
SunPrize\Certificate\Theory005.lean:1556:56: warning: This simp argument is unused:
  not_le

Hint: Omit it from the simp argument list.
  [apply] simp only [not_lt] at h ⊢

Note: This linter can be disabled with `set_option linter.unusedSimpArgs false`
SunPrize\Certificate\Theory005.lean:1558:56: warning: This simp argument is unused:
  not_le

Hint: Omit it from the simp argument list.
  [apply] simp only [not_lt] at h ⊢

Note: This linter can be disabled with `set_option linter.unusedSimpArgs false`
SunPrize\Certificate\Theory005.lean:1560:56: warning: This simp argument is unused:
  not_le

Hint: Omit it from the simp argument list.
  [apply] simp only [not_lt] at h ⊢

Note: This linter can be disabled with `set_option linter.unusedSimpArgs false`
SunPrize\Certificate\Theory005.lean:1562:56: warning: This simp argument is unused:
  not_le

Hint: Omit it from the simp argument list.
  [apply] simp only [not_lt] at h ⊢

Note: This linter can be disabled with `set_option linter.unusedSimpArgs false`
SunPrize\Certificate\Theory005.lean:1568:56: warning: This simp argument is unused:
  not_le

Hint: Omit it from the simp argument list.
  [apply] simp only [not_lt] at h ⊢

Note: This linter can be disabled with `set_option linter.unusedSimpArgs false`
SunPrize\Certificate\Theory005.lean:1570:56: warning: This simp argument is unused:
  not_le

Hint: Omit it from the simp argument list.
  [apply] simp only [not_lt] at h ⊢

Note: This linter can be disabled with `set_option linter.unusedSimpArgs false`
SunPrize\Certificate\Theory005.lean:1574:56: warning: This simp argument is unused:
  not_le

Hint: Omit it from the simp argument list.
  [apply] simp only [not_lt] at h ⊢

Note: This linter can be disabled with `set_option linter.unusedSimpArgs false`
SunPrize\Certificate\Theory005.lean:1576:56: warning: This simp argument is unused:
  not_le

Hint: Omit it from the simp argument list.
  [apply] simp only [not_lt] at h ⊢

Note: This linter can be disabled with `set_option linter.unusedSimpArgs false`
SunPrize\Certificate\Theory005.lean:1578:56: warning: This simp argument is unused:
  not_le

Hint: Omit it from the simp argument list.
  [apply] simp only [not_lt] at h ⊢

Note: This linter can be disabled with `set_option linter.unusedSimpArgs false`
SunPrize\Certificate\Theory005.lean:1580:56: warning: This simp argument is unused:
  not_le

Hint: Omit it from the simp argument list.
  [apply] simp only [not_lt] at h ⊢

Note: This linter can be disabled with `set_option linter.unusedSimpArgs false`
SunPrize\Certificate\Theory005.lean:1588:56: warning: This simp argument is unused:
  not_le

Hint: Omit it from the simp argument list.
  [apply] simp only [not_lt] at h ⊢

Note: This linter can be disabled with `set_option linter.unusedSimpArgs false`
SunPrize\Certificate\Theory005.lean:1590:56: warning: This simp argument is unused:
  not_le

Hint: Omit it from the simp argument list.
  [apply] simp only [not_lt] at h ⊢

Note: This linter can be disabled with `set_option linter.unusedSimpArgs false`
SunPrize\Certificate\Theory005.lean:1564:32: warning: Unused tactic linter: `(try simp only [not_lt, not_le] at h ⊢)` does nothing

Note: This linter can be disabled with `set_option linter.unusedTactic false`
SunPrize\Certificate\Theory005.lean:1566:32: warning: Unused tactic linter: `(try simp only [not_lt, not_le] at h ⊢)` does nothing

Note: This linter can be disabled with `set_option linter.unusedTactic false`
SunPrize\Certificate\Theory005.lean:1572:32: warning: Unused tactic linter: `(try simp only [not_lt, not_le] at h ⊢)` does nothing

Note: This linter can be disabled with `set_option linter.unusedTactic false`
SunPrize\Certificate\Theory005.lean:1582:32: warning: Unused tactic linter: `(try simp only [not_lt, not_le] at h ⊢)` does nothing

Note: This linter can be disabled with `set_option linter.unusedTactic false`
SunPrize\Certificate\Theory005.lean:1584:32: warning: Unused tactic linter: `(try simp only [not_lt, not_le] at h ⊢)` does nothing

Note: This linter can be disabled with `set_option linter.unusedTactic false`
SunPrize\Certificate\Theory005.lean:1586:32: warning: Unused tactic linter: `(try simp only [not_lt, not_le] at h ⊢)` does nothing

Note: This linter can be disabled with `set_option linter.unusedTactic false`
SunPrize\Certificate\Theory005.lean:1592:2: warning: Unused tactic linter: `all_goals clear e0 e1 e2 e3 e4 e5 e6 e7 e8 e9 e10 e11 e12 e13 e14 e15 e16 e17 e18` does nothing

Note: This linter can be disabled with `set_option linter.unusedTactic false`
SunPrize\Certificate\Theory005.lean:1593:2: warning: Unused tactic linter: `all_goals tauto` does nothing

Note: This linter can be disabled with `set_option linter.unusedTactic false`
SunPrize\Certificate\Theory005.lean:1592:12: warning: this tactic is never executed

Note: This linter can be disabled with `set_option linter.unreachableTactic false`
SunPrize\Certificate\Theory005.lean:1593:12: warning: this tactic is never executed

Note: This linter can be disabled with `set_option linter.unreachableTactic false`
SunPrize\Certificate\Theory005.lean:1598:56: warning: This simp argument is unused:
  not_le

Hint: Omit it from the simp argument list.
  [apply] simp only [not_lt] at h ⊢

Note: This linter can be disabled with `set_option linter.unusedSimpArgs false`
SunPrize\Certificate\Theory005.lean:1600:56: warning: This simp argument is unused:
  not_le

Hint: Omit it from the simp argument list.
  [apply] simp only [not_lt] at h ⊢

Note: This linter can be disabled with `set_option linter.unusedSimpArgs false`
SunPrize\Certificate\Theory005.lean:1602:56: warning: This simp argument is unused:
  not_le

Hint: Omit it from the simp argument list.
  [apply] simp only [not_lt] at h ⊢

Note: This linter can be disabled with `set_option linter.unusedSimpArgs false`
SunPrize\Certificate\Theory005.lean:1604:56: warning: This simp argument is unused:
  not_le

Hint: Omit it from the simp argument list.
  [apply] simp only [not_lt] at h ⊢

Note: This linter can be disabled with `set_option linter.unusedSimpArgs false`
SunPrize\Certificate\Theory005.lean:1606:56: warning: This simp argument is unused:
  not_le

Hint: Omit it from the simp argument list.
  [apply] simp only [not_lt] at h ⊢

Note: This linter can be disabled with `set_option linter.unusedSimpArgs false`
SunPrize\Certificate\Theory005.lean:1612:56: warning: This simp argument is unused:
  not_le

Hint: Omit it from the simp argument list.
  [apply] simp only [not_lt] at h ⊢

Note: This linter can be disabled with `set_option linter.unusedSimpArgs false`
SunPrize\Certificate\Theory005.lean:1614:56: warning: This simp argument is unused:
  not_le

Hint: Omit it from the simp argument list.
  [apply] simp only [not_lt] at h ⊢

Note: This linter can be disabled with `set_option linter.unusedSimpArgs false`
SunPrize\Certificate\Theory005.lean:1618:56: warning: This simp argument is unused:
  not_le

Hint: Omit it from the simp argument list.
  [apply] simp only [not_lt] at h ⊢

Note: This linter can be disabled with `set_option linter.unusedSimpArgs false`
SunPrize\Certificate\Theory005.lean:1620:56: warning: This simp argument is unused:
  not_le

Hint: Omit it from the simp argument list.
  [apply] simp only [not_lt] at h ⊢

Note: This linter can be disabled with `set_option linter.unusedSimpArgs false`
SunPrize\Certificate\Theory005.lean:1622:56: warning: This simp argument is unused:
  not_le

Hint: Omit it from the simp argument list.
  [apply] simp only [not_lt] at h ⊢

Note: This linter can be disabled with `set_option linter.unusedSimpArgs false`
SunPrize\Certificate\Theory005.lean:1624:56: warning: This simp argument is unused:
  not_le

Hint: Omit it from the simp argument list.
  [apply] simp only [not_lt] at h ⊢

Note: This linter can be disabled with `set_option linter.unusedSimpArgs false`
SunPrize\Certificate\Theory005.lean:1632:56: warning: This simp argument is unused:
  not_le

Hint: Omit it from the simp argument list.
  [apply] simp only [not_lt] at h ⊢

Note: This linter can be disabled with `set_option linter.unusedSimpArgs false`
SunPrize\Certificate\Theory005.lean:1634:56: warning: This simp argument is unused:
  not_le

Hint: Omit it from the simp argument list.
  [apply] simp only [not_lt] at h ⊢

Note: This linter can be disabled with `set_option linter.unusedSimpArgs false`
SunPrize\Certificate\Theory005.lean:1608:32: warning: Unused tactic linter: `(try simp only [not_lt, not_le] at h ⊢)` does nothing

Note: This linter can be disabled with `set_option linter.unusedTactic false`
SunPrize\Certificate\Theory005.lean:1610:32: warning: Unused tactic linter: `(try simp only [not_lt, not_le] at h ⊢)` does nothing

Note: This linter can be disabled with `set_option linter.unusedTactic false`
SunPrize\Certificate\Theory005.lean:1616:32: warning: Unused tactic linter: `(try simp only [not_lt, not_le] at h ⊢)` does nothing

Note: This linter can be disabled with `set_option linter.unusedTactic false`
SunPrize\Certificate\Theory005.lean:1626:32: warning: Unused tactic linter: `(try simp only [not_lt, not_le] at h ⊢)` does nothing

Note: This linter can be disabled with `set_option linter.unusedTactic false`
SunPrize\Certificate\Theory005.lean:1628:32: warning: Unused tactic linter: `(try simp only [not_lt, not_le] at h ⊢)` does nothing

Note: This linter can be disabled with `set_option linter.unusedTactic false`
SunPrize\Certificate\Theory005.lean:1630:32: warning: Unused tactic linter: `(try simp only [not_lt, not_le] at h ⊢)` does nothing

Note: This linter can be disabled with `set_option linter.unusedTactic false`
SunPrize\Certificate\Theory005.lean:1636:2: warning: Unused tactic linter: `all_goals clear e0 e1 e2 e3 e4 e5 e6 e7 e8 e9 e10 e11 e12 e13 e14 e15 e16 e17 e18` does nothing

Note: This linter can be disabled with `set_option linter.unusedTactic false`
SunPrize\Certificate\Theory005.lean:1637:2: warning: Unused tactic linter: `all_goals tauto` does nothing

Note: This linter can be disabled with `set_option linter.unusedTactic false`
SunPrize\Certificate\Theory005.lean:1636:12: warning: this tactic is never executed

Note: This linter can be disabled with `set_option linter.unreachableTactic false`
SunPrize\Certificate\Theory005.lean:1637:12: warning: this tactic is never executed

Note: This linter can be disabled with `set_option linter.unreachableTactic false`
SunPrize\Certificate\Theory005.lean:1649:56: warning: This simp argument is unused:
  not_le

Hint: Omit it from the simp argument list.
  [apply] simp only [not_lt] at h ⊢

Note: This linter can be disabled with `set_option linter.unusedSimpArgs false`
SunPrize\Certificate\Theory005.lean:1651:56: warning: This simp argument is unused:
  not_le

Hint: Omit it from the simp argument list.
  [apply] simp only [not_lt] at h ⊢

Note: This linter can be disabled with `set_option linter.unusedSimpArgs false`
SunPrize\Certificate\Theory005.lean:1653:56: warning: This simp argument is unused:
  not_le

Hint: Omit it from the simp argument list.
  [apply] simp only [not_lt] at h ⊢

Note: This linter can be disabled with `set_option linter.unusedSimpArgs false`
SunPrize\Certificate\Theory005.lean:1655:56: warning: This simp argument is unused:
  not_le

Hint: Omit it from the simp argument list.
  [apply] simp only [not_lt] at h ⊢

Note: This linter can be disabled with `set_option linter.unusedSimpArgs false`
SunPrize\Certificate\Theory005.lean:1657:56: warning: This simp argument is unused:
  not_le

Hint: Omit it from the simp argument list.
  [apply] simp only [not_lt] at h ⊢

Note: This linter can be disabled with `set_option linter.unusedSimpArgs false`
SunPrize\Certificate\Theory005.lean:1663:56: warning: This simp argument is unused:
  not_le

Hint: Omit it from the simp argument list.
  [apply] simp only [not_lt] at h ⊢

Note: This linter can be disabled with `set_option linter.unusedSimpArgs false`
SunPrize\Certificate\Theory005.lean:1665:56: warning: This simp argument is unused:
  not_le

Hint: Omit it from the simp argument list.
  [apply] simp only [not_lt] at h ⊢

Note: This linter can be disabled with `set_option linter.unusedSimpArgs false`
SunPrize\Certificate\Theory005.lean:1669:56: warning: This simp argument is unused:
  not_le

Hint: Omit it from the simp argument list.
  [apply] simp only [not_lt] at h ⊢

Note: This linter can be disabled with `set_option linter.unusedSimpArgs false`
SunPrize\Certificate\Theory005.lean:1671:56: warning: This simp argument is unused:
  not_le

Hint: Omit it from the simp argument list.
  [apply] simp only [not_lt] at h ⊢

Note: This linter can be disabled with `set_option linter.unusedSimpArgs false`
SunPrize\Certificate\Theory005.lean:1673:56: warning: This simp argument is unused:
  not_le

Hint: Omit it from the simp argument list.
  [apply] simp only [not_lt] at h ⊢

Note: This linter can be disabled with `set_option linter.unusedSimpArgs false`
SunPrize\Certificate\Theory005.lean:1675:56: warning: This simp argument is unused:
  not_le

Hint: Omit it from the simp argument list.
  [apply] simp only [not_lt] at h ⊢

Note: This linter can be disabled with `set_option linter.unusedSimpArgs false`
SunPrize\Certificate\Theory005.lean:1683:56: warning: This simp argument is unused:
  not_le

Hint: Omit it from the simp argument list.
  [apply] simp only [not_lt] at h ⊢

Note: This linter can be disabled with `set_option linter.unusedSimpArgs false`
SunPrize\Certificate\Theory005.lean:1685:56: warning: This simp argument is unused:
  not_le

Hint: Omit it from the simp argument list.
  [apply] simp only [not_lt] at h ⊢

Note: This linter can be disabled with `set_option linter.unusedSimpArgs false`
SunPrize\Certificate\Theory005.lean:1659:32: warning: Unused tactic linter: `(try simp only [not_lt, not_le] at h ⊢)` does nothing

Note: This linter can be disabled with `set_option linter.unusedTactic false`
SunPrize\Certificate\Theory005.lean:1661:32: warning: Unused tactic linter: `(try simp only [not_lt, not_le] at h ⊢)` does nothing

Note: This linter can be disabled with `set_option linter.unusedTactic false`
SunPrize\Certificate\Theory005.lean:1667:32: warning: Unused tactic linter: `(try simp only [not_lt, not_le] at h ⊢)` does nothing

Note: This linter can be disabled with `set_option linter.unusedTactic false`
SunPrize\Certificate\Theory005.lean:1677:32: warning: Unused tactic linter: `(try simp only [not_lt, not_le] at h ⊢)` does nothing

Note: This linter can be disabled with `set_option linter.unusedTactic false`
SunPrize\Certificate\Theory005.lean:1679:32: warning: Unused tactic linter: `(try simp only [not_lt, not_le] at h ⊢)` does nothing

Note: This linter can be disabled with `set_option linter.unusedTactic false`
SunPrize\Certificate\Theory005.lean:1681:32: warning: Unused tactic linter: `(try simp only [not_lt, not_le] at h ⊢)` does nothing

Note: This linter can be disabled with `set_option linter.unusedTactic false`
SunPrize\Certificate\Theory005.lean:1687:2: warning: Unused tactic linter: `all_goals clear e0 e1 e2 e3 e4 e5 e6 e7 e8 e9 e10 e11 e12 e13 e14 e15 e16 e17 e18` does nothing

Note: This linter can be disabled with `set_option linter.unusedTactic false`
SunPrize\Certificate\Theory005.lean:1688:2: warning: Unused tactic linter: `all_goals tauto` does nothing

Note: This linter can be disabled with `set_option linter.unusedTactic false`
SunPrize\Certificate\Theory005.lean:1687:12: warning: this tactic is never executed

Note: This linter can be disabled with `set_option linter.unreachableTactic false`
SunPrize\Certificate\Theory005.lean:1688:12: warning: this tactic is never executed

Note: This linter can be disabled with `set_option linter.unreachableTactic false`
SunPrize\Certificate\Theory005.lean:1742:56: warning: This simp argument is unused:
  not_le

Hint: Omit it from the simp argument list.
  [apply] simp only [not_lt] at h ⊢

Note: This linter can be disabled with `set_option linter.unusedSimpArgs false`
SunPrize\Certificate\Theory005.lean:1744:56: warning: This simp argument is unused:
  not_le

Hint: Omit it from the simp argument list.
  [apply] simp only [not_lt] at h ⊢

Note: This linter can be disabled with `set_option linter.unusedSimpArgs false`
SunPrize\Certificate\Theory005.lean:1746:56: warning: This simp argument is unused:
  not_le

Hint: Omit it from the simp argument list.
  [apply] simp only [not_lt] at h ⊢

Note: This linter can be disabled with `set_option linter.unusedSimpArgs false`
SunPrize\Certificate\Theory005.lean:1748:56: warning: This simp argument is unused:
  not_le

Hint: Omit it from the simp argument list.
  [apply] simp only [not_lt] at h ⊢

Note: This linter can be disabled with `set_option linter.unusedSimpArgs false`
SunPrize\Certificate\Theory005.lean:1750:56: warning: This simp argument is unused:
  not_le

Hint: Omit it from the simp argument list.
  [apply] simp only [not_lt] at h ⊢

Note: This linter can be disabled with `set_option linter.unusedSimpArgs false`
SunPrize\Certificate\Theory005.lean:1756:56: warning: This simp argument is unused:
  not_le

Hint: Omit it from the simp argument list.
  [apply] simp only [not_lt] at h ⊢

Note: This linter can be disabled with `set_option linter.unusedSimpArgs false`
SunPrize\Certificate\Theory005.lean:1758:56: warning: This simp argument is unused:
  not_le

Hint: Omit it from the simp argument list.
  [apply] simp only [not_lt] at h ⊢

Note: This linter can be disabled with `set_option linter.unusedSimpArgs false`
SunPrize\Certificate\Theory005.lean:1762:56: warning: This simp argument is unused:
  not_le

Hint: Omit it from the simp argument list.
  [apply] simp only [not_lt] at h ⊢

Note: This linter can be disabled with `set_option linter.unusedSimpArgs false`
SunPrize\Certificate\Theory005.lean:1764:56: warning: This simp argument is unused:
  not_le

Hint: Omit it from the simp argument list.
  [apply] simp only [not_lt] at h ⊢

Note: This linter can be disabled with `set_option linter.unusedSimpArgs false`
SunPrize\Certificate\Theory005.lean:1766:56: warning: This simp argument is unused:
  not_le

Hint: Omit it from the simp argument list.
  [apply] simp only [not_lt] at h ⊢

Note: This linter can be disabled with `set_option linter.unusedSimpArgs false`
SunPrize\Certificate\Theory005.lean:1768:56: warning: This simp argument is unused:
  not_le

Hint: Omit it from the simp argument list.
  [apply] simp only [not_lt] at h ⊢

Note: This linter can be disabled with `set_option linter.unusedSimpArgs false`
SunPrize\Certificate\Theory005.lean:1776:56: warning: This simp argument is unused:
  not_le

Hint: Omit it from the simp argument list.
  [apply] simp only [not_lt] at h ⊢

Note: This linter can be disabled with `set_option linter.unusedSimpArgs false`
SunPrize\Certificate\Theory005.lean:1778:56: warning: This simp argument is unused:
  not_le

Hint: Omit it from the simp argument list.
  [apply] simp only [not_lt] at h ⊢

Note: This linter can be disabled with `set_option linter.unusedSimpArgs false`
SunPrize\Certificate\Theory005.lean:1752:32: warning: Unused tactic linter: `(try simp only [not_lt, not_le] at h ⊢)` does nothing

Note: This linter can be disabled with `set_option linter.unusedTactic false`
SunPrize\Certificate\Theory005.lean:1754:32: warning: Unused tactic linter: `(try simp only [not_lt, not_le] at h ⊢)` does nothing

Note: This linter can be disabled with `set_option linter.unusedTactic false`
SunPrize\Certificate\Theory005.lean:1760:32: warning: Unused tactic linter: `(try simp only [not_lt, not_le] at h ⊢)` does nothing

Note: This linter can be disabled with `set_option linter.unusedTactic false`
SunPrize\Certificate\Theory005.lean:1770:32: warning: Unused tactic linter: `(try simp only [not_lt, not_le] at h ⊢)` does nothing

Note: This linter can be disabled with `set_option linter.unusedTactic false`
SunPrize\Certificate\Theory005.lean:1772:32: warning: Unused tactic linter: `(try simp only [not_lt, not_le] at h ⊢)` does nothing

Note: This linter can be disabled with `set_option linter.unusedTactic false`
SunPrize\Certificate\Theory005.lean:1774:32: warning: Unused tactic linter: `(try simp only [not_lt, not_le] at h ⊢)` does nothing

Note: This linter can be disabled with `set_option linter.unusedTactic false`
SunPrize\Certificate\Theory005.lean:1780:2: warning: Unused tactic linter: `all_goals clear e0 e1 e2 e3 e4 e5 e6 e7 e8 e9 e10 e11 e12 e13 e14 e15 e16 e17 e18` does nothing

Note: This linter can be disabled with `set_option linter.unusedTactic false`
SunPrize\Certificate\Theory005.lean:1781:2: warning: Unused tactic linter: `all_goals tauto` does nothing

Note: This linter can be disabled with `set_option linter.unusedTactic false`
SunPrize\Certificate\Theory005.lean:1780:12: warning: this tactic is never executed

Note: This linter can be disabled with `set_option linter.unreachableTactic false`
SunPrize\Certificate\Theory005.lean:1781:12: warning: this tactic is never executed

Note: This linter can be disabled with `set_option linter.unreachableTactic false`
SunPrize\Certificate\Theory005.lean:1807:56: warning: This simp argument is unused:
  not_le

Hint: Omit it from the simp argument list.
  [apply] simp only [not_lt] at h ⊢

Note: This linter can be disabled with `set_option linter.unusedSimpArgs false`
SunPrize\Certificate\Theory005.lean:1809:56: warning: This simp argument is unused:
  not_le

Hint: Omit it from the simp argument list.
  [apply] simp only [not_lt] at h ⊢

Note: This linter can be disabled with `set_option linter.unusedSimpArgs false`
SunPrize\Certificate\Theory005.lean:1811:56: warning: This simp argument is unused:
  not_le

Hint: Omit it from the simp argument list.
  [apply] simp only [not_lt] at h ⊢

Note: This linter can be disabled with `set_option linter.unusedSimpArgs false`
SunPrize\Certificate\Theory005.lean:1813:56: warning: This simp argument is unused:
  not_le

Hint: Omit it from the simp argument list.
  [apply] simp only [not_lt] at h ⊢

Note: This linter can be disabled with `set_option linter.unusedSimpArgs false`
SunPrize\Certificate\Theory005.lean:1815:56: warning: This simp argument is unused:
  not_le

Hint: Omit it from the simp argument list.
  [apply] simp only [not_lt] at h ⊢

Note: This linter can be disabled with `set_option linter.unusedSimpArgs false`
SunPrize\Certificate\Theory005.lean:1821:56: warning: This simp argument is unused:
  not_le

Hint: Omit it from the simp argument list.
  [apply] simp only [not_lt] at h ⊢

Note: This linter can be disabled with `set_option linter.unusedSimpArgs false`
SunPrize\Certificate\Theory005.lean:1823:56: warning: This simp argument is unused:
  not_le

Hint: Omit it from the simp argument list.
  [apply] simp only [not_lt] at h ⊢

Note: This linter can be disabled with `set_option linter.unusedSimpArgs false`
SunPrize\Certificate\Theory005.lean:1827:56: warning: This simp argument is unused:
  not_le

Hint: Omit it from the simp argument list.
  [apply] simp only [not_lt] at h ⊢

Note: This linter can be disabled with `set_option linter.unusedSimpArgs false`
SunPrize\Certificate\Theory005.lean:1829:56: warning: This simp argument is unused:
  not_le

Hint: Omit it from the simp argument list.
  [apply] simp only [not_lt] at h ⊢

Note: This linter can be disabled with `set_option linter.unusedSimpArgs false`
SunPrize\Certificate\Theory005.lean:1831:56: warning: This simp argument is unused:
  not_le

Hint: Omit it from the simp argument list.
  [apply] simp only [not_lt] at h ⊢

Note: This linter can be disabled with `set_option linter.unusedSimpArgs false`
SunPrize\Certificate\Theory005.lean:1833:56: warning: This simp argument is unused:
  not_le

Hint: Omit it from the simp argument list.
  [apply] simp only [not_lt] at h ⊢

Note: This linter can be disabled with `set_option linter.unusedSimpArgs false`
SunPrize\Certificate\Theory005.lean:1841:56: warning: This simp argument is unused:
  not_le

Hint: Omit it from the simp argument list.
  [apply] simp only [not_lt] at h ⊢

Note: This linter can be disabled with `set_option linter.unusedSimpArgs false`
SunPrize\Certificate\Theory005.lean:1843:56: warning: This simp argument is unused:
  not_le

Hint: Omit it from the simp argument list.
  [apply] simp only [not_lt] at h ⊢

Note: This linter can be disabled with `set_option linter.unusedSimpArgs false`
SunPrize\Certificate\Theory005.lean:1817:32: warning: Unused tactic linter: `(try simp only [not_lt, not_le] at h ⊢)` does nothing

Note: This linter can be disabled with `set_option linter.unusedTactic false`
SunPrize\Certificate\Theory005.lean:1819:32: warning: Unused tactic linter: `(try simp only [not_lt, not_le] at h ⊢)` does nothing

Note: This linter can be disabled with `set_option linter.unusedTactic false`
SunPrize\Certificate\Theory005.lean:1825:32: warning: Unused tactic linter: `(try simp only [not_lt, not_le] at h ⊢)` does nothing

Note: This linter can be disabled with `set_option linter.unusedTactic false`
SunPrize\Certificate\Theory005.lean:1835:32: warning: Unused tactic linter: `(try simp only [not_lt, not_le] at h ⊢)` does nothing

Note: This linter can be disabled with `set_option linter.unusedTactic false`
SunPrize\Certificate\Theory005.lean:1837:32: warning: Unused tactic linter: `(try simp only [not_lt, not_le] at h ⊢)` does nothing

Note: This linter can be disabled with `set_option linter.unusedTactic false`
SunPrize\Certificate\Theory005.lean:1839:32: warning: Unused tactic linter: `(try simp only [not_lt, not_le] at h ⊢)` does nothing

Note: This linter can be disabled with `set_option linter.unusedTactic false`
SunPrize\Certificate\Theory005.lean:1845:2: warning: Unused tactic linter: `all_goals clear e0 e1 e2 e3 e4 e5 e6 e7 e8 e9 e10 e11 e12 e13 e14 e15 e16 e17 e18` does nothing

Note: This linter can be disabled with `set_option linter.unusedTactic false`
SunPrize\Certificate\Theory005.lean:1846:2: warning: Unused tactic linter: `all_goals tauto` does nothing

Note: This linter can be disabled with `set_option linter.unusedTactic false`
SunPrize\Certificate\Theory005.lean:1845:12: warning: this tactic is never executed

Note: This linter can be disabled with `set_option linter.unreachableTactic false`
SunPrize\Certificate\Theory005.lean:1846:12: warning: this tactic is never executed

Note: This linter can be disabled with `set_option linter.unreachableTactic false`
SunPrize\Certificate\Theory005.lean:1967:56: warning: This simp argument is unused:
  not_le

Hint: Omit it from the simp argument list.
  [apply] simp only [not_lt] at h ⊢

Note: This linter can be disabled with `set_option linter.unusedSimpArgs false`
SunPrize\Certificate\Theory005.lean:1969:56: warning: This simp argument is unused:
  not_le

Hint: Omit it from the simp argument list.
  [apply] simp only [not_lt] at h ⊢

Note: This linter can be disabled with `set_option linter.unusedSimpArgs false`
SunPrize\Certificate\Theory005.lean:1971:56: warning: This simp argument is unused:
  not_le

Hint: Omit it from the simp argument list.
  [apply] simp only [not_lt] at h ⊢

Note: This linter can be disabled with `set_option linter.unusedSimpArgs false`
SunPrize\Certificate\Theory005.lean:1973:56: warning: This simp argument is unused:
  not_le

Hint: Omit it from the simp argument list.
  [apply] simp only [not_lt] at h ⊢

Note: This linter can be disabled with `set_option linter.unusedSimpArgs false`
SunPrize\Certificate\Theory005.lean:1977:56: warning: This simp argument is unused:
  not_le

Hint: Omit it from the simp argument list.
  [apply] simp only [not_lt] at h ⊢

Note: This linter can be disabled with `set_option linter.unusedSimpArgs false`
SunPrize\Certificate\Theory005.lean:1983:56: warning: This simp argument is unused:
  not_le

Hint: Omit it from the simp argument list.
  [apply] simp only [not_lt] at h ⊢

Note: This linter can be disabled with `set_option linter.unusedSimpArgs false`
SunPrize\Certificate\Theory005.lean:1985:56: warning: This simp argument is unused:
  not_le

Hint: Omit it from the simp argument list.
  [apply] simp only [not_lt] at h ⊢

Note: This linter can be disabled with `set_option linter.unusedSimpArgs false`
SunPrize\Certificate\Theory005.lean:1987:56: warning: This simp argument is unused:
  not_le

Hint: Omit it from the simp argument list.
  [apply] simp only [not_lt] at h ⊢

Note: This linter can be disabled with `set_option linter.unusedSimpArgs false`
SunPrize\Certificate\Theory005.lean:1989:56: warning: This simp argument is unused:
  not_le

Hint: Omit it from the simp argument list.
  [apply] simp only [not_lt] at h ⊢

Note: This linter can be disabled with `set_option linter.unusedSimpArgs false`
SunPrize\Certificate\Theory005.lean:1991:56: warning: This simp argument is unused:
  not_le

Hint: Omit it from the simp argument list.
  [apply] simp only [not_lt] at h ⊢

Note: This linter can be disabled with `set_option linter.unusedSimpArgs false`
SunPrize\Certificate\Theory005.lean:1993:56: warning: This simp argument is unused:
  not_le

Hint: Omit it from the simp argument list.
  [apply] simp only [not_lt] at h ⊢

Note: This linter can be disabled with `set_option linter.unusedSimpArgs false`
SunPrize\Certificate\Theory005.lean:1997:56: warning: This simp argument is unused:
  not_le

Hint: Omit it from the simp argument list.
  [apply] simp only [not_lt] at h ⊢

Note: This linter can be disabled with `set_option linter.unusedSimpArgs false`
SunPrize\Certificate\Theory005.lean:1999:56: warning: This simp argument is unused:
  not_le

Hint: Omit it from the simp argument list.
  [apply] simp only [not_lt] at h ⊢

Note: This linter can be disabled with `set_option linter.unusedSimpArgs false`
SunPrize\Certificate\Theory005.lean:1963:32: warning: Unused tactic linter: `(try simp only [not_lt, not_le] at h ⊢)` does nothing

Note: This linter can be disabled with `set_option linter.unusedTactic false`
SunPrize\Certificate\Theory005.lean:1965:32: warning: Unused tactic linter: `(try simp only [not_lt, not_le] at h ⊢)` does nothing

Note: This linter can be disabled with `set_option linter.unusedTactic false`
SunPrize\Certificate\Theory005.lean:1975:32: warning: Unused tactic linter: `(try simp only [not_lt, not_le] at h ⊢)` does nothing

Note: This linter can be disabled with `set_option linter.unusedTactic false`
SunPrize\Certificate\Theory005.lean:1979:32: warning: Unused tactic linter: `(try simp only [not_lt, not_le] at h ⊢)` does nothing

Note: This linter can be disabled with `set_option linter.unusedTactic false`
SunPrize\Certificate\Theory005.lean:1981:32: warning: Unused tactic linter: `(try simp only [not_lt, not_le] at h ⊢)` does nothing

Note: This linter can be disabled with `set_option linter.unusedTactic false`
SunPrize\Certificate\Theory005.lean:1995:32: warning: Unused tactic linter: `(try simp only [not_lt, not_le] at h ⊢)` does nothing

Note: This linter can be disabled with `set_option linter.unusedTactic false`
SunPrize\Certificate\Theory005.lean:2001:2: warning: Unused tactic linter: `all_goals clear e0 e1 e2 e3 e4 e5 e6 e7 e8 e9 e10 e11 e12 e13 e14 e15 e16 e17 e18` does nothing

Note: This linter can be disabled with `set_option linter.unusedTactic false`
SunPrize\Certificate\Theory005.lean:2002:2: warning: Unused tactic linter: `all_goals tauto` does nothing

Note: This linter can be disabled with `set_option linter.unusedTactic false`
SunPrize\Certificate\Theory005.lean:2001:12: warning: this tactic is never executed

Note: This linter can be disabled with `set_option linter.unreachableTactic false`
SunPrize\Certificate\Theory005.lean:2002:12: warning: this tactic is never executed

Note: This linter can be disabled with `set_option linter.unreachableTactic false`
SunPrize\Certificate\Theory005.lean:2007:56: warning: This simp argument is unused:
  not_le

Hint: Omit it from the simp argument list.
  [apply] simp only [not_lt] at h ⊢

Note: This linter can be disabled with `set_option linter.unusedSimpArgs false`
SunPrize\Certificate\Theory005.lean:2011:56: warning: This simp argument is unused:
  not_le

Hint: Omit it from the simp argument list.
  [apply] simp only [not_lt] at h ⊢

Note: This linter can be disabled with `set_option linter.unusedSimpArgs false`
SunPrize\Certificate\Theory005.lean:2013:56: warning: This simp argument is unused:
  not_le

Hint: Omit it from the simp argument list.
  [apply] simp only [not_lt] at h ⊢

Note: This linter can be disabled with `set_option linter.unusedSimpArgs false`
SunPrize\Certificate\Theory005.lean:2015:56: warning: This simp argument is unused:
  not_le

Hint: Omit it from the simp argument list.
  [apply] simp only [not_lt] at h ⊢

Note: This linter can be disabled with `set_option linter.unusedSimpArgs false`
SunPrize\Certificate\Theory005.lean:2021:56: warning: This simp argument is unused:
  not_le

Hint: Omit it from the simp argument list.
  [apply] simp only [not_lt] at h ⊢

Note: This linter can be disabled with `set_option linter.unusedSimpArgs false`
SunPrize\Certificate\Theory005.lean:2023:56: warning: This simp argument is unused:
  not_le

Hint: Omit it from the simp argument list.
  [apply] simp only [not_lt] at h ⊢

Note: This linter can be disabled with `set_option linter.unusedSimpArgs false`
SunPrize\Certificate\Theory005.lean:2025:56: warning: This simp argument is unused:
  not_le

Hint: Omit it from the simp argument list.
  [apply] simp only [not_lt] at h ⊢

Note: This linter can be disabled with `set_option linter.unusedSimpArgs false`
SunPrize\Certificate\Theory005.lean:2027:56: warning: This simp argument is unused:
  not_le

Hint: Omit it from the simp argument list.
  [apply] simp only [not_lt] at h ⊢

Note: This linter can be disabled with `set_option linter.unusedSimpArgs false`
SunPrize\Certificate\Theory005.lean:2031:56: warning: This simp argument is unused:
  not_le

Hint: Omit it from the simp argument list.
  [apply] simp only [not_lt] at h ⊢

Note: This linter can be disabled with `set_option linter.unusedSimpArgs false`
SunPrize\Certificate\Theory005.lean:2037:56: warning: This simp argument is unused:
  not_le

Hint: Omit it from the simp argument list.
  [apply] simp only [not_lt] at h ⊢

Note: This linter can be disabled with `set_option linter.unusedSimpArgs false`
SunPrize\Certificate\Theory005.lean:2039:56: warning: This simp argument is unused:
  not_le

Hint: Omit it from the simp argument list.
  [apply] simp only [not_lt] at h ⊢

Note: This linter can be disabled with `set_option linter.unusedSimpArgs false`
SunPrize\Certificate\Theory005.lean:2041:56: warning: This simp argument is unused:
  not_le

Hint: Omit it from the simp argument list.
  [apply] simp only [not_lt] at h ⊢

Note: This linter can be disabled with `set_option linter.unusedSimpArgs false`
SunPrize\Certificate\Theory005.lean:2043:56: warning: This simp argument is unused:
  not_le

Hint: Omit it from the simp argument list.
  [apply] simp only [not_lt] at h ⊢

Note: This linter can be disabled with `set_option linter.unusedSimpArgs false`
SunPrize\Certificate\Theory005.lean:2009:32: warning: Unused tactic linter: `(try simp only [not_lt, not_le] at h ⊢)` does nothing

Note: This linter can be disabled with `set_option linter.unusedTactic false`
SunPrize\Certificate\Theory005.lean:2017:32: warning: Unused tactic linter: `(try simp only [not_lt, not_le] at h ⊢)` does nothing

Note: This linter can be disabled with `set_option linter.unusedTactic false`
SunPrize\Certificate\Theory005.lean:2019:32: warning: Unused tactic linter: `(try simp only [not_lt, not_le] at h ⊢)` does nothing

Note: This linter can be disabled with `set_option linter.unusedTactic false`
SunPrize\Certificate\Theory005.lean:2029:32: warning: Unused tactic linter: `(try simp only [not_lt, not_le] at h ⊢)` does nothing

Note: This linter can be disabled with `set_option linter.unusedTactic false`
SunPrize\Certificate\Theory005.lean:2033:32: warning: Unused tactic linter: `(try simp only [not_lt, not_le] at h ⊢)` does nothing

Note: This linter can be disabled with `set_option linter.unusedTactic false`
SunPrize\Certificate\Theory005.lean:2035:32: warning: Unused tactic linter: `(try simp only [not_lt, not_le] at h ⊢)` does nothing

Note: This linter can be disabled with `set_option linter.unusedTactic false`
SunPrize\Certificate\Theory005.lean:2045:2: warning: Unused tactic linter: `all_goals clear e0 e1 e2 e3 e4 e5 e6 e7 e8 e9 e10 e11 e12 e13 e14 e15 e16 e17 e18` does nothing

Note: This linter can be disabled with `set_option linter.unusedTactic false`
SunPrize\Certificate\Theory005.lean:2046:2: warning: Unused tactic linter: `all_goals tauto` does nothing

Note: This linter can be disabled with `set_option linter.unusedTactic false`
SunPrize\Certificate\Theory005.lean:2045:12: warning: this tactic is never executed

Note: This linter can be disabled with `set_option linter.unreachableTactic false`
SunPrize\Certificate\Theory005.lean:2046:12: warning: this tactic is never executed

Note: This linter can be disabled with `set_option linter.unreachableTactic false`
SunPrize\Certificate\Theory005.lean:2132:56: warning: This simp argument is unused:
  not_le

Hint: Omit it from the simp argument list.
  [apply] simp only [not_lt] at h ⊢

Note: This linter can be disabled with `set_option linter.unusedSimpArgs false`
SunPrize\Certificate\Theory005.lean:2134:56: warning: This simp argument is unused:
  not_le

Hint: Omit it from the simp argument list.
  [apply] simp only [not_lt] at h ⊢

Note: This linter can be disabled with `set_option linter.unusedSimpArgs false`
SunPrize\Certificate\Theory005.lean:2136:56: warning: This simp argument is unused:
  not_le

Hint: Omit it from the simp argument list.
  [apply] simp only [not_lt] at h ⊢

Note: This linter can be disabled with `set_option linter.unusedSimpArgs false`
SunPrize\Certificate\Theory005.lean:2138:56: warning: This simp argument is unused:
  not_le

Hint: Omit it from the simp argument list.
  [apply] simp only [not_lt] at h ⊢

Note: This linter can be disabled with `set_option linter.unusedSimpArgs false`
SunPrize\Certificate\Theory005.lean:2142:56: warning: This simp argument is unused:
  not_le

Hint: Omit it from the simp argument list.
  [apply] simp only [not_lt] at h ⊢

Note: This linter can be disabled with `set_option linter.unusedSimpArgs false`
SunPrize\Certificate\Theory005.lean:2148:56: warning: This simp argument is unused:
  not_le

Hint: Omit it from the simp argument list.
  [apply] simp only [not_lt] at h ⊢

Note: This linter can be disabled with `set_option linter.unusedSimpArgs false`
SunPrize\Certificate\Theory005.lean:2150:56: warning: This simp argument is unused:
  not_le

Hint: Omit it from the simp argument list.
  [apply] simp only [not_lt] at h ⊢

Note: This linter can be disabled with `set_option linter.unusedSimpArgs false`
SunPrize\Certificate\Theory005.lean:2152:56: warning: This simp argument is unused:
  not_le

Hint: Omit it from the simp argument list.
  [apply] simp only [not_lt] at h ⊢

Note: This linter can be disabled with `set_option linter.unusedSimpArgs false`
SunPrize\Certificate\Theory005.lean:2154:56: warning: This simp argument is unused:
  not_le

Hint: Omit it from the simp argument list.
  [apply] simp only [not_lt] at h ⊢

Note: This linter can be disabled with `set_option linter.unusedSimpArgs false`
SunPrize\Certificate\Theory005.lean:2156:56: warning: This simp argument is unused:
  not_le

Hint: Omit it from the simp argument list.
  [apply] simp only [not_lt] at h ⊢

Note: This linter can be disabled with `set_option linter.unusedSimpArgs false`
SunPrize\Certificate\Theory005.lean:2158:56: warning: This simp argument is unused:
  not_le

Hint: Omit it from the simp argument list.
  [apply] simp only [not_lt] at h ⊢

Note: This linter can be disabled with `set_option linter.unusedSimpArgs false`
SunPrize\Certificate\Theory005.lean:2162:56: warning: This simp argument is unused:
  not_le

Hint: Omit it from the simp argument list.
  [apply] simp only [not_lt] at h ⊢

Note: This linter can be disabled with `set_option linter.unusedSimpArgs false`
SunPrize\Certificate\Theory005.lean:2164:56: warning: This simp argument is unused:
  not_le

Hint: Omit it from the simp argument list.
  [apply] simp only [not_lt] at h ⊢

Note: This linter can be disabled with `set_option linter.unusedSimpArgs false`
SunPrize\Certificate\Theory005.lean:2128:32: warning: Unused tactic linter: `(try simp only [not_lt, not_le] at h ⊢)` does nothing

Note: This linter can be disabled with `set_option linter.unusedTactic false`
SunPrize\Certificate\Theory005.lean:2130:32: warning: Unused tactic linter: `(try simp only [not_lt, not_le] at h ⊢)` does nothing

Note: This linter can be disabled with `set_option linter.unusedTactic false`
SunPrize\Certificate\Theory005.lean:2140:32: warning: Unused tactic linter: `(try simp only [not_lt, not_le] at h ⊢)` does nothing

Note: This linter can be disabled with `set_option linter.unusedTactic false`
SunPrize\Certificate\Theory005.lean:2144:32: warning: Unused tactic linter: `(try simp only [not_lt, not_le] at h ⊢)` does nothing

Note: This linter can be disabled with `set_option linter.unusedTactic false`
SunPrize\Certificate\Theory005.lean:2146:32: warning: Unused tactic linter: `(try simp only [not_lt, not_le] at h ⊢)` does nothing

Note: This linter can be disabled with `set_option linter.unusedTactic false`
SunPrize\Certificate\Theory005.lean:2160:32: warning: Unused tactic linter: `(try simp only [not_lt, not_le] at h ⊢)` does nothing

Note: This linter can be disabled with `set_option linter.unusedTactic false`
SunPrize\Certificate\Theory005.lean:2166:2: warning: Unused tactic linter: `all_goals clear e0 e1 e2 e3 e4 e5 e6 e7 e8 e9 e10 e11 e12 e13 e14 e15 e16 e17 e18` does nothing

Note: This linter can be disabled with `set_option linter.unusedTactic false`
SunPrize\Certificate\Theory005.lean:2167:2: warning: Unused tactic linter: `all_goals tauto` does nothing

Note: This linter can be disabled with `set_option linter.unusedTactic false`
SunPrize\Certificate\Theory005.lean:2166:12: warning: this tactic is never executed

Note: This linter can be disabled with `set_option linter.unreachableTactic false`
SunPrize\Certificate\Theory005.lean:2167:12: warning: this tactic is never executed

Note: This linter can be disabled with `set_option linter.unreachableTactic false`
SunPrize\Certificate\Theory005.lean:2172:56: warning: This simp argument is unused:
  not_le

Hint: Omit it from the simp argument list.
  [apply] simp only [not_lt] at h ⊢

Note: This linter can be disabled with `set_option linter.unusedSimpArgs false`
SunPrize\Certificate\Theory005.lean:2174:56: warning: This simp argument is unused:
  not_le

Hint: Omit it from the simp argument list.
  [apply] simp only [not_lt] at h ⊢

Note: This linter can be disabled with `set_option linter.unusedSimpArgs false`
SunPrize\Certificate\Theory005.lean:2178:56: warning: This simp argument is unused:
  not_le

Hint: Omit it from the simp argument list.
  [apply] simp only [not_lt] at h ⊢

Note: This linter can be disabled with `set_option linter.unusedSimpArgs false`
SunPrize\Certificate\Theory005.lean:2180:56: warning: This simp argument is unused:
  not_le

Hint: Omit it from the simp argument list.
  [apply] simp only [not_lt] at h ⊢

Note: This linter can be disabled with `set_option linter.unusedSimpArgs false`
SunPrize\Certificate\Theory005.lean:2182:56: warning: This simp argument is unused:
  not_le

Hint: Omit it from the simp argument list.
  [apply] simp only [not_lt] at h ⊢

Note: This linter can be disabled with `set_option linter.unusedSimpArgs false`
SunPrize\Certificate\Theory005.lean:2186:56: warning: This simp argument is unused:
  not_le

Hint: Omit it from the simp argument list.
  [apply] simp only [not_lt] at h ⊢

Note: This linter can be disabled with `set_option linter.unusedSimpArgs false`
SunPrize\Certificate\Theory005.lean:2192:56: warning: This simp argument is unused:
  not_le

Hint: Omit it from the simp argument list.
  [apply] simp only [not_lt] at h ⊢

Note: This linter can be disabled with `set_option linter.unusedSimpArgs false`
SunPrize\Certificate\Theory005.lean:2194:56: warning: This simp argument is unused:
  not_le

Hint: Omit it from the simp argument list.
  [apply] simp only [not_lt] at h ⊢

Note: This linter can be disabled with `set_option linter.unusedSimpArgs false`
SunPrize\Certificate\Theory005.lean:2196:56: warning: This simp argument is unused:
  not_le

Hint: Omit it from the simp argument list.
  [apply] simp only [not_lt] at h ⊢

Note: This linter can be disabled with `set_option linter.unusedSimpArgs false`
SunPrize\Certificate\Theory005.lean:2198:56: warning: This simp argument is unused:
  not_le

Hint: Omit it from the simp argument list.
  [apply] simp only [not_lt] at h ⊢

Note: This linter can be disabled with `set_option linter.unusedSimpArgs false`
SunPrize\Certificate\Theory005.lean:2200:56: warning: This simp argument is unused:
  not_le

Hint: Omit it from the simp argument list.
  [apply] simp only [not_lt] at h ⊢

Note: This linter can be disabled with `set_option linter.unusedSimpArgs false`
SunPrize\Certificate\Theory005.lean:2206:56: warning: This simp argument is unused:
  not_le

Hint: Omit it from the simp argument list.
  [apply] simp only [not_lt] at h ⊢

Note: This linter can be disabled with `set_option linter.unusedSimpArgs false`
SunPrize\Certificate\Theory005.lean:2208:56: warning: This simp argument is unused:
  not_le

Hint: Omit it from the simp argument list.
  [apply] simp only [not_lt] at h ⊢

Note: This linter can be disabled with `set_option linter.unusedSimpArgs false`
SunPrize\Certificate\Theory005.lean:2176:32: warning: Unused tactic linter: `(try simp only [not_lt, not_le] at h ⊢)` does nothing

Note: This linter can be disabled with `set_option linter.unusedTactic false`
SunPrize\Certificate\Theory005.lean:2184:32: warning: Unused tactic linter: `(try simp only [not_lt, not_le] at h ⊢)` does nothing

Note: This linter can be disabled with `set_option linter.unusedTactic false`
SunPrize\Certificate\Theory005.lean:2188:32: warning: Unused tactic linter: `(try simp only [not_lt, not_le] at h ⊢)` does nothing

Note: This linter can be disabled with `set_option linter.unusedTactic false`
SunPrize\Certificate\Theory005.lean:2190:32: warning: Unused tactic linter: `(try simp only [not_lt, not_le] at h ⊢)` does nothing

Note: This linter can be disabled with `set_option linter.unusedTactic false`
SunPrize\Certificate\Theory005.lean:2202:32: warning: Unused tactic linter: `(try simp only [not_lt, not_le] at h ⊢)` does nothing

Note: This linter can be disabled with `set_option linter.unusedTactic false`
SunPrize\Certificate\Theory005.lean:2204:32: warning: Unused tactic linter: `(try simp only [not_lt, not_le] at h ⊢)` does nothing

Note: This linter can be disabled with `set_option linter.unusedTactic false`
SunPrize\Certificate\Theory005.lean:2210:2: warning: Unused tactic linter: `all_goals clear e0 e1 e2 e3 e4 e5 e6 e7 e8 e9 e10 e11 e12 e13 e14 e15 e16 e17 e18` does nothing

Note: This linter can be disabled with `set_option linter.unusedTactic false`
SunPrize\Certificate\Theory005.lean:2211:2: warning: Unused tactic linter: `all_goals tauto` does nothing

Note: This linter can be disabled with `set_option linter.unusedTactic false`
SunPrize\Certificate\Theory005.lean:2210:12: warning: this tactic is never executed

Note: This linter can be disabled with `set_option linter.unreachableTactic false`
SunPrize\Certificate\Theory005.lean:2211:12: warning: this tactic is never executed

Note: This linter can be disabled with `set_option linter.unreachableTactic false`
SunPrize\Certificate\Theory005.lean:2223:56: warning: This simp argument is unused:
  not_le

Hint: Omit it from the simp argument list.
  [apply] simp only [not_lt] at h ⊢

Note: This linter can be disabled with `set_option linter.unusedSimpArgs false`
SunPrize\Certificate\Theory005.lean:2225:56: warning: This simp argument is unused:
  not_le

Hint: Omit it from the simp argument list.
  [apply] simp only [not_lt] at h ⊢

Note: This linter can be disabled with `set_option linter.unusedSimpArgs false`
SunPrize\Certificate\Theory005.lean:2229:56: warning: This simp argument is unused:
  not_le

Hint: Omit it from the simp argument list.
  [apply] simp only [not_lt] at h ⊢

Note: This linter can be disabled with `set_option linter.unusedSimpArgs false`
SunPrize\Certificate\Theory005.lean:2231:56: warning: This simp argument is unused:
  not_le

Hint: Omit it from the simp argument list.
  [apply] simp only [not_lt] at h ⊢

Note: This linter can be disabled with `set_option linter.unusedSimpArgs false`
SunPrize\Certificate\Theory005.lean:2233:56: warning: This simp argument is unused:
  not_le

Hint: Omit it from the simp argument list.
  [apply] simp only [not_lt] at h ⊢

Note: This linter can be disabled with `set_option linter.unusedSimpArgs false`
SunPrize\Certificate\Theory005.lean:2237:56: warning: This simp argument is unused:
  not_le

Hint: Omit it from the simp argument list.
  [apply] simp only [not_lt] at h ⊢

Note: This linter can be disabled with `set_option linter.unusedSimpArgs false`
SunPrize\Certificate\Theory005.lean:2243:56: warning: This simp argument is unused:
  not_le

Hint: Omit it from the simp argument list.
  [apply] simp only [not_lt] at h ⊢

Note: This linter can be disabled with `set_option linter.unusedSimpArgs false`
SunPrize\Certificate\Theory005.lean:2245:56: warning: This simp argument is unused:
  not_le

Hint: Omit it from the simp argument list.
  [apply] simp only [not_lt] at h ⊢

Note: This linter can be disabled with `set_option linter.unusedSimpArgs false`
SunPrize\Certificate\Theory005.lean:2247:56: warning: This simp argument is unused:
  not_le

Hint: Omit it from the simp argument list.
  [apply] simp only [not_lt] at h ⊢

Note: This linter can be disabled with `set_option linter.unusedSimpArgs false`
SunPrize\Certificate\Theory005.lean:2249:56: warning: This simp argument is unused:
  not_le

Hint: Omit it from the simp argument list.
  [apply] simp only [not_lt] at h ⊢

Note: This linter can be disabled with `set_option linter.unusedSimpArgs false`
SunPrize\Certificate\Theory005.lean:2251:56: warning: This simp argument is unused:
  not_le

Hint: Omit it from the simp argument list.
  [apply] simp only [not_lt] at h ⊢

Note: This linter can be disabled with `set_option linter.unusedSimpArgs false`
SunPrize\Certificate\Theory005.lean:2257:56: warning: This simp argument is unused:
  not_le

Hint: Omit it from the simp argument list.
  [apply] simp only [not_lt] at h ⊢

Note: This linter can be disabled with `set_option linter.unusedSimpArgs false`
SunPrize\Certificate\Theory005.lean:2259:56: warning: This simp argument is unused:
  not_le

Hint: Omit it from the simp argument list.
  [apply] simp only [not_lt] at h ⊢

Note: This linter can be disabled with `set_option linter.unusedSimpArgs false`
SunPrize\Certificate\Theory005.lean:2227:32: warning: Unused tactic linter: `(try simp only [not_lt, not_le] at h ⊢)` does nothing

Note: This linter can be disabled with `set_option linter.unusedTactic false`
SunPrize\Certificate\Theory005.lean:2235:32: warning: Unused tactic linter: `(try simp only [not_lt, not_le] at h ⊢)` does nothing

Note: This linter can be disabled with `set_option linter.unusedTactic false`
SunPrize\Certificate\Theory005.lean:2239:32: warning: Unused tactic linter: `(try simp only [not_lt, not_le] at h ⊢)` does nothing

Note: This linter can be disabled with `set_option linter.unusedTactic false`
SunPrize\Certificate\Theory005.lean:2241:32: warning: Unused tactic linter: `(try simp only [not_lt, not_le] at h ⊢)` does nothing

Note: This linter can be disabled with `set_option linter.unusedTactic false`
SunPrize\Certificate\Theory005.lean:2253:32: warning: Unused tactic linter: `(try simp only [not_lt, not_le] at h ⊢)` does nothing

Note: This linter can be disabled with `set_option linter.unusedTactic false`
SunPrize\Certificate\Theory005.lean:2255:32: warning: Unused tactic linter: `(try simp only [not_lt, not_le] at h ⊢)` does nothing

Note: This linter can be disabled with `set_option linter.unusedTactic false`
SunPrize\Certificate\Theory005.lean:2261:2: warning: Unused tactic linter: `all_goals clear e0 e1 e2 e3 e4 e5 e6 e7 e8 e9 e10 e11 e12 e13 e14 e15 e16 e17 e18` does nothing

Note: This linter can be disabled with `set_option linter.unusedTactic false`
SunPrize\Certificate\Theory005.lean:2262:2: warning: Unused tactic linter: `all_goals tauto` does nothing

Note: This linter can be disabled with `set_option linter.unusedTactic false`
SunPrize\Certificate\Theory005.lean:2261:12: warning: this tactic is never executed

Note: This linter can be disabled with `set_option linter.unreachableTactic false`
SunPrize\Certificate\Theory005.lean:2262:12: warning: this tactic is never executed

Note: This linter can be disabled with `set_option linter.unreachableTactic false`
SunPrize\Certificate\Theory005.lean:2274:56: warning: This simp argument is unused:
  not_le

Hint: Omit it from the simp argument list.
  [apply] simp only [not_lt] at h ⊢

Note: This linter can be disabled with `set_option linter.unusedSimpArgs false`
SunPrize\Certificate\Theory005.lean:2280:56: warning: This simp argument is unused:
  not_le

Hint: Omit it from the simp argument list.
  [apply] simp only [not_lt] at h ⊢

Note: This linter can be disabled with `set_option linter.unusedSimpArgs false`
SunPrize\Certificate\Theory005.lean:2282:56: warning: This simp argument is unused:
  not_le

Hint: Omit it from the simp argument list.
  [apply] simp only [not_lt] at h ⊢

Note: This linter can be disabled with `set_option linter.unusedSimpArgs false`
SunPrize\Certificate\Theory005.lean:2284:56: warning: This simp argument is unused:
  not_le

Hint: Omit it from the simp argument list.
  [apply] simp only [not_lt] at h ⊢

Note: This linter can be disabled with `set_option linter.unusedSimpArgs false`
SunPrize\Certificate\Theory005.lean:2288:56: warning: This simp argument is unused:
  not_le

Hint: Omit it from the simp argument list.
  [apply] simp only [not_lt] at h ⊢

Note: This linter can be disabled with `set_option linter.unusedSimpArgs false`
SunPrize\Certificate\Theory005.lean:2294:56: warning: This simp argument is unused:
  not_le

Hint: Omit it from the simp argument list.
  [apply] simp only [not_lt] at h ⊢

Note: This linter can be disabled with `set_option linter.unusedSimpArgs false`
SunPrize\Certificate\Theory005.lean:2296:56: warning: This simp argument is unused:
  not_le

Hint: Omit it from the simp argument list.
  [apply] simp only [not_lt] at h ⊢

Note: This linter can be disabled with `set_option linter.unusedSimpArgs false`
SunPrize\Certificate\Theory005.lean:2298:56: warning: This simp argument is unused:
  not_le

Hint: Omit it from the simp argument list.
  [apply] simp only [not_lt] at h ⊢

Note: This linter can be disabled with `set_option linter.unusedSimpArgs false`
SunPrize\Certificate\Theory005.lean:2300:56: warning: This simp argument is unused:
  not_le

Hint: Omit it from the simp argument list.
  [apply] simp only [not_lt] at h ⊢

Note: This linter can be disabled with `set_option linter.unusedSimpArgs false`
SunPrize\Certificate\Theory005.lean:2302:56: warning: This simp argument is unused:
  not_le

Hint: Omit it from the simp argument list.
  [apply] simp only [not_lt] at h ⊢

Note: This linter can be disabled with `set_option linter.unusedSimpArgs false`
SunPrize\Certificate\Theory005.lean:2304:56: warning: This simp argument is unused:
  not_le

Hint: Omit it from the simp argument list.
  [apply] simp only [not_lt] at h ⊢

Note: This linter can be disabled with `set_option linter.unusedSimpArgs false`
SunPrize\Certificate\Theory005.lean:2308:56: warning: This simp argument is unused:
  not_le

Hint: Omit it from the simp argument list.
  [apply] simp only [not_lt] at h ⊢

Note: This linter can be disabled with `set_option linter.unusedSimpArgs false`
SunPrize\Certificate\Theory005.lean:2310:56: warning: This simp argument is unused:
  not_le

Hint: Omit it from the simp argument list.
  [apply] simp only [not_lt] at h ⊢

Note: This linter can be disabled with `set_option linter.unusedSimpArgs false`
SunPrize\Certificate\Theory005.lean:2276:32: warning: Unused tactic linter: `(try simp only [not_lt, not_le] at h ⊢)` does nothing

Note: This linter can be disabled with `set_option linter.unusedTactic false`
SunPrize\Certificate\Theory005.lean:2278:32: warning: Unused tactic linter: `(try simp only [not_lt, not_le] at h ⊢)` does nothing

Note: This linter can be disabled with `set_option linter.unusedTactic false`
SunPrize\Certificate\Theory005.lean:2286:32: warning: Unused tactic linter: `(try simp only [not_lt, not_le] at h ⊢)` does nothing

Note: This linter can be disabled with `set_option linter.unusedTactic false`
SunPrize\Certificate\Theory005.lean:2290:32: warning: Unused tactic linter: `(try simp only [not_lt, not_le] at h ⊢)` does nothing

Note: This linter can be disabled with `set_option linter.unusedTactic false`
SunPrize\Certificate\Theory005.lean:2292:32: warning: Unused tactic linter: `(try simp only [not_lt, not_le] at h ⊢)` does nothing

Note: This linter can be disabled with `set_option linter.unusedTactic false`
SunPrize\Certificate\Theory005.lean:2306:32: warning: Unused tactic linter: `(try simp only [not_lt, not_le] at h ⊢)` does nothing

Note: This linter can be disabled with `set_option linter.unusedTactic false`
SunPrize\Certificate\Theory005.lean:2312:2: warning: Unused tactic linter: `all_goals clear e0 e1 e2 e3 e4 e5 e6 e7 e8 e9 e10 e11 e12 e13 e14 e15 e16 e17 e18` does nothing

Note: This linter can be disabled with `set_option linter.unusedTactic false`
SunPrize\Certificate\Theory005.lean:2313:2: warning: Unused tactic linter: `all_goals tauto` does nothing

Note: This linter can be disabled with `set_option linter.unusedTactic false`
SunPrize\Certificate\Theory005.lean:2312:12: warning: this tactic is never executed

Note: This linter can be disabled with `set_option linter.unreachableTactic false`
SunPrize\Certificate\Theory005.lean:2313:12: warning: this tactic is never executed

Note: This linter can be disabled with `set_option linter.unreachableTactic false`
SunPrize\Certificate\Theory005.lean:2409:56: warning: This simp argument is unused:
  not_le

Hint: Omit it from the simp argument list.
  [apply] simp only [not_lt] at h ⊢

Note: This linter can be disabled with `set_option linter.unusedSimpArgs false`
SunPrize\Certificate\Theory005.lean:2411:56: warning: This simp argument is unused:
  not_le

Hint: Omit it from the simp argument list.
  [apply] simp only [not_lt] at h ⊢

Note: This linter can be disabled with `set_option linter.unusedSimpArgs false`
SunPrize\Certificate\Theory005.lean:2413:56: warning: This simp argument is unused:
  not_le

Hint: Omit it from the simp argument list.
  [apply] simp only [not_lt] at h ⊢

Note: This linter can be disabled with `set_option linter.unusedSimpArgs false`
SunPrize\Certificate\Theory005.lean:2415:56: warning: This simp argument is unused:
  not_le

Hint: Omit it from the simp argument list.
  [apply] simp only [not_lt] at h ⊢

Note: This linter can be disabled with `set_option linter.unusedSimpArgs false`
SunPrize\Certificate\Theory005.lean:2417:56: warning: This simp argument is unused:
  not_le

Hint: Omit it from the simp argument list.
  [apply] simp only [not_lt] at h ⊢

Note: This linter can be disabled with `set_option linter.unusedSimpArgs false`
SunPrize\Certificate\Theory005.lean:2423:56: warning: This simp argument is unused:
  not_le

Hint: Omit it from the simp argument list.
  [apply] simp only [not_lt] at h ⊢

Note: This linter can be disabled with `set_option linter.unusedSimpArgs false`
SunPrize\Certificate\Theory005.lean:2425:56: warning: This simp argument is unused:
  not_le

Hint: Omit it from the simp argument list.
  [apply] simp only [not_lt] at h ⊢

Note: This linter can be disabled with `set_option linter.unusedSimpArgs false`
SunPrize\Certificate\Theory005.lean:2429:56: warning: This simp argument is unused:
  not_le

Hint: Omit it from the simp argument list.
  [apply] simp only [not_lt] at h ⊢

Note: This linter can be disabled with `set_option linter.unusedSimpArgs false`
SunPrize\Certificate\Theory005.lean:2431:56: warning: This simp argument is unused:
  not_le

Hint: Omit it from the simp argument list.
  [apply] simp only [not_lt] at h ⊢

Note: This linter can be disabled with `set_option linter.unusedSimpArgs false`
SunPrize\Certificate\Theory005.lean:2433:56: warning: This simp argument is unused:
  not_le

Hint: Omit it from the simp argument list.
  [apply] simp only [not_lt] at h ⊢

Note: This linter can be disabled with `set_option linter.unusedSimpArgs false`
SunPrize\Certificate\Theory005.lean:2435:56: warning: This simp argument is unused:
  not_le

Hint: Omit it from the simp argument list.
  [apply] simp only [not_lt] at h ⊢

Note: This linter can be disabled with `set_option linter.unusedSimpArgs false`
SunPrize\Certificate\Theory005.lean:2443:56: warning: This simp argument is unused:
  not_le

Hint: Omit it from the simp argument list.
  [apply] simp only [not_lt] at h ⊢

Note: This linter can be disabled with `set_option linter.unusedSimpArgs false`
SunPrize\Certificate\Theory005.lean:2445:56: warning: This simp argument is unused:
  not_le

Hint: Omit it from the simp argument list.
  [apply] simp only [not_lt] at h ⊢

Note: This linter can be disabled with `set_option linter.unusedSimpArgs false`
SunPrize\Certificate\Theory005.lean:2419:32: warning: Unused tactic linter: `(try simp only [not_lt, not_le] at h ⊢)` does nothing

Note: This linter can be disabled with `set_option linter.unusedTactic false`
SunPrize\Certificate\Theory005.lean:2421:32: warning: Unused tactic linter: `(try simp only [not_lt, not_le] at h ⊢)` does nothing

Note: This linter can be disabled with `set_option linter.unusedTactic false`
SunPrize\Certificate\Theory005.lean:2427:32: warning: Unused tactic linter: `(try simp only [not_lt, not_le] at h ⊢)` does nothing

Note: This linter can be disabled with `set_option linter.unusedTactic false`
SunPrize\Certificate\Theory005.lean:2437:32: warning: Unused tactic linter: `(try simp only [not_lt, not_le] at h ⊢)` does nothing

Note: This linter can be disabled with `set_option linter.unusedTactic false`
SunPrize\Certificate\Theory005.lean:2439:32: warning: Unused tactic linter: `(try simp only [not_lt, not_le] at h ⊢)` does nothing

Note: This linter can be disabled with `set_option linter.unusedTactic false`
SunPrize\Certificate\Theory005.lean:2441:32: warning: Unused tactic linter: `(try simp only [not_lt, not_le] at h ⊢)` does nothing

Note: This linter can be disabled with `set_option linter.unusedTactic false`
SunPrize\Certificate\Theory005.lean:2447:2: warning: Unused tactic linter: `all_goals clear e0 e1 e2 e3 e4 e5 e6 e7 e8 e9 e10 e11 e12 e13 e14 e15 e16 e17 e18` does nothing

Note: This linter can be disabled with `set_option linter.unusedTactic false`
SunPrize\Certificate\Theory005.lean:2448:2: warning: Unused tactic linter: `all_goals tauto` does nothing

Note: This linter can be disabled with `set_option linter.unusedTactic false`
SunPrize\Certificate\Theory005.lean:2447:12: warning: this tactic is never executed

Note: This linter can be disabled with `set_option linter.unreachableTactic false`
SunPrize\Certificate\Theory005.lean:2448:12: warning: this tactic is never executed

Note: This linter can be disabled with `set_option linter.unreachableTactic false`
SunPrize\Certificate\Theory005.lean:2530:56: warning: This simp argument is unused:
  not_le

Hint: Omit it from the simp argument list.
  [apply] simp only [not_lt] at h ⊢

Note: This linter can be disabled with `set_option linter.unusedSimpArgs false`
SunPrize\Certificate\Theory005.lean:2534:56: warning: This simp argument is unused:
  not_le

Hint: Omit it from the simp argument list.
  [apply] simp only [not_lt] at h ⊢

Note: This linter can be disabled with `set_option linter.unusedSimpArgs false`
SunPrize\Certificate\Theory005.lean:2540:56: warning: This simp argument is unused:
  not_le

Hint: Omit it from the simp argument list.
  [apply] simp only [not_lt] at h ⊢

Note: This linter can be disabled with `set_option linter.unusedSimpArgs false`
SunPrize\Certificate\Theory005.lean:2542:56: warning: This simp argument is unused:
  not_le

Hint: Omit it from the simp argument list.
  [apply] simp only [not_lt] at h ⊢

Note: This linter can be disabled with `set_option linter.unusedSimpArgs false`
SunPrize\Certificate\Theory005.lean:2544:56: warning: This simp argument is unused:
  not_le

Hint: Omit it from the simp argument list.
  [apply] simp only [not_lt] at h ⊢

Note: This linter can be disabled with `set_option linter.unusedSimpArgs false`
SunPrize\Certificate\Theory005.lean:2546:56: warning: This simp argument is unused:
  not_le

Hint: Omit it from the simp argument list.
  [apply] simp only [not_lt] at h ⊢

Note: This linter can be disabled with `set_option linter.unusedSimpArgs false`
SunPrize\Certificate\Theory005.lean:2548:56: warning: This simp argument is unused:
  not_le

Hint: Omit it from the simp argument list.
  [apply] simp only [not_lt] at h ⊢

Note: This linter can be disabled with `set_option linter.unusedSimpArgs false`
SunPrize\Certificate\Theory005.lean:2550:56: warning: This simp argument is unused:
  not_le

Hint: Omit it from the simp argument list.
  [apply] simp only [not_lt] at h ⊢

Note: This linter can be disabled with `set_option linter.unusedSimpArgs false`
SunPrize\Certificate\Theory005.lean:2556:56: warning: This simp argument is unused:
  not_le

Hint: Omit it from the simp argument list.
  [apply] simp only [not_lt] at h ⊢

Note: This linter can be disabled with `set_option linter.unusedSimpArgs false`
SunPrize\Certificate\Theory005.lean:2558:56: warning: This simp argument is unused:
  not_le

Hint: Omit it from the simp argument list.
  [apply] simp only [not_lt] at h ⊢

Note: This linter can be disabled with `set_option linter.unusedSimpArgs false`
SunPrize\Certificate\Theory005.lean:2560:56: warning: This simp argument is unused:
  not_le

Hint: Omit it from the simp argument list.
  [apply] simp only [not_lt] at h ⊢

Note: This linter can be disabled with `set_option linter.unusedSimpArgs false`
SunPrize\Certificate\Theory005.lean:2564:56: warning: This simp argument is unused:
  not_le

Hint: Omit it from the simp argument list.
  [apply] simp only [not_lt] at h ⊢

Note: This linter can be disabled with `set_option linter.unusedSimpArgs false`
SunPrize\Certificate\Theory005.lean:2566:56: warning: This simp argument is unused:
  not_le

Hint: Omit it from the simp argument list.
  [apply] simp only [not_lt] at h ⊢

Note: This linter can be disabled with `set_option linter.unusedSimpArgs false`
SunPrize\Certificate\Theory005.lean:2532:32: warning: Unused tactic linter: `(try simp only [not_lt, not_le] at h ⊢)` does nothing

Note: This linter can be disabled with `set_option linter.unusedTactic false`
SunPrize\Certificate\Theory005.lean:2536:32: warning: Unused tactic linter: `(try simp only [not_lt, not_le] at h ⊢)` does nothing

Note: This linter can be disabled with `set_option linter.unusedTactic false`
SunPrize\Certificate\Theory005.lean:2538:32: warning: Unused tactic linter: `(try simp only [not_lt, not_le] at h ⊢)` does nothing

Note: This linter can be disabled with `set_option linter.unusedTactic false`
SunPrize\Certificate\Theory005.lean:2552:32: warning: Unused tactic linter: `(try simp only [not_lt, not_le] at h ⊢)` does nothing

Note: This linter can be disabled with `set_option linter.unusedTactic false`
SunPrize\Certificate\Theory005.lean:2554:32: warning: Unused tactic linter: `(try simp only [not_lt, not_le] at h ⊢)` does nothing

Note: This linter can be disabled with `set_option linter.unusedTactic false`
SunPrize\Certificate\Theory005.lean:2562:32: warning: Unused tactic linter: `(try simp only [not_lt, not_le] at h ⊢)` does nothing

Note: This linter can be disabled with `set_option linter.unusedTactic false`
SunPrize\Certificate\Theory005.lean:2568:2: warning: Unused tactic linter: `all_goals clear e0 e1 e2 e3 e4 e5 e6 e7 e8 e9 e10 e11 e12 e13 e14 e15 e16 e17 e18` does nothing

Note: This linter can be disabled with `set_option linter.unusedTactic false`
SunPrize\Certificate\Theory005.lean:2569:2: warning: Unused tactic linter: `all_goals tauto` does nothing

Note: This linter can be disabled with `set_option linter.unusedTactic false`
SunPrize\Certificate\Theory005.lean:2568:12: warning: this tactic is never executed

Note: This linter can be disabled with `set_option linter.unreachableTactic false`
SunPrize\Certificate\Theory005.lean:2569:12: warning: this tactic is never executed

Note: This linter can be disabled with `set_option linter.unreachableTactic false`
SunPrize\Certificate\Theory005.lean:2585:56: warning: This simp argument is unused:
  not_le

Hint: Omit it from the simp argument list.
  [apply] simp only [not_lt] at h ⊢

Note: This linter can be disabled with `set_option linter.unusedSimpArgs false`
SunPrize\Certificate\Theory005.lean:2587:56: warning: This simp argument is unused:
  not_le

Hint: Omit it from the simp argument list.
  [apply] simp only [not_lt] at h ⊢

Note: This linter can be disabled with `set_option linter.unusedSimpArgs false`
SunPrize\Certificate\Theory005.lean:2589:56: warning: This simp argument is unused:
  not_le

Hint: Omit it from the simp argument list.
  [apply] simp only [not_lt] at h ⊢

Note: This linter can be disabled with `set_option linter.unusedSimpArgs false`
SunPrize\Certificate\Theory005.lean:2591:56: warning: This simp argument is unused:
  not_le

Hint: Omit it from the simp argument list.
  [apply] simp only [not_lt] at h ⊢

Note: This linter can be disabled with `set_option linter.unusedSimpArgs false`
SunPrize\Certificate\Theory005.lean:2595:56: warning: This simp argument is unused:
  not_le

Hint: Omit it from the simp argument list.
  [apply] simp only [not_lt] at h ⊢

Note: This linter can be disabled with `set_option linter.unusedSimpArgs false`
SunPrize\Certificate\Theory005.lean:2601:56: warning: This simp argument is unused:
  not_le

Hint: Omit it from the simp argument list.
  [apply] simp only [not_lt] at h ⊢

Note: This linter can be disabled with `set_option linter.unusedSimpArgs false`
SunPrize\Certificate\Theory005.lean:2603:56: warning: This simp argument is unused:
  not_le

Hint: Omit it from the simp argument list.
  [apply] simp only [not_lt] at h ⊢

Note: This linter can be disabled with `set_option linter.unusedSimpArgs false`
SunPrize\Certificate\Theory005.lean:2605:56: warning: This simp argument is unused:
  not_le

Hint: Omit it from the simp argument list.
  [apply] simp only [not_lt] at h ⊢

Note: This linter can be disabled with `set_option linter.unusedSimpArgs false`
SunPrize\Certificate\Theory005.lean:2607:56: warning: This simp argument is unused:
  not_le

Hint: Omit it from the simp argument list.
  [apply] simp only [not_lt] at h ⊢

Note: This linter can be disabled with `set_option linter.unusedSimpArgs false`
SunPrize\Certificate\Theory005.lean:2609:56: warning: This simp argument is unused:
  not_le

Hint: Omit it from the simp argument list.
  [apply] simp only [not_lt] at h ⊢

Note: This linter can be disabled with `set_option linter.unusedSimpArgs false`
SunPrize\Certificate\Theory005.lean:2611:56: warning: This simp argument is unused:
  not_le

Hint: Omit it from the simp argument list.
  [apply] simp only [not_lt] at h ⊢

Note: This linter can be disabled with `set_option linter.unusedSimpArgs false`
SunPrize\Certificate\Theory005.lean:2615:56: warning: This simp argument is unused:
  not_le

Hint: Omit it from the simp argument list.
  [apply] simp only [not_lt] at h ⊢

Note: This linter can be disabled with `set_option linter.unusedSimpArgs false`
SunPrize\Certificate\Theory005.lean:2617:56: warning: This simp argument is unused:
  not_le

Hint: Omit it from the simp argument list.
  [apply] simp only [not_lt] at h ⊢

Note: This linter can be disabled with `set_option linter.unusedSimpArgs false`
SunPrize\Certificate\Theory005.lean:2581:32: warning: Unused tactic linter: `(try simp only [not_lt, not_le] at h ⊢)` does nothing

Note: This linter can be disabled with `set_option linter.unusedTactic false`
SunPrize\Certificate\Theory005.lean:2583:32: warning: Unused tactic linter: `(try simp only [not_lt, not_le] at h ⊢)` does nothing

Note: This linter can be disabled with `set_option linter.unusedTactic false`
SunPrize\Certificate\Theory005.lean:2593:32: warning: Unused tactic linter: `(try simp only [not_lt, not_le] at h ⊢)` does nothing

Note: This linter can be disabled with `set_option linter.unusedTactic false`
SunPrize\Certificate\Theory005.lean:2597:32: warning: Unused tactic linter: `(try simp only [not_lt, not_le] at h ⊢)` does nothing

Note: This linter can be disabled with `set_option linter.unusedTactic false`
SunPrize\Certificate\Theory005.lean:2599:32: warning: Unused tactic linter: `(try simp only [not_lt, not_le] at h ⊢)` does nothing

Note: This linter can be disabled with `set_option linter.unusedTactic false`
SunPrize\Certificate\Theory005.lean:2613:32: warning: Unused tactic linter: `(try simp only [not_lt, not_le] at h ⊢)` does nothing

Note: This linter can be disabled with `set_option linter.unusedTactic false`
SunPrize\Certificate\Theory005.lean:2619:2: warning: Unused tactic linter: `all_goals clear e0 e1 e2 e3 e4 e5 e6 e7 e8 e9 e10 e11 e12 e13 e14 e15 e16 e17 e18` does nothing

Note: This linter can be disabled with `set_option linter.unusedTactic false`
SunPrize\Certificate\Theory005.lean:2620:2: warning: Unused tactic linter: `all_goals tauto` does nothing

Note: This linter can be disabled with `set_option linter.unusedTactic false`
SunPrize\Certificate\Theory005.lean:2619:12: warning: this tactic is never executed

Note: This linter can be disabled with `set_option linter.unreachableTactic false`
SunPrize\Certificate\Theory005.lean:2620:12: warning: this tactic is never executed

Note: This linter can be disabled with `set_option linter.unreachableTactic false`
SunPrize\Certificate\Theory005.lean:2625:56: warning: This simp argument is unused:
  not_le

Hint: Omit it from the simp argument list.
  [apply] simp only [not_lt] at h ⊢

Note: This linter can be disabled with `set_option linter.unusedSimpArgs false`
SunPrize\Certificate\Theory005.lean:2629:56: warning: This simp argument is unused:
  not_le

Hint: Omit it from the simp argument list.
  [apply] simp only [not_lt] at h ⊢

Note: This linter can be disabled with `set_option linter.unusedSimpArgs false`
SunPrize\Certificate\Theory005.lean:2631:56: warning: This simp argument is unused:
  not_le

Hint: Omit it from the simp argument list.
  [apply] simp only [not_lt] at h ⊢

Note: This linter can be disabled with `set_option linter.unusedSimpArgs false`
SunPrize\Certificate\Theory005.lean:2633:56: warning: This simp argument is unused:
  not_le

Hint: Omit it from the simp argument list.
  [apply] simp only [not_lt] at h ⊢

Note: This linter can be disabled with `set_option linter.unusedSimpArgs false`
SunPrize\Certificate\Theory005.lean:2635:56: warning: This simp argument is unused:
  not_le

Hint: Omit it from the simp argument list.
  [apply] simp only [not_lt] at h ⊢

Note: This linter can be disabled with `set_option linter.unusedSimpArgs false`
SunPrize\Certificate\Theory005.lean:2639:56: warning: This simp argument is unused:
  not_le

Hint: Omit it from the simp argument list.
  [apply] simp only [not_lt] at h ⊢

Note: This linter can be disabled with `set_option linter.unusedSimpArgs false`
SunPrize\Certificate\Theory005.lean:2645:56: warning: This simp argument is unused:
  not_le

Hint: Omit it from the simp argument list.
  [apply] simp only [not_lt] at h ⊢

Note: This linter can be disabled with `set_option linter.unusedSimpArgs false`
SunPrize\Certificate\Theory005.lean:2647:56: warning: This simp argument is unused:
  not_le

Hint: Omit it from the simp argument list.
  [apply] simp only [not_lt] at h ⊢

Note: This linter can be disabled with `set_option linter.unusedSimpArgs false`
SunPrize\Certificate\Theory005.lean:2649:56: warning: This simp argument is unused:
  not_le

Hint: Omit it from the simp argument list.
  [apply] simp only [not_lt] at h ⊢

Note: This linter can be disabled with `set_option linter.unusedSimpArgs false`
SunPrize\Certificate\Theory005.lean:2651:56: warning: This simp argument is unused:
  not_le

Hint: Omit it from the simp argument list.
  [apply] simp only [not_lt] at h ⊢

Note: This linter can be disabled with `set_option linter.unusedSimpArgs false`
SunPrize\Certificate\Theory005.lean:2653:56: warning: This simp argument is unused:
  not_le

Hint: Omit it from the simp argument list.
  [apply] simp only [not_lt] at h ⊢

Note: This linter can be disabled with `set_option linter.unusedSimpArgs false`
SunPrize\Certificate\Theory005.lean:2659:56: warning: This simp argument is unused:
  not_le

Hint: Omit it from the simp argument list.
  [apply] simp only [not_lt] at h ⊢

Note: This linter can be disabled with `set_option linter.unusedSimpArgs false`
SunPrize\Certificate\Theory005.lean:2661:56: warning: This simp argument is unused:
  not_le

Hint: Omit it from the simp argument list.
  [apply] simp only [not_lt] at h ⊢

Note: This linter can be disabled with `set_option linter.unusedSimpArgs false`
SunPrize\Certificate\Theory005.lean:2627:32: warning: Unused tactic linter: `(try simp only [not_lt, not_le] at h ⊢)` does nothing

Note: This linter can be disabled with `set_option linter.unusedTactic false`
SunPrize\Certificate\Theory005.lean:2637:32: warning: Unused tactic linter: `(try simp only [not_lt, not_le] at h ⊢)` does nothing

Note: This linter can be disabled with `set_option linter.unusedTactic false`
SunPrize\Certificate\Theory005.lean:2641:32: warning: Unused tactic linter: `(try simp only [not_lt, not_le] at h ⊢)` does nothing

Note: This linter can be disabled with `set_option linter.unusedTactic false`
SunPrize\Certificate\Theory005.lean:2643:32: warning: Unused tactic linter: `(try simp only [not_lt, not_le] at h ⊢)` does nothing

Note: This linter can be disabled with `set_option linter.unusedTactic false`
SunPrize\Certificate\Theory005.lean:2655:32: warning: Unused tactic linter: `(try simp only [not_lt, not_le] at h ⊢)` does nothing

Note: This linter can be disabled with `set_option linter.unusedTactic false`
SunPrize\Certificate\Theory005.lean:2657:32: warning: Unused tactic linter: `(try simp only [not_lt, not_le] at h ⊢)` does nothing

Note: This linter can be disabled with `set_option linter.unusedTactic false`
SunPrize\Certificate\Theory005.lean:2663:2: warning: Unused tactic linter: `all_goals clear e0 e1 e2 e3 e4 e5 e6 e7 e8 e9 e10 e11 e12 e13 e14 e15 e16 e17 e18` does nothing

Note: This linter can be disabled with `set_option linter.unusedTactic false`
SunPrize\Certificate\Theory005.lean:2664:2: warning: Unused tactic linter: `all_goals tauto` does nothing

Note: This linter can be disabled with `set_option linter.unusedTactic false`
SunPrize\Certificate\Theory005.lean:2663:12: warning: this tactic is never executed

Note: This linter can be disabled with `set_option linter.unreachableTactic false`
SunPrize\Certificate\Theory005.lean:2664:12: warning: this tactic is never executed

Note: This linter can be disabled with `set_option linter.unreachableTactic false`
SunPrize\Certificate\Theory005.lean:2754:56: warning: This simp argument is unused:
  not_le

Hint: Omit it from the simp argument list.
  [apply] simp only [not_lt] at h ⊢

Note: This linter can be disabled with `set_option linter.unusedSimpArgs false`
SunPrize\Certificate\Theory005.lean:2756:56: warning: This simp argument is unused:
  not_le

Hint: Omit it from the simp argument list.
  [apply] simp only [not_lt] at h ⊢

Note: This linter can be disabled with `set_option linter.unusedSimpArgs false`
SunPrize\Certificate\Theory005.lean:2758:56: warning: This simp argument is unused:
  not_le

Hint: Omit it from the simp argument list.
  [apply] simp only [not_lt] at h ⊢

Note: This linter can be disabled with `set_option linter.unusedSimpArgs false`
SunPrize\Certificate\Theory005.lean:2760:56: warning: This simp argument is unused:
  not_le

Hint: Omit it from the simp argument list.
  [apply] simp only [not_lt] at h ⊢

Note: This linter can be disabled with `set_option linter.unusedSimpArgs false`
SunPrize\Certificate\Theory005.lean:2762:56: warning: This simp argument is unused:
  not_le

Hint: Omit it from the simp argument list.
  [apply] simp only [not_lt] at h ⊢

Note: This linter can be disabled with `set_option linter.unusedSimpArgs false`
SunPrize\Certificate\Theory005.lean:2768:56: warning: This simp argument is unused:
  not_le

Hint: Omit it from the simp argument list.
  [apply] simp only [not_lt] at h ⊢

Note: This linter can be disabled with `set_option linter.unusedSimpArgs false`
SunPrize\Certificate\Theory005.lean:2770:56: warning: This simp argument is unused:
  not_le

Hint: Omit it from the simp argument list.
  [apply] simp only [not_lt] at h ⊢

Note: This linter can be disabled with `set_option linter.unusedSimpArgs false`
SunPrize\Certificate\Theory005.lean:2774:56: warning: This simp argument is unused:
  not_le

Hint: Omit it from the simp argument list.
  [apply] simp only [not_lt] at h ⊢

Note: This linter can be disabled with `set_option linter.unusedSimpArgs false`
SunPrize\Certificate\Theory005.lean:2776:56: warning: This simp argument is unused:
  not_le

Hint: Omit it from the simp argument list.
  [apply] simp only [not_lt] at h ⊢

Note: This linter can be disabled with `set_option linter.unusedSimpArgs false`
SunPrize\Certificate\Theory005.lean:2778:56: warning: This simp argument is unused:
  not_le

Hint: Omit it from the simp argument list.
  [apply] simp only [not_lt] at h ⊢

Note: This linter can be disabled with `set_option linter.unusedSimpArgs false`
SunPrize\Certificate\Theory005.lean:2780:56: warning: This simp argument is unused:
  not_le

Hint: Omit it from the simp argument list.
  [apply] simp only [not_lt] at h ⊢

Note: This linter can be disabled with `set_option linter.unusedSimpArgs false`
SunPrize\Certificate\Theory005.lean:2788:56: warning: This simp argument is unused:
  not_le

Hint: Omit it from the simp argument list.
  [apply] simp only [not_lt] at h ⊢

Note: This linter can be disabled with `set_option linter.unusedSimpArgs false`
SunPrize\Certificate\Theory005.lean:2790:56: warning: This simp argument is unused:
  not_le

Hint: Omit it from the simp argument list.
  [apply] simp only [not_lt] at h ⊢

Note: This linter can be disabled with `set_option linter.unusedSimpArgs false`
SunPrize\Certificate\Theory005.lean:2764:32: warning: Unused tactic linter: `(try simp only [not_lt, not_le] at h ⊢)` does nothing

Note: This linter can be disabled with `set_option linter.unusedTactic false`
SunPrize\Certificate\Theory005.lean:2766:32: warning: Unused tactic linter: `(try simp only [not_lt, not_le] at h ⊢)` does nothing

Note: This linter can be disabled with `set_option linter.unusedTactic false`
SunPrize\Certificate\Theory005.lean:2772:32: warning: Unused tactic linter: `(try simp only [not_lt, not_le] at h ⊢)` does nothing

Note: This linter can be disabled with `set_option linter.unusedTactic false`
SunPrize\Certificate\Theory005.lean:2782:32: warning: Unused tactic linter: `(try simp only [not_lt, not_le] at h ⊢)` does nothing

Note: This linter can be disabled with `set_option linter.unusedTactic false`
SunPrize\Certificate\Theory005.lean:2784:32: warning: Unused tactic linter: `(try simp only [not_lt, not_le] at h ⊢)` does nothing

Note: This linter can be disabled with `set_option linter.unusedTactic false`
SunPrize\Certificate\Theory005.lean:2786:32: warning: Unused tactic linter: `(try simp only [not_lt, not_le] at h ⊢)` does nothing

Note: This linter can be disabled with `set_option linter.unusedTactic false`
SunPrize\Certificate\Theory005.lean:2792:2: warning: Unused tactic linter: `all_goals clear e0 e1 e2 e3 e4 e5 e6 e7 e8 e9 e10 e11 e12 e13 e14 e15 e16 e17 e18` does nothing

Note: This linter can be disabled with `set_option linter.unusedTactic false`
SunPrize\Certificate\Theory005.lean:2793:2: warning: Unused tactic linter: `all_goals tauto` does nothing

Note: This linter can be disabled with `set_option linter.unusedTactic false`
SunPrize\Certificate\Theory005.lean:2792:12: warning: this tactic is never executed

Note: This linter can be disabled with `set_option linter.unreachableTactic false`
SunPrize\Certificate\Theory005.lean:2793:12: warning: this tactic is never executed

Note: This linter can be disabled with `set_option linter.unreachableTactic false`
SunPrize\Certificate\Theory005.lean:2798:56: warning: This simp argument is unused:
  not_le

Hint: Omit it from the simp argument list.
  [apply] simp only [not_lt] at h ⊢

Note: This linter can be disabled with `set_option linter.unusedSimpArgs false`
SunPrize\Certificate\Theory005.lean:2800:56: warning: This simp argument is unused:
  not_le

Hint: Omit it from the simp argument list.
  [apply] simp only [not_lt] at h ⊢

Note: This linter can be disabled with `set_option linter.unusedSimpArgs false`
SunPrize\Certificate\Theory005.lean:2802:56: warning: This simp argument is unused:
  not_le

Hint: Omit it from the simp argument list.
  [apply] simp only [not_lt] at h ⊢

Note: This linter can be disabled with `set_option linter.unusedSimpArgs false`
SunPrize\Certificate\Theory005.lean:2804:56: warning: This simp argument is unused:
  not_le

Hint: Omit it from the simp argument list.
  [apply] simp only [not_lt] at h ⊢

Note: This linter can be disabled with `set_option linter.unusedSimpArgs false`
SunPrize\Certificate\Theory005.lean:2806:56: warning: This simp argument is unused:
  not_le

Hint: Omit it from the simp argument list.
  [apply] simp only [not_lt] at h ⊢

Note: This linter can be disabled with `set_option linter.unusedSimpArgs false`
SunPrize\Certificate\Theory005.lean:2812:56: warning: This simp argument is unused:
  not_le

Hint: Omit it from the simp argument list.
  [apply] simp only [not_lt] at h ⊢

Note: This linter can be disabled with `set_option linter.unusedSimpArgs false`
SunPrize\Certificate\Theory005.lean:2814:56: warning: This simp argument is unused:
  not_le

Hint: Omit it from the simp argument list.
  [apply] simp only [not_lt] at h ⊢

Note: This linter can be disabled with `set_option linter.unusedSimpArgs false`
SunPrize\Certificate\Theory005.lean:2818:56: warning: This simp argument is unused:
  not_le

Hint: Omit it from the simp argument list.
  [apply] simp only [not_lt] at h ⊢

Note: This linter can be disabled with `set_option linter.unusedSimpArgs false`
SunPrize\Certificate\Theory005.lean:2820:56: warning: This simp argument is unused:
  not_le

Hint: Omit it from the simp argument list.
  [apply] simp only [not_lt] at h ⊢

Note: This linter can be disabled with `set_option linter.unusedSimpArgs false`
SunPrize\Certificate\Theory005.lean:2822:56: warning: This simp argument is unused:
  not_le

Hint: Omit it from the simp argument list.
  [apply] simp only [not_lt] at h ⊢

Note: This linter can be disabled with `set_option linter.unusedSimpArgs false`
SunPrize\Certificate\Theory005.lean:2824:56: warning: This simp argument is unused:
  not_le

Hint: Omit it from the simp argument list.
  [apply] simp only [not_lt] at h ⊢

Note: This linter can be disabled with `set_option linter.unusedSimpArgs false`
SunPrize\Certificate\Theory005.lean:2832:56: warning: This simp argument is unused:
  not_le

Hint: Omit it from the simp argument list.
  [apply] simp only [not_lt] at h ⊢

Note: This linter can be disabled with `set_option linter.unusedSimpArgs false`
SunPrize\Certificate\Theory005.lean:2834:56: warning: This simp argument is unused:
  not_le

Hint: Omit it from the simp argument list.
  [apply] simp only [not_lt] at h ⊢

Note: This linter can be disabled with `set_option linter.unusedSimpArgs false`
SunPrize\Certificate\Theory005.lean:2808:32: warning: Unused tactic linter: `(try simp only [not_lt, not_le] at h ⊢)` does nothing

Note: This linter can be disabled with `set_option linter.unusedTactic false`
SunPrize\Certificate\Theory005.lean:2810:32: warning: Unused tactic linter: `(try simp only [not_lt, not_le] at h ⊢)` does nothing

Note: This linter can be disabled with `set_option linter.unusedTactic false`
SunPrize\Certificate\Theory005.lean:2816:32: warning: Unused tactic linter: `(try simp only [not_lt, not_le] at h ⊢)` does nothing

Note: This linter can be disabled with `set_option linter.unusedTactic false`
SunPrize\Certificate\Theory005.lean:2826:32: warning: Unused tactic linter: `(try simp only [not_lt, not_le] at h ⊢)` does nothing

Note: This linter can be disabled with `set_option linter.unusedTactic false`
SunPrize\Certificate\Theory005.lean:2828:32: warning: Unused tactic linter: `(try simp only [not_lt, not_le] at h ⊢)` does nothing

Note: This linter can be disabled with `set_option linter.unusedTactic false`
SunPrize\Certificate\Theory005.lean:2830:32: warning: Unused tactic linter: `(try simp only [not_lt, not_le] at h ⊢)` does nothing

Note: This linter can be disabled with `set_option linter.unusedTactic false`
SunPrize\Certificate\Theory005.lean:2836:2: warning: Unused tactic linter: `all_goals clear e0 e1 e2 e3 e4 e5 e6 e7 e8 e9 e10 e11 e12 e13 e14 e15 e16 e17 e18` does nothing

Note: This linter can be disabled with `set_option linter.unusedTactic false`
SunPrize\Certificate\Theory005.lean:2837:2: warning: Unused tactic linter: `all_goals tauto` does nothing

Note: This linter can be disabled with `set_option linter.unusedTactic false`
SunPrize\Certificate\Theory005.lean:2836:12: warning: this tactic is never executed

Note: This linter can be disabled with `set_option linter.unreachableTactic false`
SunPrize\Certificate\Theory005.lean:2837:12: warning: this tactic is never executed

Note: This linter can be disabled with `set_option linter.unreachableTactic false`
