SunPrize\Certificate\Theory004.lean:499:56: warning: This simp argument is unused:
  not_le

Hint: Omit it from the simp argument list.
  [apply] simp only [not_lt] at h ⊢

Note: This linter can be disabled with `set_option linter.unusedSimpArgs false`
SunPrize\Certificate\Theory004.lean:501:56: warning: This simp argument is unused:
  not_le

Hint: Omit it from the simp argument list.
  [apply] simp only [not_lt] at h ⊢

Note: This linter can be disabled with `set_option linter.unusedSimpArgs false`
SunPrize\Certificate\Theory004.lean:505:56: warning: This simp argument is unused:
  not_le

Hint: Omit it from the simp argument list.
  [apply] simp only [not_lt] at h ⊢

Note: This linter can be disabled with `set_option linter.unusedSimpArgs false`
SunPrize\Certificate\Theory004.lean:507:56: warning: This simp argument is unused:
  not_le

Hint: Omit it from the simp argument list.
  [apply] simp only [not_lt] at h ⊢

Note: This linter can be disabled with `set_option linter.unusedSimpArgs false`
SunPrize\Certificate\Theory004.lean:509:56: warning: This simp argument is unused:
  not_le

Hint: Omit it from the simp argument list.
  [apply] simp only [not_lt] at h ⊢

Note: This linter can be disabled with `set_option linter.unusedSimpArgs false`
SunPrize\Certificate\Theory004.lean:511:56: warning: This simp argument is unused:
  not_le

Hint: Omit it from the simp argument list.
  [apply] simp only [not_lt] at h ⊢

Note: This linter can be disabled with `set_option linter.unusedSimpArgs false`
SunPrize\Certificate\Theory004.lean:513:56: warning: This simp argument is unused:
  not_le

Hint: Omit it from the simp argument list.
  [apply] simp only [not_lt] at h ⊢

Note: This linter can be disabled with `set_option linter.unusedSimpArgs false`
SunPrize\Certificate\Theory004.lean:521:56: warning: This simp argument is unused:
  not_le

Hint: Omit it from the simp argument list.
  [apply] simp only [not_lt] at h ⊢

Note: This linter can be disabled with `set_option linter.unusedSimpArgs false`
SunPrize\Certificate\Theory004.lean:523:56: warning: This simp argument is unused:
  not_le

Hint: Omit it from the simp argument list.
  [apply] simp only [not_lt] at h ⊢

Note: This linter can be disabled with `set_option linter.unusedSimpArgs false`
SunPrize\Certificate\Theory004.lean:525:56: warning: This simp argument is unused:
  not_le

Hint: Omit it from the simp argument list.
  [apply] simp only [not_lt] at h ⊢

Note: This linter can be disabled with `set_option linter.unusedSimpArgs false`
SunPrize\Certificate\Theory004.lean:527:56: warning: This simp argument is unused:
  not_le

Hint: Omit it from the simp argument list.
  [apply] simp only [not_lt] at h ⊢

Note: This linter can be disabled with `set_option linter.unusedSimpArgs false`
SunPrize\Certificate\Theory004.lean:529:56: warning: This simp argument is unused:
  not_le

Hint: Omit it from the simp argument list.
  [apply] simp only [not_lt] at h ⊢

Note: This linter can be disabled with `set_option linter.unusedSimpArgs false`
SunPrize\Certificate\Theory004.lean:531:56: warning: This simp argument is unused:
  not_le

Hint: Omit it from the simp argument list.
  [apply] simp only [not_lt] at h ⊢

Note: This linter can be disabled with `set_option linter.unusedSimpArgs false`
SunPrize\Certificate\Theory004.lean:495:32: warning: Unused tactic linter: `(try simp only [not_lt, not_le] at h ⊢)` does nothing

Note: This linter can be disabled with `set_option linter.unusedTactic false`
SunPrize\Certificate\Theory004.lean:497:32: warning: Unused tactic linter: `(try simp only [not_lt, not_le] at h ⊢)` does nothing

Note: This linter can be disabled with `set_option linter.unusedTactic false`
SunPrize\Certificate\Theory004.lean:503:32: warning: Unused tactic linter: `(try simp only [not_lt, not_le] at h ⊢)` does nothing

Note: This linter can be disabled with `set_option linter.unusedTactic false`
SunPrize\Certificate\Theory004.lean:515:32: warning: Unused tactic linter: `(try simp only [not_lt, not_le] at h ⊢)` does nothing

Note: This linter can be disabled with `set_option linter.unusedTactic false`
SunPrize\Certificate\Theory004.lean:517:32: warning: Unused tactic linter: `(try simp only [not_lt, not_le] at h ⊢)` does nothing

Note: This linter can be disabled with `set_option linter.unusedTactic false`
SunPrize\Certificate\Theory004.lean:519:32: warning: Unused tactic linter: `(try simp only [not_lt, not_le] at h ⊢)` does nothing

Note: This linter can be disabled with `set_option linter.unusedTactic false`
SunPrize\Certificate\Theory004.lean:533:2: warning: Unused tactic linter: `all_goals clear e0 e1 e2 e3 e4 e5 e6 e7 e8 e9 e10 e11 e12 e13 e14 e15 e16 e17 e18` does nothing

Note: This linter can be disabled with `set_option linter.unusedTactic false`
SunPrize\Certificate\Theory004.lean:534:2: warning: Unused tactic linter: `all_goals tauto` does nothing

Note: This linter can be disabled with `set_option linter.unusedTactic false`
SunPrize\Certificate\Theory004.lean:533:12: warning: this tactic is never executed

Note: This linter can be disabled with `set_option linter.unreachableTactic false`
SunPrize\Certificate\Theory004.lean:534:12: warning: this tactic is never executed

Note: This linter can be disabled with `set_option linter.unreachableTactic false`
SunPrize\Certificate\Theory004.lean:539:56: warning: This simp argument is unused:
  not_le

Hint: Omit it from the simp argument list.
  [apply] simp only [not_lt] at h ⊢

Note: This linter can be disabled with `set_option linter.unusedSimpArgs false`
SunPrize\Certificate\Theory004.lean:541:56: warning: This simp argument is unused:
  not_le

Hint: Omit it from the simp argument list.
  [apply] simp only [not_lt] at h ⊢

Note: This linter can be disabled with `set_option linter.unusedSimpArgs false`
SunPrize\Certificate\Theory004.lean:543:56: warning: This simp argument is unused:
  not_le

Hint: Omit it from the simp argument list.
  [apply] simp only [not_lt] at h ⊢

Note: This linter can be disabled with `set_option linter.unusedSimpArgs false`
SunPrize\Certificate\Theory004.lean:545:56: warning: This simp argument is unused:
  not_le

Hint: Omit it from the simp argument list.
  [apply] simp only [not_lt] at h ⊢

Note: This linter can be disabled with `set_option linter.unusedSimpArgs false`
SunPrize\Certificate\Theory004.lean:547:56: warning: This simp argument is unused:
  not_le

Hint: Omit it from the simp argument list.
  [apply] simp only [not_lt] at h ⊢

Note: This linter can be disabled with `set_option linter.unusedSimpArgs false`
SunPrize\Certificate\Theory004.lean:553:56: warning: This simp argument is unused:
  not_le

Hint: Omit it from the simp argument list.
  [apply] simp only [not_lt] at h ⊢

Note: This linter can be disabled with `set_option linter.unusedSimpArgs false`
SunPrize\Certificate\Theory004.lean:555:56: warning: This simp argument is unused:
  not_le

Hint: Omit it from the simp argument list.
  [apply] simp only [not_lt] at h ⊢

Note: This linter can be disabled with `set_option linter.unusedSimpArgs false`
SunPrize\Certificate\Theory004.lean:559:56: warning: This simp argument is unused:
  not_le

Hint: Omit it from the simp argument list.
  [apply] simp only [not_lt] at h ⊢

Note: This linter can be disabled with `set_option linter.unusedSimpArgs false`
SunPrize\Certificate\Theory004.lean:561:56: warning: This simp argument is unused:
  not_le

Hint: Omit it from the simp argument list.
  [apply] simp only [not_lt] at h ⊢

Note: This linter can be disabled with `set_option linter.unusedSimpArgs false`
SunPrize\Certificate\Theory004.lean:563:56: warning: This simp argument is unused:
  not_le

Hint: Omit it from the simp argument list.
  [apply] simp only [not_lt] at h ⊢

Note: This linter can be disabled with `set_option linter.unusedSimpArgs false`
SunPrize\Certificate\Theory004.lean:565:56: warning: This simp argument is unused:
  not_le

Hint: Omit it from the simp argument list.
  [apply] simp only [not_lt] at h ⊢

Note: This linter can be disabled with `set_option linter.unusedSimpArgs false`
SunPrize\Certificate\Theory004.lean:573:56: warning: This simp argument is unused:
  not_le

Hint: Omit it from the simp argument list.
  [apply] simp only [not_lt] at h ⊢

Note: This linter can be disabled with `set_option linter.unusedSimpArgs false`
SunPrize\Certificate\Theory004.lean:575:56: warning: This simp argument is unused:
  not_le

Hint: Omit it from the simp argument list.
  [apply] simp only [not_lt] at h ⊢

Note: This linter can be disabled with `set_option linter.unusedSimpArgs false`
SunPrize\Certificate\Theory004.lean:549:32: warning: Unused tactic linter: `(try simp only [not_lt, not_le] at h ⊢)` does nothing

Note: This linter can be disabled with `set_option linter.unusedTactic false`
SunPrize\Certificate\Theory004.lean:551:32: warning: Unused tactic linter: `(try simp only [not_lt, not_le] at h ⊢)` does nothing

Note: This linter can be disabled with `set_option linter.unusedTactic false`
SunPrize\Certificate\Theory004.lean:557:32: warning: Unused tactic linter: `(try simp only [not_lt, not_le] at h ⊢)` does nothing

Note: This linter can be disabled with `set_option linter.unusedTactic false`
SunPrize\Certificate\Theory004.lean:567:32: warning: Unused tactic linter: `(try simp only [not_lt, not_le] at h ⊢)` does nothing

Note: This linter can be disabled with `set_option linter.unusedTactic false`
SunPrize\Certificate\Theory004.lean:569:32: warning: Unused tactic linter: `(try simp only [not_lt, not_le] at h ⊢)` does nothing

Note: This linter can be disabled with `set_option linter.unusedTactic false`
SunPrize\Certificate\Theory004.lean:571:32: warning: Unused tactic linter: `(try simp only [not_lt, not_le] at h ⊢)` does nothing

Note: This linter can be disabled with `set_option linter.unusedTactic false`
SunPrize\Certificate\Theory004.lean:577:2: warning: Unused tactic linter: `all_goals clear e0 e1 e2 e3 e4 e5 e6 e7 e8 e9 e10 e11 e12 e13 e14 e15 e16 e17 e18` does nothing

Note: This linter can be disabled with `set_option linter.unusedTactic false`
SunPrize\Certificate\Theory004.lean:578:2: warning: Unused tactic linter: `all_goals tauto` does nothing

Note: This linter can be disabled with `set_option linter.unusedTactic false`
SunPrize\Certificate\Theory004.lean:577:12: warning: this tactic is never executed

Note: This linter can be disabled with `set_option linter.unreachableTactic false`
SunPrize\Certificate\Theory004.lean:578:12: warning: this tactic is never executed

Note: This linter can be disabled with `set_option linter.unreachableTactic false`
SunPrize\Certificate\Theory004.lean:583:56: warning: This simp argument is unused:
  not_le

Hint: Omit it from the simp argument list.
  [apply] simp only [not_lt] at h ⊢

Note: This linter can be disabled with `set_option linter.unusedSimpArgs false`
SunPrize\Certificate\Theory004.lean:585:56: warning: This simp argument is unused:
  not_le

Hint: Omit it from the simp argument list.
  [apply] simp only [not_lt] at h ⊢

Note: This linter can be disabled with `set_option linter.unusedSimpArgs false`
SunPrize\Certificate\Theory004.lean:587:56: warning: This simp argument is unused:
  not_le

Hint: Omit it from the simp argument list.
  [apply] simp only [not_lt] at h ⊢

Note: This linter can be disabled with `set_option linter.unusedSimpArgs false`
SunPrize\Certificate\Theory004.lean:589:56: warning: This simp argument is unused:
  not_le

Hint: Omit it from the simp argument list.
  [apply] simp only [not_lt] at h ⊢

Note: This linter can be disabled with `set_option linter.unusedSimpArgs false`
SunPrize\Certificate\Theory004.lean:591:56: warning: This simp argument is unused:
  not_le

Hint: Omit it from the simp argument list.
  [apply] simp only [not_lt] at h ⊢

Note: This linter can be disabled with `set_option linter.unusedSimpArgs false`
SunPrize\Certificate\Theory004.lean:597:56: warning: This simp argument is unused:
  not_le

Hint: Omit it from the simp argument list.
  [apply] simp only [not_lt] at h ⊢

Note: This linter can be disabled with `set_option linter.unusedSimpArgs false`
SunPrize\Certificate\Theory004.lean:599:56: warning: This simp argument is unused:
  not_le

Hint: Omit it from the simp argument list.
  [apply] simp only [not_lt] at h ⊢

Note: This linter can be disabled with `set_option linter.unusedSimpArgs false`
SunPrize\Certificate\Theory004.lean:603:56: warning: This simp argument is unused:
  not_le

Hint: Omit it from the simp argument list.
  [apply] simp only [not_lt] at h ⊢

Note: This linter can be disabled with `set_option linter.unusedSimpArgs false`
SunPrize\Certificate\Theory004.lean:605:56: warning: This simp argument is unused:
  not_le

Hint: Omit it from the simp argument list.
  [apply] simp only [not_lt] at h ⊢

Note: This linter can be disabled with `set_option linter.unusedSimpArgs false`
SunPrize\Certificate\Theory004.lean:607:56: warning: This simp argument is unused:
  not_le

Hint: Omit it from the simp argument list.
  [apply] simp only [not_lt] at h ⊢

Note: This linter can be disabled with `set_option linter.unusedSimpArgs false`
SunPrize\Certificate\Theory004.lean:609:56: warning: This simp argument is unused:
  not_le

Hint: Omit it from the simp argument list.
  [apply] simp only [not_lt] at h ⊢

Note: This linter can be disabled with `set_option linter.unusedSimpArgs false`
SunPrize\Certificate\Theory004.lean:617:56: warning: This simp argument is unused:
  not_le

Hint: Omit it from the simp argument list.
  [apply] simp only [not_lt] at h ⊢

Note: This linter can be disabled with `set_option linter.unusedSimpArgs false`
SunPrize\Certificate\Theory004.lean:619:56: warning: This simp argument is unused:
  not_le

Hint: Omit it from the simp argument list.
  [apply] simp only [not_lt] at h ⊢

Note: This linter can be disabled with `set_option linter.unusedSimpArgs false`
SunPrize\Certificate\Theory004.lean:593:32: warning: Unused tactic linter: `(try simp only [not_lt, not_le] at h ⊢)` does nothing

Note: This linter can be disabled with `set_option linter.unusedTactic false`
SunPrize\Certificate\Theory004.lean:595:32: warning: Unused tactic linter: `(try simp only [not_lt, not_le] at h ⊢)` does nothing

Note: This linter can be disabled with `set_option linter.unusedTactic false`
SunPrize\Certificate\Theory004.lean:601:32: warning: Unused tactic linter: `(try simp only [not_lt, not_le] at h ⊢)` does nothing

Note: This linter can be disabled with `set_option linter.unusedTactic false`
SunPrize\Certificate\Theory004.lean:611:32: warning: Unused tactic linter: `(try simp only [not_lt, not_le] at h ⊢)` does nothing

Note: This linter can be disabled with `set_option linter.unusedTactic false`
SunPrize\Certificate\Theory004.lean:613:32: warning: Unused tactic linter: `(try simp only [not_lt, not_le] at h ⊢)` does nothing

Note: This linter can be disabled with `set_option linter.unusedTactic false`
SunPrize\Certificate\Theory004.lean:615:32: warning: Unused tactic linter: `(try simp only [not_lt, not_le] at h ⊢)` does nothing

Note: This linter can be disabled with `set_option linter.unusedTactic false`
SunPrize\Certificate\Theory004.lean:621:2: warning: Unused tactic linter: `all_goals clear e0 e1 e2 e3 e4 e5 e6 e7 e8 e9 e10 e11 e12 e13 e14 e15 e16 e17 e18` does nothing

Note: This linter can be disabled with `set_option linter.unusedTactic false`
SunPrize\Certificate\Theory004.lean:622:2: warning: Unused tactic linter: `all_goals tauto` does nothing

Note: This linter can be disabled with `set_option linter.unusedTactic false`
SunPrize\Certificate\Theory004.lean:621:12: warning: this tactic is never executed

Note: This linter can be disabled with `set_option linter.unreachableTactic false`
SunPrize\Certificate\Theory004.lean:622:12: warning: this tactic is never executed

Note: This linter can be disabled with `set_option linter.unreachableTactic false`
SunPrize\Certificate\Theory004.lean:627:56: warning: This simp argument is unused:
  not_le

Hint: Omit it from the simp argument list.
  [apply] simp only [not_lt] at h ⊢

Note: This linter can be disabled with `set_option linter.unusedSimpArgs false`
SunPrize\Certificate\Theory004.lean:631:56: warning: This simp argument is unused:
  not_le

Hint: Omit it from the simp argument list.
  [apply] simp only [not_lt] at h ⊢

Note: This linter can be disabled with `set_option linter.unusedSimpArgs false`
SunPrize\Certificate\Theory004.lean:641:56: warning: This simp argument is unused:
  not_le

Hint: Omit it from the simp argument list.
  [apply] simp only [not_lt] at h ⊢

Note: This linter can be disabled with `set_option linter.unusedSimpArgs false`
SunPrize\Certificate\Theory004.lean:643:56: warning: This simp argument is unused:
  not_le

Hint: Omit it from the simp argument list.
  [apply] simp only [not_lt] at h ⊢

Note: This linter can be disabled with `set_option linter.unusedSimpArgs false`
SunPrize\Certificate\Theory004.lean:647:56: warning: This simp argument is unused:
  not_le

Hint: Omit it from the simp argument list.
  [apply] simp only [not_lt] at h ⊢

Note: This linter can be disabled with `set_option linter.unusedSimpArgs false`
SunPrize\Certificate\Theory004.lean:649:56: warning: This simp argument is unused:
  not_le

Hint: Omit it from the simp argument list.
  [apply] simp only [not_lt] at h ⊢

Note: This linter can be disabled with `set_option linter.unusedSimpArgs false`
SunPrize\Certificate\Theory004.lean:651:56: warning: This simp argument is unused:
  not_le

Hint: Omit it from the simp argument list.
  [apply] simp only [not_lt] at h ⊢

Note: This linter can be disabled with `set_option linter.unusedSimpArgs false`
SunPrize\Certificate\Theory004.lean:653:56: warning: This simp argument is unused:
  not_le

Hint: Omit it from the simp argument list.
  [apply] simp only [not_lt] at h ⊢

Note: This linter can be disabled with `set_option linter.unusedSimpArgs false`
SunPrize\Certificate\Theory004.lean:655:56: warning: This simp argument is unused:
  not_le

Hint: Omit it from the simp argument list.
  [apply] simp only [not_lt] at h ⊢

Note: This linter can be disabled with `set_option linter.unusedSimpArgs false`
SunPrize\Certificate\Theory004.lean:657:56: warning: This simp argument is unused:
  not_le

Hint: Omit it from the simp argument list.
  [apply] simp only [not_lt] at h ⊢

Note: This linter can be disabled with `set_option linter.unusedSimpArgs false`
SunPrize\Certificate\Theory004.lean:659:56: warning: This simp argument is unused:
  not_le

Hint: Omit it from the simp argument list.
  [apply] simp only [not_lt] at h ⊢

Note: This linter can be disabled with `set_option linter.unusedSimpArgs false`
SunPrize\Certificate\Theory004.lean:661:56: warning: This simp argument is unused:
  not_le

Hint: Omit it from the simp argument list.
  [apply] simp only [not_lt] at h ⊢

Note: This linter can be disabled with `set_option linter.unusedSimpArgs false`
SunPrize\Certificate\Theory004.lean:663:56: warning: This simp argument is unused:
  not_le

Hint: Omit it from the simp argument list.
  [apply] simp only [not_lt] at h ⊢

Note: This linter can be disabled with `set_option linter.unusedSimpArgs false`
SunPrize\Certificate\Theory004.lean:629:32: warning: Unused tactic linter: `(try simp only [not_lt, not_le] at h ⊢)` does nothing

Note: This linter can be disabled with `set_option linter.unusedTactic false`
SunPrize\Certificate\Theory004.lean:633:32: warning: Unused tactic linter: `(try simp only [not_lt, not_le] at h ⊢)` does nothing

Note: This linter can be disabled with `set_option linter.unusedTactic false`
SunPrize\Certificate\Theory004.lean:635:32: warning: Unused tactic linter: `(try simp only [not_lt, not_le] at h ⊢)` does nothing

Note: This linter can be disabled with `set_option linter.unusedTactic false`
SunPrize\Certificate\Theory004.lean:637:32: warning: Unused tactic linter: `(try simp only [not_lt, not_le] at h ⊢)` does nothing

Note: This linter can be disabled with `set_option linter.unusedTactic false`
SunPrize\Certificate\Theory004.lean:639:32: warning: Unused tactic linter: `(try simp only [not_lt, not_le] at h ⊢)` does nothing

Note: This linter can be disabled with `set_option linter.unusedTactic false`
SunPrize\Certificate\Theory004.lean:645:32: warning: Unused tactic linter: `(try simp only [not_lt, not_le] at h ⊢)` does nothing

Note: This linter can be disabled with `set_option linter.unusedTactic false`
SunPrize\Certificate\Theory004.lean:665:2: warning: Unused tactic linter: `all_goals clear e0 e1 e2 e3 e4 e5 e6 e7 e8 e9 e10 e11 e12 e13 e14 e15 e16 e17 e18` does nothing

Note: This linter can be disabled with `set_option linter.unusedTactic false`
SunPrize\Certificate\Theory004.lean:666:2: warning: Unused tactic linter: `all_goals tauto` does nothing

Note: This linter can be disabled with `set_option linter.unusedTactic false`
SunPrize\Certificate\Theory004.lean:665:12: warning: this tactic is never executed

Note: This linter can be disabled with `set_option linter.unreachableTactic false`
SunPrize\Certificate\Theory004.lean:666:12: warning: this tactic is never executed

Note: This linter can be disabled with `set_option linter.unreachableTactic false`
SunPrize\Certificate\Theory004.lean:671:56: warning: This simp argument is unused:
  not_le

Hint: Omit it from the simp argument list.
  [apply] simp only [not_lt] at h ⊢

Note: This linter can be disabled with `set_option linter.unusedSimpArgs false`
SunPrize\Certificate\Theory004.lean:673:56: warning: This simp argument is unused:
  not_le

Hint: Omit it from the simp argument list.
  [apply] simp only [not_lt] at h ⊢

Note: This linter can be disabled with `set_option linter.unusedSimpArgs false`
SunPrize\Certificate\Theory004.lean:675:56: warning: This simp argument is unused:
  not_le

Hint: Omit it from the simp argument list.
  [apply] simp only [not_lt] at h ⊢

Note: This linter can be disabled with `set_option linter.unusedSimpArgs false`
SunPrize\Certificate\Theory004.lean:677:56: warning: This simp argument is unused:
  not_le

Hint: Omit it from the simp argument list.
  [apply] simp only [not_lt] at h ⊢

Note: This linter can be disabled with `set_option linter.unusedSimpArgs false`
SunPrize\Certificate\Theory004.lean:679:56: warning: This simp argument is unused:
  not_le

Hint: Omit it from the simp argument list.
  [apply] simp only [not_lt] at h ⊢

Note: This linter can be disabled with `set_option linter.unusedSimpArgs false`
SunPrize\Certificate\Theory004.lean:685:56: warning: This simp argument is unused:
  not_le

Hint: Omit it from the simp argument list.
  [apply] simp only [not_lt] at h ⊢

Note: This linter can be disabled with `set_option linter.unusedSimpArgs false`
SunPrize\Certificate\Theory004.lean:687:56: warning: This simp argument is unused:
  not_le

Hint: Omit it from the simp argument list.
  [apply] simp only [not_lt] at h ⊢

Note: This linter can be disabled with `set_option linter.unusedSimpArgs false`
SunPrize\Certificate\Theory004.lean:691:56: warning: This simp argument is unused:
  not_le

Hint: Omit it from the simp argument list.
  [apply] simp only [not_lt] at h ⊢

Note: This linter can be disabled with `set_option linter.unusedSimpArgs false`
SunPrize\Certificate\Theory004.lean:693:56: warning: This simp argument is unused:
  not_le

Hint: Omit it from the simp argument list.
  [apply] simp only [not_lt] at h ⊢

Note: This linter can be disabled with `set_option linter.unusedSimpArgs false`
SunPrize\Certificate\Theory004.lean:695:56: warning: This simp argument is unused:
  not_le

Hint: Omit it from the simp argument list.
  [apply] simp only [not_lt] at h ⊢

Note: This linter can be disabled with `set_option linter.unusedSimpArgs false`
SunPrize\Certificate\Theory004.lean:697:56: warning: This simp argument is unused:
  not_le

Hint: Omit it from the simp argument list.
  [apply] simp only [not_lt] at h ⊢

Note: This linter can be disabled with `set_option linter.unusedSimpArgs false`
SunPrize\Certificate\Theory004.lean:705:56: warning: This simp argument is unused:
  not_le

Hint: Omit it from the simp argument list.
  [apply] simp only [not_lt] at h ⊢

Note: This linter can be disabled with `set_option linter.unusedSimpArgs false`
SunPrize\Certificate\Theory004.lean:707:56: warning: This simp argument is unused:
  not_le

Hint: Omit it from the simp argument list.
  [apply] simp only [not_lt] at h ⊢

Note: This linter can be disabled with `set_option linter.unusedSimpArgs false`
SunPrize\Certificate\Theory004.lean:681:32: warning: Unused tactic linter: `(try simp only [not_lt, not_le] at h ⊢)` does nothing

Note: This linter can be disabled with `set_option linter.unusedTactic false`
SunPrize\Certificate\Theory004.lean:683:32: warning: Unused tactic linter: `(try simp only [not_lt, not_le] at h ⊢)` does nothing

Note: This linter can be disabled with `set_option linter.unusedTactic false`
SunPrize\Certificate\Theory004.lean:689:32: warning: Unused tactic linter: `(try simp only [not_lt, not_le] at h ⊢)` does nothing

Note: This linter can be disabled with `set_option linter.unusedTactic false`
SunPrize\Certificate\Theory004.lean:699:32: warning: Unused tactic linter: `(try simp only [not_lt, not_le] at h ⊢)` does nothing

Note: This linter can be disabled with `set_option linter.unusedTactic false`
SunPrize\Certificate\Theory004.lean:701:32: warning: Unused tactic linter: `(try simp only [not_lt, not_le] at h ⊢)` does nothing

Note: This linter can be disabled with `set_option linter.unusedTactic false`
SunPrize\Certificate\Theory004.lean:703:32: warning: Unused tactic linter: `(try simp only [not_lt, not_le] at h ⊢)` does nothing

Note: This linter can be disabled with `set_option linter.unusedTactic false`
SunPrize\Certificate\Theory004.lean:709:2: warning: Unused tactic linter: `all_goals clear e0 e1 e2 e3 e4 e5 e6 e7 e8 e9 e10 e11 e12 e13 e14 e15 e16 e17 e18` does nothing

Note: This linter can be disabled with `set_option linter.unusedTactic false`
SunPrize\Certificate\Theory004.lean:710:2: warning: Unused tactic linter: `all_goals tauto` does nothing

Note: This linter can be disabled with `set_option linter.unusedTactic false`
SunPrize\Certificate\Theory004.lean:709:12: warning: this tactic is never executed

Note: This linter can be disabled with `set_option linter.unreachableTactic false`
SunPrize\Certificate\Theory004.lean:710:12: warning: this tactic is never executed

Note: This linter can be disabled with `set_option linter.unreachableTactic false`
SunPrize\Certificate\Theory004.lean:719:56: warning: This simp argument is unused:
  not_le

Hint: Omit it from the simp argument list.
  [apply] simp only [not_lt] at h ⊢

Note: This linter can be disabled with `set_option linter.unusedSimpArgs false`
SunPrize\Certificate\Theory004.lean:721:56: warning: This simp argument is unused:
  not_le

Hint: Omit it from the simp argument list.
  [apply] simp only [not_lt] at h ⊢

Note: This linter can be disabled with `set_option linter.unusedSimpArgs false`
SunPrize\Certificate\Theory004.lean:725:56: warning: This simp argument is unused:
  not_le

Hint: Omit it from the simp argument list.
  [apply] simp only [not_lt] at h ⊢

Note: This linter can be disabled with `set_option linter.unusedSimpArgs false`
SunPrize\Certificate\Theory004.lean:727:56: warning: This simp argument is unused:
  not_le

Hint: Omit it from the simp argument list.
  [apply] simp only [not_lt] at h ⊢

Note: This linter can be disabled with `set_option linter.unusedSimpArgs false`
SunPrize\Certificate\Theory004.lean:729:56: warning: This simp argument is unused:
  not_le

Hint: Omit it from the simp argument list.
  [apply] simp only [not_lt] at h ⊢

Note: This linter can be disabled with `set_option linter.unusedSimpArgs false`
SunPrize\Certificate\Theory004.lean:731:56: warning: This simp argument is unused:
  not_le

Hint: Omit it from the simp argument list.
  [apply] simp only [not_lt] at h ⊢

Note: This linter can be disabled with `set_option linter.unusedSimpArgs false`
SunPrize\Certificate\Theory004.lean:733:56: warning: This simp argument is unused:
  not_le

Hint: Omit it from the simp argument list.
  [apply] simp only [not_lt] at h ⊢

Note: This linter can be disabled with `set_option linter.unusedSimpArgs false`
SunPrize\Certificate\Theory004.lean:741:56: warning: This simp argument is unused:
  not_le

Hint: Omit it from the simp argument list.
  [apply] simp only [not_lt] at h ⊢

Note: This linter can be disabled with `set_option linter.unusedSimpArgs false`
SunPrize\Certificate\Theory004.lean:743:56: warning: This simp argument is unused:
  not_le

Hint: Omit it from the simp argument list.
  [apply] simp only [not_lt] at h ⊢

Note: This linter can be disabled with `set_option linter.unusedSimpArgs false`
SunPrize\Certificate\Theory004.lean:745:56: warning: This simp argument is unused:
  not_le

Hint: Omit it from the simp argument list.
  [apply] simp only [not_lt] at h ⊢

Note: This linter can be disabled with `set_option linter.unusedSimpArgs false`
SunPrize\Certificate\Theory004.lean:747:56: warning: This simp argument is unused:
  not_le

Hint: Omit it from the simp argument list.
  [apply] simp only [not_lt] at h ⊢

Note: This linter can be disabled with `set_option linter.unusedSimpArgs false`
SunPrize\Certificate\Theory004.lean:749:56: warning: This simp argument is unused:
  not_le

Hint: Omit it from the simp argument list.
  [apply] simp only [not_lt] at h ⊢

Note: This linter can be disabled with `set_option linter.unusedSimpArgs false`
SunPrize\Certificate\Theory004.lean:751:56: warning: This simp argument is unused:
  not_le

Hint: Omit it from the simp argument list.
  [apply] simp only [not_lt] at h ⊢

Note: This linter can be disabled with `set_option linter.unusedSimpArgs false`
SunPrize\Certificate\Theory004.lean:715:32: warning: Unused tactic linter: `(try simp only [not_lt, not_le] at h ⊢)` does nothing

Note: This linter can be disabled with `set_option linter.unusedTactic false`
SunPrize\Certificate\Theory004.lean:717:32: warning: Unused tactic linter: `(try simp only [not_lt, not_le] at h ⊢)` does nothing

Note: This linter can be disabled with `set_option linter.unusedTactic false`
SunPrize\Certificate\Theory004.lean:723:32: warning: Unused tactic linter: `(try simp only [not_lt, not_le] at h ⊢)` does nothing

Note: This linter can be disabled with `set_option linter.unusedTactic false`
SunPrize\Certificate\Theory004.lean:735:32: warning: Unused tactic linter: `(try simp only [not_lt, not_le] at h ⊢)` does nothing

Note: This linter can be disabled with `set_option linter.unusedTactic false`
SunPrize\Certificate\Theory004.lean:737:32: warning: Unused tactic linter: `(try simp only [not_lt, not_le] at h ⊢)` does nothing

Note: This linter can be disabled with `set_option linter.unusedTactic false`
SunPrize\Certificate\Theory004.lean:739:32: warning: Unused tactic linter: `(try simp only [not_lt, not_le] at h ⊢)` does nothing

Note: This linter can be disabled with `set_option linter.unusedTactic false`
SunPrize\Certificate\Theory004.lean:753:2: warning: Unused tactic linter: `all_goals clear e0 e1 e2 e3 e4 e5 e6 e7 e8 e9 e10 e11 e12 e13 e14 e15 e16 e17 e18` does nothing

Note: This linter can be disabled with `set_option linter.unusedTactic false`
SunPrize\Certificate\Theory004.lean:754:2: warning: Unused tactic linter: `all_goals tauto` does nothing

Note: This linter can be disabled with `set_option linter.unusedTactic false`
SunPrize\Certificate\Theory004.lean:753:12: warning: this tactic is never executed

Note: This linter can be disabled with `set_option linter.unreachableTactic false`
SunPrize\Certificate\Theory004.lean:754:12: warning: this tactic is never executed

Note: This linter can be disabled with `set_option linter.unreachableTactic false`
SunPrize\Certificate\Theory004.lean:759:56: warning: This simp argument is unused:
  not_le

Hint: Omit it from the simp argument list.
  [apply] simp only [not_lt] at h ⊢

Note: This linter can be disabled with `set_option linter.unusedSimpArgs false`
SunPrize\Certificate\Theory004.lean:761:56: warning: This simp argument is unused:
  not_le

Hint: Omit it from the simp argument list.
  [apply] simp only [not_lt] at h ⊢

Note: This linter can be disabled with `set_option linter.unusedSimpArgs false`
SunPrize\Certificate\Theory004.lean:763:56: warning: This simp argument is unused:
  not_le

Hint: Omit it from the simp argument list.
  [apply] simp only [not_lt] at h ⊢

Note: This linter can be disabled with `set_option linter.unusedSimpArgs false`
SunPrize\Certificate\Theory004.lean:765:56: warning: This simp argument is unused:
  not_le

Hint: Omit it from the simp argument list.
  [apply] simp only [not_lt] at h ⊢

Note: This linter can be disabled with `set_option linter.unusedSimpArgs false`
SunPrize\Certificate\Theory004.lean:767:56: warning: This simp argument is unused:
  not_le

Hint: Omit it from the simp argument list.
  [apply] simp only [not_lt] at h ⊢

Note: This linter can be disabled with `set_option linter.unusedSimpArgs false`
SunPrize\Certificate\Theory004.lean:769:56: warning: This simp argument is unused:
  not_le

Hint: Omit it from the simp argument list.
  [apply] simp only [not_lt] at h ⊢

Note: This linter can be disabled with `set_option linter.unusedSimpArgs false`
SunPrize\Certificate\Theory004.lean:775:56: warning: This simp argument is unused:
  not_le

Hint: Omit it from the simp argument list.
  [apply] simp only [not_lt] at h ⊢

Note: This linter can be disabled with `set_option linter.unusedSimpArgs false`
SunPrize\Certificate\Theory004.lean:777:56: warning: This simp argument is unused:
  not_le

Hint: Omit it from the simp argument list.
  [apply] simp only [not_lt] at h ⊢

Note: This linter can be disabled with `set_option linter.unusedSimpArgs false`
SunPrize\Certificate\Theory004.lean:781:56: warning: This simp argument is unused:
  not_le

Hint: Omit it from the simp argument list.
  [apply] simp only [not_lt] at h ⊢

Note: This linter can be disabled with `set_option linter.unusedSimpArgs false`
SunPrize\Certificate\Theory004.lean:783:56: warning: This simp argument is unused:
  not_le

Hint: Omit it from the simp argument list.
  [apply] simp only [not_lt] at h ⊢

Note: This linter can be disabled with `set_option linter.unusedSimpArgs false`
SunPrize\Certificate\Theory004.lean:785:56: warning: This simp argument is unused:
  not_le

Hint: Omit it from the simp argument list.
  [apply] simp only [not_lt] at h ⊢

Note: This linter can be disabled with `set_option linter.unusedSimpArgs false`
SunPrize\Certificate\Theory004.lean:787:56: warning: This simp argument is unused:
  not_le

Hint: Omit it from the simp argument list.
  [apply] simp only [not_lt] at h ⊢

Note: This linter can be disabled with `set_option linter.unusedSimpArgs false`
SunPrize\Certificate\Theory004.lean:795:56: warning: This simp argument is unused:
  not_le

Hint: Omit it from the simp argument list.
  [apply] simp only [not_lt] at h ⊢

Note: This linter can be disabled with `set_option linter.unusedSimpArgs false`
SunPrize\Certificate\Theory004.lean:771:32: warning: Unused tactic linter: `(try simp only [not_lt, not_le] at h ⊢)` does nothing

Note: This linter can be disabled with `set_option linter.unusedTactic false`
SunPrize\Certificate\Theory004.lean:773:32: warning: Unused tactic linter: `(try simp only [not_lt, not_le] at h ⊢)` does nothing

Note: This linter can be disabled with `set_option linter.unusedTactic false`
SunPrize\Certificate\Theory004.lean:779:32: warning: Unused tactic linter: `(try simp only [not_lt, not_le] at h ⊢)` does nothing

Note: This linter can be disabled with `set_option linter.unusedTactic false`
SunPrize\Certificate\Theory004.lean:789:32: warning: Unused tactic linter: `(try simp only [not_lt, not_le] at h ⊢)` does nothing

Note: This linter can be disabled with `set_option linter.unusedTactic false`
SunPrize\Certificate\Theory004.lean:791:32: warning: Unused tactic linter: `(try simp only [not_lt, not_le] at h ⊢)` does nothing

Note: This linter can be disabled with `set_option linter.unusedTactic false`
SunPrize\Certificate\Theory004.lean:793:32: warning: Unused tactic linter: `(try simp only [not_lt, not_le] at h ⊢)` does nothing

Note: This linter can be disabled with `set_option linter.unusedTactic false`
SunPrize\Certificate\Theory004.lean:797:2: warning: Unused tactic linter: `all_goals clear e0 e1 e2 e3 e4 e5 e6 e7 e8 e9 e10 e11 e12 e13 e14 e15 e16 e17 e18` does nothing

Note: This linter can be disabled with `set_option linter.unusedTactic false`
SunPrize\Certificate\Theory004.lean:798:2: warning: Unused tactic linter: `all_goals tauto` does nothing

Note: This linter can be disabled with `set_option linter.unusedTactic false`
SunPrize\Certificate\Theory004.lean:797:12: warning: this tactic is never executed

Note: This linter can be disabled with `set_option linter.unreachableTactic false`
SunPrize\Certificate\Theory004.lean:798:12: warning: this tactic is never executed

Note: This linter can be disabled with `set_option linter.unreachableTactic false`
SunPrize\Certificate\Theory004.lean:809:56: warning: This simp argument is unused:
  not_le

Hint: Omit it from the simp argument list.
  [apply] simp only [not_lt] at h ⊢

Note: This linter can be disabled with `set_option linter.unusedSimpArgs false`
SunPrize\Certificate\Theory004.lean:811:56: warning: This simp argument is unused:
  not_le

Hint: Omit it from the simp argument list.
  [apply] simp only [not_lt] at h ⊢

Note: This linter can be disabled with `set_option linter.unusedSimpArgs false`
SunPrize\Certificate\Theory004.lean:817:56: warning: This simp argument is unused:
  not_le

Hint: Omit it from the simp argument list.
  [apply] simp only [not_lt] at h ⊢

Note: This linter can be disabled with `set_option linter.unusedSimpArgs false`
SunPrize\Certificate\Theory004.lean:819:56: warning: This simp argument is unused:
  not_le

Hint: Omit it from the simp argument list.
  [apply] simp only [not_lt] at h ⊢

Note: This linter can be disabled with `set_option linter.unusedSimpArgs false`
SunPrize\Certificate\Theory004.lean:823:56: warning: This simp argument is unused:
  not_le

Hint: Omit it from the simp argument list.
  [apply] simp only [not_lt] at h ⊢

Note: This linter can be disabled with `set_option linter.unusedSimpArgs false`
SunPrize\Certificate\Theory004.lean:825:56: warning: This simp argument is unused:
  not_le

Hint: Omit it from the simp argument list.
  [apply] simp only [not_lt] at h ⊢

Note: This linter can be disabled with `set_option linter.unusedSimpArgs false`
SunPrize\Certificate\Theory004.lean:827:56: warning: This simp argument is unused:
  not_le

Hint: Omit it from the simp argument list.
  [apply] simp only [not_lt] at h ⊢

Note: This linter can be disabled with `set_option linter.unusedSimpArgs false`
SunPrize\Certificate\Theory004.lean:829:56: warning: This simp argument is unused:
  not_le

Hint: Omit it from the simp argument list.
  [apply] simp only [not_lt] at h ⊢

Note: This linter can be disabled with `set_option linter.unusedSimpArgs false`
SunPrize\Certificate\Theory004.lean:831:56: warning: This simp argument is unused:
  not_le

Hint: Omit it from the simp argument list.
  [apply] simp only [not_lt] at h ⊢

Note: This linter can be disabled with `set_option linter.unusedSimpArgs false`
SunPrize\Certificate\Theory004.lean:833:56: warning: This simp argument is unused:
  not_le

Hint: Omit it from the simp argument list.
  [apply] simp only [not_lt] at h ⊢

Note: This linter can be disabled with `set_option linter.unusedSimpArgs false`
SunPrize\Certificate\Theory004.lean:835:56: warning: This simp argument is unused:
  not_le

Hint: Omit it from the simp argument list.
  [apply] simp only [not_lt] at h ⊢

Note: This linter can be disabled with `set_option linter.unusedSimpArgs false`
SunPrize\Certificate\Theory004.lean:837:56: warning: This simp argument is unused:
  not_le

Hint: Omit it from the simp argument list.
  [apply] simp only [not_lt] at h ⊢

Note: This linter can be disabled with `set_option linter.unusedSimpArgs false`
SunPrize\Certificate\Theory004.lean:839:56: warning: This simp argument is unused:
  not_le

Hint: Omit it from the simp argument list.
  [apply] simp only [not_lt] at h ⊢

Note: This linter can be disabled with `set_option linter.unusedSimpArgs false`
SunPrize\Certificate\Theory004.lean:803:32: warning: Unused tactic linter: `(try simp only [not_lt, not_le] at h ⊢)` does nothing

Note: This linter can be disabled with `set_option linter.unusedTactic false`
SunPrize\Certificate\Theory004.lean:805:32: warning: Unused tactic linter: `(try simp only [not_lt, not_le] at h ⊢)` does nothing

Note: This linter can be disabled with `set_option linter.unusedTactic false`
SunPrize\Certificate\Theory004.lean:807:32: warning: Unused tactic linter: `(try simp only [not_lt, not_le] at h ⊢)` does nothing

Note: This linter can be disabled with `set_option linter.unusedTactic false`
SunPrize\Certificate\Theory004.lean:813:32: warning: Unused tactic linter: `(try simp only [not_lt, not_le] at h ⊢)` does nothing

Note: This linter can be disabled with `set_option linter.unusedTactic false`
SunPrize\Certificate\Theory004.lean:815:32: warning: Unused tactic linter: `(try simp only [not_lt, not_le] at h ⊢)` does nothing

Note: This linter can be disabled with `set_option linter.unusedTactic false`
SunPrize\Certificate\Theory004.lean:821:32: warning: Unused tactic linter: `(try simp only [not_lt, not_le] at h ⊢)` does nothing

Note: This linter can be disabled with `set_option linter.unusedTactic false`
SunPrize\Certificate\Theory004.lean:841:2: warning: Unused tactic linter: `all_goals clear e0 e1 e2 e3 e4 e5 e6 e7 e8 e9 e10 e11 e12 e13 e14 e15 e16 e17 e18` does nothing

Note: This linter can be disabled with `set_option linter.unusedTactic false`
SunPrize\Certificate\Theory004.lean:842:2: warning: Unused tactic linter: `all_goals tauto` does nothing

Note: This linter can be disabled with `set_option linter.unusedTactic false`
SunPrize\Certificate\Theory004.lean:841:12: warning: this tactic is never executed

Note: This linter can be disabled with `set_option linter.unreachableTactic false`
SunPrize\Certificate\Theory004.lean:842:12: warning: this tactic is never executed

Note: This linter can be disabled with `set_option linter.unreachableTactic false`
SunPrize\Certificate\Theory004.lean:847:56: warning: This simp argument is unused:
  not_le

Hint: Omit it from the simp argument list.
  [apply] simp only [not_lt] at h ⊢

Note: This linter can be disabled with `set_option linter.unusedSimpArgs false`
SunPrize\Certificate\Theory004.lean:849:56: warning: This simp argument is unused:
  not_le

Hint: Omit it from the simp argument list.
  [apply] simp only [not_lt] at h ⊢

Note: This linter can be disabled with `set_option linter.unusedSimpArgs false`
SunPrize\Certificate\Theory004.lean:851:56: warning: This simp argument is unused:
  not_le

Hint: Omit it from the simp argument list.
  [apply] simp only [not_lt] at h ⊢

Note: This linter can be disabled with `set_option linter.unusedSimpArgs false`
SunPrize\Certificate\Theory004.lean:853:56: warning: This simp argument is unused:
  not_le

Hint: Omit it from the simp argument list.
  [apply] simp only [not_lt] at h ⊢

Note: This linter can be disabled with `set_option linter.unusedSimpArgs false`
SunPrize\Certificate\Theory004.lean:855:56: warning: This simp argument is unused:
  not_le

Hint: Omit it from the simp argument list.
  [apply] simp only [not_lt] at h ⊢

Note: This linter can be disabled with `set_option linter.unusedSimpArgs false`
SunPrize\Certificate\Theory004.lean:861:56: warning: This simp argument is unused:
  not_le

Hint: Omit it from the simp argument list.
  [apply] simp only [not_lt] at h ⊢

Note: This linter can be disabled with `set_option linter.unusedSimpArgs false`
SunPrize\Certificate\Theory004.lean:863:56: warning: This simp argument is unused:
  not_le

Hint: Omit it from the simp argument list.
  [apply] simp only [not_lt] at h ⊢

Note: This linter can be disabled with `set_option linter.unusedSimpArgs false`
SunPrize\Certificate\Theory004.lean:867:56: warning: This simp argument is unused:
  not_le

Hint: Omit it from the simp argument list.
  [apply] simp only [not_lt] at h ⊢

Note: This linter can be disabled with `set_option linter.unusedSimpArgs false`
SunPrize\Certificate\Theory004.lean:869:56: warning: This simp argument is unused:
  not_le

Hint: Omit it from the simp argument list.
  [apply] simp only [not_lt] at h ⊢

Note: This linter can be disabled with `set_option linter.unusedSimpArgs false`
SunPrize\Certificate\Theory004.lean:871:56: warning: This simp argument is unused:
  not_le

Hint: Omit it from the simp argument list.
  [apply] simp only [not_lt] at h ⊢

Note: This linter can be disabled with `set_option linter.unusedSimpArgs false`
SunPrize\Certificate\Theory004.lean:873:56: warning: This simp argument is unused:
  not_le

Hint: Omit it from the simp argument list.
  [apply] simp only [not_lt] at h ⊢

Note: This linter can be disabled with `set_option linter.unusedSimpArgs false`
SunPrize\Certificate\Theory004.lean:881:56: warning: This simp argument is unused:
  not_le

Hint: Omit it from the simp argument list.
  [apply] simp only [not_lt] at h ⊢

Note: This linter can be disabled with `set_option linter.unusedSimpArgs false`
SunPrize\Certificate\Theory004.lean:883:56: warning: This simp argument is unused:
  not_le

Hint: Omit it from the simp argument list.
  [apply] simp only [not_lt] at h ⊢

Note: This linter can be disabled with `set_option linter.unusedSimpArgs false`
SunPrize\Certificate\Theory004.lean:857:32: warning: Unused tactic linter: `(try simp only [not_lt, not_le] at h ⊢)` does nothing

Note: This linter can be disabled with `set_option linter.unusedTactic false`
SunPrize\Certificate\Theory004.lean:859:32: warning: Unused tactic linter: `(try simp only [not_lt, not_le] at h ⊢)` does nothing

Note: This linter can be disabled with `set_option linter.unusedTactic false`
SunPrize\Certificate\Theory004.lean:865:32: warning: Unused tactic linter: `(try simp only [not_lt, not_le] at h ⊢)` does nothing

Note: This linter can be disabled with `set_option linter.unusedTactic false`
SunPrize\Certificate\Theory004.lean:875:32: warning: Unused tactic linter: `(try simp only [not_lt, not_le] at h ⊢)` does nothing

Note: This linter can be disabled with `set_option linter.unusedTactic false`
SunPrize\Certificate\Theory004.lean:877:32: warning: Unused tactic linter: `(try simp only [not_lt, not_le] at h ⊢)` does nothing

Note: This linter can be disabled with `set_option linter.unusedTactic false`
SunPrize\Certificate\Theory004.lean:879:32: warning: Unused tactic linter: `(try simp only [not_lt, not_le] at h ⊢)` does nothing

Note: This linter can be disabled with `set_option linter.unusedTactic false`
SunPrize\Certificate\Theory004.lean:885:2: warning: Unused tactic linter: `all_goals clear e0 e1 e2 e3 e4 e5 e6 e7 e8 e9 e10 e11 e12 e13 e14 e15 e16 e17 e18` does nothing

Note: This linter can be disabled with `set_option linter.unusedTactic false`
SunPrize\Certificate\Theory004.lean:886:2: warning: Unused tactic linter: `all_goals tauto` does nothing

Note: This linter can be disabled with `set_option linter.unusedTactic false`
SunPrize\Certificate\Theory004.lean:885:12: warning: this tactic is never executed

Note: This linter can be disabled with `set_option linter.unreachableTactic false`
SunPrize\Certificate\Theory004.lean:886:12: warning: this tactic is never executed

Note: This linter can be disabled with `set_option linter.unreachableTactic false`
SunPrize\Certificate\Theory004.lean:897:56: warning: This simp argument is unused:
  not_le

Hint: Omit it from the simp argument list.
  [apply] simp only [not_lt] at h ⊢

Note: This linter can be disabled with `set_option linter.unusedSimpArgs false`
SunPrize\Certificate\Theory004.lean:899:56: warning: This simp argument is unused:
  not_le

Hint: Omit it from the simp argument list.
  [apply] simp only [not_lt] at h ⊢

Note: This linter can be disabled with `set_option linter.unusedSimpArgs false`
SunPrize\Certificate\Theory004.lean:905:56: warning: This simp argument is unused:
  not_le

Hint: Omit it from the simp argument list.
  [apply] simp only [not_lt] at h ⊢

Note: This linter can be disabled with `set_option linter.unusedSimpArgs false`
SunPrize\Certificate\Theory004.lean:907:56: warning: This simp argument is unused:
  not_le

Hint: Omit it from the simp argument list.
  [apply] simp only [not_lt] at h ⊢

Note: This linter can be disabled with `set_option linter.unusedSimpArgs false`
SunPrize\Certificate\Theory004.lean:911:56: warning: This simp argument is unused:
  not_le

Hint: Omit it from the simp argument list.
  [apply] simp only [not_lt] at h ⊢

Note: This linter can be disabled with `set_option linter.unusedSimpArgs false`
SunPrize\Certificate\Theory004.lean:913:56: warning: This simp argument is unused:
  not_le

Hint: Omit it from the simp argument list.
  [apply] simp only [not_lt] at h ⊢

Note: This linter can be disabled with `set_option linter.unusedSimpArgs false`
SunPrize\Certificate\Theory004.lean:915:56: warning: This simp argument is unused:
  not_le

Hint: Omit it from the simp argument list.
  [apply] simp only [not_lt] at h ⊢

Note: This linter can be disabled with `set_option linter.unusedSimpArgs false`
SunPrize\Certificate\Theory004.lean:917:56: warning: This simp argument is unused:
  not_le

Hint: Omit it from the simp argument list.
  [apply] simp only [not_lt] at h ⊢

Note: This linter can be disabled with `set_option linter.unusedSimpArgs false`
SunPrize\Certificate\Theory004.lean:919:56: warning: This simp argument is unused:
  not_le

Hint: Omit it from the simp argument list.
  [apply] simp only [not_lt] at h ⊢

Note: This linter can be disabled with `set_option linter.unusedSimpArgs false`
SunPrize\Certificate\Theory004.lean:921:56: warning: This simp argument is unused:
  not_le

Hint: Omit it from the simp argument list.
  [apply] simp only [not_lt] at h ⊢

Note: This linter can be disabled with `set_option linter.unusedSimpArgs false`
SunPrize\Certificate\Theory004.lean:923:56: warning: This simp argument is unused:
  not_le

Hint: Omit it from the simp argument list.
  [apply] simp only [not_lt] at h ⊢

Note: This linter can be disabled with `set_option linter.unusedSimpArgs false`
SunPrize\Certificate\Theory004.lean:925:56: warning: This simp argument is unused:
  not_le

Hint: Omit it from the simp argument list.
  [apply] simp only [not_lt] at h ⊢

Note: This linter can be disabled with `set_option linter.unusedSimpArgs false`
SunPrize\Certificate\Theory004.lean:927:56: warning: This simp argument is unused:
  not_le

Hint: Omit it from the simp argument list.
  [apply] simp only [not_lt] at h ⊢

Note: This linter can be disabled with `set_option linter.unusedSimpArgs false`
SunPrize\Certificate\Theory004.lean:891:32: warning: Unused tactic linter: `(try simp only [not_lt, not_le] at h ⊢)` does nothing

Note: This linter can be disabled with `set_option linter.unusedTactic false`
SunPrize\Certificate\Theory004.lean:893:32: warning: Unused tactic linter: `(try simp only [not_lt, not_le] at h ⊢)` does nothing

Note: This linter can be disabled with `set_option linter.unusedTactic false`
SunPrize\Certificate\Theory004.lean:895:32: warning: Unused tactic linter: `(try simp only [not_lt, not_le] at h ⊢)` does nothing

Note: This linter can be disabled with `set_option linter.unusedTactic false`
SunPrize\Certificate\Theory004.lean:901:32: warning: Unused tactic linter: `(try simp only [not_lt, not_le] at h ⊢)` does nothing

Note: This linter can be disabled with `set_option linter.unusedTactic false`
SunPrize\Certificate\Theory004.lean:903:32: warning: Unused tactic linter: `(try simp only [not_lt, not_le] at h ⊢)` does nothing

Note: This linter can be disabled with `set_option linter.unusedTactic false`
SunPrize\Certificate\Theory004.lean:909:32: warning: Unused tactic linter: `(try simp only [not_lt, not_le] at h ⊢)` does nothing

Note: This linter can be disabled with `set_option linter.unusedTactic false`
SunPrize\Certificate\Theory004.lean:929:2: warning: Unused tactic linter: `all_goals clear e0 e1 e2 e3 e4 e5 e6 e7 e8 e9 e10 e11 e12 e13 e14 e15 e16 e17 e18` does nothing

Note: This linter can be disabled with `set_option linter.unusedTactic false`
SunPrize\Certificate\Theory004.lean:930:2: warning: Unused tactic linter: `all_goals tauto` does nothing

Note: This linter can be disabled with `set_option linter.unusedTactic false`
SunPrize\Certificate\Theory004.lean:929:12: warning: this tactic is never executed

Note: This linter can be disabled with `set_option linter.unreachableTactic false`
SunPrize\Certificate\Theory004.lean:930:12: warning: this tactic is never executed

Note: This linter can be disabled with `set_option linter.unreachableTactic false`
SunPrize\Certificate\Theory004.lean:941:56: warning: This simp argument is unused:
  not_le

Hint: Omit it from the simp argument list.
  [apply] simp only [not_lt] at h ⊢

Note: This linter can be disabled with `set_option linter.unusedSimpArgs false`
SunPrize\Certificate\Theory004.lean:943:56: warning: This simp argument is unused:
  not_le

Hint: Omit it from the simp argument list.
  [apply] simp only [not_lt] at h ⊢

Note: This linter can be disabled with `set_option linter.unusedSimpArgs false`
SunPrize\Certificate\Theory004.lean:949:56: warning: This simp argument is unused:
  not_le

Hint: Omit it from the simp argument list.
  [apply] simp only [not_lt] at h ⊢

Note: This linter can be disabled with `set_option linter.unusedSimpArgs false`
SunPrize\Certificate\Theory004.lean:951:56: warning: This simp argument is unused:
  not_le

Hint: Omit it from the simp argument list.
  [apply] simp only [not_lt] at h ⊢

Note: This linter can be disabled with `set_option linter.unusedSimpArgs false`
SunPrize\Certificate\Theory004.lean:955:56: warning: This simp argument is unused:
  not_le

Hint: Omit it from the simp argument list.
  [apply] simp only [not_lt] at h ⊢

Note: This linter can be disabled with `set_option linter.unusedSimpArgs false`
SunPrize\Certificate\Theory004.lean:957:56: warning: This simp argument is unused:
  not_le

Hint: Omit it from the simp argument list.
  [apply] simp only [not_lt] at h ⊢

Note: This linter can be disabled with `set_option linter.unusedSimpArgs false`
SunPrize\Certificate\Theory004.lean:959:56: warning: This simp argument is unused:
  not_le

Hint: Omit it from the simp argument list.
  [apply] simp only [not_lt] at h ⊢

Note: This linter can be disabled with `set_option linter.unusedSimpArgs false`
SunPrize\Certificate\Theory004.lean:961:56: warning: This simp argument is unused:
  not_le

Hint: Omit it from the simp argument list.
  [apply] simp only [not_lt] at h ⊢

Note: This linter can be disabled with `set_option linter.unusedSimpArgs false`
SunPrize\Certificate\Theory004.lean:963:56: warning: This simp argument is unused:
  not_le

Hint: Omit it from the simp argument list.
  [apply] simp only [not_lt] at h ⊢

Note: This linter can be disabled with `set_option linter.unusedSimpArgs false`
SunPrize\Certificate\Theory004.lean:965:56: warning: This simp argument is unused:
  not_le

Hint: Omit it from the simp argument list.
  [apply] simp only [not_lt] at h ⊢

Note: This linter can be disabled with `set_option linter.unusedSimpArgs false`
SunPrize\Certificate\Theory004.lean:967:56: warning: This simp argument is unused:
  not_le

Hint: Omit it from the simp argument list.
  [apply] simp only [not_lt] at h ⊢

Note: This linter can be disabled with `set_option linter.unusedSimpArgs false`
SunPrize\Certificate\Theory004.lean:969:56: warning: This simp argument is unused:
  not_le

Hint: Omit it from the simp argument list.
  [apply] simp only [not_lt] at h ⊢

Note: This linter can be disabled with `set_option linter.unusedSimpArgs false`
SunPrize\Certificate\Theory004.lean:971:56: warning: This simp argument is unused:
  not_le

Hint: Omit it from the simp argument list.
  [apply] simp only [not_lt] at h ⊢

Note: This linter can be disabled with `set_option linter.unusedSimpArgs false`
SunPrize\Certificate\Theory004.lean:935:32: warning: Unused tactic linter: `(try simp only [not_lt, not_le] at h ⊢)` does nothing

Note: This linter can be disabled with `set_option linter.unusedTactic false`
SunPrize\Certificate\Theory004.lean:937:32: warning: Unused tactic linter: `(try simp only [not_lt, not_le] at h ⊢)` does nothing

Note: This linter can be disabled with `set_option linter.unusedTactic false`
SunPrize\Certificate\Theory004.lean:939:32: warning: Unused tactic linter: `(try simp only [not_lt, not_le] at h ⊢)` does nothing

Note: This linter can be disabled with `set_option linter.unusedTactic false`
SunPrize\Certificate\Theory004.lean:945:32: warning: Unused tactic linter: `(try simp only [not_lt, not_le] at h ⊢)` does nothing

Note: This linter can be disabled with `set_option linter.unusedTactic false`
SunPrize\Certificate\Theory004.lean:947:32: warning: Unused tactic linter: `(try simp only [not_lt, not_le] at h ⊢)` does nothing

Note: This linter can be disabled with `set_option linter.unusedTactic false`
SunPrize\Certificate\Theory004.lean:953:32: warning: Unused tactic linter: `(try simp only [not_lt, not_le] at h ⊢)` does nothing

Note: This linter can be disabled with `set_option linter.unusedTactic false`
SunPrize\Certificate\Theory004.lean:973:2: warning: Unused tactic linter: `all_goals clear e0 e1 e2 e3 e4 e5 e6 e7 e8 e9 e10 e11 e12 e13 e14 e15 e16 e17 e18` does nothing

Note: This linter can be disabled with `set_option linter.unusedTactic false`
SunPrize\Certificate\Theory004.lean:974:2: warning: Unused tactic linter: `all_goals tauto` does nothing

Note: This linter can be disabled with `set_option linter.unusedTactic false`
SunPrize\Certificate\Theory004.lean:973:12: warning: this tactic is never executed

Note: This linter can be disabled with `set_option linter.unreachableTactic false`
SunPrize\Certificate\Theory004.lean:974:12: warning: this tactic is never executed

Note: This linter can be disabled with `set_option linter.unreachableTactic false`
SunPrize\Certificate\Theory004.lean:986:56: warning: This simp argument is unused:
  not_le

Hint: Omit it from the simp argument list.
  [apply] simp only [not_lt] at h ⊢

Note: This linter can be disabled with `set_option linter.unusedSimpArgs false`
SunPrize\Certificate\Theory004.lean:988:56: warning: This simp argument is unused:
  not_le

Hint: Omit it from the simp argument list.
  [apply] simp only [not_lt] at h ⊢

Note: This linter can be disabled with `set_option linter.unusedSimpArgs false`
SunPrize\Certificate\Theory004.lean:990:56: warning: This simp argument is unused:
  not_le

Hint: Omit it from the simp argument list.
  [apply] simp only [not_lt] at h ⊢

Note: This linter can be disabled with `set_option linter.unusedSimpArgs false`
SunPrize\Certificate\Theory004.lean:992:56: warning: This simp argument is unused:
  not_le

Hint: Omit it from the simp argument list.
  [apply] simp only [not_lt] at h ⊢

Note: This linter can be disabled with `set_option linter.unusedSimpArgs false`
SunPrize\Certificate\Theory004.lean:994:56: warning: This simp argument is unused:
  not_le

Hint: Omit it from the simp argument list.
  [apply] simp only [not_lt] at h ⊢

Note: This linter can be disabled with `set_option linter.unusedSimpArgs false`
SunPrize\Certificate\Theory004.lean:996:56: warning: This simp argument is unused:
  not_le

Hint: Omit it from the simp argument list.
  [apply] simp only [not_lt] at h ⊢

Note: This linter can be disabled with `set_option linter.unusedSimpArgs false`
SunPrize\Certificate\Theory004.lean:1002:56: warning: This simp argument is unused:
  not_le

Hint: Omit it from the simp argument list.
  [apply] simp only [not_lt] at h ⊢

Note: This linter can be disabled with `set_option linter.unusedSimpArgs false`
SunPrize\Certificate\Theory004.lean:1004:56: warning: This simp argument is unused:
  not_le

Hint: Omit it from the simp argument list.
  [apply] simp only [not_lt] at h ⊢

Note: This linter can be disabled with `set_option linter.unusedSimpArgs false`
SunPrize\Certificate\Theory004.lean:1008:56: warning: This simp argument is unused:
  not_le

Hint: Omit it from the simp argument list.
  [apply] simp only [not_lt] at h ⊢

Note: This linter can be disabled with `set_option linter.unusedSimpArgs false`
SunPrize\Certificate\Theory004.lean:1010:56: warning: This simp argument is unused:
  not_le

Hint: Omit it from the simp argument list.
  [apply] simp only [not_lt] at h ⊢

Note: This linter can be disabled with `set_option linter.unusedSimpArgs false`
SunPrize\Certificate\Theory004.lean:1012:56: warning: This simp argument is unused:
  not_le

Hint: Omit it from the simp argument list.
  [apply] simp only [not_lt] at h ⊢

Note: This linter can be disabled with `set_option linter.unusedSimpArgs false`
SunPrize\Certificate\Theory004.lean:1014:56: warning: This simp argument is unused:
  not_le

Hint: Omit it from the simp argument list.
  [apply] simp only [not_lt] at h ⊢

Note: This linter can be disabled with `set_option linter.unusedSimpArgs false`
SunPrize\Certificate\Theory004.lean:1022:56: warning: This simp argument is unused:
  not_le

Hint: Omit it from the simp argument list.
  [apply] simp only [not_lt] at h ⊢

Note: This linter can be disabled with `set_option linter.unusedSimpArgs false`
SunPrize\Certificate\Theory004.lean:998:32: warning: Unused tactic linter: `(try simp only [not_lt, not_le] at h ⊢)` does nothing

Note: This linter can be disabled with `set_option linter.unusedTactic false`
SunPrize\Certificate\Theory004.lean:1000:32: warning: Unused tactic linter: `(try simp only [not_lt, not_le] at h ⊢)` does nothing

Note: This linter can be disabled with `set_option linter.unusedTactic false`
SunPrize\Certificate\Theory004.lean:1006:32: warning: Unused tactic linter: `(try simp only [not_lt, not_le] at h ⊢)` does nothing

Note: This linter can be disabled with `set_option linter.unusedTactic false`
SunPrize\Certificate\Theory004.lean:1016:32: warning: Unused tactic linter: `(try simp only [not_lt, not_le] at h ⊢)` does nothing

Note: This linter can be disabled with `set_option linter.unusedTactic false`
SunPrize\Certificate\Theory004.lean:1018:32: warning: Unused tactic linter: `(try simp only [not_lt, not_le] at h ⊢)` does nothing

Note: This linter can be disabled with `set_option linter.unusedTactic false`
SunPrize\Certificate\Theory004.lean:1020:32: warning: Unused tactic linter: `(try simp only [not_lt, not_le] at h ⊢)` does nothing

Note: This linter can be disabled with `set_option linter.unusedTactic false`
SunPrize\Certificate\Theory004.lean:1024:2: warning: Unused tactic linter: `all_goals clear e0 e1 e2 e3 e4 e5 e6 e7 e8 e9 e10 e11 e12 e13 e14 e15 e16 e17 e18` does nothing

Note: This linter can be disabled with `set_option linter.unusedTactic false`
SunPrize\Certificate\Theory004.lean:1025:2: warning: Unused tactic linter: `all_goals tauto` does nothing

Note: This linter can be disabled with `set_option linter.unusedTactic false`
SunPrize\Certificate\Theory004.lean:1024:12: warning: this tactic is never executed

Note: This linter can be disabled with `set_option linter.unreachableTactic false`
SunPrize\Certificate\Theory004.lean:1025:12: warning: this tactic is never executed

Note: This linter can be disabled with `set_option linter.unreachableTactic false`
SunPrize\Certificate\Theory004.lean:1030:56: warning: This simp argument is unused:
  not_le

Hint: Omit it from the simp argument list.
  [apply] simp only [not_lt] at h ⊢

Note: This linter can be disabled with `set_option linter.unusedSimpArgs false`
SunPrize\Certificate\Theory004.lean:1032:56: warning: This simp argument is unused:
  not_le

Hint: Omit it from the simp argument list.
  [apply] simp only [not_lt] at h ⊢

Note: This linter can be disabled with `set_option linter.unusedSimpArgs false`
SunPrize\Certificate\Theory004.lean:1034:56: warning: This simp argument is unused:
  not_le

Hint: Omit it from the simp argument list.
  [apply] simp only [not_lt] at h ⊢

Note: This linter can be disabled with `set_option linter.unusedSimpArgs false`
SunPrize\Certificate\Theory004.lean:1036:56: warning: This simp argument is unused:
  not_le

Hint: Omit it from the simp argument list.
  [apply] simp only [not_lt] at h ⊢

Note: This linter can be disabled with `set_option linter.unusedSimpArgs false`
SunPrize\Certificate\Theory004.lean:1038:56: warning: This simp argument is unused:
  not_le

Hint: Omit it from the simp argument list.
  [apply] simp only [not_lt] at h ⊢

Note: This linter can be disabled with `set_option linter.unusedSimpArgs false`
SunPrize\Certificate\Theory004.lean:1044:56: warning: This simp argument is unused:
  not_le

Hint: Omit it from the simp argument list.
  [apply] simp only [not_lt] at h ⊢

Note: This linter can be disabled with `set_option linter.unusedSimpArgs false`
SunPrize\Certificate\Theory004.lean:1046:56: warning: This simp argument is unused:
  not_le

Hint: Omit it from the simp argument list.
  [apply] simp only [not_lt] at h ⊢

Note: This linter can be disabled with `set_option linter.unusedSimpArgs false`
SunPrize\Certificate\Theory004.lean:1050:56: warning: This simp argument is unused:
  not_le

Hint: Omit it from the simp argument list.
  [apply] simp only [not_lt] at h ⊢

Note: This linter can be disabled with `set_option linter.unusedSimpArgs false`
SunPrize\Certificate\Theory004.lean:1052:56: warning: This simp argument is unused:
  not_le

Hint: Omit it from the simp argument list.
  [apply] simp only [not_lt] at h ⊢

Note: This linter can be disabled with `set_option linter.unusedSimpArgs false`
SunPrize\Certificate\Theory004.lean:1054:56: warning: This simp argument is unused:
  not_le

Hint: Omit it from the simp argument list.
  [apply] simp only [not_lt] at h ⊢

Note: This linter can be disabled with `set_option linter.unusedSimpArgs false`
SunPrize\Certificate\Theory004.lean:1056:56: warning: This simp argument is unused:
  not_le

Hint: Omit it from the simp argument list.
  [apply] simp only [not_lt] at h ⊢

Note: This linter can be disabled with `set_option linter.unusedSimpArgs false`
SunPrize\Certificate\Theory004.lean:1064:56: warning: This simp argument is unused:
  not_le

Hint: Omit it from the simp argument list.
  [apply] simp only [not_lt] at h ⊢

Note: This linter can be disabled with `set_option linter.unusedSimpArgs false`
SunPrize\Certificate\Theory004.lean:1066:56: warning: This simp argument is unused:
  not_le

Hint: Omit it from the simp argument list.
  [apply] simp only [not_lt] at h ⊢

Note: This linter can be disabled with `set_option linter.unusedSimpArgs false`
SunPrize\Certificate\Theory004.lean:1040:32: warning: Unused tactic linter: `(try simp only [not_lt, not_le] at h ⊢)` does nothing

Note: This linter can be disabled with `set_option linter.unusedTactic false`
SunPrize\Certificate\Theory004.lean:1042:32: warning: Unused tactic linter: `(try simp only [not_lt, not_le] at h ⊢)` does nothing

Note: This linter can be disabled with `set_option linter.unusedTactic false`
SunPrize\Certificate\Theory004.lean:1048:32: warning: Unused tactic linter: `(try simp only [not_lt, not_le] at h ⊢)` does nothing

Note: This linter can be disabled with `set_option linter.unusedTactic false`
SunPrize\Certificate\Theory004.lean:1058:32: warning: Unused tactic linter: `(try simp only [not_lt, not_le] at h ⊢)` does nothing

Note: This linter can be disabled with `set_option linter.unusedTactic false`
SunPrize\Certificate\Theory004.lean:1060:32: warning: Unused tactic linter: `(try simp only [not_lt, not_le] at h ⊢)` does nothing

Note: This linter can be disabled with `set_option linter.unusedTactic false`
SunPrize\Certificate\Theory004.lean:1062:32: warning: Unused tactic linter: `(try simp only [not_lt, not_le] at h ⊢)` does nothing

Note: This linter can be disabled with `set_option linter.unusedTactic false`
SunPrize\Certificate\Theory004.lean:1068:2: warning: Unused tactic linter: `all_goals clear e0 e1 e2 e3 e4 e5 e6 e7 e8 e9 e10 e11 e12 e13 e14 e15 e16 e17 e18` does nothing

Note: This linter can be disabled with `set_option linter.unusedTactic false`
SunPrize\Certificate\Theory004.lean:1069:2: warning: Unused tactic linter: `all_goals tauto` does nothing

Note: This linter can be disabled with `set_option linter.unusedTactic false`
SunPrize\Certificate\Theory004.lean:1068:12: warning: this tactic is never executed

Note: This linter can be disabled with `set_option linter.unreachableTactic false`
SunPrize\Certificate\Theory004.lean:1069:12: warning: this tactic is never executed

Note: This linter can be disabled with `set_option linter.unreachableTactic false`
SunPrize\Certificate\Theory004.lean:1078:56: warning: This simp argument is unused:
  not_le

Hint: Omit it from the simp argument list.
  [apply] simp only [not_lt] at h ⊢

Note: This linter can be disabled with `set_option linter.unusedSimpArgs false`
SunPrize\Certificate\Theory004.lean:1080:56: warning: This simp argument is unused:
  not_le

Hint: Omit it from the simp argument list.
  [apply] simp only [not_lt] at h ⊢

Note: This linter can be disabled with `set_option linter.unusedSimpArgs false`
SunPrize\Certificate\Theory004.lean:1084:56: warning: This simp argument is unused:
  not_le

Hint: Omit it from the simp argument list.
  [apply] simp only [not_lt] at h ⊢

Note: This linter can be disabled with `set_option linter.unusedSimpArgs false`
SunPrize\Certificate\Theory004.lean:1086:56: warning: This simp argument is unused:
  not_le

Hint: Omit it from the simp argument list.
  [apply] simp only [not_lt] at h ⊢

Note: This linter can be disabled with `set_option linter.unusedSimpArgs false`
SunPrize\Certificate\Theory004.lean:1088:56: warning: This simp argument is unused:
  not_le

Hint: Omit it from the simp argument list.
  [apply] simp only [not_lt] at h ⊢

Note: This linter can be disabled with `set_option linter.unusedSimpArgs false`
SunPrize\Certificate\Theory004.lean:1090:56: warning: This simp argument is unused:
  not_le

Hint: Omit it from the simp argument list.
  [apply] simp only [not_lt] at h ⊢

Note: This linter can be disabled with `set_option linter.unusedSimpArgs false`
SunPrize\Certificate\Theory004.lean:1092:56: warning: This simp argument is unused:
  not_le

Hint: Omit it from the simp argument list.
  [apply] simp only [not_lt] at h ⊢

Note: This linter can be disabled with `set_option linter.unusedSimpArgs false`
SunPrize\Certificate\Theory004.lean:1100:56: warning: This simp argument is unused:
  not_le

Hint: Omit it from the simp argument list.
  [apply] simp only [not_lt] at h ⊢

Note: This linter can be disabled with `set_option linter.unusedSimpArgs false`
SunPrize\Certificate\Theory004.lean:1102:56: warning: This simp argument is unused:
  not_le

Hint: Omit it from the simp argument list.
  [apply] simp only [not_lt] at h ⊢

Note: This linter can be disabled with `set_option linter.unusedSimpArgs false`
SunPrize\Certificate\Theory004.lean:1104:56: warning: This simp argument is unused:
  not_le

Hint: Omit it from the simp argument list.
  [apply] simp only [not_lt] at h ⊢

Note: This linter can be disabled with `set_option linter.unusedSimpArgs false`
SunPrize\Certificate\Theory004.lean:1106:56: warning: This simp argument is unused:
  not_le

Hint: Omit it from the simp argument list.
  [apply] simp only [not_lt] at h ⊢

Note: This linter can be disabled with `set_option linter.unusedSimpArgs false`
SunPrize\Certificate\Theory004.lean:1108:56: warning: This simp argument is unused:
  not_le

Hint: Omit it from the simp argument list.
  [apply] simp only [not_lt] at h ⊢

Note: This linter can be disabled with `set_option linter.unusedSimpArgs false`
SunPrize\Certificate\Theory004.lean:1110:56: warning: This simp argument is unused:
  not_le

Hint: Omit it from the simp argument list.
  [apply] simp only [not_lt] at h ⊢

Note: This linter can be disabled with `set_option linter.unusedSimpArgs false`
SunPrize\Certificate\Theory004.lean:1074:32: warning: Unused tactic linter: `(try simp only [not_lt, not_le] at h ⊢)` does nothing

Note: This linter can be disabled with `set_option linter.unusedTactic false`
SunPrize\Certificate\Theory004.lean:1076:32: warning: Unused tactic linter: `(try simp only [not_lt, not_le] at h ⊢)` does nothing

Note: This linter can be disabled with `set_option linter.unusedTactic false`
SunPrize\Certificate\Theory004.lean:1082:32: warning: Unused tactic linter: `(try simp only [not_lt, not_le] at h ⊢)` does nothing

Note: This linter can be disabled with `set_option linter.unusedTactic false`
SunPrize\Certificate\Theory004.lean:1094:32: warning: Unused tactic linter: `(try simp only [not_lt, not_le] at h ⊢)` does nothing

Note: This linter can be disabled with `set_option linter.unusedTactic false`
SunPrize\Certificate\Theory004.lean:1096:32: warning: Unused tactic linter: `(try simp only [not_lt, not_le] at h ⊢)` does nothing

Note: This linter can be disabled with `set_option linter.unusedTactic false`
SunPrize\Certificate\Theory004.lean:1098:32: warning: Unused tactic linter: `(try simp only [not_lt, not_le] at h ⊢)` does nothing

Note: This linter can be disabled with `set_option linter.unusedTactic false`
SunPrize\Certificate\Theory004.lean:1112:2: warning: Unused tactic linter: `all_goals clear e0 e1 e2 e3 e4 e5 e6 e7 e8 e9 e10 e11 e12 e13 e14 e15 e16 e17 e18` does nothing

Note: This linter can be disabled with `set_option linter.unusedTactic false`
SunPrize\Certificate\Theory004.lean:1113:2: warning: Unused tactic linter: `all_goals tauto` does nothing

Note: This linter can be disabled with `set_option linter.unusedTactic false`
SunPrize\Certificate\Theory004.lean:1112:12: warning: this tactic is never executed

Note: This linter can be disabled with `set_option linter.unreachableTactic false`
SunPrize\Certificate\Theory004.lean:1113:12: warning: this tactic is never executed

Note: This linter can be disabled with `set_option linter.unreachableTactic false`
SunPrize\Certificate\Theory004.lean:1118:56: warning: This simp argument is unused:
  not_le

Hint: Omit it from the simp argument list.
  [apply] simp only [not_lt] at h ⊢

Note: This linter can be disabled with `set_option linter.unusedSimpArgs false`
SunPrize\Certificate\Theory004.lean:1120:56: warning: This simp argument is unused:
  not_le

Hint: Omit it from the simp argument list.
  [apply] simp only [not_lt] at h ⊢

Note: This linter can be disabled with `set_option linter.unusedSimpArgs false`
SunPrize\Certificate\Theory004.lean:1122:56: warning: This simp argument is unused:
  not_le

Hint: Omit it from the simp argument list.
  [apply] simp only [not_lt] at h ⊢

Note: This linter can be disabled with `set_option linter.unusedSimpArgs false`
SunPrize\Certificate\Theory004.lean:1124:56: warning: This simp argument is unused:
  not_le

Hint: Omit it from the simp argument list.
  [apply] simp only [not_lt] at h ⊢

Note: This linter can be disabled with `set_option linter.unusedSimpArgs false`
SunPrize\Certificate\Theory004.lean:1126:56: warning: This simp argument is unused:
  not_le

Hint: Omit it from the simp argument list.
  [apply] simp only [not_lt] at h ⊢

Note: This linter can be disabled with `set_option linter.unusedSimpArgs false`
SunPrize\Certificate\Theory004.lean:1132:56: warning: This simp argument is unused:
  not_le

Hint: Omit it from the simp argument list.
  [apply] simp only [not_lt] at h ⊢

Note: This linter can be disabled with `set_option linter.unusedSimpArgs false`
SunPrize\Certificate\Theory004.lean:1134:56: warning: This simp argument is unused:
  not_le

Hint: Omit it from the simp argument list.
  [apply] simp only [not_lt] at h ⊢

Note: This linter can be disabled with `set_option linter.unusedSimpArgs false`
SunPrize\Certificate\Theory004.lean:1138:56: warning: This simp argument is unused:
  not_le

Hint: Omit it from the simp argument list.
  [apply] simp only [not_lt] at h ⊢

Note: This linter can be disabled with `set_option linter.unusedSimpArgs false`
SunPrize\Certificate\Theory004.lean:1140:56: warning: This simp argument is unused:
  not_le

Hint: Omit it from the simp argument list.
  [apply] simp only [not_lt] at h ⊢

Note: This linter can be disabled with `set_option linter.unusedSimpArgs false`
SunPrize\Certificate\Theory004.lean:1142:56: warning: This simp argument is unused:
  not_le

Hint: Omit it from the simp argument list.
  [apply] simp only [not_lt] at h ⊢

Note: This linter can be disabled with `set_option linter.unusedSimpArgs false`
SunPrize\Certificate\Theory004.lean:1144:56: warning: This simp argument is unused:
  not_le

Hint: Omit it from the simp argument list.
  [apply] simp only [not_lt] at h ⊢

Note: This linter can be disabled with `set_option linter.unusedSimpArgs false`
SunPrize\Certificate\Theory004.lean:1152:56: warning: This simp argument is unused:
  not_le

Hint: Omit it from the simp argument list.
  [apply] simp only [not_lt] at h ⊢

Note: This linter can be disabled with `set_option linter.unusedSimpArgs false`
SunPrize\Certificate\Theory004.lean:1154:56: warning: This simp argument is unused:
  not_le

Hint: Omit it from the simp argument list.
  [apply] simp only [not_lt] at h ⊢

Note: This linter can be disabled with `set_option linter.unusedSimpArgs false`
SunPrize\Certificate\Theory004.lean:1128:32: warning: Unused tactic linter: `(try simp only [not_lt, not_le] at h ⊢)` does nothing

Note: This linter can be disabled with `set_option linter.unusedTactic false`
SunPrize\Certificate\Theory004.lean:1130:32: warning: Unused tactic linter: `(try simp only [not_lt, not_le] at h ⊢)` does nothing

Note: This linter can be disabled with `set_option linter.unusedTactic false`
SunPrize\Certificate\Theory004.lean:1136:32: warning: Unused tactic linter: `(try simp only [not_lt, not_le] at h ⊢)` does nothing

Note: This linter can be disabled with `set_option linter.unusedTactic false`
SunPrize\Certificate\Theory004.lean:1146:32: warning: Unused tactic linter: `(try simp only [not_lt, not_le] at h ⊢)` does nothing

Note: This linter can be disabled with `set_option linter.unusedTactic false`
SunPrize\Certificate\Theory004.lean:1148:32: warning: Unused tactic linter: `(try simp only [not_lt, not_le] at h ⊢)` does nothing

Note: This linter can be disabled with `set_option linter.unusedTactic false`
SunPrize\Certificate\Theory004.lean:1150:32: warning: Unused tactic linter: `(try simp only [not_lt, not_le] at h ⊢)` does nothing

Note: This linter can be disabled with `set_option linter.unusedTactic false`
SunPrize\Certificate\Theory004.lean:1156:2: warning: Unused tactic linter: `all_goals clear e0 e1 e2 e3 e4 e5 e6 e7 e8 e9 e10 e11 e12 e13 e14 e15 e16 e17 e18` does nothing

Note: This linter can be disabled with `set_option linter.unusedTactic false`
SunPrize\Certificate\Theory004.lean:1157:2: warning: Unused tactic linter: `all_goals tauto` does nothing

Note: This linter can be disabled with `set_option linter.unusedTactic false`
SunPrize\Certificate\Theory004.lean:1156:12: warning: this tactic is never executed

Note: This linter can be disabled with `set_option linter.unreachableTactic false`
SunPrize\Certificate\Theory004.lean:1157:12: warning: this tactic is never executed

Note: This linter can be disabled with `set_option linter.unreachableTactic false`
SunPrize\Certificate\Theory004.lean:1162:56: warning: This simp argument is unused:
  not_le

Hint: Omit it from the simp argument list.
  [apply] simp only [not_lt] at h ⊢

Note: This linter can be disabled with `set_option linter.unusedSimpArgs false`
SunPrize\Certificate\Theory004.lean:1170:56: warning: This simp argument is unused:
  not_le

Hint: Omit it from the simp argument list.
  [apply] simp only [not_lt] at h ⊢

Note: This linter can be disabled with `set_option linter.unusedSimpArgs false`
SunPrize\Certificate\Theory004.lean:1172:56: warning: This simp argument is unused:
  not_le

Hint: Omit it from the simp argument list.
  [apply] simp only [not_lt] at h ⊢

Note: This linter can be disabled with `set_option linter.unusedSimpArgs false`
SunPrize\Certificate\Theory004.lean:1178:56: warning: This simp argument is unused:
  not_le

Hint: Omit it from the simp argument list.
  [apply] simp only [not_lt] at h ⊢

Note: This linter can be disabled with `set_option linter.unusedSimpArgs false`
SunPrize\Certificate\Theory004.lean:1180:56: warning: This simp argument is unused:
  not_le

Hint: Omit it from the simp argument list.
  [apply] simp only [not_lt] at h ⊢

Note: This linter can be disabled with `set_option linter.unusedSimpArgs false`
SunPrize\Certificate\Theory004.lean:1184:56: warning: This simp argument is unused:
  not_le

Hint: Omit it from the simp argument list.
  [apply] simp only [not_lt] at h ⊢

Note: This linter can be disabled with `set_option linter.unusedSimpArgs false`
SunPrize\Certificate\Theory004.lean:1186:56: warning: This simp argument is unused:
  not_le

Hint: Omit it from the simp argument list.
  [apply] simp only [not_lt] at h ⊢

Note: This linter can be disabled with `set_option linter.unusedSimpArgs false`
SunPrize\Certificate\Theory004.lean:1188:56: warning: This simp argument is unused:
  not_le

Hint: Omit it from the simp argument list.
  [apply] simp only [not_lt] at h ⊢

Note: This linter can be disabled with `set_option linter.unusedSimpArgs false`
SunPrize\Certificate\Theory004.lean:1190:56: warning: This simp argument is unused:
  not_le

Hint: Omit it from the simp argument list.
  [apply] simp only [not_lt] at h ⊢

Note: This linter can be disabled with `set_option linter.unusedSimpArgs false`
SunPrize\Certificate\Theory004.lean:1192:56: warning: This simp argument is unused:
  not_le

Hint: Omit it from the simp argument list.
  [apply] simp only [not_lt] at h ⊢

Note: This linter can be disabled with `set_option linter.unusedSimpArgs false`
SunPrize\Certificate\Theory004.lean:1194:56: warning: This simp argument is unused:
  not_le

Hint: Omit it from the simp argument list.
  [apply] simp only [not_lt] at h ⊢

Note: This linter can be disabled with `set_option linter.unusedSimpArgs false`
SunPrize\Certificate\Theory004.lean:1196:56: warning: This simp argument is unused:
  not_le

Hint: Omit it from the simp argument list.
  [apply] simp only [not_lt] at h ⊢

Note: This linter can be disabled with `set_option linter.unusedSimpArgs false`
SunPrize\Certificate\Theory004.lean:1198:56: warning: This simp argument is unused:
  not_le

Hint: Omit it from the simp argument list.
  [apply] simp only [not_lt] at h ⊢

Note: This linter can be disabled with `set_option linter.unusedSimpArgs false`
SunPrize\Certificate\Theory004.lean:1164:32: warning: Unused tactic linter: `(try simp only [not_lt, not_le] at h ⊢)` does nothing

Note: This linter can be disabled with `set_option linter.unusedTactic false`
SunPrize\Certificate\Theory004.lean:1166:32: warning: Unused tactic linter: `(try simp only [not_lt, not_le] at h ⊢)` does nothing

Note: This linter can be disabled with `set_option linter.unusedTactic false`
SunPrize\Certificate\Theory004.lean:1168:32: warning: Unused tactic linter: `(try simp only [not_lt, not_le] at h ⊢)` does nothing

Note: This linter can be disabled with `set_option linter.unusedTactic false`
SunPrize\Certificate\Theory004.lean:1174:32: warning: Unused tactic linter: `(try simp only [not_lt, not_le] at h ⊢)` does nothing

Note: This linter can be disabled with `set_option linter.unusedTactic false`
SunPrize\Certificate\Theory004.lean:1176:32: warning: Unused tactic linter: `(try simp only [not_lt, not_le] at h ⊢)` does nothing

Note: This linter can be disabled with `set_option linter.unusedTactic false`
SunPrize\Certificate\Theory004.lean:1182:32: warning: Unused tactic linter: `(try simp only [not_lt, not_le] at h ⊢)` does nothing

Note: This linter can be disabled with `set_option linter.unusedTactic false`
SunPrize\Certificate\Theory004.lean:1200:2: warning: Unused tactic linter: `all_goals clear e0 e1 e2 e3 e4 e5 e6 e7 e8 e9 e10 e11 e12 e13 e14 e15 e16 e17 e18` does nothing

Note: This linter can be disabled with `set_option linter.unusedTactic false`
SunPrize\Certificate\Theory004.lean:1201:2: warning: Unused tactic linter: `all_goals tauto` does nothing

Note: This linter can be disabled with `set_option linter.unusedTactic false`
SunPrize\Certificate\Theory004.lean:1200:12: warning: this tactic is never executed

Note: This linter can be disabled with `set_option linter.unreachableTactic false`
SunPrize\Certificate\Theory004.lean:1201:12: warning: this tactic is never executed

Note: This linter can be disabled with `set_option linter.unreachableTactic false`
SunPrize\Certificate\Theory004.lean:1206:56: warning: This simp argument is unused:
  not_le

Hint: Omit it from the simp argument list.
  [apply] simp only [not_lt] at h ⊢

Note: This linter can be disabled with `set_option linter.unusedSimpArgs false`
SunPrize\Certificate\Theory004.lean:1208:56: warning: This simp argument is unused:
  not_le

Hint: Omit it from the simp argument list.
  [apply] simp only [not_lt] at h ⊢

Note: This linter can be disabled with `set_option linter.unusedSimpArgs false`
SunPrize\Certificate\Theory004.lean:1210:56: warning: This simp argument is unused:
  not_le

Hint: Omit it from the simp argument list.
  [apply] simp only [not_lt] at h ⊢

Note: This linter can be disabled with `set_option linter.unusedSimpArgs false`
SunPrize\Certificate\Theory004.lean:1212:56: warning: This simp argument is unused:
  not_le

Hint: Omit it from the simp argument list.
  [apply] simp only [not_lt] at h ⊢

Note: This linter can be disabled with `set_option linter.unusedSimpArgs false`
SunPrize\Certificate\Theory004.lean:1214:56: warning: This simp argument is unused:
  not_le

Hint: Omit it from the simp argument list.
  [apply] simp only [not_lt] at h ⊢

Note: This linter can be disabled with `set_option linter.unusedSimpArgs false`
SunPrize\Certificate\Theory004.lean:1220:56: warning: This simp argument is unused:
  not_le

Hint: Omit it from the simp argument list.
  [apply] simp only [not_lt] at h ⊢

Note: This linter can be disabled with `set_option linter.unusedSimpArgs false`
SunPrize\Certificate\Theory004.lean:1222:56: warning: This simp argument is unused:
  not_le

Hint: Omit it from the simp argument list.
  [apply] simp only [not_lt] at h ⊢

Note: This linter can be disabled with `set_option linter.unusedSimpArgs false`
SunPrize\Certificate\Theory004.lean:1226:56: warning: This simp argument is unused:
  not_le

Hint: Omit it from the simp argument list.
  [apply] simp only [not_lt] at h ⊢

Note: This linter can be disabled with `set_option linter.unusedSimpArgs false`
SunPrize\Certificate\Theory004.lean:1228:56: warning: This simp argument is unused:
  not_le

Hint: Omit it from the simp argument list.
  [apply] simp only [not_lt] at h ⊢

Note: This linter can be disabled with `set_option linter.unusedSimpArgs false`
SunPrize\Certificate\Theory004.lean:1230:56: warning: This simp argument is unused:
  not_le

Hint: Omit it from the simp argument list.
  [apply] simp only [not_lt] at h ⊢

Note: This linter can be disabled with `set_option linter.unusedSimpArgs false`
SunPrize\Certificate\Theory004.lean:1232:56: warning: This simp argument is unused:
  not_le

Hint: Omit it from the simp argument list.
  [apply] simp only [not_lt] at h ⊢

Note: This linter can be disabled with `set_option linter.unusedSimpArgs false`
SunPrize\Certificate\Theory004.lean:1240:56: warning: This simp argument is unused:
  not_le

Hint: Omit it from the simp argument list.
  [apply] simp only [not_lt] at h ⊢

Note: This linter can be disabled with `set_option linter.unusedSimpArgs false`
SunPrize\Certificate\Theory004.lean:1242:56: warning: This simp argument is unused:
  not_le

Hint: Omit it from the simp argument list.
  [apply] simp only [not_lt] at h ⊢

Note: This linter can be disabled with `set_option linter.unusedSimpArgs false`
SunPrize\Certificate\Theory004.lean:1216:32: warning: Unused tactic linter: `(try simp only [not_lt, not_le] at h ⊢)` does nothing

Note: This linter can be disabled with `set_option linter.unusedTactic false`
SunPrize\Certificate\Theory004.lean:1218:32: warning: Unused tactic linter: `(try simp only [not_lt, not_le] at h ⊢)` does nothing

Note: This linter can be disabled with `set_option linter.unusedTactic false`
SunPrize\Certificate\Theory004.lean:1224:32: warning: Unused tactic linter: `(try simp only [not_lt, not_le] at h ⊢)` does nothing

Note: This linter can be disabled with `set_option linter.unusedTactic false`
SunPrize\Certificate\Theory004.lean:1234:32: warning: Unused tactic linter: `(try simp only [not_lt, not_le] at h ⊢)` does nothing

Note: This linter can be disabled with `set_option linter.unusedTactic false`
SunPrize\Certificate\Theory004.lean:1236:32: warning: Unused tactic linter: `(try simp only [not_lt, not_le] at h ⊢)` does nothing

Note: This linter can be disabled with `set_option linter.unusedTactic false`
SunPrize\Certificate\Theory004.lean:1238:32: warning: Unused tactic linter: `(try simp only [not_lt, not_le] at h ⊢)` does nothing

Note: This linter can be disabled with `set_option linter.unusedTactic false`
SunPrize\Certificate\Theory004.lean:1244:2: warning: Unused tactic linter: `all_goals clear e0 e1 e2 e3 e4 e5 e6 e7 e8 e9 e10 e11 e12 e13 e14 e15 e16 e17 e18` does nothing

Note: This linter can be disabled with `set_option linter.unusedTactic false`
SunPrize\Certificate\Theory004.lean:1245:2: warning: Unused tactic linter: `all_goals tauto` does nothing

Note: This linter can be disabled with `set_option linter.unusedTactic false`
SunPrize\Certificate\Theory004.lean:1244:12: warning: this tactic is never executed

Note: This linter can be disabled with `set_option linter.unreachableTactic false`
SunPrize\Certificate\Theory004.lean:1245:12: warning: this tactic is never executed

Note: This linter can be disabled with `set_option linter.unreachableTactic false`
SunPrize\Certificate\Theory004.lean:1250:56: warning: This simp argument is unused:
  not_le

Hint: Omit it from the simp argument list.
  [apply] simp only [not_lt] at h ⊢

Note: This linter can be disabled with `set_option linter.unusedSimpArgs false`
SunPrize\Certificate\Theory004.lean:1252:56: warning: This simp argument is unused:
  not_le

Hint: Omit it from the simp argument list.
  [apply] simp only [not_lt] at h ⊢

Note: This linter can be disabled with `set_option linter.unusedSimpArgs false`
SunPrize\Certificate\Theory004.lean:1254:56: warning: This simp argument is unused:
  not_le

Hint: Omit it from the simp argument list.
  [apply] simp only [not_lt] at h ⊢

Note: This linter can be disabled with `set_option linter.unusedSimpArgs false`
SunPrize\Certificate\Theory004.lean:1256:56: warning: This simp argument is unused:
  not_le

Hint: Omit it from the simp argument list.
  [apply] simp only [not_lt] at h ⊢

Note: This linter can be disabled with `set_option linter.unusedSimpArgs false`
SunPrize\Certificate\Theory004.lean:1258:56: warning: This simp argument is unused:
  not_le

Hint: Omit it from the simp argument list.
  [apply] simp only [not_lt] at h ⊢

Note: This linter can be disabled with `set_option linter.unusedSimpArgs false`
SunPrize\Certificate\Theory004.lean:1264:56: warning: This simp argument is unused:
  not_le

Hint: Omit it from the simp argument list.
  [apply] simp only [not_lt] at h ⊢

Note: This linter can be disabled with `set_option linter.unusedSimpArgs false`
SunPrize\Certificate\Theory004.lean:1266:56: warning: This simp argument is unused:
  not_le

Hint: Omit it from the simp argument list.
  [apply] simp only [not_lt] at h ⊢

Note: This linter can be disabled with `set_option linter.unusedSimpArgs false`
SunPrize\Certificate\Theory004.lean:1270:56: warning: This simp argument is unused:
  not_le

Hint: Omit it from the simp argument list.
  [apply] simp only [not_lt] at h ⊢

Note: This linter can be disabled with `set_option linter.unusedSimpArgs false`
SunPrize\Certificate\Theory004.lean:1272:56: warning: This simp argument is unused:
  not_le

Hint: Omit it from the simp argument list.
  [apply] simp only [not_lt] at h ⊢

Note: This linter can be disabled with `set_option linter.unusedSimpArgs false`
SunPrize\Certificate\Theory004.lean:1274:56: warning: This simp argument is unused:
  not_le

Hint: Omit it from the simp argument list.
  [apply] simp only [not_lt] at h ⊢

Note: This linter can be disabled with `set_option linter.unusedSimpArgs false`
SunPrize\Certificate\Theory004.lean:1276:56: warning: This simp argument is unused:
  not_le

Hint: Omit it from the simp argument list.
  [apply] simp only [not_lt] at h ⊢

Note: This linter can be disabled with `set_option linter.unusedSimpArgs false`
SunPrize\Certificate\Theory004.lean:1284:56: warning: This simp argument is unused:
  not_le

Hint: Omit it from the simp argument list.
  [apply] simp only [not_lt] at h ⊢

Note: This linter can be disabled with `set_option linter.unusedSimpArgs false`
SunPrize\Certificate\Theory004.lean:1286:56: warning: This simp argument is unused:
  not_le

Hint: Omit it from the simp argument list.
  [apply] simp only [not_lt] at h ⊢

Note: This linter can be disabled with `set_option linter.unusedSimpArgs false`
SunPrize\Certificate\Theory004.lean:1260:32: warning: Unused tactic linter: `(try simp only [not_lt, not_le] at h ⊢)` does nothing

Note: This linter can be disabled with `set_option linter.unusedTactic false`
SunPrize\Certificate\Theory004.lean:1262:32: warning: Unused tactic linter: `(try simp only [not_lt, not_le] at h ⊢)` does nothing

Note: This linter can be disabled with `set_option linter.unusedTactic false`
SunPrize\Certificate\Theory004.lean:1268:32: warning: Unused tactic linter: `(try simp only [not_lt, not_le] at h ⊢)` does nothing

Note: This linter can be disabled with `set_option linter.unusedTactic false`
SunPrize\Certificate\Theory004.lean:1278:32: warning: Unused tactic linter: `(try simp only [not_lt, not_le] at h ⊢)` does nothing

Note: This linter can be disabled with `set_option linter.unusedTactic false`
SunPrize\Certificate\Theory004.lean:1280:32: warning: Unused tactic linter: `(try simp only [not_lt, not_le] at h ⊢)` does nothing

Note: This linter can be disabled with `set_option linter.unusedTactic false`
SunPrize\Certificate\Theory004.lean:1282:32: warning: Unused tactic linter: `(try simp only [not_lt, not_le] at h ⊢)` does nothing

Note: This linter can be disabled with `set_option linter.unusedTactic false`
SunPrize\Certificate\Theory004.lean:1288:2: warning: Unused tactic linter: `all_goals clear e0 e1 e2 e3 e4 e5 e6 e7 e8 e9 e10 e11 e12 e13 e14 e15 e16 e17 e18` does nothing

Note: This linter can be disabled with `set_option linter.unusedTactic false`
SunPrize\Certificate\Theory004.lean:1289:2: warning: Unused tactic linter: `all_goals tauto` does nothing

Note: This linter can be disabled with `set_option linter.unusedTactic false`
SunPrize\Certificate\Theory004.lean:1288:12: warning: this tactic is never executed

Note: This linter can be disabled with `set_option linter.unreachableTactic false`
SunPrize\Certificate\Theory004.lean:1289:12: warning: this tactic is never executed

Note: This linter can be disabled with `set_option linter.unreachableTactic false`
SunPrize\Certificate\Theory004.lean:1294:56: warning: This simp argument is unused:
  not_le

Hint: Omit it from the simp argument list.
  [apply] simp only [not_lt] at h ⊢

Note: This linter can be disabled with `set_option linter.unusedSimpArgs false`
SunPrize\Certificate\Theory004.lean:1296:56: warning: This simp argument is unused:
  not_le

Hint: Omit it from the simp argument list.
  [apply] simp only [not_lt] at h ⊢

Note: This linter can be disabled with `set_option linter.unusedSimpArgs false`
SunPrize\Certificate\Theory004.lean:1298:56: warning: This simp argument is unused:
  not_le

Hint: Omit it from the simp argument list.
  [apply] simp only [not_lt] at h ⊢

Note: This linter can be disabled with `set_option linter.unusedSimpArgs false`
SunPrize\Certificate\Theory004.lean:1300:56: warning: This simp argument is unused:
  not_le

Hint: Omit it from the simp argument list.
  [apply] simp only [not_lt] at h ⊢

Note: This linter can be disabled with `set_option linter.unusedSimpArgs false`
SunPrize\Certificate\Theory004.lean:1302:56: warning: This simp argument is unused:
  not_le

Hint: Omit it from the simp argument list.
  [apply] simp only [not_lt] at h ⊢

Note: This linter can be disabled with `set_option linter.unusedSimpArgs false`
SunPrize\Certificate\Theory004.lean:1308:56: warning: This simp argument is unused:
  not_le

Hint: Omit it from the simp argument list.
  [apply] simp only [not_lt] at h ⊢

Note: This linter can be disabled with `set_option linter.unusedSimpArgs false`
SunPrize\Certificate\Theory004.lean:1310:56: warning: This simp argument is unused:
  not_le

Hint: Omit it from the simp argument list.
  [apply] simp only [not_lt] at h ⊢

Note: This linter can be disabled with `set_option linter.unusedSimpArgs false`
SunPrize\Certificate\Theory004.lean:1314:56: warning: This simp argument is unused:
  not_le

Hint: Omit it from the simp argument list.
  [apply] simp only [not_lt] at h ⊢

Note: This linter can be disabled with `set_option linter.unusedSimpArgs false`
SunPrize\Certificate\Theory004.lean:1316:56: warning: This simp argument is unused:
  not_le

Hint: Omit it from the simp argument list.
  [apply] simp only [not_lt] at h ⊢

Note: This linter can be disabled with `set_option linter.unusedSimpArgs false`
SunPrize\Certificate\Theory004.lean:1318:56: warning: This simp argument is unused:
  not_le

Hint: Omit it from the simp argument list.
  [apply] simp only [not_lt] at h ⊢

Note: This linter can be disabled with `set_option linter.unusedSimpArgs false`
SunPrize\Certificate\Theory004.lean:1320:56: warning: This simp argument is unused:
  not_le

Hint: Omit it from the simp argument list.
  [apply] simp only [not_lt] at h ⊢

Note: This linter can be disabled with `set_option linter.unusedSimpArgs false`
SunPrize\Certificate\Theory004.lean:1328:56: warning: This simp argument is unused:
  not_le

Hint: Omit it from the simp argument list.
  [apply] simp only [not_lt] at h ⊢

Note: This linter can be disabled with `set_option linter.unusedSimpArgs false`
SunPrize\Certificate\Theory004.lean:1330:56: warning: This simp argument is unused:
  not_le

Hint: Omit it from the simp argument list.
  [apply] simp only [not_lt] at h ⊢

Note: This linter can be disabled with `set_option linter.unusedSimpArgs false`
SunPrize\Certificate\Theory004.lean:1304:32: warning: Unused tactic linter: `(try simp only [not_lt, not_le] at h ⊢)` does nothing

Note: This linter can be disabled with `set_option linter.unusedTactic false`
SunPrize\Certificate\Theory004.lean:1306:32: warning: Unused tactic linter: `(try simp only [not_lt, not_le] at h ⊢)` does nothing

Note: This linter can be disabled with `set_option linter.unusedTactic false`
SunPrize\Certificate\Theory004.lean:1312:32: warning: Unused tactic linter: `(try simp only [not_lt, not_le] at h ⊢)` does nothing

Note: This linter can be disabled with `set_option linter.unusedTactic false`
SunPrize\Certificate\Theory004.lean:1322:32: warning: Unused tactic linter: `(try simp only [not_lt, not_le] at h ⊢)` does nothing

Note: This linter can be disabled with `set_option linter.unusedTactic false`
SunPrize\Certificate\Theory004.lean:1324:32: warning: Unused tactic linter: `(try simp only [not_lt, not_le] at h ⊢)` does nothing

Note: This linter can be disabled with `set_option linter.unusedTactic false`
SunPrize\Certificate\Theory004.lean:1326:32: warning: Unused tactic linter: `(try simp only [not_lt, not_le] at h ⊢)` does nothing

Note: This linter can be disabled with `set_option linter.unusedTactic false`
SunPrize\Certificate\Theory004.lean:1332:2: warning: Unused tactic linter: `all_goals clear e0 e1 e2 e3 e4 e5 e6 e7 e8 e9 e10 e11 e12 e13 e14 e15 e16 e17 e18` does nothing

Note: This linter can be disabled with `set_option linter.unusedTactic false`
SunPrize\Certificate\Theory004.lean:1333:2: warning: Unused tactic linter: `all_goals tauto` does nothing

Note: This linter can be disabled with `set_option linter.unusedTactic false`
SunPrize\Certificate\Theory004.lean:1332:12: warning: this tactic is never executed

Note: This linter can be disabled with `set_option linter.unreachableTactic false`
SunPrize\Certificate\Theory004.lean:1333:12: warning: this tactic is never executed

Note: This linter can be disabled with `set_option linter.unreachableTactic false`
SunPrize\Certificate\Theory004.lean:1344:56: warning: This simp argument is unused:
  not_le

Hint: Omit it from the simp argument list.
  [apply] simp only [not_lt] at h ⊢

Note: This linter can be disabled with `set_option linter.unusedSimpArgs false`
SunPrize\Certificate\Theory004.lean:1346:56: warning: This simp argument is unused:
  not_le

Hint: Omit it from the simp argument list.
  [apply] simp only [not_lt] at h ⊢

Note: This linter can be disabled with `set_option linter.unusedSimpArgs false`
SunPrize\Certificate\Theory004.lean:1352:56: warning: This simp argument is unused:
  not_le

Hint: Omit it from the simp argument list.
  [apply] simp only [not_lt] at h ⊢

Note: This linter can be disabled with `set_option linter.unusedSimpArgs false`
SunPrize\Certificate\Theory004.lean:1354:56: warning: This simp argument is unused:
  not_le

Hint: Omit it from the simp argument list.
  [apply] simp only [not_lt] at h ⊢

Note: This linter can be disabled with `set_option linter.unusedSimpArgs false`
SunPrize\Certificate\Theory004.lean:1358:56: warning: This simp argument is unused:
  not_le

Hint: Omit it from the simp argument list.
  [apply] simp only [not_lt] at h ⊢

Note: This linter can be disabled with `set_option linter.unusedSimpArgs false`
SunPrize\Certificate\Theory004.lean:1360:56: warning: This simp argument is unused:
  not_le

Hint: Omit it from the simp argument list.
  [apply] simp only [not_lt] at h ⊢

Note: This linter can be disabled with `set_option linter.unusedSimpArgs false`
SunPrize\Certificate\Theory004.lean:1362:56: warning: This simp argument is unused:
  not_le

Hint: Omit it from the simp argument list.
  [apply] simp only [not_lt] at h ⊢

Note: This linter can be disabled with `set_option linter.unusedSimpArgs false`
SunPrize\Certificate\Theory004.lean:1364:56: warning: This simp argument is unused:
  not_le

Hint: Omit it from the simp argument list.
  [apply] simp only [not_lt] at h ⊢

Note: This linter can be disabled with `set_option linter.unusedSimpArgs false`
SunPrize\Certificate\Theory004.lean:1366:56: warning: This simp argument is unused:
  not_le

Hint: Omit it from the simp argument list.
  [apply] simp only [not_lt] at h ⊢

Note: This linter can be disabled with `set_option linter.unusedSimpArgs false`
SunPrize\Certificate\Theory004.lean:1368:56: warning: This simp argument is unused:
  not_le

Hint: Omit it from the simp argument list.
  [apply] simp only [not_lt] at h ⊢

Note: This linter can be disabled with `set_option linter.unusedSimpArgs false`
SunPrize\Certificate\Theory004.lean:1370:56: warning: This simp argument is unused:
  not_le

Hint: Omit it from the simp argument list.
  [apply] simp only [not_lt] at h ⊢

Note: This linter can be disabled with `set_option linter.unusedSimpArgs false`
SunPrize\Certificate\Theory004.lean:1372:56: warning: This simp argument is unused:
  not_le

Hint: Omit it from the simp argument list.
  [apply] simp only [not_lt] at h ⊢

Note: This linter can be disabled with `set_option linter.unusedSimpArgs false`
SunPrize\Certificate\Theory004.lean:1374:56: warning: This simp argument is unused:
  not_le

Hint: Omit it from the simp argument list.
  [apply] simp only [not_lt] at h ⊢

Note: This linter can be disabled with `set_option linter.unusedSimpArgs false`
SunPrize\Certificate\Theory004.lean:1338:32: warning: Unused tactic linter: `(try simp only [not_lt, not_le] at h ⊢)` does nothing

Note: This linter can be disabled with `set_option linter.unusedTactic false`
SunPrize\Certificate\Theory004.lean:1340:32: warning: Unused tactic linter: `(try simp only [not_lt, not_le] at h ⊢)` does nothing

Note: This linter can be disabled with `set_option linter.unusedTactic false`
SunPrize\Certificate\Theory004.lean:1342:32: warning: Unused tactic linter: `(try simp only [not_lt, not_le] at h ⊢)` does nothing

Note: This linter can be disabled with `set_option linter.unusedTactic false`
SunPrize\Certificate\Theory004.lean:1348:32: warning: Unused tactic linter: `(try simp only [not_lt, not_le] at h ⊢)` does nothing

Note: This linter can be disabled with `set_option linter.unusedTactic false`
SunPrize\Certificate\Theory004.lean:1350:32: warning: Unused tactic linter: `(try simp only [not_lt, not_le] at h ⊢)` does nothing

Note: This linter can be disabled with `set_option linter.unusedTactic false`
SunPrize\Certificate\Theory004.lean:1356:32: warning: Unused tactic linter: `(try simp only [not_lt, not_le] at h ⊢)` does nothing

Note: This linter can be disabled with `set_option linter.unusedTactic false`
SunPrize\Certificate\Theory004.lean:1376:2: warning: Unused tactic linter: `all_goals clear e0 e1 e2 e3 e4 e5 e6 e7 e8 e9 e10 e11 e12 e13 e14 e15 e16 e17 e18` does nothing

Note: This linter can be disabled with `set_option linter.unusedTactic false`
SunPrize\Certificate\Theory004.lean:1377:2: warning: Unused tactic linter: `all_goals tauto` does nothing

Note: This linter can be disabled with `set_option linter.unusedTactic false`
SunPrize\Certificate\Theory004.lean:1376:12: warning: this tactic is never executed

Note: This linter can be disabled with `set_option linter.unreachableTactic false`
SunPrize\Certificate\Theory004.lean:1377:12: warning: this tactic is never executed

Note: This linter can be disabled with `set_option linter.unreachableTactic false`
SunPrize\Certificate\Theory004.lean:1382:56: warning: This simp argument is unused:
  not_le

Hint: Omit it from the simp argument list.
  [apply] simp only [not_lt] at h ⊢

Note: This linter can be disabled with `set_option linter.unusedSimpArgs false`
SunPrize\Certificate\Theory004.lean:1390:56: warning: This simp argument is unused:
  not_le

Hint: Omit it from the simp argument list.
  [apply] simp only [not_lt] at h ⊢

Note: This linter can be disabled with `set_option linter.unusedSimpArgs false`
SunPrize\Certificate\Theory004.lean:1392:56: warning: This simp argument is unused:
  not_le

Hint: Omit it from the simp argument list.
  [apply] simp only [not_lt] at h ⊢

Note: This linter can be disabled with `set_option linter.unusedSimpArgs false`
SunPrize\Certificate\Theory004.lean:1398:56: warning: This simp argument is unused:
  not_le

Hint: Omit it from the simp argument list.
  [apply] simp only [not_lt] at h ⊢

Note: This linter can be disabled with `set_option linter.unusedSimpArgs false`
SunPrize\Certificate\Theory004.lean:1400:56: warning: This simp argument is unused:
  not_le

Hint: Omit it from the simp argument list.
  [apply] simp only [not_lt] at h ⊢

Note: This linter can be disabled with `set_option linter.unusedSimpArgs false`
SunPrize\Certificate\Theory004.lean:1404:56: warning: This simp argument is unused:
  not_le

Hint: Omit it from the simp argument list.
  [apply] simp only [not_lt] at h ⊢

Note: This linter can be disabled with `set_option linter.unusedSimpArgs false`
SunPrize\Certificate\Theory004.lean:1406:56: warning: This simp argument is unused:
  not_le

Hint: Omit it from the simp argument list.
  [apply] simp only [not_lt] at h ⊢

Note: This linter can be disabled with `set_option linter.unusedSimpArgs false`
SunPrize\Certificate\Theory004.lean:1408:56: warning: This simp argument is unused:
  not_le

Hint: Omit it from the simp argument list.
  [apply] simp only [not_lt] at h ⊢

Note: This linter can be disabled with `set_option linter.unusedSimpArgs false`
SunPrize\Certificate\Theory004.lean:1410:56: warning: This simp argument is unused:
  not_le

Hint: Omit it from the simp argument list.
  [apply] simp only [not_lt] at h ⊢

Note: This linter can be disabled with `set_option linter.unusedSimpArgs false`
SunPrize\Certificate\Theory004.lean:1412:56: warning: This simp argument is unused:
  not_le

Hint: Omit it from the simp argument list.
  [apply] simp only [not_lt] at h ⊢

Note: This linter can be disabled with `set_option linter.unusedSimpArgs false`
SunPrize\Certificate\Theory004.lean:1414:56: warning: This simp argument is unused:
  not_le

Hint: Omit it from the simp argument list.
  [apply] simp only [not_lt] at h ⊢

Note: This linter can be disabled with `set_option linter.unusedSimpArgs false`
SunPrize\Certificate\Theory004.lean:1416:56: warning: This simp argument is unused:
  not_le

Hint: Omit it from the simp argument list.
  [apply] simp only [not_lt] at h ⊢

Note: This linter can be disabled with `set_option linter.unusedSimpArgs false`
SunPrize\Certificate\Theory004.lean:1418:56: warning: This simp argument is unused:
  not_le

Hint: Omit it from the simp argument list.
  [apply] simp only [not_lt] at h ⊢

Note: This linter can be disabled with `set_option linter.unusedSimpArgs false`
SunPrize\Certificate\Theory004.lean:1384:32: warning: Unused tactic linter: `(try simp only [not_lt, not_le] at h ⊢)` does nothing

Note: This linter can be disabled with `set_option linter.unusedTactic false`
SunPrize\Certificate\Theory004.lean:1386:32: warning: Unused tactic linter: `(try simp only [not_lt, not_le] at h ⊢)` does nothing

Note: This linter can be disabled with `set_option linter.unusedTactic false`
SunPrize\Certificate\Theory004.lean:1388:32: warning: Unused tactic linter: `(try simp only [not_lt, not_le] at h ⊢)` does nothing

Note: This linter can be disabled with `set_option linter.unusedTactic false`
SunPrize\Certificate\Theory004.lean:1394:32: warning: Unused tactic linter: `(try simp only [not_lt, not_le] at h ⊢)` does nothing

Note: This linter can be disabled with `set_option linter.unusedTactic false`
SunPrize\Certificate\Theory004.lean:1396:32: warning: Unused tactic linter: `(try simp only [not_lt, not_le] at h ⊢)` does nothing

Note: This linter can be disabled with `set_option linter.unusedTactic false`
SunPrize\Certificate\Theory004.lean:1402:32: warning: Unused tactic linter: `(try simp only [not_lt, not_le] at h ⊢)` does nothing

Note: This linter can be disabled with `set_option linter.unusedTactic false`
SunPrize\Certificate\Theory004.lean:1420:2: warning: Unused tactic linter: `all_goals clear e0 e1 e2 e3 e4 e5 e6 e7 e8 e9 e10 e11 e12 e13 e14 e15 e16 e17 e18` does nothing

Note: This linter can be disabled with `set_option linter.unusedTactic false`
SunPrize\Certificate\Theory004.lean:1421:2: warning: Unused tactic linter: `all_goals tauto` does nothing

Note: This linter can be disabled with `set_option linter.unusedTactic false`
SunPrize\Certificate\Theory004.lean:1420:12: warning: this tactic is never executed

Note: This linter can be disabled with `set_option linter.unreachableTactic false`
SunPrize\Certificate\Theory004.lean:1421:12: warning: this tactic is never executed

Note: This linter can be disabled with `set_option linter.unreachableTactic false`
SunPrize\Certificate\Theory004.lean:1426:56: warning: This simp argument is unused:
  not_le

Hint: Omit it from the simp argument list.
  [apply] simp only [not_lt] at h ⊢

Note: This linter can be disabled with `set_option linter.unusedSimpArgs false`
SunPrize\Certificate\Theory004.lean:1432:56: warning: This simp argument is unused:
  not_le

Hint: Omit it from the simp argument list.
  [apply] simp only [not_lt] at h ⊢

Note: This linter can be disabled with `set_option linter.unusedSimpArgs false`
SunPrize\Certificate\Theory004.lean:1434:56: warning: This simp argument is unused:
  not_le

Hint: Omit it from the simp argument list.
  [apply] simp only [not_lt] at h ⊢

Note: This linter can be disabled with `set_option linter.unusedSimpArgs false`
SunPrize\Certificate\Theory004.lean:1438:56: warning: This simp argument is unused:
  not_le

Hint: Omit it from the simp argument list.
  [apply] simp only [not_lt] at h ⊢

Note: This linter can be disabled with `set_option linter.unusedSimpArgs false`
SunPrize\Certificate\Theory004.lean:1440:56: warning: This simp argument is unused:
  not_le

Hint: Omit it from the simp argument list.
  [apply] simp only [not_lt] at h ⊢

Note: This linter can be disabled with `set_option linter.unusedSimpArgs false`
SunPrize\Certificate\Theory004.lean:1442:56: warning: This simp argument is unused:
  not_le

Hint: Omit it from the simp argument list.
  [apply] simp only [not_lt] at h ⊢

Note: This linter can be disabled with `set_option linter.unusedSimpArgs false`
SunPrize\Certificate\Theory004.lean:1444:56: warning: This simp argument is unused:
  not_le

Hint: Omit it from the simp argument list.
  [apply] simp only [not_lt] at h ⊢

Note: This linter can be disabled with `set_option linter.unusedSimpArgs false`
SunPrize\Certificate\Theory004.lean:1452:56: warning: This simp argument is unused:
  not_le

Hint: Omit it from the simp argument list.
  [apply] simp only [not_lt] at h ⊢

Note: This linter can be disabled with `set_option linter.unusedSimpArgs false`
SunPrize\Certificate\Theory004.lean:1454:56: warning: This simp argument is unused:
  not_le

Hint: Omit it from the simp argument list.
  [apply] simp only [not_lt] at h ⊢

Note: This linter can be disabled with `set_option linter.unusedSimpArgs false`
SunPrize\Certificate\Theory004.lean:1456:56: warning: This simp argument is unused:
  not_le

Hint: Omit it from the simp argument list.
  [apply] simp only [not_lt] at h ⊢

Note: This linter can be disabled with `set_option linter.unusedSimpArgs false`
SunPrize\Certificate\Theory004.lean:1458:56: warning: This simp argument is unused:
  not_le

Hint: Omit it from the simp argument list.
  [apply] simp only [not_lt] at h ⊢

Note: This linter can be disabled with `set_option linter.unusedSimpArgs false`
SunPrize\Certificate\Theory004.lean:1460:56: warning: This simp argument is unused:
  not_le

Hint: Omit it from the simp argument list.
  [apply] simp only [not_lt] at h ⊢

Note: This linter can be disabled with `set_option linter.unusedSimpArgs false`
SunPrize\Certificate\Theory004.lean:1462:56: warning: This simp argument is unused:
  not_le

Hint: Omit it from the simp argument list.
  [apply] simp only [not_lt] at h ⊢

Note: This linter can be disabled with `set_option linter.unusedSimpArgs false`
SunPrize\Certificate\Theory004.lean:1428:32: warning: Unused tactic linter: `(try simp only [not_lt, not_le] at h ⊢)` does nothing

Note: This linter can be disabled with `set_option linter.unusedTactic false`
SunPrize\Certificate\Theory004.lean:1430:32: warning: Unused tactic linter: `(try simp only [not_lt, not_le] at h ⊢)` does nothing

Note: This linter can be disabled with `set_option linter.unusedTactic false`
SunPrize\Certificate\Theory004.lean:1436:32: warning: Unused tactic linter: `(try simp only [not_lt, not_le] at h ⊢)` does nothing

Note: This linter can be disabled with `set_option linter.unusedTactic false`
SunPrize\Certificate\Theory004.lean:1446:32: warning: Unused tactic linter: `(try simp only [not_lt, not_le] at h ⊢)` does nothing

Note: This linter can be disabled with `set_option linter.unusedTactic false`
SunPrize\Certificate\Theory004.lean:1448:32: warning: Unused tactic linter: `(try simp only [not_lt, not_le] at h ⊢)` does nothing

Note: This linter can be disabled with `set_option linter.unusedTactic false`
SunPrize\Certificate\Theory004.lean:1450:32: warning: Unused tactic linter: `(try simp only [not_lt, not_le] at h ⊢)` does nothing

Note: This linter can be disabled with `set_option linter.unusedTactic false`
SunPrize\Certificate\Theory004.lean:1464:2: warning: Unused tactic linter: `all_goals clear e0 e1 e2 e3 e4 e5 e6 e7 e8 e9 e10 e11 e12 e13 e14 e15 e16 e17 e18` does nothing

Note: This linter can be disabled with `set_option linter.unusedTactic false`
SunPrize\Certificate\Theory004.lean:1465:2: warning: Unused tactic linter: `all_goals tauto` does nothing

Note: This linter can be disabled with `set_option linter.unusedTactic false`
SunPrize\Certificate\Theory004.lean:1464:12: warning: this tactic is never executed

Note: This linter can be disabled with `set_option linter.unreachableTactic false`
SunPrize\Certificate\Theory004.lean:1465:12: warning: this tactic is never executed

Note: This linter can be disabled with `set_option linter.unreachableTactic false`
SunPrize\Certificate\Theory004.lean:1470:56: warning: This simp argument is unused:
  not_le

Hint: Omit it from the simp argument list.
  [apply] simp only [not_lt] at h ⊢

Note: This linter can be disabled with `set_option linter.unusedSimpArgs false`
SunPrize\Certificate\Theory004.lean:1472:56: warning: This simp argument is unused:
  not_le

Hint: Omit it from the simp argument list.
  [apply] simp only [not_lt] at h ⊢

Note: This linter can be disabled with `set_option linter.unusedSimpArgs false`
SunPrize\Certificate\Theory004.lean:1474:56: warning: This simp argument is unused:
  not_le

Hint: Omit it from the simp argument list.
  [apply] simp only [not_lt] at h ⊢

Note: This linter can be disabled with `set_option linter.unusedSimpArgs false`
SunPrize\Certificate\Theory004.lean:1476:56: warning: This simp argument is unused:
  not_le

Hint: Omit it from the simp argument list.
  [apply] simp only [not_lt] at h ⊢

Note: This linter can be disabled with `set_option linter.unusedSimpArgs false`
SunPrize\Certificate\Theory004.lean:1478:56: warning: This simp argument is unused:
  not_le

Hint: Omit it from the simp argument list.
  [apply] simp only [not_lt] at h ⊢

Note: This linter can be disabled with `set_option linter.unusedSimpArgs false`
SunPrize\Certificate\Theory004.lean:1484:56: warning: This simp argument is unused:
  not_le

Hint: Omit it from the simp argument list.
  [apply] simp only [not_lt] at h ⊢

Note: This linter can be disabled with `set_option linter.unusedSimpArgs false`
SunPrize\Certificate\Theory004.lean:1486:56: warning: This simp argument is unused:
  not_le

Hint: Omit it from the simp argument list.
  [apply] simp only [not_lt] at h ⊢

Note: This linter can be disabled with `set_option linter.unusedSimpArgs false`
SunPrize\Certificate\Theory004.lean:1490:56: warning: This simp argument is unused:
  not_le

Hint: Omit it from the simp argument list.
  [apply] simp only [not_lt] at h ⊢

Note: This linter can be disabled with `set_option linter.unusedSimpArgs false`
SunPrize\Certificate\Theory004.lean:1492:56: warning: This simp argument is unused:
  not_le

Hint: Omit it from the simp argument list.
  [apply] simp only [not_lt] at h ⊢

Note: This linter can be disabled with `set_option linter.unusedSimpArgs false`
SunPrize\Certificate\Theory004.lean:1494:56: warning: This simp argument is unused:
  not_le

Hint: Omit it from the simp argument list.
  [apply] simp only [not_lt] at h ⊢

Note: This linter can be disabled with `set_option linter.unusedSimpArgs false`
SunPrize\Certificate\Theory004.lean:1496:56: warning: This simp argument is unused:
  not_le

Hint: Omit it from the simp argument list.
  [apply] simp only [not_lt] at h ⊢

Note: This linter can be disabled with `set_option linter.unusedSimpArgs false`
SunPrize\Certificate\Theory004.lean:1504:56: warning: This simp argument is unused:
  not_le

Hint: Omit it from the simp argument list.
  [apply] simp only [not_lt] at h ⊢

Note: This linter can be disabled with `set_option linter.unusedSimpArgs false`
SunPrize\Certificate\Theory004.lean:1506:56: warning: This simp argument is unused:
  not_le

Hint: Omit it from the simp argument list.
  [apply] simp only [not_lt] at h ⊢

Note: This linter can be disabled with `set_option linter.unusedSimpArgs false`
SunPrize\Certificate\Theory004.lean:1480:32: warning: Unused tactic linter: `(try simp only [not_lt, not_le] at h ⊢)` does nothing

Note: This linter can be disabled with `set_option linter.unusedTactic false`
SunPrize\Certificate\Theory004.lean:1482:32: warning: Unused tactic linter: `(try simp only [not_lt, not_le] at h ⊢)` does nothing

Note: This linter can be disabled with `set_option linter.unusedTactic false`
SunPrize\Certificate\Theory004.lean:1488:32: warning: Unused tactic linter: `(try simp only [not_lt, not_le] at h ⊢)` does nothing

Note: This linter can be disabled with `set_option linter.unusedTactic false`
SunPrize\Certificate\Theory004.lean:1498:32: warning: Unused tactic linter: `(try simp only [not_lt, not_le] at h ⊢)` does nothing

Note: This linter can be disabled with `set_option linter.unusedTactic false`
SunPrize\Certificate\Theory004.lean:1500:32: warning: Unused tactic linter: `(try simp only [not_lt, not_le] at h ⊢)` does nothing

Note: This linter can be disabled with `set_option linter.unusedTactic false`
SunPrize\Certificate\Theory004.lean:1502:32: warning: Unused tactic linter: `(try simp only [not_lt, not_le] at h ⊢)` does nothing

Note: This linter can be disabled with `set_option linter.unusedTactic false`
SunPrize\Certificate\Theory004.lean:1508:2: warning: Unused tactic linter: `all_goals clear e0 e1 e2 e3 e4 e5 e6 e7 e8 e9 e10 e11 e12 e13 e14 e15 e16 e17 e18` does nothing

Note: This linter can be disabled with `set_option linter.unusedTactic false`
SunPrize\Certificate\Theory004.lean:1509:2: warning: Unused tactic linter: `all_goals tauto` does nothing

Note: This linter can be disabled with `set_option linter.unusedTactic false`
SunPrize\Certificate\Theory004.lean:1508:12: warning: this tactic is never executed

Note: This linter can be disabled with `set_option linter.unreachableTactic false`
SunPrize\Certificate\Theory004.lean:1509:12: warning: this tactic is never executed

Note: This linter can be disabled with `set_option linter.unreachableTactic false`
SunPrize\Certificate\Theory004.lean:1521:56: warning: This simp argument is unused:
  not_le

Hint: Omit it from the simp argument list.
  [apply] simp only [not_lt] at h ⊢

Note: This linter can be disabled with `set_option linter.unusedSimpArgs false`
SunPrize\Certificate\Theory004.lean:1523:56: warning: This simp argument is unused:
  not_le

Hint: Omit it from the simp argument list.
  [apply] simp only [not_lt] at h ⊢

Note: This linter can be disabled with `set_option linter.unusedSimpArgs false`
SunPrize\Certificate\Theory004.lean:1525:56: warning: This simp argument is unused:
  not_le

Hint: Omit it from the simp argument list.
  [apply] simp only [not_lt] at h ⊢

Note: This linter can be disabled with `set_option linter.unusedSimpArgs false`
SunPrize\Certificate\Theory004.lean:1527:56: warning: This simp argument is unused:
  not_le

Hint: Omit it from the simp argument list.
  [apply] simp only [not_lt] at h ⊢

Note: This linter can be disabled with `set_option linter.unusedSimpArgs false`
SunPrize\Certificate\Theory004.lean:1529:56: warning: This simp argument is unused:
  not_le

Hint: Omit it from the simp argument list.
  [apply] simp only [not_lt] at h ⊢

Note: This linter can be disabled with `set_option linter.unusedSimpArgs false`
SunPrize\Certificate\Theory004.lean:1535:56: warning: This simp argument is unused:
  not_le

Hint: Omit it from the simp argument list.
  [apply] simp only [not_lt] at h ⊢

Note: This linter can be disabled with `set_option linter.unusedSimpArgs false`
SunPrize\Certificate\Theory004.lean:1537:56: warning: This simp argument is unused:
  not_le

Hint: Omit it from the simp argument list.
  [apply] simp only [not_lt] at h ⊢

Note: This linter can be disabled with `set_option linter.unusedSimpArgs false`
SunPrize\Certificate\Theory004.lean:1541:56: warning: This simp argument is unused:
  not_le

Hint: Omit it from the simp argument list.
  [apply] simp only [not_lt] at h ⊢

Note: This linter can be disabled with `set_option linter.unusedSimpArgs false`
SunPrize\Certificate\Theory004.lean:1543:56: warning: This simp argument is unused:
  not_le

Hint: Omit it from the simp argument list.
  [apply] simp only [not_lt] at h ⊢

Note: This linter can be disabled with `set_option linter.unusedSimpArgs false`
SunPrize\Certificate\Theory004.lean:1545:56: warning: This simp argument is unused:
  not_le

Hint: Omit it from the simp argument list.
  [apply] simp only [not_lt] at h ⊢

Note: This linter can be disabled with `set_option linter.unusedSimpArgs false`
SunPrize\Certificate\Theory004.lean:1547:56: warning: This simp argument is unused:
  not_le

Hint: Omit it from the simp argument list.
  [apply] simp only [not_lt] at h ⊢

Note: This linter can be disabled with `set_option linter.unusedSimpArgs false`
SunPrize\Certificate\Theory004.lean:1555:56: warning: This simp argument is unused:
  not_le

Hint: Omit it from the simp argument list.
  [apply] simp only [not_lt] at h ⊢

Note: This linter can be disabled with `set_option linter.unusedSimpArgs false`
SunPrize\Certificate\Theory004.lean:1557:56: warning: This simp argument is unused:
  not_le

Hint: Omit it from the simp argument list.
  [apply] simp only [not_lt] at h ⊢

Note: This linter can be disabled with `set_option linter.unusedSimpArgs false`
SunPrize\Certificate\Theory004.lean:1531:32: warning: Unused tactic linter: `(try simp only [not_lt, not_le] at h ⊢)` does nothing

Note: This linter can be disabled with `set_option linter.unusedTactic false`
SunPrize\Certificate\Theory004.lean:1533:32: warning: Unused tactic linter: `(try simp only [not_lt, not_le] at h ⊢)` does nothing

Note: This linter can be disabled with `set_option linter.unusedTactic false`
SunPrize\Certificate\Theory004.lean:1539:32: warning: Unused tactic linter: `(try simp only [not_lt, not_le] at h ⊢)` does nothing

Note: This linter can be disabled with `set_option linter.unusedTactic false`
SunPrize\Certificate\Theory004.lean:1549:32: warning: Unused tactic linter: `(try simp only [not_lt, not_le] at h ⊢)` does nothing

Note: This linter can be disabled with `set_option linter.unusedTactic false`
SunPrize\Certificate\Theory004.lean:1551:32: warning: Unused tactic linter: `(try simp only [not_lt, not_le] at h ⊢)` does nothing

Note: This linter can be disabled with `set_option linter.unusedTactic false`
SunPrize\Certificate\Theory004.lean:1553:32: warning: Unused tactic linter: `(try simp only [not_lt, not_le] at h ⊢)` does nothing

Note: This linter can be disabled with `set_option linter.unusedTactic false`
SunPrize\Certificate\Theory004.lean:1559:2: warning: Unused tactic linter: `all_goals clear e0 e1 e2 e3 e4 e5 e6 e7 e8 e9 e10 e11 e12 e13 e14 e15 e16 e17 e18` does nothing

Note: This linter can be disabled with `set_option linter.unusedTactic false`
SunPrize\Certificate\Theory004.lean:1560:2: warning: Unused tactic linter: `all_goals tauto` does nothing

Note: This linter can be disabled with `set_option linter.unusedTactic false`
SunPrize\Certificate\Theory004.lean:1559:12: warning: this tactic is never executed

Note: This linter can be disabled with `set_option linter.unreachableTactic false`
SunPrize\Certificate\Theory004.lean:1560:12: warning: this tactic is never executed

Note: This linter can be disabled with `set_option linter.unreachableTactic false`
SunPrize\Certificate\Theory004.lean:1571:56: warning: This simp argument is unused:
  not_le

Hint: Omit it from the simp argument list.
  [apply] simp only [not_lt] at h ⊢

Note: This linter can be disabled with `set_option linter.unusedSimpArgs false`
SunPrize\Certificate\Theory004.lean:1573:56: warning: This simp argument is unused:
  not_le

Hint: Omit it from the simp argument list.
  [apply] simp only [not_lt] at h ⊢

Note: This linter can be disabled with `set_option linter.unusedSimpArgs false`
SunPrize\Certificate\Theory004.lean:1579:56: warning: This simp argument is unused:
  not_le

Hint: Omit it from the simp argument list.
  [apply] simp only [not_lt] at h ⊢

Note: This linter can be disabled with `set_option linter.unusedSimpArgs false`
SunPrize\Certificate\Theory004.lean:1581:56: warning: This simp argument is unused:
  not_le

Hint: Omit it from the simp argument list.
  [apply] simp only [not_lt] at h ⊢

Note: This linter can be disabled with `set_option linter.unusedSimpArgs false`
SunPrize\Certificate\Theory004.lean:1585:56: warning: This simp argument is unused:
  not_le

Hint: Omit it from the simp argument list.
  [apply] simp only [not_lt] at h ⊢

Note: This linter can be disabled with `set_option linter.unusedSimpArgs false`
SunPrize\Certificate\Theory004.lean:1587:56: warning: This simp argument is unused:
  not_le

Hint: Omit it from the simp argument list.
  [apply] simp only [not_lt] at h ⊢

Note: This linter can be disabled with `set_option linter.unusedSimpArgs false`
SunPrize\Certificate\Theory004.lean:1589:56: warning: This simp argument is unused:
  not_le

Hint: Omit it from the simp argument list.
  [apply] simp only [not_lt] at h ⊢

Note: This linter can be disabled with `set_option linter.unusedSimpArgs false`
SunPrize\Certificate\Theory004.lean:1591:56: warning: This simp argument is unused:
  not_le

Hint: Omit it from the simp argument list.
  [apply] simp only [not_lt] at h ⊢

Note: This linter can be disabled with `set_option linter.unusedSimpArgs false`
SunPrize\Certificate\Theory004.lean:1593:56: warning: This simp argument is unused:
  not_le

Hint: Omit it from the simp argument list.
  [apply] simp only [not_lt] at h ⊢

Note: This linter can be disabled with `set_option linter.unusedSimpArgs false`
SunPrize\Certificate\Theory004.lean:1595:56: warning: This simp argument is unused:
  not_le

Hint: Omit it from the simp argument list.
  [apply] simp only [not_lt] at h ⊢

Note: This linter can be disabled with `set_option linter.unusedSimpArgs false`
SunPrize\Certificate\Theory004.lean:1597:56: warning: This simp argument is unused:
  not_le

Hint: Omit it from the simp argument list.
  [apply] simp only [not_lt] at h ⊢

Note: This linter can be disabled with `set_option linter.unusedSimpArgs false`
SunPrize\Certificate\Theory004.lean:1599:56: warning: This simp argument is unused:
  not_le

Hint: Omit it from the simp argument list.
  [apply] simp only [not_lt] at h ⊢

Note: This linter can be disabled with `set_option linter.unusedSimpArgs false`
SunPrize\Certificate\Theory004.lean:1601:56: warning: This simp argument is unused:
  not_le

Hint: Omit it from the simp argument list.
  [apply] simp only [not_lt] at h ⊢

Note: This linter can be disabled with `set_option linter.unusedSimpArgs false`
SunPrize\Certificate\Theory004.lean:1565:32: warning: Unused tactic linter: `(try simp only [not_lt, not_le] at h ⊢)` does nothing

Note: This linter can be disabled with `set_option linter.unusedTactic false`
SunPrize\Certificate\Theory004.lean:1567:32: warning: Unused tactic linter: `(try simp only [not_lt, not_le] at h ⊢)` does nothing

Note: This linter can be disabled with `set_option linter.unusedTactic false`
SunPrize\Certificate\Theory004.lean:1569:32: warning: Unused tactic linter: `(try simp only [not_lt, not_le] at h ⊢)` does nothing

Note: This linter can be disabled with `set_option linter.unusedTactic false`
SunPrize\Certificate\Theory004.lean:1575:32: warning: Unused tactic linter: `(try simp only [not_lt, not_le] at h ⊢)` does nothing

Note: This linter can be disabled with `set_option linter.unusedTactic false`
SunPrize\Certificate\Theory004.lean:1577:32: warning: Unused tactic linter: `(try simp only [not_lt, not_le] at h ⊢)` does nothing

Note: This linter can be disabled with `set_option linter.unusedTactic false`
SunPrize\Certificate\Theory004.lean:1583:32: warning: Unused tactic linter: `(try simp only [not_lt, not_le] at h ⊢)` does nothing

Note: This linter can be disabled with `set_option linter.unusedTactic false`
SunPrize\Certificate\Theory004.lean:1603:2: warning: Unused tactic linter: `all_goals clear e0 e1 e2 e3 e4 e5 e6 e7 e8 e9 e10 e11 e12 e13 e14 e15 e16 e17 e18` does nothing

Note: This linter can be disabled with `set_option linter.unusedTactic false`
SunPrize\Certificate\Theory004.lean:1604:2: warning: Unused tactic linter: `all_goals tauto` does nothing

Note: This linter can be disabled with `set_option linter.unusedTactic false`
SunPrize\Certificate\Theory004.lean:1603:12: warning: this tactic is never executed

Note: This linter can be disabled with `set_option linter.unreachableTactic false`
SunPrize\Certificate\Theory004.lean:1604:12: warning: this tactic is never executed

Note: This linter can be disabled with `set_option linter.unreachableTactic false`
SunPrize\Certificate\Theory004.lean:1615:56: warning: This simp argument is unused:
  not_le

Hint: Omit it from the simp argument list.
  [apply] simp only [not_lt] at h ⊢

Note: This linter can be disabled with `set_option linter.unusedSimpArgs false`
SunPrize\Certificate\Theory004.lean:1617:56: warning: This simp argument is unused:
  not_le

Hint: Omit it from the simp argument list.
  [apply] simp only [not_lt] at h ⊢

Note: This linter can be disabled with `set_option linter.unusedSimpArgs false`
SunPrize\Certificate\Theory004.lean:1623:56: warning: This simp argument is unused:
  not_le

Hint: Omit it from the simp argument list.
  [apply] simp only [not_lt] at h ⊢

Note: This linter can be disabled with `set_option linter.unusedSimpArgs false`
SunPrize\Certificate\Theory004.lean:1625:56: warning: This simp argument is unused:
  not_le

Hint: Omit it from the simp argument list.
  [apply] simp only [not_lt] at h ⊢

Note: This linter can be disabled with `set_option linter.unusedSimpArgs false`
SunPrize\Certificate\Theory004.lean:1629:56: warning: This simp argument is unused:
  not_le

Hint: Omit it from the simp argument list.
  [apply] simp only [not_lt] at h ⊢

Note: This linter can be disabled with `set_option linter.unusedSimpArgs false`
SunPrize\Certificate\Theory004.lean:1631:56: warning: This simp argument is unused:
  not_le

Hint: Omit it from the simp argument list.
  [apply] simp only [not_lt] at h ⊢

Note: This linter can be disabled with `set_option linter.unusedSimpArgs false`
SunPrize\Certificate\Theory004.lean:1633:56: warning: This simp argument is unused:
  not_le

Hint: Omit it from the simp argument list.
  [apply] simp only [not_lt] at h ⊢

Note: This linter can be disabled with `set_option linter.unusedSimpArgs false`
SunPrize\Certificate\Theory004.lean:1635:56: warning: This simp argument is unused:
  not_le

Hint: Omit it from the simp argument list.
  [apply] simp only [not_lt] at h ⊢

Note: This linter can be disabled with `set_option linter.unusedSimpArgs false`
SunPrize\Certificate\Theory004.lean:1637:56: warning: This simp argument is unused:
  not_le

Hint: Omit it from the simp argument list.
  [apply] simp only [not_lt] at h ⊢

Note: This linter can be disabled with `set_option linter.unusedSimpArgs false`
SunPrize\Certificate\Theory004.lean:1639:56: warning: This simp argument is unused:
  not_le

Hint: Omit it from the simp argument list.
  [apply] simp only [not_lt] at h ⊢

Note: This linter can be disabled with `set_option linter.unusedSimpArgs false`
SunPrize\Certificate\Theory004.lean:1641:56: warning: This simp argument is unused:
  not_le

Hint: Omit it from the simp argument list.
  [apply] simp only [not_lt] at h ⊢

Note: This linter can be disabled with `set_option linter.unusedSimpArgs false`
SunPrize\Certificate\Theory004.lean:1643:56: warning: This simp argument is unused:
  not_le

Hint: Omit it from the simp argument list.
  [apply] simp only [not_lt] at h ⊢

Note: This linter can be disabled with `set_option linter.unusedSimpArgs false`
SunPrize\Certificate\Theory004.lean:1645:56: warning: This simp argument is unused:
  not_le

Hint: Omit it from the simp argument list.
  [apply] simp only [not_lt] at h ⊢

Note: This linter can be disabled with `set_option linter.unusedSimpArgs false`
SunPrize\Certificate\Theory004.lean:1609:32: warning: Unused tactic linter: `(try simp only [not_lt, not_le] at h ⊢)` does nothing

Note: This linter can be disabled with `set_option linter.unusedTactic false`
SunPrize\Certificate\Theory004.lean:1611:32: warning: Unused tactic linter: `(try simp only [not_lt, not_le] at h ⊢)` does nothing

Note: This linter can be disabled with `set_option linter.unusedTactic false`
SunPrize\Certificate\Theory004.lean:1613:32: warning: Unused tactic linter: `(try simp only [not_lt, not_le] at h ⊢)` does nothing

Note: This linter can be disabled with `set_option linter.unusedTactic false`
SunPrize\Certificate\Theory004.lean:1619:32: warning: Unused tactic linter: `(try simp only [not_lt, not_le] at h ⊢)` does nothing

Note: This linter can be disabled with `set_option linter.unusedTactic false`
SunPrize\Certificate\Theory004.lean:1621:32: warning: Unused tactic linter: `(try simp only [not_lt, not_le] at h ⊢)` does nothing

Note: This linter can be disabled with `set_option linter.unusedTactic false`
SunPrize\Certificate\Theory004.lean:1627:32: warning: Unused tactic linter: `(try simp only [not_lt, not_le] at h ⊢)` does nothing

Note: This linter can be disabled with `set_option linter.unusedTactic false`
SunPrize\Certificate\Theory004.lean:1647:2: warning: Unused tactic linter: `all_goals clear e0 e1 e2 e3 e4 e5 e6 e7 e8 e9 e10 e11 e12 e13 e14 e15 e16 e17 e18` does nothing

Note: This linter can be disabled with `set_option linter.unusedTactic false`
SunPrize\Certificate\Theory004.lean:1648:2: warning: Unused tactic linter: `all_goals tauto` does nothing

Note: This linter can be disabled with `set_option linter.unusedTactic false`
SunPrize\Certificate\Theory004.lean:1647:12: warning: this tactic is never executed

Note: This linter can be disabled with `set_option linter.unreachableTactic false`
SunPrize\Certificate\Theory004.lean:1648:12: warning: this tactic is never executed

Note: This linter can be disabled with `set_option linter.unreachableTactic false`
SunPrize\Certificate\Theory004.lean:1653:56: warning: This simp argument is unused:
  not_le

Hint: Omit it from the simp argument list.
  [apply] simp only [not_lt] at h ⊢

Note: This linter can be disabled with `set_option linter.unusedSimpArgs false`
SunPrize\Certificate\Theory004.lean:1655:56: warning: This simp argument is unused:
  not_le

Hint: Omit it from the simp argument list.
  [apply] simp only [not_lt] at h ⊢

Note: This linter can be disabled with `set_option linter.unusedSimpArgs false`
SunPrize\Certificate\Theory004.lean:1657:56: warning: This simp argument is unused:
  not_le

Hint: Omit it from the simp argument list.
  [apply] simp only [not_lt] at h ⊢

Note: This linter can be disabled with `set_option linter.unusedSimpArgs false`
SunPrize\Certificate\Theory004.lean:1659:56: warning: This simp argument is unused:
  not_le

Hint: Omit it from the simp argument list.
  [apply] simp only [not_lt] at h ⊢

Note: This linter can be disabled with `set_option linter.unusedSimpArgs false`
SunPrize\Certificate\Theory004.lean:1661:56: warning: This simp argument is unused:
  not_le

Hint: Omit it from the simp argument list.
  [apply] simp only [not_lt] at h ⊢

Note: This linter can be disabled with `set_option linter.unusedSimpArgs false`
SunPrize\Certificate\Theory004.lean:1667:56: warning: This simp argument is unused:
  not_le

Hint: Omit it from the simp argument list.
  [apply] simp only [not_lt] at h ⊢

Note: This linter can be disabled with `set_option linter.unusedSimpArgs false`
SunPrize\Certificate\Theory004.lean:1669:56: warning: This simp argument is unused:
  not_le

Hint: Omit it from the simp argument list.
  [apply] simp only [not_lt] at h ⊢

Note: This linter can be disabled with `set_option linter.unusedSimpArgs false`
SunPrize\Certificate\Theory004.lean:1673:56: warning: This simp argument is unused:
  not_le

Hint: Omit it from the simp argument list.
  [apply] simp only [not_lt] at h ⊢

Note: This linter can be disabled with `set_option linter.unusedSimpArgs false`
SunPrize\Certificate\Theory004.lean:1675:56: warning: This simp argument is unused:
  not_le

Hint: Omit it from the simp argument list.
  [apply] simp only [not_lt] at h ⊢

Note: This linter can be disabled with `set_option linter.unusedSimpArgs false`
SunPrize\Certificate\Theory004.lean:1677:56: warning: This simp argument is unused:
  not_le

Hint: Omit it from the simp argument list.
  [apply] simp only [not_lt] at h ⊢

Note: This linter can be disabled with `set_option linter.unusedSimpArgs false`
SunPrize\Certificate\Theory004.lean:1679:56: warning: This simp argument is unused:
  not_le

Hint: Omit it from the simp argument list.
  [apply] simp only [not_lt] at h ⊢

Note: This linter can be disabled with `set_option linter.unusedSimpArgs false`
SunPrize\Certificate\Theory004.lean:1687:56: warning: This simp argument is unused:
  not_le

Hint: Omit it from the simp argument list.
  [apply] simp only [not_lt] at h ⊢

Note: This linter can be disabled with `set_option linter.unusedSimpArgs false`
SunPrize\Certificate\Theory004.lean:1689:56: warning: This simp argument is unused:
  not_le

Hint: Omit it from the simp argument list.
  [apply] simp only [not_lt] at h ⊢

Note: This linter can be disabled with `set_option linter.unusedSimpArgs false`
SunPrize\Certificate\Theory004.lean:1663:32: warning: Unused tactic linter: `(try simp only [not_lt, not_le] at h ⊢)` does nothing

Note: This linter can be disabled with `set_option linter.unusedTactic false`
SunPrize\Certificate\Theory004.lean:1665:32: warning: Unused tactic linter: `(try simp only [not_lt, not_le] at h ⊢)` does nothing

Note: This linter can be disabled with `set_option linter.unusedTactic false`
SunPrize\Certificate\Theory004.lean:1671:32: warning: Unused tactic linter: `(try simp only [not_lt, not_le] at h ⊢)` does nothing

Note: This linter can be disabled with `set_option linter.unusedTactic false`
SunPrize\Certificate\Theory004.lean:1681:32: warning: Unused tactic linter: `(try simp only [not_lt, not_le] at h ⊢)` does nothing

Note: This linter can be disabled with `set_option linter.unusedTactic false`
SunPrize\Certificate\Theory004.lean:1683:32: warning: Unused tactic linter: `(try simp only [not_lt, not_le] at h ⊢)` does nothing

Note: This linter can be disabled with `set_option linter.unusedTactic false`
SunPrize\Certificate\Theory004.lean:1685:32: warning: Unused tactic linter: `(try simp only [not_lt, not_le] at h ⊢)` does nothing

Note: This linter can be disabled with `set_option linter.unusedTactic false`
SunPrize\Certificate\Theory004.lean:1691:2: warning: Unused tactic linter: `all_goals clear e0 e1 e2 e3 e4 e5 e6 e7 e8 e9 e10 e11 e12 e13 e14 e15 e16 e17 e18` does nothing

Note: This linter can be disabled with `set_option linter.unusedTactic false`
SunPrize\Certificate\Theory004.lean:1692:2: warning: Unused tactic linter: `all_goals tauto` does nothing

Note: This linter can be disabled with `set_option linter.unusedTactic false`
SunPrize\Certificate\Theory004.lean:1691:12: warning: this tactic is never executed

Note: This linter can be disabled with `set_option linter.unreachableTactic false`
SunPrize\Certificate\Theory004.lean:1692:12: warning: this tactic is never executed

Note: This linter can be disabled with `set_option linter.unreachableTactic false`
SunPrize\Certificate\Theory004.lean:1701:56: warning: This simp argument is unused:
  not_le

Hint: Omit it from the simp argument list.
  [apply] simp only [not_lt] at h ⊢

Note: This linter can be disabled with `set_option linter.unusedSimpArgs false`
SunPrize\Certificate\Theory004.lean:1703:56: warning: This simp argument is unused:
  not_le

Hint: Omit it from the simp argument list.
  [apply] simp only [not_lt] at h ⊢

Note: This linter can be disabled with `set_option linter.unusedSimpArgs false`
SunPrize\Certificate\Theory004.lean:1707:56: warning: This simp argument is unused:
  not_le

Hint: Omit it from the simp argument list.
  [apply] simp only [not_lt] at h ⊢

Note: This linter can be disabled with `set_option linter.unusedSimpArgs false`
SunPrize\Certificate\Theory004.lean:1709:56: warning: This simp argument is unused:
  not_le

Hint: Omit it from the simp argument list.
  [apply] simp only [not_lt] at h ⊢

Note: This linter can be disabled with `set_option linter.unusedSimpArgs false`
SunPrize\Certificate\Theory004.lean:1711:56: warning: This simp argument is unused:
  not_le

Hint: Omit it from the simp argument list.
  [apply] simp only [not_lt] at h ⊢

Note: This linter can be disabled with `set_option linter.unusedSimpArgs false`
SunPrize\Certificate\Theory004.lean:1713:56: warning: This simp argument is unused:
  not_le

Hint: Omit it from the simp argument list.
  [apply] simp only [not_lt] at h ⊢

Note: This linter can be disabled with `set_option linter.unusedSimpArgs false`
SunPrize\Certificate\Theory004.lean:1715:56: warning: This simp argument is unused:
  not_le

Hint: Omit it from the simp argument list.
  [apply] simp only [not_lt] at h ⊢

Note: This linter can be disabled with `set_option linter.unusedSimpArgs false`
SunPrize\Certificate\Theory004.lean:1723:56: warning: This simp argument is unused:
  not_le

Hint: Omit it from the simp argument list.
  [apply] simp only [not_lt] at h ⊢

Note: This linter can be disabled with `set_option linter.unusedSimpArgs false`
SunPrize\Certificate\Theory004.lean:1725:56: warning: This simp argument is unused:
  not_le

Hint: Omit it from the simp argument list.
  [apply] simp only [not_lt] at h ⊢

Note: This linter can be disabled with `set_option linter.unusedSimpArgs false`
SunPrize\Certificate\Theory004.lean:1727:56: warning: This simp argument is unused:
  not_le

Hint: Omit it from the simp argument list.
  [apply] simp only [not_lt] at h ⊢

Note: This linter can be disabled with `set_option linter.unusedSimpArgs false`
SunPrize\Certificate\Theory004.lean:1729:56: warning: This simp argument is unused:
  not_le

Hint: Omit it from the simp argument list.
  [apply] simp only [not_lt] at h ⊢

Note: This linter can be disabled with `set_option linter.unusedSimpArgs false`
SunPrize\Certificate\Theory004.lean:1731:56: warning: This simp argument is unused:
  not_le

Hint: Omit it from the simp argument list.
  [apply] simp only [not_lt] at h ⊢

Note: This linter can be disabled with `set_option linter.unusedSimpArgs false`
SunPrize\Certificate\Theory004.lean:1733:56: warning: This simp argument is unused:
  not_le

Hint: Omit it from the simp argument list.
  [apply] simp only [not_lt] at h ⊢

Note: This linter can be disabled with `set_option linter.unusedSimpArgs false`
SunPrize\Certificate\Theory004.lean:1697:32: warning: Unused tactic linter: `(try simp only [not_lt, not_le] at h ⊢)` does nothing

Note: This linter can be disabled with `set_option linter.unusedTactic false`
SunPrize\Certificate\Theory004.lean:1699:32: warning: Unused tactic linter: `(try simp only [not_lt, not_le] at h ⊢)` does nothing

Note: This linter can be disabled with `set_option linter.unusedTactic false`
SunPrize\Certificate\Theory004.lean:1705:32: warning: Unused tactic linter: `(try simp only [not_lt, not_le] at h ⊢)` does nothing

Note: This linter can be disabled with `set_option linter.unusedTactic false`
SunPrize\Certificate\Theory004.lean:1717:32: warning: Unused tactic linter: `(try simp only [not_lt, not_le] at h ⊢)` does nothing

Note: This linter can be disabled with `set_option linter.unusedTactic false`
SunPrize\Certificate\Theory004.lean:1719:32: warning: Unused tactic linter: `(try simp only [not_lt, not_le] at h ⊢)` does nothing

Note: This linter can be disabled with `set_option linter.unusedTactic false`
SunPrize\Certificate\Theory004.lean:1721:32: warning: Unused tactic linter: `(try simp only [not_lt, not_le] at h ⊢)` does nothing

Note: This linter can be disabled with `set_option linter.unusedTactic false`
SunPrize\Certificate\Theory004.lean:1735:2: warning: Unused tactic linter: `all_goals clear e0 e1 e2 e3 e4 e5 e6 e7 e8 e9 e10 e11 e12 e13 e14 e15 e16 e17 e18` does nothing

Note: This linter can be disabled with `set_option linter.unusedTactic false`
SunPrize\Certificate\Theory004.lean:1736:2: warning: Unused tactic linter: `all_goals tauto` does nothing

Note: This linter can be disabled with `set_option linter.unusedTactic false`
SunPrize\Certificate\Theory004.lean:1735:12: warning: this tactic is never executed

Note: This linter can be disabled with `set_option linter.unreachableTactic false`
SunPrize\Certificate\Theory004.lean:1736:12: warning: this tactic is never executed

Note: This linter can be disabled with `set_option linter.unreachableTactic false`
SunPrize\Certificate\Theory004.lean:1748:56: warning: This simp argument is unused:
  not_le

Hint: Omit it from the simp argument list.
  [apply] simp only [not_lt] at h ⊢

Note: This linter can be disabled with `set_option linter.unusedSimpArgs false`
SunPrize\Certificate\Theory004.lean:1750:56: warning: This simp argument is unused:
  not_le

Hint: Omit it from the simp argument list.
  [apply] simp only [not_lt] at h ⊢

Note: This linter can be disabled with `set_option linter.unusedSimpArgs false`
SunPrize\Certificate\Theory004.lean:1752:56: warning: This simp argument is unused:
  not_le

Hint: Omit it from the simp argument list.
  [apply] simp only [not_lt] at h ⊢

Note: This linter can be disabled with `set_option linter.unusedSimpArgs false`
SunPrize\Certificate\Theory004.lean:1754:56: warning: This simp argument is unused:
  not_le

Hint: Omit it from the simp argument list.
  [apply] simp only [not_lt] at h ⊢

Note: This linter can be disabled with `set_option linter.unusedSimpArgs false`
SunPrize\Certificate\Theory004.lean:1756:56: warning: This simp argument is unused:
  not_le

Hint: Omit it from the simp argument list.
  [apply] simp only [not_lt] at h ⊢

Note: This linter can be disabled with `set_option linter.unusedSimpArgs false`
SunPrize\Certificate\Theory004.lean:1762:56: warning: This simp argument is unused:
  not_le

Hint: Omit it from the simp argument list.
  [apply] simp only [not_lt] at h ⊢

Note: This linter can be disabled with `set_option linter.unusedSimpArgs false`
SunPrize\Certificate\Theory004.lean:1764:56: warning: This simp argument is unused:
  not_le

Hint: Omit it from the simp argument list.
  [apply] simp only [not_lt] at h ⊢

Note: This linter can be disabled with `set_option linter.unusedSimpArgs false`
SunPrize\Certificate\Theory004.lean:1768:56: warning: This simp argument is unused:
  not_le

Hint: Omit it from the simp argument list.
  [apply] simp only [not_lt] at h ⊢

Note: This linter can be disabled with `set_option linter.unusedSimpArgs false`
SunPrize\Certificate\Theory004.lean:1770:56: warning: This simp argument is unused:
  not_le

Hint: Omit it from the simp argument list.
  [apply] simp only [not_lt] at h ⊢

Note: This linter can be disabled with `set_option linter.unusedSimpArgs false`
SunPrize\Certificate\Theory004.lean:1772:56: warning: This simp argument is unused:
  not_le

Hint: Omit it from the simp argument list.
  [apply] simp only [not_lt] at h ⊢

Note: This linter can be disabled with `set_option linter.unusedSimpArgs false`
SunPrize\Certificate\Theory004.lean:1774:56: warning: This simp argument is unused:
  not_le

Hint: Omit it from the simp argument list.
  [apply] simp only [not_lt] at h ⊢

Note: This linter can be disabled with `set_option linter.unusedSimpArgs false`
SunPrize\Certificate\Theory004.lean:1782:56: warning: This simp argument is unused:
  not_le

Hint: Omit it from the simp argument list.
  [apply] simp only [not_lt] at h ⊢

Note: This linter can be disabled with `set_option linter.unusedSimpArgs false`
SunPrize\Certificate\Theory004.lean:1784:56: warning: This simp argument is unused:
  not_le

Hint: Omit it from the simp argument list.
  [apply] simp only [not_lt] at h ⊢

Note: This linter can be disabled with `set_option linter.unusedSimpArgs false`
SunPrize\Certificate\Theory004.lean:1758:32: warning: Unused tactic linter: `(try simp only [not_lt, not_le] at h ⊢)` does nothing

Note: This linter can be disabled with `set_option linter.unusedTactic false`
SunPrize\Certificate\Theory004.lean:1760:32: warning: Unused tactic linter: `(try simp only [not_lt, not_le] at h ⊢)` does nothing

Note: This linter can be disabled with `set_option linter.unusedTactic false`
SunPrize\Certificate\Theory004.lean:1766:32: warning: Unused tactic linter: `(try simp only [not_lt, not_le] at h ⊢)` does nothing

Note: This linter can be disabled with `set_option linter.unusedTactic false`
SunPrize\Certificate\Theory004.lean:1776:32: warning: Unused tactic linter: `(try simp only [not_lt, not_le] at h ⊢)` does nothing

Note: This linter can be disabled with `set_option linter.unusedTactic false`
SunPrize\Certificate\Theory004.lean:1778:32: warning: Unused tactic linter: `(try simp only [not_lt, not_le] at h ⊢)` does nothing

Note: This linter can be disabled with `set_option linter.unusedTactic false`
SunPrize\Certificate\Theory004.lean:1780:32: warning: Unused tactic linter: `(try simp only [not_lt, not_le] at h ⊢)` does nothing

Note: This linter can be disabled with `set_option linter.unusedTactic false`
SunPrize\Certificate\Theory004.lean:1786:2: warning: Unused tactic linter: `all_goals clear e0 e1 e2 e3 e4 e5 e6 e7 e8 e9 e10 e11 e12 e13 e14 e15 e16 e17 e18` does nothing

Note: This linter can be disabled with `set_option linter.unusedTactic false`
SunPrize\Certificate\Theory004.lean:1787:2: warning: Unused tactic linter: `all_goals tauto` does nothing

Note: This linter can be disabled with `set_option linter.unusedTactic false`
SunPrize\Certificate\Theory004.lean:1786:12: warning: this tactic is never executed

Note: This linter can be disabled with `set_option linter.unreachableTactic false`
SunPrize\Certificate\Theory004.lean:1787:12: warning: this tactic is never executed

Note: This linter can be disabled with `set_option linter.unreachableTactic false`
SunPrize\Certificate\Theory004.lean:1792:56: warning: This simp argument is unused:
  not_le

Hint: Omit it from the simp argument list.
  [apply] simp only [not_lt] at h ⊢

Note: This linter can be disabled with `set_option linter.unusedSimpArgs false`
SunPrize\Certificate\Theory004.lean:1794:56: warning: This simp argument is unused:
  not_le

Hint: Omit it from the simp argument list.
  [apply] simp only [not_lt] at h ⊢

Note: This linter can be disabled with `set_option linter.unusedSimpArgs false`
SunPrize\Certificate\Theory004.lean:1796:56: warning: This simp argument is unused:
  not_le

Hint: Omit it from the simp argument list.
  [apply] simp only [not_lt] at h ⊢

Note: This linter can be disabled with `set_option linter.unusedSimpArgs false`
SunPrize\Certificate\Theory004.lean:1798:56: warning: This simp argument is unused:
  not_le

Hint: Omit it from the simp argument list.
  [apply] simp only [not_lt] at h ⊢

Note: This linter can be disabled with `set_option linter.unusedSimpArgs false`
SunPrize\Certificate\Theory004.lean:1800:56: warning: This simp argument is unused:
  not_le

Hint: Omit it from the simp argument list.
  [apply] simp only [not_lt] at h ⊢

Note: This linter can be disabled with `set_option linter.unusedSimpArgs false`
SunPrize\Certificate\Theory004.lean:1806:56: warning: This simp argument is unused:
  not_le

Hint: Omit it from the simp argument list.
  [apply] simp only [not_lt] at h ⊢

Note: This linter can be disabled with `set_option linter.unusedSimpArgs false`
SunPrize\Certificate\Theory004.lean:1808:56: warning: This simp argument is unused:
  not_le

Hint: Omit it from the simp argument list.
  [apply] simp only [not_lt] at h ⊢

Note: This linter can be disabled with `set_option linter.unusedSimpArgs false`
SunPrize\Certificate\Theory004.lean:1812:56: warning: This simp argument is unused:
  not_le

Hint: Omit it from the simp argument list.
  [apply] simp only [not_lt] at h ⊢

Note: This linter can be disabled with `set_option linter.unusedSimpArgs false`
SunPrize\Certificate\Theory004.lean:1814:56: warning: This simp argument is unused:
  not_le

Hint: Omit it from the simp argument list.
  [apply] simp only [not_lt] at h ⊢

Note: This linter can be disabled with `set_option linter.unusedSimpArgs false`
SunPrize\Certificate\Theory004.lean:1816:56: warning: This simp argument is unused:
  not_le

Hint: Omit it from the simp argument list.
  [apply] simp only [not_lt] at h ⊢

Note: This linter can be disabled with `set_option linter.unusedSimpArgs false`
SunPrize\Certificate\Theory004.lean:1818:56: warning: This simp argument is unused:
  not_le

Hint: Omit it from the simp argument list.
  [apply] simp only [not_lt] at h ⊢

Note: This linter can be disabled with `set_option linter.unusedSimpArgs false`
SunPrize\Certificate\Theory004.lean:1826:56: warning: This simp argument is unused:
  not_le

Hint: Omit it from the simp argument list.
  [apply] simp only [not_lt] at h ⊢

Note: This linter can be disabled with `set_option linter.unusedSimpArgs false`
SunPrize\Certificate\Theory004.lean:1828:56: warning: This simp argument is unused:
  not_le

Hint: Omit it from the simp argument list.
  [apply] simp only [not_lt] at h ⊢

Note: This linter can be disabled with `set_option linter.unusedSimpArgs false`
SunPrize\Certificate\Theory004.lean:1802:32: warning: Unused tactic linter: `(try simp only [not_lt, not_le] at h ⊢)` does nothing

Note: This linter can be disabled with `set_option linter.unusedTactic false`
SunPrize\Certificate\Theory004.lean:1804:32: warning: Unused tactic linter: `(try simp only [not_lt, not_le] at h ⊢)` does nothing

Note: This linter can be disabled with `set_option linter.unusedTactic false`
SunPrize\Certificate\Theory004.lean:1810:32: warning: Unused tactic linter: `(try simp only [not_lt, not_le] at h ⊢)` does nothing

Note: This linter can be disabled with `set_option linter.unusedTactic false`
SunPrize\Certificate\Theory004.lean:1820:32: warning: Unused tactic linter: `(try simp only [not_lt, not_le] at h ⊢)` does nothing

Note: This linter can be disabled with `set_option linter.unusedTactic false`
SunPrize\Certificate\Theory004.lean:1822:32: warning: Unused tactic linter: `(try simp only [not_lt, not_le] at h ⊢)` does nothing

Note: This linter can be disabled with `set_option linter.unusedTactic false`
SunPrize\Certificate\Theory004.lean:1824:32: warning: Unused tactic linter: `(try simp only [not_lt, not_le] at h ⊢)` does nothing

Note: This linter can be disabled with `set_option linter.unusedTactic false`
SunPrize\Certificate\Theory004.lean:1830:2: warning: Unused tactic linter: `all_goals clear e0 e1 e2 e3 e4 e5 e6 e7 e8 e9 e10 e11 e12 e13 e14 e15 e16 e17 e18` does nothing

Note: This linter can be disabled with `set_option linter.unusedTactic false`
SunPrize\Certificate\Theory004.lean:1831:2: warning: Unused tactic linter: `all_goals tauto` does nothing

Note: This linter can be disabled with `set_option linter.unusedTactic false`
SunPrize\Certificate\Theory004.lean:1830:12: warning: this tactic is never executed

Note: This linter can be disabled with `set_option linter.unreachableTactic false`
SunPrize\Certificate\Theory004.lean:1831:12: warning: this tactic is never executed

Note: This linter can be disabled with `set_option linter.unreachableTactic false`
SunPrize\Certificate\Theory004.lean:1836:56: warning: This simp argument is unused:
  not_le

Hint: Omit it from the simp argument list.
  [apply] simp only [not_lt] at h ⊢

Note: This linter can be disabled with `set_option linter.unusedSimpArgs false`
SunPrize\Certificate\Theory004.lean:1844:56: warning: This simp argument is unused:
  not_le

Hint: Omit it from the simp argument list.
  [apply] simp only [not_lt] at h ⊢

Note: This linter can be disabled with `set_option linter.unusedSimpArgs false`
SunPrize\Certificate\Theory004.lean:1846:56: warning: This simp argument is unused:
  not_le

Hint: Omit it from the simp argument list.
  [apply] simp only [not_lt] at h ⊢

Note: This linter can be disabled with `set_option linter.unusedSimpArgs false`
SunPrize\Certificate\Theory004.lean:1852:56: warning: This simp argument is unused:
  not_le

Hint: Omit it from the simp argument list.
  [apply] simp only [not_lt] at h ⊢

Note: This linter can be disabled with `set_option linter.unusedSimpArgs false`
SunPrize\Certificate\Theory004.lean:1854:56: warning: This simp argument is unused:
  not_le

Hint: Omit it from the simp argument list.
  [apply] simp only [not_lt] at h ⊢

Note: This linter can be disabled with `set_option linter.unusedSimpArgs false`
SunPrize\Certificate\Theory004.lean:1858:56: warning: This simp argument is unused:
  not_le

Hint: Omit it from the simp argument list.
  [apply] simp only [not_lt] at h ⊢

Note: This linter can be disabled with `set_option linter.unusedSimpArgs false`
SunPrize\Certificate\Theory004.lean:1860:56: warning: This simp argument is unused:
  not_le

Hint: Omit it from the simp argument list.
  [apply] simp only [not_lt] at h ⊢

Note: This linter can be disabled with `set_option linter.unusedSimpArgs false`
SunPrize\Certificate\Theory004.lean:1862:56: warning: This simp argument is unused:
  not_le

Hint: Omit it from the simp argument list.
  [apply] simp only [not_lt] at h ⊢

Note: This linter can be disabled with `set_option linter.unusedSimpArgs false`
SunPrize\Certificate\Theory004.lean:1864:56: warning: This simp argument is unused:
  not_le

Hint: Omit it from the simp argument list.
  [apply] simp only [not_lt] at h ⊢

Note: This linter can be disabled with `set_option linter.unusedSimpArgs false`
SunPrize\Certificate\Theory004.lean:1866:56: warning: This simp argument is unused:
  not_le

Hint: Omit it from the simp argument list.
  [apply] simp only [not_lt] at h ⊢

Note: This linter can be disabled with `set_option linter.unusedSimpArgs false`
SunPrize\Certificate\Theory004.lean:1868:56: warning: This simp argument is unused:
  not_le

Hint: Omit it from the simp argument list.
  [apply] simp only [not_lt] at h ⊢

Note: This linter can be disabled with `set_option linter.unusedSimpArgs false`
SunPrize\Certificate\Theory004.lean:1870:56: warning: This simp argument is unused:
  not_le

Hint: Omit it from the simp argument list.
  [apply] simp only [not_lt] at h ⊢

Note: This linter can be disabled with `set_option linter.unusedSimpArgs false`
SunPrize\Certificate\Theory004.lean:1872:56: warning: This simp argument is unused:
  not_le

Hint: Omit it from the simp argument list.
  [apply] simp only [not_lt] at h ⊢

Note: This linter can be disabled with `set_option linter.unusedSimpArgs false`
SunPrize\Certificate\Theory004.lean:1838:32: warning: Unused tactic linter: `(try simp only [not_lt, not_le] at h ⊢)` does nothing

Note: This linter can be disabled with `set_option linter.unusedTactic false`
SunPrize\Certificate\Theory004.lean:1840:32: warning: Unused tactic linter: `(try simp only [not_lt, not_le] at h ⊢)` does nothing

Note: This linter can be disabled with `set_option linter.unusedTactic false`
SunPrize\Certificate\Theory004.lean:1842:32: warning: Unused tactic linter: `(try simp only [not_lt, not_le] at h ⊢)` does nothing

Note: This linter can be disabled with `set_option linter.unusedTactic false`
SunPrize\Certificate\Theory004.lean:1848:32: warning: Unused tactic linter: `(try simp only [not_lt, not_le] at h ⊢)` does nothing

Note: This linter can be disabled with `set_option linter.unusedTactic false`
SunPrize\Certificate\Theory004.lean:1850:32: warning: Unused tactic linter: `(try simp only [not_lt, not_le] at h ⊢)` does nothing

Note: This linter can be disabled with `set_option linter.unusedTactic false`
SunPrize\Certificate\Theory004.lean:1856:32: warning: Unused tactic linter: `(try simp only [not_lt, not_le] at h ⊢)` does nothing

Note: This linter can be disabled with `set_option linter.unusedTactic false`
SunPrize\Certificate\Theory004.lean:1874:2: warning: Unused tactic linter: `all_goals clear e0 e1 e2 e3 e4 e5 e6 e7 e8 e9 e10 e11 e12 e13 e14 e15 e16 e17 e18` does nothing

Note: This linter can be disabled with `set_option linter.unusedTactic false`
SunPrize\Certificate\Theory004.lean:1875:2: warning: Unused tactic linter: `all_goals tauto` does nothing

Note: This linter can be disabled with `set_option linter.unusedTactic false`
SunPrize\Certificate\Theory004.lean:1874:12: warning: this tactic is never executed

Note: This linter can be disabled with `set_option linter.unreachableTactic false`
SunPrize\Certificate\Theory004.lean:1875:12: warning: this tactic is never executed

Note: This linter can be disabled with `set_option linter.unreachableTactic false`
SunPrize\Certificate\Theory004.lean:1880:56: warning: This simp argument is unused:
  not_le

Hint: Omit it from the simp argument list.
  [apply] simp only [not_lt] at h ⊢

Note: This linter can be disabled with `set_option linter.unusedSimpArgs false`
SunPrize\Certificate\Theory004.lean:1882:56: warning: This simp argument is unused:
  not_le

Hint: Omit it from the simp argument list.
  [apply] simp only [not_lt] at h ⊢

Note: This linter can be disabled with `set_option linter.unusedSimpArgs false`
SunPrize\Certificate\Theory004.lean:1884:56: warning: This simp argument is unused:
  not_le

Hint: Omit it from the simp argument list.
  [apply] simp only [not_lt] at h ⊢

Note: This linter can be disabled with `set_option linter.unusedSimpArgs false`
SunPrize\Certificate\Theory004.lean:1886:56: warning: This simp argument is unused:
  not_le

Hint: Omit it from the simp argument list.
  [apply] simp only [not_lt] at h ⊢

Note: This linter can be disabled with `set_option linter.unusedSimpArgs false`
SunPrize\Certificate\Theory004.lean:1888:56: warning: This simp argument is unused:
  not_le

Hint: Omit it from the simp argument list.
  [apply] simp only [not_lt] at h ⊢

Note: This linter can be disabled with `set_option linter.unusedSimpArgs false`
SunPrize\Certificate\Theory004.lean:1894:56: warning: This simp argument is unused:
  not_le

Hint: Omit it from the simp argument list.
  [apply] simp only [not_lt] at h ⊢

Note: This linter can be disabled with `set_option linter.unusedSimpArgs false`
SunPrize\Certificate\Theory004.lean:1896:56: warning: This simp argument is unused:
  not_le

Hint: Omit it from the simp argument list.
  [apply] simp only [not_lt] at h ⊢

Note: This linter can be disabled with `set_option linter.unusedSimpArgs false`
SunPrize\Certificate\Theory004.lean:1900:56: warning: This simp argument is unused:
  not_le

Hint: Omit it from the simp argument list.
  [apply] simp only [not_lt] at h ⊢

Note: This linter can be disabled with `set_option linter.unusedSimpArgs false`
SunPrize\Certificate\Theory004.lean:1902:56: warning: This simp argument is unused:
  not_le

Hint: Omit it from the simp argument list.
  [apply] simp only [not_lt] at h ⊢

Note: This linter can be disabled with `set_option linter.unusedSimpArgs false`
SunPrize\Certificate\Theory004.lean:1904:56: warning: This simp argument is unused:
  not_le

Hint: Omit it from the simp argument list.
  [apply] simp only [not_lt] at h ⊢

Note: This linter can be disabled with `set_option linter.unusedSimpArgs false`
SunPrize\Certificate\Theory004.lean:1906:56: warning: This simp argument is unused:
  not_le

Hint: Omit it from the simp argument list.
  [apply] simp only [not_lt] at h ⊢

Note: This linter can be disabled with `set_option linter.unusedSimpArgs false`
SunPrize\Certificate\Theory004.lean:1914:56: warning: This simp argument is unused:
  not_le

Hint: Omit it from the simp argument list.
  [apply] simp only [not_lt] at h ⊢

Note: This linter can be disabled with `set_option linter.unusedSimpArgs false`
SunPrize\Certificate\Theory004.lean:1916:56: warning: This simp argument is unused:
  not_le

Hint: Omit it from the simp argument list.
  [apply] simp only [not_lt] at h ⊢

Note: This linter can be disabled with `set_option linter.unusedSimpArgs false`
SunPrize\Certificate\Theory004.lean:1890:32: warning: Unused tactic linter: `(try simp only [not_lt, not_le] at h ⊢)` does nothing

Note: This linter can be disabled with `set_option linter.unusedTactic false`
SunPrize\Certificate\Theory004.lean:1892:32: warning: Unused tactic linter: `(try simp only [not_lt, not_le] at h ⊢)` does nothing

Note: This linter can be disabled with `set_option linter.unusedTactic false`
SunPrize\Certificate\Theory004.lean:1898:32: warning: Unused tactic linter: `(try simp only [not_lt, not_le] at h ⊢)` does nothing

Note: This linter can be disabled with `set_option linter.unusedTactic false`
SunPrize\Certificate\Theory004.lean:1908:32: warning: Unused tactic linter: `(try simp only [not_lt, not_le] at h ⊢)` does nothing

Note: This linter can be disabled with `set_option linter.unusedTactic false`
SunPrize\Certificate\Theory004.lean:1910:32: warning: Unused tactic linter: `(try simp only [not_lt, not_le] at h ⊢)` does nothing

Note: This linter can be disabled with `set_option linter.unusedTactic false`
SunPrize\Certificate\Theory004.lean:1912:32: warning: Unused tactic linter: `(try simp only [not_lt, not_le] at h ⊢)` does nothing

Note: This linter can be disabled with `set_option linter.unusedTactic false`
SunPrize\Certificate\Theory004.lean:1918:2: warning: Unused tactic linter: `all_goals clear e0 e1 e2 e3 e4 e5 e6 e7 e8 e9 e10 e11 e12 e13 e14 e15 e16 e17 e18` does nothing

Note: This linter can be disabled with `set_option linter.unusedTactic false`
SunPrize\Certificate\Theory004.lean:1919:2: warning: Unused tactic linter: `all_goals tauto` does nothing

Note: This linter can be disabled with `set_option linter.unusedTactic false`
SunPrize\Certificate\Theory004.lean:1918:12: warning: this tactic is never executed

Note: This linter can be disabled with `set_option linter.unreachableTactic false`
SunPrize\Certificate\Theory004.lean:1919:12: warning: this tactic is never executed

Note: This linter can be disabled with `set_option linter.unreachableTactic false`
SunPrize\Certificate\Theory004.lean:1924:56: warning: This simp argument is unused:
  not_le

Hint: Omit it from the simp argument list.
  [apply] simp only [not_lt] at h ⊢

Note: This linter can be disabled with `set_option linter.unusedSimpArgs false`
SunPrize\Certificate\Theory004.lean:1926:56: warning: This simp argument is unused:
  not_le

Hint: Omit it from the simp argument list.
  [apply] simp only [not_lt] at h ⊢

Note: This linter can be disabled with `set_option linter.unusedSimpArgs false`
SunPrize\Certificate\Theory004.lean:1928:56: warning: This simp argument is unused:
  not_le

Hint: Omit it from the simp argument list.
  [apply] simp only [not_lt] at h ⊢

Note: This linter can be disabled with `set_option linter.unusedSimpArgs false`
SunPrize\Certificate\Theory004.lean:1930:56: warning: This simp argument is unused:
  not_le

Hint: Omit it from the simp argument list.
  [apply] simp only [not_lt] at h ⊢

Note: This linter can be disabled with `set_option linter.unusedSimpArgs false`
SunPrize\Certificate\Theory004.lean:1932:56: warning: This simp argument is unused:
  not_le

Hint: Omit it from the simp argument list.
  [apply] simp only [not_lt] at h ⊢

Note: This linter can be disabled with `set_option linter.unusedSimpArgs false`
SunPrize\Certificate\Theory004.lean:1938:56: warning: This simp argument is unused:
  not_le

Hint: Omit it from the simp argument list.
  [apply] simp only [not_lt] at h ⊢

Note: This linter can be disabled with `set_option linter.unusedSimpArgs false`
SunPrize\Certificate\Theory004.lean:1940:56: warning: This simp argument is unused:
  not_le

Hint: Omit it from the simp argument list.
  [apply] simp only [not_lt] at h ⊢

Note: This linter can be disabled with `set_option linter.unusedSimpArgs false`
SunPrize\Certificate\Theory004.lean:1944:56: warning: This simp argument is unused:
  not_le

Hint: Omit it from the simp argument list.
  [apply] simp only [not_lt] at h ⊢

Note: This linter can be disabled with `set_option linter.unusedSimpArgs false`
SunPrize\Certificate\Theory004.lean:1946:56: warning: This simp argument is unused:
  not_le

Hint: Omit it from the simp argument list.
  [apply] simp only [not_lt] at h ⊢

Note: This linter can be disabled with `set_option linter.unusedSimpArgs false`
SunPrize\Certificate\Theory004.lean:1948:56: warning: This simp argument is unused:
  not_le

Hint: Omit it from the simp argument list.
  [apply] simp only [not_lt] at h ⊢

Note: This linter can be disabled with `set_option linter.unusedSimpArgs false`
SunPrize\Certificate\Theory004.lean:1950:56: warning: This simp argument is unused:
  not_le

Hint: Omit it from the simp argument list.
  [apply] simp only [not_lt] at h ⊢

Note: This linter can be disabled with `set_option linter.unusedSimpArgs false`
SunPrize\Certificate\Theory004.lean:1958:56: warning: This simp argument is unused:
  not_le

Hint: Omit it from the simp argument list.
  [apply] simp only [not_lt] at h ⊢

Note: This linter can be disabled with `set_option linter.unusedSimpArgs false`
SunPrize\Certificate\Theory004.lean:1960:56: warning: This simp argument is unused:
  not_le

Hint: Omit it from the simp argument list.
  [apply] simp only [not_lt] at h ⊢

Note: This linter can be disabled with `set_option linter.unusedSimpArgs false`
SunPrize\Certificate\Theory004.lean:1934:32: warning: Unused tactic linter: `(try simp only [not_lt, not_le] at h ⊢)` does nothing

Note: This linter can be disabled with `set_option linter.unusedTactic false`
SunPrize\Certificate\Theory004.lean:1936:32: warning: Unused tactic linter: `(try simp only [not_lt, not_le] at h ⊢)` does nothing

Note: This linter can be disabled with `set_option linter.unusedTactic false`
SunPrize\Certificate\Theory004.lean:1942:32: warning: Unused tactic linter: `(try simp only [not_lt, not_le] at h ⊢)` does nothing

Note: This linter can be disabled with `set_option linter.unusedTactic false`
SunPrize\Certificate\Theory004.lean:1952:32: warning: Unused tactic linter: `(try simp only [not_lt, not_le] at h ⊢)` does nothing

Note: This linter can be disabled with `set_option linter.unusedTactic false`
SunPrize\Certificate\Theory004.lean:1954:32: warning: Unused tactic linter: `(try simp only [not_lt, not_le] at h ⊢)` does nothing

Note: This linter can be disabled with `set_option linter.unusedTactic false`
SunPrize\Certificate\Theory004.lean:1956:32: warning: Unused tactic linter: `(try simp only [not_lt, not_le] at h ⊢)` does nothing

Note: This linter can be disabled with `set_option linter.unusedTactic false`
SunPrize\Certificate\Theory004.lean:1962:2: warning: Unused tactic linter: `all_goals clear e0 e1 e2 e3 e4 e5 e6 e7 e8 e9 e10 e11 e12 e13 e14 e15 e16 e17 e18` does nothing

Note: This linter can be disabled with `set_option linter.unusedTactic false`
SunPrize\Certificate\Theory004.lean:1963:2: warning: Unused tactic linter: `all_goals tauto` does nothing

Note: This linter can be disabled with `set_option linter.unusedTactic false`
SunPrize\Certificate\Theory004.lean:1962:12: warning: this tactic is never executed

Note: This linter can be disabled with `set_option linter.unreachableTactic false`
SunPrize\Certificate\Theory004.lean:1963:12: warning: this tactic is never executed

Note: This linter can be disabled with `set_option linter.unreachableTactic false`
SunPrize\Certificate\Theory004.lean:1972:56: warning: This simp argument is unused:
  not_le

Hint: Omit it from the simp argument list.
  [apply] simp only [not_lt] at h ⊢

Note: This linter can be disabled with `set_option linter.unusedSimpArgs false`
SunPrize\Certificate\Theory004.lean:1974:56: warning: This simp argument is unused:
  not_le

Hint: Omit it from the simp argument list.
  [apply] simp only [not_lt] at h ⊢

Note: This linter can be disabled with `set_option linter.unusedSimpArgs false`
SunPrize\Certificate\Theory004.lean:1982:56: warning: This simp argument is unused:
  not_le

Hint: Omit it from the simp argument list.
  [apply] simp only [not_lt] at h ⊢

Note: This linter can be disabled with `set_option linter.unusedSimpArgs false`
SunPrize\Certificate\Theory004.lean:1984:56: warning: This simp argument is unused:
  not_le

Hint: Omit it from the simp argument list.
  [apply] simp only [not_lt] at h ⊢

Note: This linter can be disabled with `set_option linter.unusedSimpArgs false`
SunPrize\Certificate\Theory004.lean:1988:56: warning: This simp argument is unused:
  not_le

Hint: Omit it from the simp argument list.
  [apply] simp only [not_lt] at h ⊢

Note: This linter can be disabled with `set_option linter.unusedSimpArgs false`
SunPrize\Certificate\Theory004.lean:1990:56: warning: This simp argument is unused:
  not_le

Hint: Omit it from the simp argument list.
  [apply] simp only [not_lt] at h ⊢

Note: This linter can be disabled with `set_option linter.unusedSimpArgs false`
SunPrize\Certificate\Theory004.lean:1992:56: warning: This simp argument is unused:
  not_le

Hint: Omit it from the simp argument list.
  [apply] simp only [not_lt] at h ⊢

Note: This linter can be disabled with `set_option linter.unusedSimpArgs false`
SunPrize\Certificate\Theory004.lean:1994:56: warning: This simp argument is unused:
  not_le

Hint: Omit it from the simp argument list.
  [apply] simp only [not_lt] at h ⊢

Note: This linter can be disabled with `set_option linter.unusedSimpArgs false`
SunPrize\Certificate\Theory004.lean:1996:56: warning: This simp argument is unused:
  not_le

Hint: Omit it from the simp argument list.
  [apply] simp only [not_lt] at h ⊢

Note: This linter can be disabled with `set_option linter.unusedSimpArgs false`
SunPrize\Certificate\Theory004.lean:1998:56: warning: This simp argument is unused:
  not_le

Hint: Omit it from the simp argument list.
  [apply] simp only [not_lt] at h ⊢

Note: This linter can be disabled with `set_option linter.unusedSimpArgs false`
SunPrize\Certificate\Theory004.lean:2000:56: warning: This simp argument is unused:
  not_le

Hint: Omit it from the simp argument list.
  [apply] simp only [not_lt] at h ⊢

Note: This linter can be disabled with `set_option linter.unusedSimpArgs false`
SunPrize\Certificate\Theory004.lean:2002:56: warning: This simp argument is unused:
  not_le

Hint: Omit it from the simp argument list.
  [apply] simp only [not_lt] at h ⊢

Note: This linter can be disabled with `set_option linter.unusedSimpArgs false`
SunPrize\Certificate\Theory004.lean:2004:56: warning: This simp argument is unused:
  not_le

Hint: Omit it from the simp argument list.
  [apply] simp only [not_lt] at h ⊢

Note: This linter can be disabled with `set_option linter.unusedSimpArgs false`
SunPrize\Certificate\Theory004.lean:1968:32: warning: Unused tactic linter: `(try simp only [not_lt, not_le] at h ⊢)` does nothing

Note: This linter can be disabled with `set_option linter.unusedTactic false`
SunPrize\Certificate\Theory004.lean:1970:32: warning: Unused tactic linter: `(try simp only [not_lt, not_le] at h ⊢)` does nothing

Note: This linter can be disabled with `set_option linter.unusedTactic false`
SunPrize\Certificate\Theory004.lean:1976:32: warning: Unused tactic linter: `(try simp only [not_lt, not_le] at h ⊢)` does nothing

Note: This linter can be disabled with `set_option linter.unusedTactic false`
SunPrize\Certificate\Theory004.lean:1978:32: warning: Unused tactic linter: `(try simp only [not_lt, not_le] at h ⊢)` does nothing

Note: This linter can be disabled with `set_option linter.unusedTactic false`
SunPrize\Certificate\Theory004.lean:1980:32: warning: Unused tactic linter: `(try simp only [not_lt, not_le] at h ⊢)` does nothing

Note: This linter can be disabled with `set_option linter.unusedTactic false`
SunPrize\Certificate\Theory004.lean:1986:32: warning: Unused tactic linter: `(try simp only [not_lt, not_le] at h ⊢)` does nothing

Note: This linter can be disabled with `set_option linter.unusedTactic false`
SunPrize\Certificate\Theory004.lean:2006:2: warning: Unused tactic linter: `all_goals clear e0 e1 e2 e3 e4 e5 e6 e7 e8 e9 e10 e11 e12 e13 e14 e15 e16 e17 e18` does nothing

Note: This linter can be disabled with `set_option linter.unusedTactic false`
SunPrize\Certificate\Theory004.lean:2007:2: warning: Unused tactic linter: `all_goals tauto` does nothing

Note: This linter can be disabled with `set_option linter.unusedTactic false`
SunPrize\Certificate\Theory004.lean:2006:12: warning: this tactic is never executed

Note: This linter can be disabled with `set_option linter.unreachableTactic false`
SunPrize\Certificate\Theory004.lean:2007:12: warning: this tactic is never executed

Note: This linter can be disabled with `set_option linter.unreachableTactic false`
SunPrize\Certificate\Theory004.lean:2012:56: warning: This simp argument is unused:
  not_le

Hint: Omit it from the simp argument list.
  [apply] simp only [not_lt] at h ⊢

Note: This linter can be disabled with `set_option linter.unusedSimpArgs false`
SunPrize\Certificate\Theory004.lean:2014:56: warning: This simp argument is unused:
  not_le

Hint: Omit it from the simp argument list.
  [apply] simp only [not_lt] at h ⊢

Note: This linter can be disabled with `set_option linter.unusedSimpArgs false`
SunPrize\Certificate\Theory004.lean:2016:56: warning: This simp argument is unused:
  not_le

Hint: Omit it from the simp argument list.
  [apply] simp only [not_lt] at h ⊢

Note: This linter can be disabled with `set_option linter.unusedSimpArgs false`
SunPrize\Certificate\Theory004.lean:2018:56: warning: This simp argument is unused:
  not_le

Hint: Omit it from the simp argument list.
  [apply] simp only [not_lt] at h ⊢

Note: This linter can be disabled with `set_option linter.unusedSimpArgs false`
SunPrize\Certificate\Theory004.lean:2020:56: warning: This simp argument is unused:
  not_le

Hint: Omit it from the simp argument list.
  [apply] simp only [not_lt] at h ⊢

Note: This linter can be disabled with `set_option linter.unusedSimpArgs false`
SunPrize\Certificate\Theory004.lean:2026:56: warning: This simp argument is unused:
  not_le

Hint: Omit it from the simp argument list.
  [apply] simp only [not_lt] at h ⊢

Note: This linter can be disabled with `set_option linter.unusedSimpArgs false`
SunPrize\Certificate\Theory004.lean:2028:56: warning: This simp argument is unused:
  not_le

Hint: Omit it from the simp argument list.
  [apply] simp only [not_lt] at h ⊢

Note: This linter can be disabled with `set_option linter.unusedSimpArgs false`
SunPrize\Certificate\Theory004.lean:2032:56: warning: This simp argument is unused:
  not_le

Hint: Omit it from the simp argument list.
  [apply] simp only [not_lt] at h ⊢

Note: This linter can be disabled with `set_option linter.unusedSimpArgs false`
SunPrize\Certificate\Theory004.lean:2034:56: warning: This simp argument is unused:
  not_le

Hint: Omit it from the simp argument list.
  [apply] simp only [not_lt] at h ⊢

Note: This linter can be disabled with `set_option linter.unusedSimpArgs false`
SunPrize\Certificate\Theory004.lean:2036:56: warning: This simp argument is unused:
  not_le

Hint: Omit it from the simp argument list.
  [apply] simp only [not_lt] at h ⊢

Note: This linter can be disabled with `set_option linter.unusedSimpArgs false`
SunPrize\Certificate\Theory004.lean:2038:56: warning: This simp argument is unused:
  not_le

Hint: Omit it from the simp argument list.
  [apply] simp only [not_lt] at h ⊢

Note: This linter can be disabled with `set_option linter.unusedSimpArgs false`
SunPrize\Certificate\Theory004.lean:2046:56: warning: This simp argument is unused:
  not_le

Hint: Omit it from the simp argument list.
  [apply] simp only [not_lt] at h ⊢

Note: This linter can be disabled with `set_option linter.unusedSimpArgs false`
SunPrize\Certificate\Theory004.lean:2048:56: warning: This simp argument is unused:
  not_le

Hint: Omit it from the simp argument list.
  [apply] simp only [not_lt] at h ⊢

Note: This linter can be disabled with `set_option linter.unusedSimpArgs false`
SunPrize\Certificate\Theory004.lean:2022:32: warning: Unused tactic linter: `(try simp only [not_lt, not_le] at h ⊢)` does nothing

Note: This linter can be disabled with `set_option linter.unusedTactic false`
SunPrize\Certificate\Theory004.lean:2024:32: warning: Unused tactic linter: `(try simp only [not_lt, not_le] at h ⊢)` does nothing

Note: This linter can be disabled with `set_option linter.unusedTactic false`
SunPrize\Certificate\Theory004.lean:2030:32: warning: Unused tactic linter: `(try simp only [not_lt, not_le] at h ⊢)` does nothing

Note: This linter can be disabled with `set_option linter.unusedTactic false`
SunPrize\Certificate\Theory004.lean:2040:32: warning: Unused tactic linter: `(try simp only [not_lt, not_le] at h ⊢)` does nothing

Note: This linter can be disabled with `set_option linter.unusedTactic false`
SunPrize\Certificate\Theory004.lean:2042:32: warning: Unused tactic linter: `(try simp only [not_lt, not_le] at h ⊢)` does nothing

Note: This linter can be disabled with `set_option linter.unusedTactic false`
SunPrize\Certificate\Theory004.lean:2044:32: warning: Unused tactic linter: `(try simp only [not_lt, not_le] at h ⊢)` does nothing

Note: This linter can be disabled with `set_option linter.unusedTactic false`
SunPrize\Certificate\Theory004.lean:2050:2: warning: Unused tactic linter: `all_goals clear e0 e1 e2 e3 e4 e5 e6 e7 e8 e9 e10 e11 e12 e13 e14 e15 e16 e17 e18` does nothing

Note: This linter can be disabled with `set_option linter.unusedTactic false`
SunPrize\Certificate\Theory004.lean:2051:2: warning: Unused tactic linter: `all_goals tauto` does nothing

Note: This linter can be disabled with `set_option linter.unusedTactic false`
SunPrize\Certificate\Theory004.lean:2050:12: warning: this tactic is never executed

Note: This linter can be disabled with `set_option linter.unreachableTactic false`
SunPrize\Certificate\Theory004.lean:2051:12: warning: this tactic is never executed

Note: This linter can be disabled with `set_option linter.unreachableTactic false`
SunPrize\Certificate\Theory004.lean:2062:56: warning: This simp argument is unused:
  not_le

Hint: Omit it from the simp argument list.
  [apply] simp only [not_lt] at h ⊢

Note: This linter can be disabled with `set_option linter.unusedSimpArgs false`
SunPrize\Certificate\Theory004.lean:2064:56: warning: This simp argument is unused:
  not_le

Hint: Omit it from the simp argument list.
  [apply] simp only [not_lt] at h ⊢

Note: This linter can be disabled with `set_option linter.unusedSimpArgs false`
SunPrize\Certificate\Theory004.lean:2070:56: warning: This simp argument is unused:
  not_le

Hint: Omit it from the simp argument list.
  [apply] simp only [not_lt] at h ⊢

Note: This linter can be disabled with `set_option linter.unusedSimpArgs false`
SunPrize\Certificate\Theory004.lean:2072:56: warning: This simp argument is unused:
  not_le

Hint: Omit it from the simp argument list.
  [apply] simp only [not_lt] at h ⊢

Note: This linter can be disabled with `set_option linter.unusedSimpArgs false`
SunPrize\Certificate\Theory004.lean:2076:56: warning: This simp argument is unused:
  not_le

Hint: Omit it from the simp argument list.
  [apply] simp only [not_lt] at h ⊢

Note: This linter can be disabled with `set_option linter.unusedSimpArgs false`
SunPrize\Certificate\Theory004.lean:2078:56: warning: This simp argument is unused:
  not_le

Hint: Omit it from the simp argument list.
  [apply] simp only [not_lt] at h ⊢

Note: This linter can be disabled with `set_option linter.unusedSimpArgs false`
SunPrize\Certificate\Theory004.lean:2080:56: warning: This simp argument is unused:
  not_le

Hint: Omit it from the simp argument list.
  [apply] simp only [not_lt] at h ⊢

Note: This linter can be disabled with `set_option linter.unusedSimpArgs false`
SunPrize\Certificate\Theory004.lean:2082:56: warning: This simp argument is unused:
  not_le

Hint: Omit it from the simp argument list.
  [apply] simp only [not_lt] at h ⊢

Note: This linter can be disabled with `set_option linter.unusedSimpArgs false`
SunPrize\Certificate\Theory004.lean:2084:56: warning: This simp argument is unused:
  not_le

Hint: Omit it from the simp argument list.
  [apply] simp only [not_lt] at h ⊢

Note: This linter can be disabled with `set_option linter.unusedSimpArgs false`
SunPrize\Certificate\Theory004.lean:2086:56: warning: This simp argument is unused:
  not_le

Hint: Omit it from the simp argument list.
  [apply] simp only [not_lt] at h ⊢

Note: This linter can be disabled with `set_option linter.unusedSimpArgs false`
SunPrize\Certificate\Theory004.lean:2088:56: warning: This simp argument is unused:
  not_le

Hint: Omit it from the simp argument list.
  [apply] simp only [not_lt] at h ⊢

Note: This linter can be disabled with `set_option linter.unusedSimpArgs false`
SunPrize\Certificate\Theory004.lean:2090:56: warning: This simp argument is unused:
  not_le

Hint: Omit it from the simp argument list.
  [apply] simp only [not_lt] at h ⊢

Note: This linter can be disabled with `set_option linter.unusedSimpArgs false`
SunPrize\Certificate\Theory004.lean:2092:56: warning: This simp argument is unused:
  not_le

Hint: Omit it from the simp argument list.
  [apply] simp only [not_lt] at h ⊢

Note: This linter can be disabled with `set_option linter.unusedSimpArgs false`
SunPrize\Certificate\Theory004.lean:2056:32: warning: Unused tactic linter: `(try simp only [not_lt, not_le] at h ⊢)` does nothing

Note: This linter can be disabled with `set_option linter.unusedTactic false`
SunPrize\Certificate\Theory004.lean:2058:32: warning: Unused tactic linter: `(try simp only [not_lt, not_le] at h ⊢)` does nothing

Note: This linter can be disabled with `set_option linter.unusedTactic false`
SunPrize\Certificate\Theory004.lean:2060:32: warning: Unused tactic linter: `(try simp only [not_lt, not_le] at h ⊢)` does nothing

Note: This linter can be disabled with `set_option linter.unusedTactic false`
SunPrize\Certificate\Theory004.lean:2066:32: warning: Unused tactic linter: `(try simp only [not_lt, not_le] at h ⊢)` does nothing

Note: This linter can be disabled with `set_option linter.unusedTactic false`
SunPrize\Certificate\Theory004.lean:2068:32: warning: Unused tactic linter: `(try simp only [not_lt, not_le] at h ⊢)` does nothing

Note: This linter can be disabled with `set_option linter.unusedTactic false`
SunPrize\Certificate\Theory004.lean:2074:32: warning: Unused tactic linter: `(try simp only [not_lt, not_le] at h ⊢)` does nothing

Note: This linter can be disabled with `set_option linter.unusedTactic false`
SunPrize\Certificate\Theory004.lean:2094:2: warning: Unused tactic linter: `all_goals clear e0 e1 e2 e3 e4 e5 e6 e7 e8 e9 e10 e11 e12 e13 e14 e15 e16 e17 e18` does nothing

Note: This linter can be disabled with `set_option linter.unusedTactic false`
SunPrize\Certificate\Theory004.lean:2095:2: warning: Unused tactic linter: `all_goals tauto` does nothing

Note: This linter can be disabled with `set_option linter.unusedTactic false`
SunPrize\Certificate\Theory004.lean:2094:12: warning: this tactic is never executed

Note: This linter can be disabled with `set_option linter.unreachableTactic false`
SunPrize\Certificate\Theory004.lean:2095:12: warning: this tactic is never executed

Note: This linter can be disabled with `set_option linter.unreachableTactic false`
SunPrize\Certificate\Theory004.lean:2100:56: warning: This simp argument is unused:
  not_le

Hint: Omit it from the simp argument list.
  [apply] simp only [not_lt] at h ⊢

Note: This linter can be disabled with `set_option linter.unusedSimpArgs false`
SunPrize\Certificate\Theory004.lean:2102:56: warning: This simp argument is unused:
  not_le

Hint: Omit it from the simp argument list.
  [apply] simp only [not_lt] at h ⊢

Note: This linter can be disabled with `set_option linter.unusedSimpArgs false`
SunPrize\Certificate\Theory004.lean:2104:56: warning: This simp argument is unused:
  not_le

Hint: Omit it from the simp argument list.
  [apply] simp only [not_lt] at h ⊢

Note: This linter can be disabled with `set_option linter.unusedSimpArgs false`
SunPrize\Certificate\Theory004.lean:2106:56: warning: This simp argument is unused:
  not_le

Hint: Omit it from the simp argument list.
  [apply] simp only [not_lt] at h ⊢

Note: This linter can be disabled with `set_option linter.unusedSimpArgs false`
SunPrize\Certificate\Theory004.lean:2108:56: warning: This simp argument is unused:
  not_le

Hint: Omit it from the simp argument list.
  [apply] simp only [not_lt] at h ⊢

Note: This linter can be disabled with `set_option linter.unusedSimpArgs false`
SunPrize\Certificate\Theory004.lean:2114:56: warning: This simp argument is unused:
  not_le

Hint: Omit it from the simp argument list.
  [apply] simp only [not_lt] at h ⊢

Note: This linter can be disabled with `set_option linter.unusedSimpArgs false`
SunPrize\Certificate\Theory004.lean:2116:56: warning: This simp argument is unused:
  not_le

Hint: Omit it from the simp argument list.
  [apply] simp only [not_lt] at h ⊢

Note: This linter can be disabled with `set_option linter.unusedSimpArgs false`
SunPrize\Certificate\Theory004.lean:2120:56: warning: This simp argument is unused:
  not_le

Hint: Omit it from the simp argument list.
  [apply] simp only [not_lt] at h ⊢

Note: This linter can be disabled with `set_option linter.unusedSimpArgs false`
SunPrize\Certificate\Theory004.lean:2122:56: warning: This simp argument is unused:
  not_le

Hint: Omit it from the simp argument list.
  [apply] simp only [not_lt] at h ⊢

Note: This linter can be disabled with `set_option linter.unusedSimpArgs false`
SunPrize\Certificate\Theory004.lean:2124:56: warning: This simp argument is unused:
  not_le

Hint: Omit it from the simp argument list.
  [apply] simp only [not_lt] at h ⊢

Note: This linter can be disabled with `set_option linter.unusedSimpArgs false`
SunPrize\Certificate\Theory004.lean:2126:56: warning: This simp argument is unused:
  not_le

Hint: Omit it from the simp argument list.
  [apply] simp only [not_lt] at h ⊢

Note: This linter can be disabled with `set_option linter.unusedSimpArgs false`
SunPrize\Certificate\Theory004.lean:2134:56: warning: This simp argument is unused:
  not_le

Hint: Omit it from the simp argument list.
  [apply] simp only [not_lt] at h ⊢

Note: This linter can be disabled with `set_option linter.unusedSimpArgs false`
SunPrize\Certificate\Theory004.lean:2136:56: warning: This simp argument is unused:
  not_le

Hint: Omit it from the simp argument list.
  [apply] simp only [not_lt] at h ⊢

Note: This linter can be disabled with `set_option linter.unusedSimpArgs false`
SunPrize\Certificate\Theory004.lean:2110:32: warning: Unused tactic linter: `(try simp only [not_lt, not_le] at h ⊢)` does nothing

Note: This linter can be disabled with `set_option linter.unusedTactic false`
SunPrize\Certificate\Theory004.lean:2112:32: warning: Unused tactic linter: `(try simp only [not_lt, not_le] at h ⊢)` does nothing

Note: This linter can be disabled with `set_option linter.unusedTactic false`
SunPrize\Certificate\Theory004.lean:2118:32: warning: Unused tactic linter: `(try simp only [not_lt, not_le] at h ⊢)` does nothing

Note: This linter can be disabled with `set_option linter.unusedTactic false`
SunPrize\Certificate\Theory004.lean:2128:32: warning: Unused tactic linter: `(try simp only [not_lt, not_le] at h ⊢)` does nothing

Note: This linter can be disabled with `set_option linter.unusedTactic false`
SunPrize\Certificate\Theory004.lean:2130:32: warning: Unused tactic linter: `(try simp only [not_lt, not_le] at h ⊢)` does nothing

Note: This linter can be disabled with `set_option linter.unusedTactic false`
SunPrize\Certificate\Theory004.lean:2132:32: warning: Unused tactic linter: `(try simp only [not_lt, not_le] at h ⊢)` does nothing

Note: This linter can be disabled with `set_option linter.unusedTactic false`
SunPrize\Certificate\Theory004.lean:2138:2: warning: Unused tactic linter: `all_goals clear e0 e1 e2 e3 e4 e5 e6 e7 e8 e9 e10 e11 e12 e13 e14 e15 e16 e17 e18` does nothing

Note: This linter can be disabled with `set_option linter.unusedTactic false`
SunPrize\Certificate\Theory004.lean:2139:2: warning: Unused tactic linter: `all_goals tauto` does nothing

Note: This linter can be disabled with `set_option linter.unusedTactic false`
SunPrize\Certificate\Theory004.lean:2138:12: warning: this tactic is never executed

Note: This linter can be disabled with `set_option linter.unreachableTactic false`
SunPrize\Certificate\Theory004.lean:2139:12: warning: this tactic is never executed

Note: This linter can be disabled with `set_option linter.unreachableTactic false`
SunPrize\Certificate\Theory004.lean:2144:56: warning: This simp argument is unused:
  not_le

Hint: Omit it from the simp argument list.
  [apply] simp only [not_lt] at h ⊢

Note: This linter can be disabled with `set_option linter.unusedSimpArgs false`
SunPrize\Certificate\Theory004.lean:2146:56: warning: This simp argument is unused:
  not_le

Hint: Omit it from the simp argument list.
  [apply] simp only [not_lt] at h ⊢

Note: This linter can be disabled with `set_option linter.unusedSimpArgs false`
SunPrize\Certificate\Theory004.lean:2148:56: warning: This simp argument is unused:
  not_le

Hint: Omit it from the simp argument list.
  [apply] simp only [not_lt] at h ⊢

Note: This linter can be disabled with `set_option linter.unusedSimpArgs false`
SunPrize\Certificate\Theory004.lean:2154:56: warning: This simp argument is unused:
  not_le

Hint: Omit it from the simp argument list.
  [apply] simp only [not_lt] at h ⊢

Note: This linter can be disabled with `set_option linter.unusedSimpArgs false`
SunPrize\Certificate\Theory004.lean:2156:56: warning: This simp argument is unused:
  not_le

Hint: Omit it from the simp argument list.
  [apply] simp only [not_lt] at h ⊢

Note: This linter can be disabled with `set_option linter.unusedSimpArgs false`
SunPrize\Certificate\Theory004.lean:2160:56: warning: This simp argument is unused:
  not_le

Hint: Omit it from the simp argument list.
  [apply] simp only [not_lt] at h ⊢

Note: This linter can be disabled with `set_option linter.unusedSimpArgs false`
SunPrize\Certificate\Theory004.lean:2162:56: warning: This simp argument is unused:
  not_le

Hint: Omit it from the simp argument list.
  [apply] simp only [not_lt] at h ⊢

Note: This linter can be disabled with `set_option linter.unusedSimpArgs false`
SunPrize\Certificate\Theory004.lean:2164:56: warning: This simp argument is unused:
  not_le

Hint: Omit it from the simp argument list.
  [apply] simp only [not_lt] at h ⊢

Note: This linter can be disabled with `set_option linter.unusedSimpArgs false`
SunPrize\Certificate\Theory004.lean:2166:56: warning: This simp argument is unused:
  not_le

Hint: Omit it from the simp argument list.
  [apply] simp only [not_lt] at h ⊢

Note: This linter can be disabled with `set_option linter.unusedSimpArgs false`
SunPrize\Certificate\Theory004.lean:2174:56: warning: This simp argument is unused:
  not_le

Hint: Omit it from the simp argument list.
  [apply] simp only [not_lt] at h ⊢

Note: This linter can be disabled with `set_option linter.unusedSimpArgs false`
SunPrize\Certificate\Theory004.lean:2176:56: warning: This simp argument is unused:
  not_le

Hint: Omit it from the simp argument list.
  [apply] simp only [not_lt] at h ⊢

Note: This linter can be disabled with `set_option linter.unusedSimpArgs false`
SunPrize\Certificate\Theory004.lean:2178:56: warning: This simp argument is unused:
  not_le

Hint: Omit it from the simp argument list.
  [apply] simp only [not_lt] at h ⊢

Note: This linter can be disabled with `set_option linter.unusedSimpArgs false`
SunPrize\Certificate\Theory004.lean:2180:56: warning: This simp argument is unused:
  not_le

Hint: Omit it from the simp argument list.
  [apply] simp only [not_lt] at h ⊢

Note: This linter can be disabled with `set_option linter.unusedSimpArgs false`
SunPrize\Certificate\Theory004.lean:2150:32: warning: Unused tactic linter: `(try simp only [not_lt, not_le] at h ⊢)` does nothing

Note: This linter can be disabled with `set_option linter.unusedTactic false`
SunPrize\Certificate\Theory004.lean:2152:32: warning: Unused tactic linter: `(try simp only [not_lt, not_le] at h ⊢)` does nothing

Note: This linter can be disabled with `set_option linter.unusedTactic false`
SunPrize\Certificate\Theory004.lean:2158:32: warning: Unused tactic linter: `(try simp only [not_lt, not_le] at h ⊢)` does nothing

Note: This linter can be disabled with `set_option linter.unusedTactic false`
SunPrize\Certificate\Theory004.lean:2168:32: warning: Unused tactic linter: `(try simp only [not_lt, not_le] at h ⊢)` does nothing

Note: This linter can be disabled with `set_option linter.unusedTactic false`
SunPrize\Certificate\Theory004.lean:2170:32: warning: Unused tactic linter: `(try simp only [not_lt, not_le] at h ⊢)` does nothing

Note: This linter can be disabled with `set_option linter.unusedTactic false`
SunPrize\Certificate\Theory004.lean:2172:32: warning: Unused tactic linter: `(try simp only [not_lt, not_le] at h ⊢)` does nothing

Note: This linter can be disabled with `set_option linter.unusedTactic false`
SunPrize\Certificate\Theory004.lean:2182:2: warning: Unused tactic linter: `all_goals clear e0 e1 e2 e3 e4 e5 e6 e7 e8 e9 e10 e11 e12 e13 e14 e15 e16 e17 e18` does nothing

Note: This linter can be disabled with `set_option linter.unusedTactic false`
SunPrize\Certificate\Theory004.lean:2183:2: warning: Unused tactic linter: `all_goals tauto` does nothing

Note: This linter can be disabled with `set_option linter.unusedTactic false`
SunPrize\Certificate\Theory004.lean:2182:12: warning: this tactic is never executed

Note: This linter can be disabled with `set_option linter.unreachableTactic false`
SunPrize\Certificate\Theory004.lean:2183:12: warning: this tactic is never executed

Note: This linter can be disabled with `set_option linter.unreachableTactic false`
SunPrize\Certificate\Theory004.lean:2195:56: warning: This simp argument is unused:
  not_le

Hint: Omit it from the simp argument list.
  [apply] simp only [not_lt] at h ⊢

Note: This linter can be disabled with `set_option linter.unusedSimpArgs false`
SunPrize\Certificate\Theory004.lean:2197:56: warning: This simp argument is unused:
  not_le

Hint: Omit it from the simp argument list.
  [apply] simp only [not_lt] at h ⊢

Note: This linter can be disabled with `set_option linter.unusedSimpArgs false`
SunPrize\Certificate\Theory004.lean:2199:56: warning: This simp argument is unused:
  not_le

Hint: Omit it from the simp argument list.
  [apply] simp only [not_lt] at h ⊢

Note: This linter can be disabled with `set_option linter.unusedSimpArgs false`
SunPrize\Certificate\Theory004.lean:2201:56: warning: This simp argument is unused:
  not_le

Hint: Omit it from the simp argument list.
  [apply] simp only [not_lt] at h ⊢

Note: This linter can be disabled with `set_option linter.unusedSimpArgs false`
SunPrize\Certificate\Theory004.lean:2203:56: warning: This simp argument is unused:
  not_le

Hint: Omit it from the simp argument list.
  [apply] simp only [not_lt] at h ⊢

Note: This linter can be disabled with `set_option linter.unusedSimpArgs false`
SunPrize\Certificate\Theory004.lean:2209:56: warning: This simp argument is unused:
  not_le

Hint: Omit it from the simp argument list.
  [apply] simp only [not_lt] at h ⊢

Note: This linter can be disabled with `set_option linter.unusedSimpArgs false`
SunPrize\Certificate\Theory004.lean:2211:56: warning: This simp argument is unused:
  not_le

Hint: Omit it from the simp argument list.
  [apply] simp only [not_lt] at h ⊢

Note: This linter can be disabled with `set_option linter.unusedSimpArgs false`
SunPrize\Certificate\Theory004.lean:2215:56: warning: This simp argument is unused:
  not_le

Hint: Omit it from the simp argument list.
  [apply] simp only [not_lt] at h ⊢

Note: This linter can be disabled with `set_option linter.unusedSimpArgs false`
SunPrize\Certificate\Theory004.lean:2217:56: warning: This simp argument is unused:
  not_le

Hint: Omit it from the simp argument list.
  [apply] simp only [not_lt] at h ⊢

Note: This linter can be disabled with `set_option linter.unusedSimpArgs false`
SunPrize\Certificate\Theory004.lean:2219:56: warning: This simp argument is unused:
  not_le

Hint: Omit it from the simp argument list.
  [apply] simp only [not_lt] at h ⊢

Note: This linter can be disabled with `set_option linter.unusedSimpArgs false`
SunPrize\Certificate\Theory004.lean:2221:56: warning: This simp argument is unused:
  not_le

Hint: Omit it from the simp argument list.
  [apply] simp only [not_lt] at h ⊢

Note: This linter can be disabled with `set_option linter.unusedSimpArgs false`
SunPrize\Certificate\Theory004.lean:2229:56: warning: This simp argument is unused:
  not_le

Hint: Omit it from the simp argument list.
  [apply] simp only [not_lt] at h ⊢

Note: This linter can be disabled with `set_option linter.unusedSimpArgs false`
SunPrize\Certificate\Theory004.lean:2231:56: warning: This simp argument is unused:
  not_le

Hint: Omit it from the simp argument list.
  [apply] simp only [not_lt] at h ⊢

Note: This linter can be disabled with `set_option linter.unusedSimpArgs false`
SunPrize\Certificate\Theory004.lean:2205:32: warning: Unused tactic linter: `(try simp only [not_lt, not_le] at h ⊢)` does nothing

Note: This linter can be disabled with `set_option linter.unusedTactic false`
SunPrize\Certificate\Theory004.lean:2207:32: warning: Unused tactic linter: `(try simp only [not_lt, not_le] at h ⊢)` does nothing

Note: This linter can be disabled with `set_option linter.unusedTactic false`
SunPrize\Certificate\Theory004.lean:2213:32: warning: Unused tactic linter: `(try simp only [not_lt, not_le] at h ⊢)` does nothing

Note: This linter can be disabled with `set_option linter.unusedTactic false`
SunPrize\Certificate\Theory004.lean:2223:32: warning: Unused tactic linter: `(try simp only [not_lt, not_le] at h ⊢)` does nothing

Note: This linter can be disabled with `set_option linter.unusedTactic false`
SunPrize\Certificate\Theory004.lean:2225:32: warning: Unused tactic linter: `(try simp only [not_lt, not_le] at h ⊢)` does nothing

Note: This linter can be disabled with `set_option linter.unusedTactic false`
SunPrize\Certificate\Theory004.lean:2227:32: warning: Unused tactic linter: `(try simp only [not_lt, not_le] at h ⊢)` does nothing

Note: This linter can be disabled with `set_option linter.unusedTactic false`
SunPrize\Certificate\Theory004.lean:2233:2: warning: Unused tactic linter: `all_goals clear e0 e1 e2 e3 e4 e5 e6 e7 e8 e9 e10 e11 e12 e13 e14 e15 e16 e17 e18` does nothing

Note: This linter can be disabled with `set_option linter.unusedTactic false`
SunPrize\Certificate\Theory004.lean:2234:2: warning: Unused tactic linter: `all_goals tauto` does nothing

Note: This linter can be disabled with `set_option linter.unusedTactic false`
SunPrize\Certificate\Theory004.lean:2233:12: warning: this tactic is never executed

Note: This linter can be disabled with `set_option linter.unreachableTactic false`
SunPrize\Certificate\Theory004.lean:2234:12: warning: this tactic is never executed

Note: This linter can be disabled with `set_option linter.unreachableTactic false`
SunPrize\Certificate\Theory004.lean:2257:56: warning: This simp argument is unused:
  not_le

Hint: Omit it from the simp argument list.
  [apply] simp only [not_lt] at h ⊢

Note: This linter can be disabled with `set_option linter.unusedSimpArgs false`
SunPrize\Certificate\Theory004.lean:2259:56: warning: This simp argument is unused:
  not_le

Hint: Omit it from the simp argument list.
  [apply] simp only [not_lt] at h ⊢

Note: This linter can be disabled with `set_option linter.unusedSimpArgs false`
SunPrize\Certificate\Theory004.lean:2263:56: warning: This simp argument is unused:
  not_le

Hint: Omit it from the simp argument list.
  [apply] simp only [not_lt] at h ⊢

Note: This linter can be disabled with `set_option linter.unusedSimpArgs false`
SunPrize\Certificate\Theory004.lean:2265:56: warning: This simp argument is unused:
  not_le

Hint: Omit it from the simp argument list.
  [apply] simp only [not_lt] at h ⊢

Note: This linter can be disabled with `set_option linter.unusedSimpArgs false`
SunPrize\Certificate\Theory004.lean:2267:56: warning: This simp argument is unused:
  not_le

Hint: Omit it from the simp argument list.
  [apply] simp only [not_lt] at h ⊢

Note: This linter can be disabled with `set_option linter.unusedSimpArgs false`
SunPrize\Certificate\Theory004.lean:2269:56: warning: This simp argument is unused:
  not_le

Hint: Omit it from the simp argument list.
  [apply] simp only [not_lt] at h ⊢

Note: This linter can be disabled with `set_option linter.unusedSimpArgs false`
SunPrize\Certificate\Theory004.lean:2271:56: warning: This simp argument is unused:
  not_le

Hint: Omit it from the simp argument list.
  [apply] simp only [not_lt] at h ⊢

Note: This linter can be disabled with `set_option linter.unusedSimpArgs false`
SunPrize\Certificate\Theory004.lean:2279:56: warning: This simp argument is unused:
  not_le

Hint: Omit it from the simp argument list.
  [apply] simp only [not_lt] at h ⊢

Note: This linter can be disabled with `set_option linter.unusedSimpArgs false`
SunPrize\Certificate\Theory004.lean:2281:56: warning: This simp argument is unused:
  not_le

Hint: Omit it from the simp argument list.
  [apply] simp only [not_lt] at h ⊢

Note: This linter can be disabled with `set_option linter.unusedSimpArgs false`
SunPrize\Certificate\Theory004.lean:2283:56: warning: This simp argument is unused:
  not_le

Hint: Omit it from the simp argument list.
  [apply] simp only [not_lt] at h ⊢

Note: This linter can be disabled with `set_option linter.unusedSimpArgs false`
SunPrize\Certificate\Theory004.lean:2285:56: warning: This simp argument is unused:
  not_le

Hint: Omit it from the simp argument list.
  [apply] simp only [not_lt] at h ⊢

Note: This linter can be disabled with `set_option linter.unusedSimpArgs false`
SunPrize\Certificate\Theory004.lean:2287:56: warning: This simp argument is unused:
  not_le

Hint: Omit it from the simp argument list.
  [apply] simp only [not_lt] at h ⊢

Note: This linter can be disabled with `set_option linter.unusedSimpArgs false`
SunPrize\Certificate\Theory004.lean:2289:56: warning: This simp argument is unused:
  not_le

Hint: Omit it from the simp argument list.
  [apply] simp only [not_lt] at h ⊢

Note: This linter can be disabled with `set_option linter.unusedSimpArgs false`
SunPrize\Certificate\Theory004.lean:2253:32: warning: Unused tactic linter: `(try simp only [not_lt, not_le] at h ⊢)` does nothing

Note: This linter can be disabled with `set_option linter.unusedTactic false`
SunPrize\Certificate\Theory004.lean:2255:32: warning: Unused tactic linter: `(try simp only [not_lt, not_le] at h ⊢)` does nothing

Note: This linter can be disabled with `set_option linter.unusedTactic false`
SunPrize\Certificate\Theory004.lean:2261:32: warning: Unused tactic linter: `(try simp only [not_lt, not_le] at h ⊢)` does nothing

Note: This linter can be disabled with `set_option linter.unusedTactic false`
SunPrize\Certificate\Theory004.lean:2273:32: warning: Unused tactic linter: `(try simp only [not_lt, not_le] at h ⊢)` does nothing

Note: This linter can be disabled with `set_option linter.unusedTactic false`
SunPrize\Certificate\Theory004.lean:2275:32: warning: Unused tactic linter: `(try simp only [not_lt, not_le] at h ⊢)` does nothing

Note: This linter can be disabled with `set_option linter.unusedTactic false`
SunPrize\Certificate\Theory004.lean:2277:32: warning: Unused tactic linter: `(try simp only [not_lt, not_le] at h ⊢)` does nothing

Note: This linter can be disabled with `set_option linter.unusedTactic false`
SunPrize\Certificate\Theory004.lean:2291:2: warning: Unused tactic linter: `all_goals clear e0 e1 e2 e3 e4 e5 e6 e7 e8 e9 e10 e11 e12 e13 e14 e15 e16 e17 e18` does nothing

Note: This linter can be disabled with `set_option linter.unusedTactic false`
SunPrize\Certificate\Theory004.lean:2292:2: warning: Unused tactic linter: `all_goals tauto` does nothing

Note: This linter can be disabled with `set_option linter.unusedTactic false`
SunPrize\Certificate\Theory004.lean:2291:12: warning: this tactic is never executed

Note: This linter can be disabled with `set_option linter.unreachableTactic false`
SunPrize\Certificate\Theory004.lean:2292:12: warning: this tactic is never executed

Note: This linter can be disabled with `set_option linter.unreachableTactic false`
SunPrize\Certificate\Theory004.lean:2297:56: warning: This simp argument is unused:
  not_le

Hint: Omit it from the simp argument list.
  [apply] simp only [not_lt] at h ⊢

Note: This linter can be disabled with `set_option linter.unusedSimpArgs false`
SunPrize\Certificate\Theory004.lean:2299:56: warning: This simp argument is unused:
  not_le

Hint: Omit it from the simp argument list.
  [apply] simp only [not_lt] at h ⊢

Note: This linter can be disabled with `set_option linter.unusedSimpArgs false`
SunPrize\Certificate\Theory004.lean:2301:56: warning: This simp argument is unused:
  not_le

Hint: Omit it from the simp argument list.
  [apply] simp only [not_lt] at h ⊢

Note: This linter can be disabled with `set_option linter.unusedSimpArgs false`
SunPrize\Certificate\Theory004.lean:2303:56: warning: This simp argument is unused:
  not_le

Hint: Omit it from the simp argument list.
  [apply] simp only [not_lt] at h ⊢

Note: This linter can be disabled with `set_option linter.unusedSimpArgs false`
SunPrize\Certificate\Theory004.lean:2305:56: warning: This simp argument is unused:
  not_le

Hint: Omit it from the simp argument list.
  [apply] simp only [not_lt] at h ⊢

Note: This linter can be disabled with `set_option linter.unusedSimpArgs false`
SunPrize\Certificate\Theory004.lean:2311:56: warning: This simp argument is unused:
  not_le

Hint: Omit it from the simp argument list.
  [apply] simp only [not_lt] at h ⊢

Note: This linter can be disabled with `set_option linter.unusedSimpArgs false`
SunPrize\Certificate\Theory004.lean:2313:56: warning: This simp argument is unused:
  not_le

Hint: Omit it from the simp argument list.
  [apply] simp only [not_lt] at h ⊢

Note: This linter can be disabled with `set_option linter.unusedSimpArgs false`
SunPrize\Certificate\Theory004.lean:2317:56: warning: This simp argument is unused:
  not_le

Hint: Omit it from the simp argument list.
  [apply] simp only [not_lt] at h ⊢

Note: This linter can be disabled with `set_option linter.unusedSimpArgs false`
SunPrize\Certificate\Theory004.lean:2319:56: warning: This simp argument is unused:
  not_le

Hint: Omit it from the simp argument list.
  [apply] simp only [not_lt] at h ⊢

Note: This linter can be disabled with `set_option linter.unusedSimpArgs false`
SunPrize\Certificate\Theory004.lean:2321:56: warning: This simp argument is unused:
  not_le

Hint: Omit it from the simp argument list.
  [apply] simp only [not_lt] at h ⊢

Note: This linter can be disabled with `set_option linter.unusedSimpArgs false`
SunPrize\Certificate\Theory004.lean:2323:56: warning: This simp argument is unused:
  not_le

Hint: Omit it from the simp argument list.
  [apply] simp only [not_lt] at h ⊢

Note: This linter can be disabled with `set_option linter.unusedSimpArgs false`
SunPrize\Certificate\Theory004.lean:2331:56: warning: This simp argument is unused:
  not_le

Hint: Omit it from the simp argument list.
  [apply] simp only [not_lt] at h ⊢

Note: This linter can be disabled with `set_option linter.unusedSimpArgs false`
SunPrize\Certificate\Theory004.lean:2333:56: warning: This simp argument is unused:
  not_le

Hint: Omit it from the simp argument list.
  [apply] simp only [not_lt] at h ⊢

Note: This linter can be disabled with `set_option linter.unusedSimpArgs false`
SunPrize\Certificate\Theory004.lean:2307:32: warning: Unused tactic linter: `(try simp only [not_lt, not_le] at h ⊢)` does nothing

Note: This linter can be disabled with `set_option linter.unusedTactic false`
SunPrize\Certificate\Theory004.lean:2309:32: warning: Unused tactic linter: `(try simp only [not_lt, not_le] at h ⊢)` does nothing

Note: This linter can be disabled with `set_option linter.unusedTactic false`
SunPrize\Certificate\Theory004.lean:2315:32: warning: Unused tactic linter: `(try simp only [not_lt, not_le] at h ⊢)` does nothing

Note: This linter can be disabled with `set_option linter.unusedTactic false`
SunPrize\Certificate\Theory004.lean:2325:32: warning: Unused tactic linter: `(try simp only [not_lt, not_le] at h ⊢)` does nothing

Note: This linter can be disabled with `set_option linter.unusedTactic false`
SunPrize\Certificate\Theory004.lean:2327:32: warning: Unused tactic linter: `(try simp only [not_lt, not_le] at h ⊢)` does nothing

Note: This linter can be disabled with `set_option linter.unusedTactic false`
SunPrize\Certificate\Theory004.lean:2329:32: warning: Unused tactic linter: `(try simp only [not_lt, not_le] at h ⊢)` does nothing

Note: This linter can be disabled with `set_option linter.unusedTactic false`
SunPrize\Certificate\Theory004.lean:2335:2: warning: Unused tactic linter: `all_goals clear e0 e1 e2 e3 e4 e5 e6 e7 e8 e9 e10 e11 e12 e13 e14 e15 e16 e17 e18` does nothing

Note: This linter can be disabled with `set_option linter.unusedTactic false`
SunPrize\Certificate\Theory004.lean:2336:2: warning: Unused tactic linter: `all_goals tauto` does nothing

Note: This linter can be disabled with `set_option linter.unusedTactic false`
SunPrize\Certificate\Theory004.lean:2335:12: warning: this tactic is never executed

Note: This linter can be disabled with `set_option linter.unreachableTactic false`
SunPrize\Certificate\Theory004.lean:2336:12: warning: this tactic is never executed

Note: This linter can be disabled with `set_option linter.unreachableTactic false`
SunPrize\Certificate\Theory004.lean:2341:56: warning: This simp argument is unused:
  not_le

Hint: Omit it from the simp argument list.
  [apply] simp only [not_lt] at h ⊢

Note: This linter can be disabled with `set_option linter.unusedSimpArgs false`
SunPrize\Certificate\Theory004.lean:2343:56: warning: This simp argument is unused:
  not_le

Hint: Omit it from the simp argument list.
  [apply] simp only [not_lt] at h ⊢

Note: This linter can be disabled with `set_option linter.unusedSimpArgs false`
SunPrize\Certificate\Theory004.lean:2345:56: warning: This simp argument is unused:
  not_le

Hint: Omit it from the simp argument list.
  [apply] simp only [not_lt] at h ⊢

Note: This linter can be disabled with `set_option linter.unusedSimpArgs false`
SunPrize\Certificate\Theory004.lean:2347:56: warning: This simp argument is unused:
  not_le

Hint: Omit it from the simp argument list.
  [apply] simp only [not_lt] at h ⊢

Note: This linter can be disabled with `set_option linter.unusedSimpArgs false`
SunPrize\Certificate\Theory004.lean:2349:56: warning: This simp argument is unused:
  not_le

Hint: Omit it from the simp argument list.
  [apply] simp only [not_lt] at h ⊢

Note: This linter can be disabled with `set_option linter.unusedSimpArgs false`
SunPrize\Certificate\Theory004.lean:2355:56: warning: This simp argument is unused:
  not_le

Hint: Omit it from the simp argument list.
  [apply] simp only [not_lt] at h ⊢

Note: This linter can be disabled with `set_option linter.unusedSimpArgs false`
SunPrize\Certificate\Theory004.lean:2357:56: warning: This simp argument is unused:
  not_le

Hint: Omit it from the simp argument list.
  [apply] simp only [not_lt] at h ⊢

Note: This linter can be disabled with `set_option linter.unusedSimpArgs false`
SunPrize\Certificate\Theory004.lean:2361:56: warning: This simp argument is unused:
  not_le

Hint: Omit it from the simp argument list.
  [apply] simp only [not_lt] at h ⊢

Note: This linter can be disabled with `set_option linter.unusedSimpArgs false`
SunPrize\Certificate\Theory004.lean:2363:56: warning: This simp argument is unused:
  not_le

Hint: Omit it from the simp argument list.
  [apply] simp only [not_lt] at h ⊢

Note: This linter can be disabled with `set_option linter.unusedSimpArgs false`
SunPrize\Certificate\Theory004.lean:2365:56: warning: This simp argument is unused:
  not_le

Hint: Omit it from the simp argument list.
  [apply] simp only [not_lt] at h ⊢

Note: This linter can be disabled with `set_option linter.unusedSimpArgs false`
SunPrize\Certificate\Theory004.lean:2367:56: warning: This simp argument is unused:
  not_le

Hint: Omit it from the simp argument list.
  [apply] simp only [not_lt] at h ⊢

Note: This linter can be disabled with `set_option linter.unusedSimpArgs false`
SunPrize\Certificate\Theory004.lean:2375:56: warning: This simp argument is unused:
  not_le

Hint: Omit it from the simp argument list.
  [apply] simp only [not_lt] at h ⊢

Note: This linter can be disabled with `set_option linter.unusedSimpArgs false`
SunPrize\Certificate\Theory004.lean:2377:56: warning: This simp argument is unused:
  not_le

Hint: Omit it from the simp argument list.
  [apply] simp only [not_lt] at h ⊢

Note: This linter can be disabled with `set_option linter.unusedSimpArgs false`
SunPrize\Certificate\Theory004.lean:2351:32: warning: Unused tactic linter: `(try simp only [not_lt, not_le] at h ⊢)` does nothing

Note: This linter can be disabled with `set_option linter.unusedTactic false`
SunPrize\Certificate\Theory004.lean:2353:32: warning: Unused tactic linter: `(try simp only [not_lt, not_le] at h ⊢)` does nothing

Note: This linter can be disabled with `set_option linter.unusedTactic false`
SunPrize\Certificate\Theory004.lean:2359:32: warning: Unused tactic linter: `(try simp only [not_lt, not_le] at h ⊢)` does nothing

Note: This linter can be disabled with `set_option linter.unusedTactic false`
SunPrize\Certificate\Theory004.lean:2369:32: warning: Unused tactic linter: `(try simp only [not_lt, not_le] at h ⊢)` does nothing

Note: This linter can be disabled with `set_option linter.unusedTactic false`
SunPrize\Certificate\Theory004.lean:2371:32: warning: Unused tactic linter: `(try simp only [not_lt, not_le] at h ⊢)` does nothing

Note: This linter can be disabled with `set_option linter.unusedTactic false`
SunPrize\Certificate\Theory004.lean:2373:32: warning: Unused tactic linter: `(try simp only [not_lt, not_le] at h ⊢)` does nothing

Note: This linter can be disabled with `set_option linter.unusedTactic false`
SunPrize\Certificate\Theory004.lean:2379:2: warning: Unused tactic linter: `all_goals clear e0 e1 e2 e3 e4 e5 e6 e7 e8 e9 e10 e11 e12 e13 e14 e15 e16 e17 e18` does nothing

Note: This linter can be disabled with `set_option linter.unusedTactic false`
SunPrize\Certificate\Theory004.lean:2380:2: warning: Unused tactic linter: `all_goals tauto` does nothing

Note: This linter can be disabled with `set_option linter.unusedTactic false`
SunPrize\Certificate\Theory004.lean:2379:12: warning: this tactic is never executed

Note: This linter can be disabled with `set_option linter.unreachableTactic false`
SunPrize\Certificate\Theory004.lean:2380:12: warning: this tactic is never executed

Note: This linter can be disabled with `set_option linter.unreachableTactic false`
SunPrize\Certificate\Theory004.lean:2385:56: warning: This simp argument is unused:
  not_le

Hint: Omit it from the simp argument list.
  [apply] simp only [not_lt] at h ⊢

Note: This linter can be disabled with `set_option linter.unusedSimpArgs false`
SunPrize\Certificate\Theory004.lean:2387:56: warning: This simp argument is unused:
  not_le

Hint: Omit it from the simp argument list.
  [apply] simp only [not_lt] at h ⊢

Note: This linter can be disabled with `set_option linter.unusedSimpArgs false`
SunPrize\Certificate\Theory004.lean:2389:56: warning: This simp argument is unused:
  not_le

Hint: Omit it from the simp argument list.
  [apply] simp only [not_lt] at h ⊢

Note: This linter can be disabled with `set_option linter.unusedSimpArgs false`
SunPrize\Certificate\Theory004.lean:2391:56: warning: This simp argument is unused:
  not_le

Hint: Omit it from the simp argument list.
  [apply] simp only [not_lt] at h ⊢

Note: This linter can be disabled with `set_option linter.unusedSimpArgs false`
SunPrize\Certificate\Theory004.lean:2393:56: warning: This simp argument is unused:
  not_le

Hint: Omit it from the simp argument list.
  [apply] simp only [not_lt] at h ⊢

Note: This linter can be disabled with `set_option linter.unusedSimpArgs false`
SunPrize\Certificate\Theory004.lean:2399:56: warning: This simp argument is unused:
  not_le

Hint: Omit it from the simp argument list.
  [apply] simp only [not_lt] at h ⊢

Note: This linter can be disabled with `set_option linter.unusedSimpArgs false`
SunPrize\Certificate\Theory004.lean:2401:56: warning: This simp argument is unused:
  not_le

Hint: Omit it from the simp argument list.
  [apply] simp only [not_lt] at h ⊢

Note: This linter can be disabled with `set_option linter.unusedSimpArgs false`
SunPrize\Certificate\Theory004.lean:2405:56: warning: This simp argument is unused:
  not_le

Hint: Omit it from the simp argument list.
  [apply] simp only [not_lt] at h ⊢

Note: This linter can be disabled with `set_option linter.unusedSimpArgs false`
SunPrize\Certificate\Theory004.lean:2407:56: warning: This simp argument is unused:
  not_le

Hint: Omit it from the simp argument list.
  [apply] simp only [not_lt] at h ⊢

Note: This linter can be disabled with `set_option linter.unusedSimpArgs false`
SunPrize\Certificate\Theory004.lean:2409:56: warning: This simp argument is unused:
  not_le

Hint: Omit it from the simp argument list.
  [apply] simp only [not_lt] at h ⊢

Note: This linter can be disabled with `set_option linter.unusedSimpArgs false`
SunPrize\Certificate\Theory004.lean:2411:56: warning: This simp argument is unused:
  not_le

Hint: Omit it from the simp argument list.
  [apply] simp only [not_lt] at h ⊢

Note: This linter can be disabled with `set_option linter.unusedSimpArgs false`
SunPrize\Certificate\Theory004.lean:2419:56: warning: This simp argument is unused:
  not_le

Hint: Omit it from the simp argument list.
  [apply] simp only [not_lt] at h ⊢

Note: This linter can be disabled with `set_option linter.unusedSimpArgs false`
SunPrize\Certificate\Theory004.lean:2421:56: warning: This simp argument is unused:
  not_le

Hint: Omit it from the simp argument list.
  [apply] simp only [not_lt] at h ⊢

Note: This linter can be disabled with `set_option linter.unusedSimpArgs false`
SunPrize\Certificate\Theory004.lean:2395:32: warning: Unused tactic linter: `(try simp only [not_lt, not_le] at h ⊢)` does nothing

Note: This linter can be disabled with `set_option linter.unusedTactic false`
SunPrize\Certificate\Theory004.lean:2397:32: warning: Unused tactic linter: `(try simp only [not_lt, not_le] at h ⊢)` does nothing

Note: This linter can be disabled with `set_option linter.unusedTactic false`
SunPrize\Certificate\Theory004.lean:2403:32: warning: Unused tactic linter: `(try simp only [not_lt, not_le] at h ⊢)` does nothing

Note: This linter can be disabled with `set_option linter.unusedTactic false`
SunPrize\Certificate\Theory004.lean:2413:32: warning: Unused tactic linter: `(try simp only [not_lt, not_le] at h ⊢)` does nothing

Note: This linter can be disabled with `set_option linter.unusedTactic false`
SunPrize\Certificate\Theory004.lean:2415:32: warning: Unused tactic linter: `(try simp only [not_lt, not_le] at h ⊢)` does nothing

Note: This linter can be disabled with `set_option linter.unusedTactic false`
SunPrize\Certificate\Theory004.lean:2417:32: warning: Unused tactic linter: `(try simp only [not_lt, not_le] at h ⊢)` does nothing

Note: This linter can be disabled with `set_option linter.unusedTactic false`
SunPrize\Certificate\Theory004.lean:2423:2: warning: Unused tactic linter: `all_goals clear e0 e1 e2 e3 e4 e5 e6 e7 e8 e9 e10 e11 e12 e13 e14 e15 e16 e17 e18` does nothing

Note: This linter can be disabled with `set_option linter.unusedTactic false`
SunPrize\Certificate\Theory004.lean:2424:2: warning: Unused tactic linter: `all_goals tauto` does nothing

Note: This linter can be disabled with `set_option linter.unusedTactic false`
SunPrize\Certificate\Theory004.lean:2423:12: warning: this tactic is never executed

Note: This linter can be disabled with `set_option linter.unreachableTactic false`
SunPrize\Certificate\Theory004.lean:2424:12: warning: this tactic is never executed

Note: This linter can be disabled with `set_option linter.unreachableTactic false`
SunPrize\Certificate\Theory004.lean:2440:56: warning: This simp argument is unused:
  not_le

Hint: Omit it from the simp argument list.
  [apply] simp only [not_lt] at h ⊢

Note: This linter can be disabled with `set_option linter.unusedSimpArgs false`
SunPrize\Certificate\Theory004.lean:2442:56: warning: This simp argument is unused:
  not_le

Hint: Omit it from the simp argument list.
  [apply] simp only [not_lt] at h ⊢

Note: This linter can be disabled with `set_option linter.unusedSimpArgs false`
SunPrize\Certificate\Theory004.lean:2450:56: warning: This simp argument is unused:
  not_le

Hint: Omit it from the simp argument list.
  [apply] simp only [not_lt] at h ⊢

Note: This linter can be disabled with `set_option linter.unusedSimpArgs false`
SunPrize\Certificate\Theory004.lean:2452:56: warning: This simp argument is unused:
  not_le

Hint: Omit it from the simp argument list.
  [apply] simp only [not_lt] at h ⊢

Note: This linter can be disabled with `set_option linter.unusedSimpArgs false`
SunPrize\Certificate\Theory004.lean:2456:56: warning: This simp argument is unused:
  not_le

Hint: Omit it from the simp argument list.
  [apply] simp only [not_lt] at h ⊢

Note: This linter can be disabled with `set_option linter.unusedSimpArgs false`
SunPrize\Certificate\Theory004.lean:2458:56: warning: This simp argument is unused:
  not_le

Hint: Omit it from the simp argument list.
  [apply] simp only [not_lt] at h ⊢

Note: This linter can be disabled with `set_option linter.unusedSimpArgs false`
SunPrize\Certificate\Theory004.lean:2460:56: warning: This simp argument is unused:
  not_le

Hint: Omit it from the simp argument list.
  [apply] simp only [not_lt] at h ⊢

Note: This linter can be disabled with `set_option linter.unusedSimpArgs false`
SunPrize\Certificate\Theory004.lean:2462:56: warning: This simp argument is unused:
  not_le

Hint: Omit it from the simp argument list.
  [apply] simp only [not_lt] at h ⊢

Note: This linter can be disabled with `set_option linter.unusedSimpArgs false`
SunPrize\Certificate\Theory004.lean:2464:56: warning: This simp argument is unused:
  not_le

Hint: Omit it from the simp argument list.
  [apply] simp only [not_lt] at h ⊢

Note: This linter can be disabled with `set_option linter.unusedSimpArgs false`
SunPrize\Certificate\Theory004.lean:2466:56: warning: This simp argument is unused:
  not_le

Hint: Omit it from the simp argument list.
  [apply] simp only [not_lt] at h ⊢

Note: This linter can be disabled with `set_option linter.unusedSimpArgs false`
SunPrize\Certificate\Theory004.lean:2468:56: warning: This simp argument is unused:
  not_le

Hint: Omit it from the simp argument list.
  [apply] simp only [not_lt] at h ⊢

Note: This linter can be disabled with `set_option linter.unusedSimpArgs false`
SunPrize\Certificate\Theory004.lean:2470:56: warning: This simp argument is unused:
  not_le

Hint: Omit it from the simp argument list.
  [apply] simp only [not_lt] at h ⊢

Note: This linter can be disabled with `set_option linter.unusedSimpArgs false`
SunPrize\Certificate\Theory004.lean:2472:56: warning: This simp argument is unused:
  not_le

Hint: Omit it from the simp argument list.
  [apply] simp only [not_lt] at h ⊢

Note: This linter can be disabled with `set_option linter.unusedSimpArgs false`
SunPrize\Certificate\Theory004.lean:2436:32: warning: Unused tactic linter: `(try simp only [not_lt, not_le] at h ⊢)` does nothing

Note: This linter can be disabled with `set_option linter.unusedTactic false`
SunPrize\Certificate\Theory004.lean:2438:32: warning: Unused tactic linter: `(try simp only [not_lt, not_le] at h ⊢)` does nothing

Note: This linter can be disabled with `set_option linter.unusedTactic false`
SunPrize\Certificate\Theory004.lean:2444:32: warning: Unused tactic linter: `(try simp only [not_lt, not_le] at h ⊢)` does nothing

Note: This linter can be disabled with `set_option linter.unusedTactic false`
SunPrize\Certificate\Theory004.lean:2446:32: warning: Unused tactic linter: `(try simp only [not_lt, not_le] at h ⊢)` does nothing

Note: This linter can be disabled with `set_option linter.unusedTactic false`
SunPrize\Certificate\Theory004.lean:2448:32: warning: Unused tactic linter: `(try simp only [not_lt, not_le] at h ⊢)` does nothing

Note: This linter can be disabled with `set_option linter.unusedTactic false`
SunPrize\Certificate\Theory004.lean:2454:32: warning: Unused tactic linter: `(try simp only [not_lt, not_le] at h ⊢)` does nothing

Note: This linter can be disabled with `set_option linter.unusedTactic false`
SunPrize\Certificate\Theory004.lean:2474:2: warning: Unused tactic linter: `all_goals clear e0 e1 e2 e3 e4 e5 e6 e7 e8 e9 e10 e11 e12 e13 e14 e15 e16 e17 e18` does nothing

Note: This linter can be disabled with `set_option linter.unusedTactic false`
SunPrize\Certificate\Theory004.lean:2475:2: warning: Unused tactic linter: `all_goals tauto` does nothing

Note: This linter can be disabled with `set_option linter.unusedTactic false`
SunPrize\Certificate\Theory004.lean:2474:12: warning: this tactic is never executed

Note: This linter can be disabled with `set_option linter.unreachableTactic false`
SunPrize\Certificate\Theory004.lean:2475:12: warning: this tactic is never executed

Note: This linter can be disabled with `set_option linter.unreachableTactic false`
SunPrize\Certificate\Theory004.lean:2480:56: warning: This simp argument is unused:
  not_le

Hint: Omit it from the simp argument list.
  [apply] simp only [not_lt] at h ⊢

Note: This linter can be disabled with `set_option linter.unusedSimpArgs false`
SunPrize\Certificate\Theory004.lean:2482:56: warning: This simp argument is unused:
  not_le

Hint: Omit it from the simp argument list.
  [apply] simp only [not_lt] at h ⊢

Note: This linter can be disabled with `set_option linter.unusedSimpArgs false`
SunPrize\Certificate\Theory004.lean:2494:56: warning: This simp argument is unused:
  not_le

Hint: Omit it from the simp argument list.
  [apply] simp only [not_lt] at h ⊢

Note: This linter can be disabled with `set_option linter.unusedSimpArgs false`
SunPrize\Certificate\Theory004.lean:2496:56: warning: This simp argument is unused:
  not_le

Hint: Omit it from the simp argument list.
  [apply] simp only [not_lt] at h ⊢

Note: This linter can be disabled with `set_option linter.unusedSimpArgs false`
SunPrize\Certificate\Theory004.lean:2500:56: warning: This simp argument is unused:
  not_le

Hint: Omit it from the simp argument list.
  [apply] simp only [not_lt] at h ⊢

Note: This linter can be disabled with `set_option linter.unusedSimpArgs false`
SunPrize\Certificate\Theory004.lean:2502:56: warning: This simp argument is unused:
  not_le

Hint: Omit it from the simp argument list.
  [apply] simp only [not_lt] at h ⊢

Note: This linter can be disabled with `set_option linter.unusedSimpArgs false`
SunPrize\Certificate\Theory004.lean:2504:56: warning: This simp argument is unused:
  not_le

Hint: Omit it from the simp argument list.
  [apply] simp only [not_lt] at h ⊢

Note: This linter can be disabled with `set_option linter.unusedSimpArgs false`
SunPrize\Certificate\Theory004.lean:2506:56: warning: This simp argument is unused:
  not_le

Hint: Omit it from the simp argument list.
  [apply] simp only [not_lt] at h ⊢

Note: This linter can be disabled with `set_option linter.unusedSimpArgs false`
SunPrize\Certificate\Theory004.lean:2508:56: warning: This simp argument is unused:
  not_le

Hint: Omit it from the simp argument list.
  [apply] simp only [not_lt] at h ⊢

Note: This linter can be disabled with `set_option linter.unusedSimpArgs false`
SunPrize\Certificate\Theory004.lean:2510:56: warning: This simp argument is unused:
  not_le

Hint: Omit it from the simp argument list.
  [apply] simp only [not_lt] at h ⊢

Note: This linter can be disabled with `set_option linter.unusedSimpArgs false`
SunPrize\Certificate\Theory004.lean:2512:56: warning: This simp argument is unused:
  not_le

Hint: Omit it from the simp argument list.
  [apply] simp only [not_lt] at h ⊢

Note: This linter can be disabled with `set_option linter.unusedSimpArgs false`
SunPrize\Certificate\Theory004.lean:2514:56: warning: This simp argument is unused:
  not_le

Hint: Omit it from the simp argument list.
  [apply] simp only [not_lt] at h ⊢

Note: This linter can be disabled with `set_option linter.unusedSimpArgs false`
SunPrize\Certificate\Theory004.lean:2516:56: warning: This simp argument is unused:
  not_le

Hint: Omit it from the simp argument list.
  [apply] simp only [not_lt] at h ⊢

Note: This linter can be disabled with `set_option linter.unusedSimpArgs false`
SunPrize\Certificate\Theory004.lean:2484:32: warning: Unused tactic linter: `(try simp only [not_lt, not_le] at h ⊢)` does nothing

Note: This linter can be disabled with `set_option linter.unusedTactic false`
SunPrize\Certificate\Theory004.lean:2486:32: warning: Unused tactic linter: `(try simp only [not_lt, not_le] at h ⊢)` does nothing

Note: This linter can be disabled with `set_option linter.unusedTactic false`
SunPrize\Certificate\Theory004.lean:2488:32: warning: Unused tactic linter: `(try simp only [not_lt, not_le] at h ⊢)` does nothing

Note: This linter can be disabled with `set_option linter.unusedTactic false`
SunPrize\Certificate\Theory004.lean:2490:32: warning: Unused tactic linter: `(try simp only [not_lt, not_le] at h ⊢)` does nothing

Note: This linter can be disabled with `set_option linter.unusedTactic false`
SunPrize\Certificate\Theory004.lean:2492:32: warning: Unused tactic linter: `(try simp only [not_lt, not_le] at h ⊢)` does nothing

Note: This linter can be disabled with `set_option linter.unusedTactic false`
SunPrize\Certificate\Theory004.lean:2498:32: warning: Unused tactic linter: `(try simp only [not_lt, not_le] at h ⊢)` does nothing

Note: This linter can be disabled with `set_option linter.unusedTactic false`
SunPrize\Certificate\Theory004.lean:2518:2: warning: Unused tactic linter: `all_goals clear e0 e1 e2 e3 e4 e5 e6 e7 e8 e9 e10 e11 e12 e13 e14 e15 e16 e17 e18` does nothing

Note: This linter can be disabled with `set_option linter.unusedTactic false`
SunPrize\Certificate\Theory004.lean:2519:2: warning: Unused tactic linter: `all_goals tauto` does nothing

Note: This linter can be disabled with `set_option linter.unusedTactic false`
SunPrize\Certificate\Theory004.lean:2518:12: warning: this tactic is never executed

Note: This linter can be disabled with `set_option linter.unreachableTactic false`
SunPrize\Certificate\Theory004.lean:2519:12: warning: this tactic is never executed

Note: This linter can be disabled with `set_option linter.unreachableTactic false`
SunPrize\Certificate\Theory004.lean:2524:56: warning: This simp argument is unused:
  not_le

Hint: Omit it from the simp argument list.
  [apply] simp only [not_lt] at h ⊢

Note: This linter can be disabled with `set_option linter.unusedSimpArgs false`
SunPrize\Certificate\Theory004.lean:2526:56: warning: This simp argument is unused:
  not_le

Hint: Omit it from the simp argument list.
  [apply] simp only [not_lt] at h ⊢

Note: This linter can be disabled with `set_option linter.unusedSimpArgs false`
SunPrize\Certificate\Theory004.lean:2528:56: warning: This simp argument is unused:
  not_le

Hint: Omit it from the simp argument list.
  [apply] simp only [not_lt] at h ⊢

Note: This linter can be disabled with `set_option linter.unusedSimpArgs false`
SunPrize\Certificate\Theory004.lean:2530:56: warning: This simp argument is unused:
  not_le

Hint: Omit it from the simp argument list.
  [apply] simp only [not_lt] at h ⊢

Note: This linter can be disabled with `set_option linter.unusedSimpArgs false`
SunPrize\Certificate\Theory004.lean:2532:56: warning: This simp argument is unused:
  not_le

Hint: Omit it from the simp argument list.
  [apply] simp only [not_lt] at h ⊢

Note: This linter can be disabled with `set_option linter.unusedSimpArgs false`
SunPrize\Certificate\Theory004.lean:2538:56: warning: This simp argument is unused:
  not_le

Hint: Omit it from the simp argument list.
  [apply] simp only [not_lt] at h ⊢

Note: This linter can be disabled with `set_option linter.unusedSimpArgs false`
SunPrize\Certificate\Theory004.lean:2540:56: warning: This simp argument is unused:
  not_le

Hint: Omit it from the simp argument list.
  [apply] simp only [not_lt] at h ⊢

Note: This linter can be disabled with `set_option linter.unusedSimpArgs false`
SunPrize\Certificate\Theory004.lean:2544:56: warning: This simp argument is unused:
  not_le

Hint: Omit it from the simp argument list.
  [apply] simp only [not_lt] at h ⊢

Note: This linter can be disabled with `set_option linter.unusedSimpArgs false`
SunPrize\Certificate\Theory004.lean:2546:56: warning: This simp argument is unused:
  not_le

Hint: Omit it from the simp argument list.
  [apply] simp only [not_lt] at h ⊢

Note: This linter can be disabled with `set_option linter.unusedSimpArgs false`
SunPrize\Certificate\Theory004.lean:2548:56: warning: This simp argument is unused:
  not_le

Hint: Omit it from the simp argument list.
  [apply] simp only [not_lt] at h ⊢

Note: This linter can be disabled with `set_option linter.unusedSimpArgs false`
SunPrize\Certificate\Theory004.lean:2550:56: warning: This simp argument is unused:
  not_le

Hint: Omit it from the simp argument list.
  [apply] simp only [not_lt] at h ⊢

Note: This linter can be disabled with `set_option linter.unusedSimpArgs false`
SunPrize\Certificate\Theory004.lean:2558:56: warning: This simp argument is unused:
  not_le

Hint: Omit it from the simp argument list.
  [apply] simp only [not_lt] at h ⊢

Note: This linter can be disabled with `set_option linter.unusedSimpArgs false`
SunPrize\Certificate\Theory004.lean:2560:56: warning: This simp argument is unused:
  not_le

Hint: Omit it from the simp argument list.
  [apply] simp only [not_lt] at h ⊢

Note: This linter can be disabled with `set_option linter.unusedSimpArgs false`
SunPrize\Certificate\Theory004.lean:2534:32: warning: Unused tactic linter: `(try simp only [not_lt, not_le] at h ⊢)` does nothing

Note: This linter can be disabled with `set_option linter.unusedTactic false`
SunPrize\Certificate\Theory004.lean:2536:32: warning: Unused tactic linter: `(try simp only [not_lt, not_le] at h ⊢)` does nothing

Note: This linter can be disabled with `set_option linter.unusedTactic false`
SunPrize\Certificate\Theory004.lean:2542:32: warning: Unused tactic linter: `(try simp only [not_lt, not_le] at h ⊢)` does nothing

Note: This linter can be disabled with `set_option linter.unusedTactic false`
SunPrize\Certificate\Theory004.lean:2552:32: warning: Unused tactic linter: `(try simp only [not_lt, not_le] at h ⊢)` does nothing

Note: This linter can be disabled with `set_option linter.unusedTactic false`
SunPrize\Certificate\Theory004.lean:2554:32: warning: Unused tactic linter: `(try simp only [not_lt, not_le] at h ⊢)` does nothing

Note: This linter can be disabled with `set_option linter.unusedTactic false`
SunPrize\Certificate\Theory004.lean:2556:32: warning: Unused tactic linter: `(try simp only [not_lt, not_le] at h ⊢)` does nothing

Note: This linter can be disabled with `set_option linter.unusedTactic false`
SunPrize\Certificate\Theory004.lean:2562:2: warning: Unused tactic linter: `all_goals clear e0 e1 e2 e3 e4 e5 e6 e7 e8 e9 e10 e11 e12 e13 e14 e15 e16 e17 e18` does nothing

Note: This linter can be disabled with `set_option linter.unusedTactic false`
SunPrize\Certificate\Theory004.lean:2563:2: warning: Unused tactic linter: `all_goals tauto` does nothing

Note: This linter can be disabled with `set_option linter.unusedTactic false`
SunPrize\Certificate\Theory004.lean:2562:12: warning: this tactic is never executed

Note: This linter can be disabled with `set_option linter.unreachableTactic false`
SunPrize\Certificate\Theory004.lean:2563:12: warning: this tactic is never executed

Note: This linter can be disabled with `set_option linter.unreachableTactic false`
SunPrize\Certificate\Theory004.lean:2572:56: warning: This simp argument is unused:
  not_le

Hint: Omit it from the simp argument list.
  [apply] simp only [not_lt] at h ⊢

Note: This linter can be disabled with `set_option linter.unusedSimpArgs false`
SunPrize\Certificate\Theory004.lean:2574:56: warning: This simp argument is unused:
  not_le

Hint: Omit it from the simp argument list.
  [apply] simp only [not_lt] at h ⊢

Note: This linter can be disabled with `set_option linter.unusedSimpArgs false`
SunPrize\Certificate\Theory004.lean:2578:56: warning: This simp argument is unused:
  not_le

Hint: Omit it from the simp argument list.
  [apply] simp only [not_lt] at h ⊢

Note: This linter can be disabled with `set_option linter.unusedSimpArgs false`
SunPrize\Certificate\Theory004.lean:2580:56: warning: This simp argument is unused:
  not_le

Hint: Omit it from the simp argument list.
  [apply] simp only [not_lt] at h ⊢

Note: This linter can be disabled with `set_option linter.unusedSimpArgs false`
SunPrize\Certificate\Theory004.lean:2582:56: warning: This simp argument is unused:
  not_le

Hint: Omit it from the simp argument list.
  [apply] simp only [not_lt] at h ⊢

Note: This linter can be disabled with `set_option linter.unusedSimpArgs false`
SunPrize\Certificate\Theory004.lean:2584:56: warning: This simp argument is unused:
  not_le

Hint: Omit it from the simp argument list.
  [apply] simp only [not_lt] at h ⊢

Note: This linter can be disabled with `set_option linter.unusedSimpArgs false`
SunPrize\Certificate\Theory004.lean:2586:56: warning: This simp argument is unused:
  not_le

Hint: Omit it from the simp argument list.
  [apply] simp only [not_lt] at h ⊢

Note: This linter can be disabled with `set_option linter.unusedSimpArgs false`
SunPrize\Certificate\Theory004.lean:2594:56: warning: This simp argument is unused:
  not_le

Hint: Omit it from the simp argument list.
  [apply] simp only [not_lt] at h ⊢

Note: This linter can be disabled with `set_option linter.unusedSimpArgs false`
SunPrize\Certificate\Theory004.lean:2596:56: warning: This simp argument is unused:
  not_le

Hint: Omit it from the simp argument list.
  [apply] simp only [not_lt] at h ⊢

Note: This linter can be disabled with `set_option linter.unusedSimpArgs false`
SunPrize\Certificate\Theory004.lean:2598:56: warning: This simp argument is unused:
  not_le

Hint: Omit it from the simp argument list.
  [apply] simp only [not_lt] at h ⊢

Note: This linter can be disabled with `set_option linter.unusedSimpArgs false`
SunPrize\Certificate\Theory004.lean:2600:56: warning: This simp argument is unused:
  not_le

Hint: Omit it from the simp argument list.
  [apply] simp only [not_lt] at h ⊢

Note: This linter can be disabled with `set_option linter.unusedSimpArgs false`
SunPrize\Certificate\Theory004.lean:2602:56: warning: This simp argument is unused:
  not_le

Hint: Omit it from the simp argument list.
  [apply] simp only [not_lt] at h ⊢

Note: This linter can be disabled with `set_option linter.unusedSimpArgs false`
SunPrize\Certificate\Theory004.lean:2604:56: warning: This simp argument is unused:
  not_le

Hint: Omit it from the simp argument list.
  [apply] simp only [not_lt] at h ⊢

Note: This linter can be disabled with `set_option linter.unusedSimpArgs false`
SunPrize\Certificate\Theory004.lean:2568:32: warning: Unused tactic linter: `(try simp only [not_lt, not_le] at h ⊢)` does nothing

Note: This linter can be disabled with `set_option linter.unusedTactic false`
SunPrize\Certificate\Theory004.lean:2570:32: warning: Unused tactic linter: `(try simp only [not_lt, not_le] at h ⊢)` does nothing

Note: This linter can be disabled with `set_option linter.unusedTactic false`
SunPrize\Certificate\Theory004.lean:2576:32: warning: Unused tactic linter: `(try simp only [not_lt, not_le] at h ⊢)` does nothing

Note: This linter can be disabled with `set_option linter.unusedTactic false`
SunPrize\Certificate\Theory004.lean:2588:32: warning: Unused tactic linter: `(try simp only [not_lt, not_le] at h ⊢)` does nothing

Note: This linter can be disabled with `set_option linter.unusedTactic false`
SunPrize\Certificate\Theory004.lean:2590:32: warning: Unused tactic linter: `(try simp only [not_lt, not_le] at h ⊢)` does nothing

Note: This linter can be disabled with `set_option linter.unusedTactic false`
SunPrize\Certificate\Theory004.lean:2592:32: warning: Unused tactic linter: `(try simp only [not_lt, not_le] at h ⊢)` does nothing

Note: This linter can be disabled with `set_option linter.unusedTactic false`
SunPrize\Certificate\Theory004.lean:2606:2: warning: Unused tactic linter: `all_goals clear e0 e1 e2 e3 e4 e5 e6 e7 e8 e9 e10 e11 e12 e13 e14 e15 e16 e17 e18` does nothing

Note: This linter can be disabled with `set_option linter.unusedTactic false`
SunPrize\Certificate\Theory004.lean:2607:2: warning: Unused tactic linter: `all_goals tauto` does nothing

Note: This linter can be disabled with `set_option linter.unusedTactic false`
SunPrize\Certificate\Theory004.lean:2606:12: warning: this tactic is never executed

Note: This linter can be disabled with `set_option linter.unreachableTactic false`
SunPrize\Certificate\Theory004.lean:2607:12: warning: this tactic is never executed

Note: This linter can be disabled with `set_option linter.unreachableTactic false`
SunPrize\Certificate\Theory004.lean:2616:56: warning: This simp argument is unused:
  not_le

Hint: Omit it from the simp argument list.
  [apply] simp only [not_lt] at h ⊢

Note: This linter can be disabled with `set_option linter.unusedSimpArgs false`
SunPrize\Certificate\Theory004.lean:2620:56: warning: This simp argument is unused:
  not_le

Hint: Omit it from the simp argument list.
  [apply] simp only [not_lt] at h ⊢

Note: This linter can be disabled with `set_option linter.unusedSimpArgs false`
SunPrize\Certificate\Theory004.lean:2626:56: warning: This simp argument is unused:
  not_le

Hint: Omit it from the simp argument list.
  [apply] simp only [not_lt] at h ⊢

Note: This linter can be disabled with `set_option linter.unusedSimpArgs false`
SunPrize\Certificate\Theory004.lean:2628:56: warning: This simp argument is unused:
  not_le

Hint: Omit it from the simp argument list.
  [apply] simp only [not_lt] at h ⊢

Note: This linter can be disabled with `set_option linter.unusedSimpArgs false`
SunPrize\Certificate\Theory004.lean:2632:56: warning: This simp argument is unused:
  not_le

Hint: Omit it from the simp argument list.
  [apply] simp only [not_lt] at h ⊢

Note: This linter can be disabled with `set_option linter.unusedSimpArgs false`
SunPrize\Certificate\Theory004.lean:2634:56: warning: This simp argument is unused:
  not_le

Hint: Omit it from the simp argument list.
  [apply] simp only [not_lt] at h ⊢

Note: This linter can be disabled with `set_option linter.unusedSimpArgs false`
SunPrize\Certificate\Theory004.lean:2636:56: warning: This simp argument is unused:
  not_le

Hint: Omit it from the simp argument list.
  [apply] simp only [not_lt] at h ⊢

Note: This linter can be disabled with `set_option linter.unusedSimpArgs false`
SunPrize\Certificate\Theory004.lean:2638:56: warning: This simp argument is unused:
  not_le

Hint: Omit it from the simp argument list.
  [apply] simp only [not_lt] at h ⊢

Note: This linter can be disabled with `set_option linter.unusedSimpArgs false`
SunPrize\Certificate\Theory004.lean:2640:56: warning: This simp argument is unused:
  not_le

Hint: Omit it from the simp argument list.
  [apply] simp only [not_lt] at h ⊢

Note: This linter can be disabled with `set_option linter.unusedSimpArgs false`
SunPrize\Certificate\Theory004.lean:2642:56: warning: This simp argument is unused:
  not_le

Hint: Omit it from the simp argument list.
  [apply] simp only [not_lt] at h ⊢

Note: This linter can be disabled with `set_option linter.unusedSimpArgs false`
SunPrize\Certificate\Theory004.lean:2644:56: warning: This simp argument is unused:
  not_le

Hint: Omit it from the simp argument list.
  [apply] simp only [not_lt] at h ⊢

Note: This linter can be disabled with `set_option linter.unusedSimpArgs false`
SunPrize\Certificate\Theory004.lean:2646:56: warning: This simp argument is unused:
  not_le

Hint: Omit it from the simp argument list.
  [apply] simp only [not_lt] at h ⊢

Note: This linter can be disabled with `set_option linter.unusedSimpArgs false`
SunPrize\Certificate\Theory004.lean:2648:56: warning: This simp argument is unused:
  not_le

Hint: Omit it from the simp argument list.
  [apply] simp only [not_lt] at h ⊢

Note: This linter can be disabled with `set_option linter.unusedSimpArgs false`
SunPrize\Certificate\Theory004.lean:2612:32: warning: Unused tactic linter: `(try simp only [not_lt, not_le] at h ⊢)` does nothing

Note: This linter can be disabled with `set_option linter.unusedTactic false`
SunPrize\Certificate\Theory004.lean:2614:32: warning: Unused tactic linter: `(try simp only [not_lt, not_le] at h ⊢)` does nothing

Note: This linter can be disabled with `set_option linter.unusedTactic false`
SunPrize\Certificate\Theory004.lean:2618:32: warning: Unused tactic linter: `(try simp only [not_lt, not_le] at h ⊢)` does nothing

Note: This linter can be disabled with `set_option linter.unusedTactic false`
SunPrize\Certificate\Theory004.lean:2622:32: warning: Unused tactic linter: `(try simp only [not_lt, not_le] at h ⊢)` does nothing

Note: This linter can be disabled with `set_option linter.unusedTactic false`
SunPrize\Certificate\Theory004.lean:2624:32: warning: Unused tactic linter: `(try simp only [not_lt, not_le] at h ⊢)` does nothing

Note: This linter can be disabled with `set_option linter.unusedTactic false`
SunPrize\Certificate\Theory004.lean:2630:32: warning: Unused tactic linter: `(try simp only [not_lt, not_le] at h ⊢)` does nothing

Note: This linter can be disabled with `set_option linter.unusedTactic false`
SunPrize\Certificate\Theory004.lean:2650:2: warning: Unused tactic linter: `all_goals clear e0 e1 e2 e3 e4 e5 e6 e7 e8 e9 e10 e11 e12 e13 e14 e15 e16 e17 e18` does nothing

Note: This linter can be disabled with `set_option linter.unusedTactic false`
SunPrize\Certificate\Theory004.lean:2651:2: warning: Unused tactic linter: `all_goals tauto` does nothing

Note: This linter can be disabled with `set_option linter.unusedTactic false`
SunPrize\Certificate\Theory004.lean:2650:12: warning: this tactic is never executed

Note: This linter can be disabled with `set_option linter.unreachableTactic false`
SunPrize\Certificate\Theory004.lean:2651:12: warning: this tactic is never executed

Note: This linter can be disabled with `set_option linter.unreachableTactic false`
SunPrize\Certificate\Theory004.lean:2667:56: warning: This simp argument is unused:
  not_le

Hint: Omit it from the simp argument list.
  [apply] simp only [not_lt] at h ⊢

Note: This linter can be disabled with `set_option linter.unusedSimpArgs false`
SunPrize\Certificate\Theory004.lean:2671:56: warning: This simp argument is unused:
  not_le

Hint: Omit it from the simp argument list.
  [apply] simp only [not_lt] at h ⊢

Note: This linter can be disabled with `set_option linter.unusedSimpArgs false`
SunPrize\Certificate\Theory004.lean:2677:56: warning: This simp argument is unused:
  not_le

Hint: Omit it from the simp argument list.
  [apply] simp only [not_lt] at h ⊢

Note: This linter can be disabled with `set_option linter.unusedSimpArgs false`
SunPrize\Certificate\Theory004.lean:2679:56: warning: This simp argument is unused:
  not_le

Hint: Omit it from the simp argument list.
  [apply] simp only [not_lt] at h ⊢

Note: This linter can be disabled with `set_option linter.unusedSimpArgs false`
SunPrize\Certificate\Theory004.lean:2683:56: warning: This simp argument is unused:
  not_le

Hint: Omit it from the simp argument list.
  [apply] simp only [not_lt] at h ⊢

Note: This linter can be disabled with `set_option linter.unusedSimpArgs false`
SunPrize\Certificate\Theory004.lean:2685:56: warning: This simp argument is unused:
  not_le

Hint: Omit it from the simp argument list.
  [apply] simp only [not_lt] at h ⊢

Note: This linter can be disabled with `set_option linter.unusedSimpArgs false`
SunPrize\Certificate\Theory004.lean:2687:56: warning: This simp argument is unused:
  not_le

Hint: Omit it from the simp argument list.
  [apply] simp only [not_lt] at h ⊢

Note: This linter can be disabled with `set_option linter.unusedSimpArgs false`
SunPrize\Certificate\Theory004.lean:2689:56: warning: This simp argument is unused:
  not_le

Hint: Omit it from the simp argument list.
  [apply] simp only [not_lt] at h ⊢

Note: This linter can be disabled with `set_option linter.unusedSimpArgs false`
SunPrize\Certificate\Theory004.lean:2691:56: warning: This simp argument is unused:
  not_le

Hint: Omit it from the simp argument list.
  [apply] simp only [not_lt] at h ⊢

Note: This linter can be disabled with `set_option linter.unusedSimpArgs false`
SunPrize\Certificate\Theory004.lean:2693:56: warning: This simp argument is unused:
  not_le

Hint: Omit it from the simp argument list.
  [apply] simp only [not_lt] at h ⊢

Note: This linter can be disabled with `set_option linter.unusedSimpArgs false`
SunPrize\Certificate\Theory004.lean:2695:56: warning: This simp argument is unused:
  not_le

Hint: Omit it from the simp argument list.
  [apply] simp only [not_lt] at h ⊢

Note: This linter can be disabled with `set_option linter.unusedSimpArgs false`
SunPrize\Certificate\Theory004.lean:2697:56: warning: This simp argument is unused:
  not_le

Hint: Omit it from the simp argument list.
  [apply] simp only [not_lt] at h ⊢

Note: This linter can be disabled with `set_option linter.unusedSimpArgs false`
SunPrize\Certificate\Theory004.lean:2699:56: warning: This simp argument is unused:
  not_le

Hint: Omit it from the simp argument list.
  [apply] simp only [not_lt] at h ⊢

Note: This linter can be disabled with `set_option linter.unusedSimpArgs false`
SunPrize\Certificate\Theory004.lean:2663:32: warning: Unused tactic linter: `(try simp only [not_lt, not_le] at h ⊢)` does nothing

Note: This linter can be disabled with `set_option linter.unusedTactic false`
SunPrize\Certificate\Theory004.lean:2665:32: warning: Unused tactic linter: `(try simp only [not_lt, not_le] at h ⊢)` does nothing

Note: This linter can be disabled with `set_option linter.unusedTactic false`
SunPrize\Certificate\Theory004.lean:2669:32: warning: Unused tactic linter: `(try simp only [not_lt, not_le] at h ⊢)` does nothing

Note: This linter can be disabled with `set_option linter.unusedTactic false`
SunPrize\Certificate\Theory004.lean:2673:32: warning: Unused tactic linter: `(try simp only [not_lt, not_le] at h ⊢)` does nothing

Note: This linter can be disabled with `set_option linter.unusedTactic false`
SunPrize\Certificate\Theory004.lean:2675:32: warning: Unused tactic linter: `(try simp only [not_lt, not_le] at h ⊢)` does nothing

Note: This linter can be disabled with `set_option linter.unusedTactic false`
SunPrize\Certificate\Theory004.lean:2681:32: warning: Unused tactic linter: `(try simp only [not_lt, not_le] at h ⊢)` does nothing

Note: This linter can be disabled with `set_option linter.unusedTactic false`
SunPrize\Certificate\Theory004.lean:2701:2: warning: Unused tactic linter: `all_goals clear e0 e1 e2 e3 e4 e5 e6 e7 e8 e9 e10 e11 e12 e13 e14 e15 e16 e17 e18` does nothing

Note: This linter can be disabled with `set_option linter.unusedTactic false`
SunPrize\Certificate\Theory004.lean:2702:2: warning: Unused tactic linter: `all_goals tauto` does nothing

Note: This linter can be disabled with `set_option linter.unusedTactic false`
SunPrize\Certificate\Theory004.lean:2701:12: warning: this tactic is never executed

Note: This linter can be disabled with `set_option linter.unreachableTactic false`
SunPrize\Certificate\Theory004.lean:2702:12: warning: this tactic is never executed

Note: This linter can be disabled with `set_option linter.unreachableTactic false`
SunPrize\Certificate\Theory004.lean:2707:56: warning: This simp argument is unused:
  not_le

Hint: Omit it from the simp argument list.
  [apply] simp only [not_lt] at h ⊢

Note: This linter can be disabled with `set_option linter.unusedSimpArgs false`
SunPrize\Certificate\Theory004.lean:2709:56: warning: This simp argument is unused:
  not_le

Hint: Omit it from the simp argument list.
  [apply] simp only [not_lt] at h ⊢

Note: This linter can be disabled with `set_option linter.unusedSimpArgs false`
SunPrize\Certificate\Theory004.lean:2711:56: warning: This simp argument is unused:
  not_le

Hint: Omit it from the simp argument list.
  [apply] simp only [not_lt] at h ⊢

Note: This linter can be disabled with `set_option linter.unusedSimpArgs false`
SunPrize\Certificate\Theory004.lean:2713:56: warning: This simp argument is unused:
  not_le

Hint: Omit it from the simp argument list.
  [apply] simp only [not_lt] at h ⊢

Note: This linter can be disabled with `set_option linter.unusedSimpArgs false`
SunPrize\Certificate\Theory004.lean:2715:56: warning: This simp argument is unused:
  not_le

Hint: Omit it from the simp argument list.
  [apply] simp only [not_lt] at h ⊢

Note: This linter can be disabled with `set_option linter.unusedSimpArgs false`
SunPrize\Certificate\Theory004.lean:2721:56: warning: This simp argument is unused:
  not_le

Hint: Omit it from the simp argument list.
  [apply] simp only [not_lt] at h ⊢

Note: This linter can be disabled with `set_option linter.unusedSimpArgs false`
SunPrize\Certificate\Theory004.lean:2723:56: warning: This simp argument is unused:
  not_le

Hint: Omit it from the simp argument list.
  [apply] simp only [not_lt] at h ⊢

Note: This linter can be disabled with `set_option linter.unusedSimpArgs false`
SunPrize\Certificate\Theory004.lean:2727:56: warning: This simp argument is unused:
  not_le

Hint: Omit it from the simp argument list.
  [apply] simp only [not_lt] at h ⊢

Note: This linter can be disabled with `set_option linter.unusedSimpArgs false`
SunPrize\Certificate\Theory004.lean:2729:56: warning: This simp argument is unused:
  not_le

Hint: Omit it from the simp argument list.
  [apply] simp only [not_lt] at h ⊢

Note: This linter can be disabled with `set_option linter.unusedSimpArgs false`
SunPrize\Certificate\Theory004.lean:2731:56: warning: This simp argument is unused:
  not_le

Hint: Omit it from the simp argument list.
  [apply] simp only [not_lt] at h ⊢

Note: This linter can be disabled with `set_option linter.unusedSimpArgs false`
SunPrize\Certificate\Theory004.lean:2733:56: warning: This simp argument is unused:
  not_le

Hint: Omit it from the simp argument list.
  [apply] simp only [not_lt] at h ⊢

Note: This linter can be disabled with `set_option linter.unusedSimpArgs false`
SunPrize\Certificate\Theory004.lean:2741:56: warning: This simp argument is unused:
  not_le

Hint: Omit it from the simp argument list.
  [apply] simp only [not_lt] at h ⊢

Note: This linter can be disabled with `set_option linter.unusedSimpArgs false`
SunPrize\Certificate\Theory004.lean:2743:56: warning: This simp argument is unused:
  not_le

Hint: Omit it from the simp argument list.
  [apply] simp only [not_lt] at h ⊢

Note: This linter can be disabled with `set_option linter.unusedSimpArgs false`
SunPrize\Certificate\Theory004.lean:2717:32: warning: Unused tactic linter: `(try simp only [not_lt, not_le] at h ⊢)` does nothing

Note: This linter can be disabled with `set_option linter.unusedTactic false`
SunPrize\Certificate\Theory004.lean:2719:32: warning: Unused tactic linter: `(try simp only [not_lt, not_le] at h ⊢)` does nothing

Note: This linter can be disabled with `set_option linter.unusedTactic false`
SunPrize\Certificate\Theory004.lean:2725:32: warning: Unused tactic linter: `(try simp only [not_lt, not_le] at h ⊢)` does nothing

Note: This linter can be disabled with `set_option linter.unusedTactic false`
SunPrize\Certificate\Theory004.lean:2735:32: warning: Unused tactic linter: `(try simp only [not_lt, not_le] at h ⊢)` does nothing

Note: This linter can be disabled with `set_option linter.unusedTactic false`
SunPrize\Certificate\Theory004.lean:2737:32: warning: Unused tactic linter: `(try simp only [not_lt, not_le] at h ⊢)` does nothing

Note: This linter can be disabled with `set_option linter.unusedTactic false`
SunPrize\Certificate\Theory004.lean:2739:32: warning: Unused tactic linter: `(try simp only [not_lt, not_le] at h ⊢)` does nothing

Note: This linter can be disabled with `set_option linter.unusedTactic false`
SunPrize\Certificate\Theory004.lean:2745:2: warning: Unused tactic linter: `all_goals clear e0 e1 e2 e3 e4 e5 e6 e7 e8 e9 e10 e11 e12 e13 e14 e15 e16 e17 e18` does nothing

Note: This linter can be disabled with `set_option linter.unusedTactic false`
SunPrize\Certificate\Theory004.lean:2746:2: warning: Unused tactic linter: `all_goals tauto` does nothing

Note: This linter can be disabled with `set_option linter.unusedTactic false`
SunPrize\Certificate\Theory004.lean:2745:12: warning: this tactic is never executed

Note: This linter can be disabled with `set_option linter.unreachableTactic false`
SunPrize\Certificate\Theory004.lean:2746:12: warning: this tactic is never executed

Note: This linter can be disabled with `set_option linter.unreachableTactic false`
SunPrize\Certificate\Theory004.lean:2757:56: warning: This simp argument is unused:
  not_le

Hint: Omit it from the simp argument list.
  [apply] simp only [not_lt] at h ⊢

Note: This linter can be disabled with `set_option linter.unusedSimpArgs false`
SunPrize\Certificate\Theory004.lean:2759:56: warning: This simp argument is unused:
  not_le

Hint: Omit it from the simp argument list.
  [apply] simp only [not_lt] at h ⊢

Note: This linter can be disabled with `set_option linter.unusedSimpArgs false`
SunPrize\Certificate\Theory004.lean:2765:56: warning: This simp argument is unused:
  not_le

Hint: Omit it from the simp argument list.
  [apply] simp only [not_lt] at h ⊢

Note: This linter can be disabled with `set_option linter.unusedSimpArgs false`
SunPrize\Certificate\Theory004.lean:2767:56: warning: This simp argument is unused:
  not_le

Hint: Omit it from the simp argument list.
  [apply] simp only [not_lt] at h ⊢

Note: This linter can be disabled with `set_option linter.unusedSimpArgs false`
SunPrize\Certificate\Theory004.lean:2771:56: warning: This simp argument is unused:
  not_le

Hint: Omit it from the simp argument list.
  [apply] simp only [not_lt] at h ⊢

Note: This linter can be disabled with `set_option linter.unusedSimpArgs false`
SunPrize\Certificate\Theory004.lean:2773:56: warning: This simp argument is unused:
  not_le

Hint: Omit it from the simp argument list.
  [apply] simp only [not_lt] at h ⊢

Note: This linter can be disabled with `set_option linter.unusedSimpArgs false`
SunPrize\Certificate\Theory004.lean:2775:56: warning: This simp argument is unused:
  not_le

Hint: Omit it from the simp argument list.
  [apply] simp only [not_lt] at h ⊢

Note: This linter can be disabled with `set_option linter.unusedSimpArgs false`
SunPrize\Certificate\Theory004.lean:2777:56: warning: This simp argument is unused:
  not_le

Hint: Omit it from the simp argument list.
  [apply] simp only [not_lt] at h ⊢

Note: This linter can be disabled with `set_option linter.unusedSimpArgs false`
SunPrize\Certificate\Theory004.lean:2779:56: warning: This simp argument is unused:
  not_le

Hint: Omit it from the simp argument list.
  [apply] simp only [not_lt] at h ⊢

Note: This linter can be disabled with `set_option linter.unusedSimpArgs false`
SunPrize\Certificate\Theory004.lean:2781:56: warning: This simp argument is unused:
  not_le

Hint: Omit it from the simp argument list.
  [apply] simp only [not_lt] at h ⊢

Note: This linter can be disabled with `set_option linter.unusedSimpArgs false`
SunPrize\Certificate\Theory004.lean:2783:56: warning: This simp argument is unused:
  not_le

Hint: Omit it from the simp argument list.
  [apply] simp only [not_lt] at h ⊢

Note: This linter can be disabled with `set_option linter.unusedSimpArgs false`
SunPrize\Certificate\Theory004.lean:2785:56: warning: This simp argument is unused:
  not_le

Hint: Omit it from the simp argument list.
  [apply] simp only [not_lt] at h ⊢

Note: This linter can be disabled with `set_option linter.unusedSimpArgs false`
SunPrize\Certificate\Theory004.lean:2787:56: warning: This simp argument is unused:
  not_le

Hint: Omit it from the simp argument list.
  [apply] simp only [not_lt] at h ⊢

Note: This linter can be disabled with `set_option linter.unusedSimpArgs false`
SunPrize\Certificate\Theory004.lean:2751:32: warning: Unused tactic linter: `(try simp only [not_lt, not_le] at h ⊢)` does nothing

Note: This linter can be disabled with `set_option linter.unusedTactic false`
SunPrize\Certificate\Theory004.lean:2753:32: warning: Unused tactic linter: `(try simp only [not_lt, not_le] at h ⊢)` does nothing

Note: This linter can be disabled with `set_option linter.unusedTactic false`
SunPrize\Certificate\Theory004.lean:2755:32: warning: Unused tactic linter: `(try simp only [not_lt, not_le] at h ⊢)` does nothing

Note: This linter can be disabled with `set_option linter.unusedTactic false`
SunPrize\Certificate\Theory004.lean:2761:32: warning: Unused tactic linter: `(try simp only [not_lt, not_le] at h ⊢)` does nothing

Note: This linter can be disabled with `set_option linter.unusedTactic false`
SunPrize\Certificate\Theory004.lean:2763:32: warning: Unused tactic linter: `(try simp only [not_lt, not_le] at h ⊢)` does nothing

Note: This linter can be disabled with `set_option linter.unusedTactic false`
SunPrize\Certificate\Theory004.lean:2769:32: warning: Unused tactic linter: `(try simp only [not_lt, not_le] at h ⊢)` does nothing

Note: This linter can be disabled with `set_option linter.unusedTactic false`
SunPrize\Certificate\Theory004.lean:2789:2: warning: Unused tactic linter: `all_goals clear e0 e1 e2 e3 e4 e5 e6 e7 e8 e9 e10 e11 e12 e13 e14 e15 e16 e17 e18` does nothing

Note: This linter can be disabled with `set_option linter.unusedTactic false`
SunPrize\Certificate\Theory004.lean:2790:2: warning: Unused tactic linter: `all_goals tauto` does nothing

Note: This linter can be disabled with `set_option linter.unusedTactic false`
SunPrize\Certificate\Theory004.lean:2789:12: warning: this tactic is never executed

Note: This linter can be disabled with `set_option linter.unreachableTactic false`
SunPrize\Certificate\Theory004.lean:2790:12: warning: this tactic is never executed

Note: This linter can be disabled with `set_option linter.unreachableTactic false`
SunPrize\Certificate\Theory004.lean:2802:56: warning: This simp argument is unused:
  not_le

Hint: Omit it from the simp argument list.
  [apply] simp only [not_lt] at h ⊢

Note: This linter can be disabled with `set_option linter.unusedSimpArgs false`
SunPrize\Certificate\Theory004.lean:2804:56: warning: This simp argument is unused:
  not_le

Hint: Omit it from the simp argument list.
  [apply] simp only [not_lt] at h ⊢

Note: This linter can be disabled with `set_option linter.unusedSimpArgs false`
SunPrize\Certificate\Theory004.lean:2806:56: warning: This simp argument is unused:
  not_le

Hint: Omit it from the simp argument list.
  [apply] simp only [not_lt] at h ⊢

Note: This linter can be disabled with `set_option linter.unusedSimpArgs false`
SunPrize\Certificate\Theory004.lean:2808:56: warning: This simp argument is unused:
  not_le

Hint: Omit it from the simp argument list.
  [apply] simp only [not_lt] at h ⊢

Note: This linter can be disabled with `set_option linter.unusedSimpArgs false`
SunPrize\Certificate\Theory004.lean:2810:56: warning: This simp argument is unused:
  not_le

Hint: Omit it from the simp argument list.
  [apply] simp only [not_lt] at h ⊢

Note: This linter can be disabled with `set_option linter.unusedSimpArgs false`
SunPrize\Certificate\Theory004.lean:2816:56: warning: This simp argument is unused:
  not_le

Hint: Omit it from the simp argument list.
  [apply] simp only [not_lt] at h ⊢

Note: This linter can be disabled with `set_option linter.unusedSimpArgs false`
SunPrize\Certificate\Theory004.lean:2818:56: warning: This simp argument is unused:
  not_le

Hint: Omit it from the simp argument list.
  [apply] simp only [not_lt] at h ⊢

Note: This linter can be disabled with `set_option linter.unusedSimpArgs false`
SunPrize\Certificate\Theory004.lean:2822:56: warning: This simp argument is unused:
  not_le

Hint: Omit it from the simp argument list.
  [apply] simp only [not_lt] at h ⊢

Note: This linter can be disabled with `set_option linter.unusedSimpArgs false`
SunPrize\Certificate\Theory004.lean:2824:56: warning: This simp argument is unused:
  not_le

Hint: Omit it from the simp argument list.
  [apply] simp only [not_lt] at h ⊢

Note: This linter can be disabled with `set_option linter.unusedSimpArgs false`
SunPrize\Certificate\Theory004.lean:2826:56: warning: This simp argument is unused:
  not_le

Hint: Omit it from the simp argument list.
  [apply] simp only [not_lt] at h ⊢

Note: This linter can be disabled with `set_option linter.unusedSimpArgs false`
SunPrize\Certificate\Theory004.lean:2828:56: warning: This simp argument is unused:
  not_le

Hint: Omit it from the simp argument list.
  [apply] simp only [not_lt] at h ⊢

Note: This linter can be disabled with `set_option linter.unusedSimpArgs false`
SunPrize\Certificate\Theory004.lean:2836:56: warning: This simp argument is unused:
  not_le

Hint: Omit it from the simp argument list.
  [apply] simp only [not_lt] at h ⊢

Note: This linter can be disabled with `set_option linter.unusedSimpArgs false`
SunPrize\Certificate\Theory004.lean:2838:56: warning: This simp argument is unused:
  not_le

Hint: Omit it from the simp argument list.
  [apply] simp only [not_lt] at h ⊢

Note: This linter can be disabled with `set_option linter.unusedSimpArgs false`
SunPrize\Certificate\Theory004.lean:2812:32: warning: Unused tactic linter: `(try simp only [not_lt, not_le] at h ⊢)` does nothing

Note: This linter can be disabled with `set_option linter.unusedTactic false`
SunPrize\Certificate\Theory004.lean:2814:32: warning: Unused tactic linter: `(try simp only [not_lt, not_le] at h ⊢)` does nothing

Note: This linter can be disabled with `set_option linter.unusedTactic false`
SunPrize\Certificate\Theory004.lean:2820:32: warning: Unused tactic linter: `(try simp only [not_lt, not_le] at h ⊢)` does nothing

Note: This linter can be disabled with `set_option linter.unusedTactic false`
SunPrize\Certificate\Theory004.lean:2830:32: warning: Unused tactic linter: `(try simp only [not_lt, not_le] at h ⊢)` does nothing

Note: This linter can be disabled with `set_option linter.unusedTactic false`
SunPrize\Certificate\Theory004.lean:2832:32: warning: Unused tactic linter: `(try simp only [not_lt, not_le] at h ⊢)` does nothing

Note: This linter can be disabled with `set_option linter.unusedTactic false`
SunPrize\Certificate\Theory004.lean:2834:32: warning: Unused tactic linter: `(try simp only [not_lt, not_le] at h ⊢)` does nothing

Note: This linter can be disabled with `set_option linter.unusedTactic false`
SunPrize\Certificate\Theory004.lean:2840:2: warning: Unused tactic linter: `all_goals clear e0 e1 e2 e3 e4 e5 e6 e7 e8 e9 e10 e11 e12 e13 e14 e15 e16 e17 e18` does nothing

Note: This linter can be disabled with `set_option linter.unusedTactic false`
SunPrize\Certificate\Theory004.lean:2841:2: warning: Unused tactic linter: `all_goals tauto` does nothing

Note: This linter can be disabled with `set_option linter.unusedTactic false`
SunPrize\Certificate\Theory004.lean:2840:12: warning: this tactic is never executed

Note: This linter can be disabled with `set_option linter.unreachableTactic false`
SunPrize\Certificate\Theory004.lean:2841:12: warning: this tactic is never executed

Note: This linter can be disabled with `set_option linter.unreachableTactic false`
SunPrize\Certificate\Theory004.lean:2853:56: warning: This simp argument is unused:
  not_le

Hint: Omit it from the simp argument list.
  [apply] simp only [not_lt] at h ⊢

Note: This linter can be disabled with `set_option linter.unusedSimpArgs false`
SunPrize\Certificate\Theory004.lean:2857:56: warning: This simp argument is unused:
  not_le

Hint: Omit it from the simp argument list.
  [apply] simp only [not_lt] at h ⊢

Note: This linter can be disabled with `set_option linter.unusedSimpArgs false`
SunPrize\Certificate\Theory004.lean:2859:56: warning: This simp argument is unused:
  not_le

Hint: Omit it from the simp argument list.
  [apply] simp only [not_lt] at h ⊢

Note: This linter can be disabled with `set_option linter.unusedSimpArgs false`
SunPrize\Certificate\Theory004.lean:2861:56: warning: This simp argument is unused:
  not_le

Hint: Omit it from the simp argument list.
  [apply] simp only [not_lt] at h ⊢

Note: This linter can be disabled with `set_option linter.unusedSimpArgs false`
SunPrize\Certificate\Theory004.lean:2863:56: warning: This simp argument is unused:
  not_le

Hint: Omit it from the simp argument list.
  [apply] simp only [not_lt] at h ⊢

Note: This linter can be disabled with `set_option linter.unusedSimpArgs false`
SunPrize\Certificate\Theory004.lean:2867:56: warning: This simp argument is unused:
  not_le

Hint: Omit it from the simp argument list.
  [apply] simp only [not_lt] at h ⊢

Note: This linter can be disabled with `set_option linter.unusedSimpArgs false`
SunPrize\Certificate\Theory004.lean:2873:56: warning: This simp argument is unused:
  not_le

Hint: Omit it from the simp argument list.
  [apply] simp only [not_lt] at h ⊢

Note: This linter can be disabled with `set_option linter.unusedSimpArgs false`
SunPrize\Certificate\Theory004.lean:2875:56: warning: This simp argument is unused:
  not_le

Hint: Omit it from the simp argument list.
  [apply] simp only [not_lt] at h ⊢

Note: This linter can be disabled with `set_option linter.unusedSimpArgs false`
SunPrize\Certificate\Theory004.lean:2877:56: warning: This simp argument is unused:
  not_le

Hint: Omit it from the simp argument list.
  [apply] simp only [not_lt] at h ⊢

Note: This linter can be disabled with `set_option linter.unusedSimpArgs false`
SunPrize\Certificate\Theory004.lean:2879:56: warning: This simp argument is unused:
  not_le

Hint: Omit it from the simp argument list.
  [apply] simp only [not_lt] at h ⊢

Note: This linter can be disabled with `set_option linter.unusedSimpArgs false`
SunPrize\Certificate\Theory004.lean:2881:56: warning: This simp argument is unused:
  not_le

Hint: Omit it from the simp argument list.
  [apply] simp only [not_lt] at h ⊢

Note: This linter can be disabled with `set_option linter.unusedSimpArgs false`
SunPrize\Certificate\Theory004.lean:2887:56: warning: This simp argument is unused:
  not_le

Hint: Omit it from the simp argument list.
  [apply] simp only [not_lt] at h ⊢

Note: This linter can be disabled with `set_option linter.unusedSimpArgs false`
SunPrize\Certificate\Theory004.lean:2889:56: warning: This simp argument is unused:
  not_le

Hint: Omit it from the simp argument list.
  [apply] simp only [not_lt] at h ⊢

Note: This linter can be disabled with `set_option linter.unusedSimpArgs false`
SunPrize\Certificate\Theory004.lean:2855:32: warning: Unused tactic linter: `(try simp only [not_lt, not_le] at h ⊢)` does nothing

Note: This linter can be disabled with `set_option linter.unusedTactic false`
SunPrize\Certificate\Theory004.lean:2865:32: warning: Unused tactic linter: `(try simp only [not_lt, not_le] at h ⊢)` does nothing

Note: This linter can be disabled with `set_option linter.unusedTactic false`
SunPrize\Certificate\Theory004.lean:2869:32: warning: Unused tactic linter: `(try simp only [not_lt, not_le] at h ⊢)` does nothing

Note: This linter can be disabled with `set_option linter.unusedTactic false`
SunPrize\Certificate\Theory004.lean:2871:32: warning: Unused tactic linter: `(try simp only [not_lt, not_le] at h ⊢)` does nothing

Note: This linter can be disabled with `set_option linter.unusedTactic false`
SunPrize\Certificate\Theory004.lean:2883:32: warning: Unused tactic linter: `(try simp only [not_lt, not_le] at h ⊢)` does nothing

Note: This linter can be disabled with `set_option linter.unusedTactic false`
SunPrize\Certificate\Theory004.lean:2885:32: warning: Unused tactic linter: `(try simp only [not_lt, not_le] at h ⊢)` does nothing

Note: This linter can be disabled with `set_option linter.unusedTactic false`
SunPrize\Certificate\Theory004.lean:2891:2: warning: Unused tactic linter: `all_goals clear e0 e1 e2 e3 e4 e5 e6 e7 e8 e9 e10 e11 e12 e13 e14 e15 e16 e17 e18` does nothing

Note: This linter can be disabled with `set_option linter.unusedTactic false`
SunPrize\Certificate\Theory004.lean:2892:2: warning: Unused tactic linter: `all_goals tauto` does nothing

Note: This linter can be disabled with `set_option linter.unusedTactic false`
SunPrize\Certificate\Theory004.lean:2891:12: warning: this tactic is never executed

Note: This linter can be disabled with `set_option linter.unreachableTactic false`
SunPrize\Certificate\Theory004.lean:2892:12: warning: this tactic is never executed

Note: This linter can be disabled with `set_option linter.unreachableTactic false`
SunPrize\Certificate\Theory004.lean:2904:56: warning: This simp argument is unused:
  not_le

Hint: Omit it from the simp argument list.
  [apply] simp only [not_lt] at h ⊢

Note: This linter can be disabled with `set_option linter.unusedSimpArgs false`
SunPrize\Certificate\Theory004.lean:2908:56: warning: This simp argument is unused:
  not_le

Hint: Omit it from the simp argument list.
  [apply] simp only [not_lt] at h ⊢

Note: This linter can be disabled with `set_option linter.unusedSimpArgs false`
SunPrize\Certificate\Theory004.lean:2910:56: warning: This simp argument is unused:
  not_le

Hint: Omit it from the simp argument list.
  [apply] simp only [not_lt] at h ⊢

Note: This linter can be disabled with `set_option linter.unusedSimpArgs false`
SunPrize\Certificate\Theory004.lean:2920:56: warning: This simp argument is unused:
  not_le

Hint: Omit it from the simp argument list.
  [apply] simp only [not_lt] at h ⊢

Note: This linter can be disabled with `set_option linter.unusedSimpArgs false`
SunPrize\Certificate\Theory004.lean:2922:56: warning: This simp argument is unused:
  not_le

Hint: Omit it from the simp argument list.
  [apply] simp only [not_lt] at h ⊢

Note: This linter can be disabled with `set_option linter.unusedSimpArgs false`
SunPrize\Certificate\Theory004.lean:2926:56: warning: This simp argument is unused:
  not_le

Hint: Omit it from the simp argument list.
  [apply] simp only [not_lt] at h ⊢

Note: This linter can be disabled with `set_option linter.unusedSimpArgs false`
SunPrize\Certificate\Theory004.lean:2928:56: warning: This simp argument is unused:
  not_le

Hint: Omit it from the simp argument list.
  [apply] simp only [not_lt] at h ⊢

Note: This linter can be disabled with `set_option linter.unusedSimpArgs false`
SunPrize\Certificate\Theory004.lean:2930:56: warning: This simp argument is unused:
  not_le

Hint: Omit it from the simp argument list.
  [apply] simp only [not_lt] at h ⊢

Note: This linter can be disabled with `set_option linter.unusedSimpArgs false`
SunPrize\Certificate\Theory004.lean:2932:56: warning: This simp argument is unused:
  not_le

Hint: Omit it from the simp argument list.
  [apply] simp only [not_lt] at h ⊢

Note: This linter can be disabled with `set_option linter.unusedSimpArgs false`
SunPrize\Certificate\Theory004.lean:2934:56: warning: This simp argument is unused:
  not_le

Hint: Omit it from the simp argument list.
  [apply] simp only [not_lt] at h ⊢

Note: This linter can be disabled with `set_option linter.unusedSimpArgs false`
SunPrize\Certificate\Theory004.lean:2936:56: warning: This simp argument is unused:
  not_le

Hint: Omit it from the simp argument list.
  [apply] simp only [not_lt] at h ⊢

Note: This linter can be disabled with `set_option linter.unusedSimpArgs false`
SunPrize\Certificate\Theory004.lean:2938:56: warning: This simp argument is unused:
  not_le

Hint: Omit it from the simp argument list.
  [apply] simp only [not_lt] at h ⊢

Note: This linter can be disabled with `set_option linter.unusedSimpArgs false`
SunPrize\Certificate\Theory004.lean:2940:56: warning: This simp argument is unused:
  not_le

Hint: Omit it from the simp argument list.
  [apply] simp only [not_lt] at h ⊢

Note: This linter can be disabled with `set_option linter.unusedSimpArgs false`
SunPrize\Certificate\Theory004.lean:2906:32: warning: Unused tactic linter: `(try simp only [not_lt, not_le] at h ⊢)` does nothing

Note: This linter can be disabled with `set_option linter.unusedTactic false`
SunPrize\Certificate\Theory004.lean:2912:32: warning: Unused tactic linter: `(try simp only [not_lt, not_le] at h ⊢)` does nothing

Note: This linter can be disabled with `set_option linter.unusedTactic false`
SunPrize\Certificate\Theory004.lean:2914:32: warning: Unused tactic linter: `(try simp only [not_lt, not_le] at h ⊢)` does nothing

Note: This linter can be disabled with `set_option linter.unusedTactic false`
SunPrize\Certificate\Theory004.lean:2916:32: warning: Unused tactic linter: `(try simp only [not_lt, not_le] at h ⊢)` does nothing

Note: This linter can be disabled with `set_option linter.unusedTactic false`
SunPrize\Certificate\Theory004.lean:2918:32: warning: Unused tactic linter: `(try simp only [not_lt, not_le] at h ⊢)` does nothing

Note: This linter can be disabled with `set_option linter.unusedTactic false`
SunPrize\Certificate\Theory004.lean:2924:32: warning: Unused tactic linter: `(try simp only [not_lt, not_le] at h ⊢)` does nothing

Note: This linter can be disabled with `set_option linter.unusedTactic false`
SunPrize\Certificate\Theory004.lean:2942:2: warning: Unused tactic linter: `all_goals clear e0 e1 e2 e3 e4 e5 e6 e7 e8 e9 e10 e11 e12 e13 e14 e15 e16 e17 e18` does nothing

Note: This linter can be disabled with `set_option linter.unusedTactic false`
SunPrize\Certificate\Theory004.lean:2943:2: warning: Unused tactic linter: `all_goals tauto` does nothing

Note: This linter can be disabled with `set_option linter.unusedTactic false`
SunPrize\Certificate\Theory004.lean:2942:12: warning: this tactic is never executed

Note: This linter can be disabled with `set_option linter.unreachableTactic false`
SunPrize\Certificate\Theory004.lean:2943:12: warning: this tactic is never executed

Note: This linter can be disabled with `set_option linter.unreachableTactic false`
SunPrize\Certificate\Theory004.lean:2955:56: warning: This simp argument is unused:
  not_le

Hint: Omit it from the simp argument list.
  [apply] simp only [not_lt] at h ⊢

Note: This linter can be disabled with `set_option linter.unusedSimpArgs false`
SunPrize\Certificate\Theory004.lean:2957:56: warning: This simp argument is unused:
  not_le

Hint: Omit it from the simp argument list.
  [apply] simp only [not_lt] at h ⊢

Note: This linter can be disabled with `set_option linter.unusedSimpArgs false`
SunPrize\Certificate\Theory004.lean:2959:56: warning: This simp argument is unused:
  not_le

Hint: Omit it from the simp argument list.
  [apply] simp only [not_lt] at h ⊢

Note: This linter can be disabled with `set_option linter.unusedSimpArgs false`
SunPrize\Certificate\Theory004.lean:2961:56: warning: This simp argument is unused:
  not_le

Hint: Omit it from the simp argument list.
  [apply] simp only [not_lt] at h ⊢

Note: This linter can be disabled with `set_option linter.unusedSimpArgs false`
SunPrize\Certificate\Theory004.lean:2963:56: warning: This simp argument is unused:
  not_le

Hint: Omit it from the simp argument list.
  [apply] simp only [not_lt] at h ⊢

Note: This linter can be disabled with `set_option linter.unusedSimpArgs false`
SunPrize\Certificate\Theory004.lean:2969:56: warning: This simp argument is unused:
  not_le

Hint: Omit it from the simp argument list.
  [apply] simp only [not_lt] at h ⊢

Note: This linter can be disabled with `set_option linter.unusedSimpArgs false`
SunPrize\Certificate\Theory004.lean:2971:56: warning: This simp argument is unused:
  not_le

Hint: Omit it from the simp argument list.
  [apply] simp only [not_lt] at h ⊢

Note: This linter can be disabled with `set_option linter.unusedSimpArgs false`
SunPrize\Certificate\Theory004.lean:2975:56: warning: This simp argument is unused:
  not_le

Hint: Omit it from the simp argument list.
  [apply] simp only [not_lt] at h ⊢

Note: This linter can be disabled with `set_option linter.unusedSimpArgs false`
SunPrize\Certificate\Theory004.lean:2977:56: warning: This simp argument is unused:
  not_le

Hint: Omit it from the simp argument list.
  [apply] simp only [not_lt] at h ⊢

Note: This linter can be disabled with `set_option linter.unusedSimpArgs false`
SunPrize\Certificate\Theory004.lean:2979:56: warning: This simp argument is unused:
  not_le

Hint: Omit it from the simp argument list.
  [apply] simp only [not_lt] at h ⊢

Note: This linter can be disabled with `set_option linter.unusedSimpArgs false`
SunPrize\Certificate\Theory004.lean:2981:56: warning: This simp argument is unused:
  not_le

Hint: Omit it from the simp argument list.
  [apply] simp only [not_lt] at h ⊢

Note: This linter can be disabled with `set_option linter.unusedSimpArgs false`
SunPrize\Certificate\Theory004.lean:2989:56: warning: This simp argument is unused:
  not_le

Hint: Omit it from the simp argument list.
  [apply] simp only [not_lt] at h ⊢

Note: This linter can be disabled with `set_option linter.unusedSimpArgs false`
SunPrize\Certificate\Theory004.lean:2991:56: warning: This simp argument is unused:
  not_le

Hint: Omit it from the simp argument list.
  [apply] simp only [not_lt] at h ⊢

Note: This linter can be disabled with `set_option linter.unusedSimpArgs false`
SunPrize\Certificate\Theory004.lean:2965:32: warning: Unused tactic linter: `(try simp only [not_lt, not_le] at h ⊢)` does nothing

Note: This linter can be disabled with `set_option linter.unusedTactic false`
SunPrize\Certificate\Theory004.lean:2967:32: warning: Unused tactic linter: `(try simp only [not_lt, not_le] at h ⊢)` does nothing

Note: This linter can be disabled with `set_option linter.unusedTactic false`
SunPrize\Certificate\Theory004.lean:2973:32: warning: Unused tactic linter: `(try simp only [not_lt, not_le] at h ⊢)` does nothing

Note: This linter can be disabled with `set_option linter.unusedTactic false`
SunPrize\Certificate\Theory004.lean:2983:32: warning: Unused tactic linter: `(try simp only [not_lt, not_le] at h ⊢)` does nothing

Note: This linter can be disabled with `set_option linter.unusedTactic false`
SunPrize\Certificate\Theory004.lean:2985:32: warning: Unused tactic linter: `(try simp only [not_lt, not_le] at h ⊢)` does nothing

Note: This linter can be disabled with `set_option linter.unusedTactic false`
SunPrize\Certificate\Theory004.lean:2987:32: warning: Unused tactic linter: `(try simp only [not_lt, not_le] at h ⊢)` does nothing

Note: This linter can be disabled with `set_option linter.unusedTactic false`
SunPrize\Certificate\Theory004.lean:2993:2: warning: Unused tactic linter: `all_goals clear e0 e1 e2 e3 e4 e5 e6 e7 e8 e9 e10 e11 e12 e13 e14 e15 e16 e17 e18` does nothing

Note: This linter can be disabled with `set_option linter.unusedTactic false`
SunPrize\Certificate\Theory004.lean:2994:2: warning: Unused tactic linter: `all_goals tauto` does nothing

Note: This linter can be disabled with `set_option linter.unusedTactic false`
SunPrize\Certificate\Theory004.lean:2993:12: warning: this tactic is never executed

Note: This linter can be disabled with `set_option linter.unreachableTactic false`
SunPrize\Certificate\Theory004.lean:2994:12: warning: this tactic is never executed

Note: This linter can be disabled with `set_option linter.unreachableTactic false`
SunPrize\Certificate\Theory004.lean:3006:56: warning: This simp argument is unused:
  not_le

Hint: Omit it from the simp argument list.
  [apply] simp only [not_lt] at h ⊢

Note: This linter can be disabled with `set_option linter.unusedSimpArgs false`
SunPrize\Certificate\Theory004.lean:3008:56: warning: This simp argument is unused:
  not_le

Hint: Omit it from the simp argument list.
  [apply] simp only [not_lt] at h ⊢

Note: This linter can be disabled with `set_option linter.unusedSimpArgs false`
SunPrize\Certificate\Theory004.lean:3010:56: warning: This simp argument is unused:
  not_le

Hint: Omit it from the simp argument list.
  [apply] simp only [not_lt] at h ⊢

Note: This linter can be disabled with `set_option linter.unusedSimpArgs false`
SunPrize\Certificate\Theory004.lean:3012:56: warning: This simp argument is unused:
  not_le

Hint: Omit it from the simp argument list.
  [apply] simp only [not_lt] at h ⊢

Note: This linter can be disabled with `set_option linter.unusedSimpArgs false`
SunPrize\Certificate\Theory004.lean:3014:56: warning: This simp argument is unused:
  not_le

Hint: Omit it from the simp argument list.
  [apply] simp only [not_lt] at h ⊢

Note: This linter can be disabled with `set_option linter.unusedSimpArgs false`
SunPrize\Certificate\Theory004.lean:3020:56: warning: This simp argument is unused:
  not_le

Hint: Omit it from the simp argument list.
  [apply] simp only [not_lt] at h ⊢

Note: This linter can be disabled with `set_option linter.unusedSimpArgs false`
SunPrize\Certificate\Theory004.lean:3022:56: warning: This simp argument is unused:
  not_le

Hint: Omit it from the simp argument list.
  [apply] simp only [not_lt] at h ⊢

Note: This linter can be disabled with `set_option linter.unusedSimpArgs false`
SunPrize\Certificate\Theory004.lean:3026:56: warning: This simp argument is unused:
  not_le

Hint: Omit it from the simp argument list.
  [apply] simp only [not_lt] at h ⊢

Note: This linter can be disabled with `set_option linter.unusedSimpArgs false`
SunPrize\Certificate\Theory004.lean:3028:56: warning: This simp argument is unused:
  not_le

Hint: Omit it from the simp argument list.
  [apply] simp only [not_lt] at h ⊢

Note: This linter can be disabled with `set_option linter.unusedSimpArgs false`
SunPrize\Certificate\Theory004.lean:3030:56: warning: This simp argument is unused:
  not_le

Hint: Omit it from the simp argument list.
  [apply] simp only [not_lt] at h ⊢

Note: This linter can be disabled with `set_option linter.unusedSimpArgs false`
SunPrize\Certificate\Theory004.lean:3032:56: warning: This simp argument is unused:
  not_le

Hint: Omit it from the simp argument list.
  [apply] simp only [not_lt] at h ⊢

Note: This linter can be disabled with `set_option linter.unusedSimpArgs false`
SunPrize\Certificate\Theory004.lean:3040:56: warning: This simp argument is unused:
  not_le

Hint: Omit it from the simp argument list.
  [apply] simp only [not_lt] at h ⊢

Note: This linter can be disabled with `set_option linter.unusedSimpArgs false`
SunPrize\Certificate\Theory004.lean:3042:56: warning: This simp argument is unused:
  not_le

Hint: Omit it from the simp argument list.
  [apply] simp only [not_lt] at h ⊢

Note: This linter can be disabled with `set_option linter.unusedSimpArgs false`
SunPrize\Certificate\Theory004.lean:3016:32: warning: Unused tactic linter: `(try simp only [not_lt, not_le] at h ⊢)` does nothing

Note: This linter can be disabled with `set_option linter.unusedTactic false`
SunPrize\Certificate\Theory004.lean:3018:32: warning: Unused tactic linter: `(try simp only [not_lt, not_le] at h ⊢)` does nothing

Note: This linter can be disabled with `set_option linter.unusedTactic false`
SunPrize\Certificate\Theory004.lean:3024:32: warning: Unused tactic linter: `(try simp only [not_lt, not_le] at h ⊢)` does nothing

Note: This linter can be disabled with `set_option linter.unusedTactic false`
SunPrize\Certificate\Theory004.lean:3034:32: warning: Unused tactic linter: `(try simp only [not_lt, not_le] at h ⊢)` does nothing

Note: This linter can be disabled with `set_option linter.unusedTactic false`
SunPrize\Certificate\Theory004.lean:3036:32: warning: Unused tactic linter: `(try simp only [not_lt, not_le] at h ⊢)` does nothing

Note: This linter can be disabled with `set_option linter.unusedTactic false`
SunPrize\Certificate\Theory004.lean:3038:32: warning: Unused tactic linter: `(try simp only [not_lt, not_le] at h ⊢)` does nothing

Note: This linter can be disabled with `set_option linter.unusedTactic false`
SunPrize\Certificate\Theory004.lean:3044:2: warning: Unused tactic linter: `all_goals clear e0 e1 e2 e3 e4 e5 e6 e7 e8 e9 e10 e11 e12 e13 e14 e15 e16 e17 e18` does nothing

Note: This linter can be disabled with `set_option linter.unusedTactic false`
SunPrize\Certificate\Theory004.lean:3045:2: warning: Unused tactic linter: `all_goals tauto` does nothing

Note: This linter can be disabled with `set_option linter.unusedTactic false`
SunPrize\Certificate\Theory004.lean:3044:12: warning: this tactic is never executed

Note: This linter can be disabled with `set_option linter.unreachableTactic false`
SunPrize\Certificate\Theory004.lean:3045:12: warning: this tactic is never executed

Note: This linter can be disabled with `set_option linter.unreachableTactic false`
SunPrize\Certificate\Theory004.lean:3063:56: warning: This simp argument is unused:
  not_le

Hint: Omit it from the simp argument list.
  [apply] simp only [not_lt] at h ⊢

Note: This linter can be disabled with `set_option linter.unusedSimpArgs false`
SunPrize\Certificate\Theory004.lean:3065:56: warning: This simp argument is unused:
  not_le

Hint: Omit it from the simp argument list.
  [apply] simp only [not_lt] at h ⊢

Note: This linter can be disabled with `set_option linter.unusedSimpArgs false`
SunPrize\Certificate\Theory004.lean:3071:56: warning: This simp argument is unused:
  not_le

Hint: Omit it from the simp argument list.
  [apply] simp only [not_lt] at h ⊢

Note: This linter can be disabled with `set_option linter.unusedSimpArgs false`
SunPrize\Certificate\Theory004.lean:3073:56: warning: This simp argument is unused:
  not_le

Hint: Omit it from the simp argument list.
  [apply] simp only [not_lt] at h ⊢

Note: This linter can be disabled with `set_option linter.unusedSimpArgs false`
SunPrize\Certificate\Theory004.lean:3077:56: warning: This simp argument is unused:
  not_le

Hint: Omit it from the simp argument list.
  [apply] simp only [not_lt] at h ⊢

Note: This linter can be disabled with `set_option linter.unusedSimpArgs false`
SunPrize\Certificate\Theory004.lean:3079:56: warning: This simp argument is unused:
  not_le

Hint: Omit it from the simp argument list.
  [apply] simp only [not_lt] at h ⊢

Note: This linter can be disabled with `set_option linter.unusedSimpArgs false`
SunPrize\Certificate\Theory004.lean:3081:56: warning: This simp argument is unused:
  not_le

Hint: Omit it from the simp argument list.
  [apply] simp only [not_lt] at h ⊢

Note: This linter can be disabled with `set_option linter.unusedSimpArgs false`
SunPrize\Certificate\Theory004.lean:3083:56: warning: This simp argument is unused:
  not_le

Hint: Omit it from the simp argument list.
  [apply] simp only [not_lt] at h ⊢

Note: This linter can be disabled with `set_option linter.unusedSimpArgs false`
SunPrize\Certificate\Theory004.lean:3085:56: warning: This simp argument is unused:
  not_le

Hint: Omit it from the simp argument list.
  [apply] simp only [not_lt] at h ⊢

Note: This linter can be disabled with `set_option linter.unusedSimpArgs false`
SunPrize\Certificate\Theory004.lean:3087:56: warning: This simp argument is unused:
  not_le

Hint: Omit it from the simp argument list.
  [apply] simp only [not_lt] at h ⊢

Note: This linter can be disabled with `set_option linter.unusedSimpArgs false`
SunPrize\Certificate\Theory004.lean:3089:56: warning: This simp argument is unused:
  not_le

Hint: Omit it from the simp argument list.
  [apply] simp only [not_lt] at h ⊢

Note: This linter can be disabled with `set_option linter.unusedSimpArgs false`
SunPrize\Certificate\Theory004.lean:3091:56: warning: This simp argument is unused:
  not_le

Hint: Omit it from the simp argument list.
  [apply] simp only [not_lt] at h ⊢

Note: This linter can be disabled with `set_option linter.unusedSimpArgs false`
SunPrize\Certificate\Theory004.lean:3093:56: warning: This simp argument is unused:
  not_le

Hint: Omit it from the simp argument list.
  [apply] simp only [not_lt] at h ⊢

Note: This linter can be disabled with `set_option linter.unusedSimpArgs false`
SunPrize\Certificate\Theory004.lean:3057:32: warning: Unused tactic linter: `(try simp only [not_lt, not_le] at h ⊢)` does nothing

Note: This linter can be disabled with `set_option linter.unusedTactic false`
SunPrize\Certificate\Theory004.lean:3059:32: warning: Unused tactic linter: `(try simp only [not_lt, not_le] at h ⊢)` does nothing

Note: This linter can be disabled with `set_option linter.unusedTactic false`
SunPrize\Certificate\Theory004.lean:3061:32: warning: Unused tactic linter: `(try simp only [not_lt, not_le] at h ⊢)` does nothing

Note: This linter can be disabled with `set_option linter.unusedTactic false`
SunPrize\Certificate\Theory004.lean:3067:32: warning: Unused tactic linter: `(try simp only [not_lt, not_le] at h ⊢)` does nothing

Note: This linter can be disabled with `set_option linter.unusedTactic false`
SunPrize\Certificate\Theory004.lean:3069:32: warning: Unused tactic linter: `(try simp only [not_lt, not_le] at h ⊢)` does nothing

Note: This linter can be disabled with `set_option linter.unusedTactic false`
SunPrize\Certificate\Theory004.lean:3075:32: warning: Unused tactic linter: `(try simp only [not_lt, not_le] at h ⊢)` does nothing

Note: This linter can be disabled with `set_option linter.unusedTactic false`
SunPrize\Certificate\Theory004.lean:3095:2: warning: Unused tactic linter: `all_goals clear e0 e1 e2 e3 e4 e5 e6 e7 e8 e9 e10 e11 e12 e13 e14 e15 e16 e17 e18` does nothing

Note: This linter can be disabled with `set_option linter.unusedTactic false`
SunPrize\Certificate\Theory004.lean:3096:2: warning: Unused tactic linter: `all_goals tauto` does nothing

Note: This linter can be disabled with `set_option linter.unusedTactic false`
SunPrize\Certificate\Theory004.lean:3095:12: warning: this tactic is never executed

Note: This linter can be disabled with `set_option linter.unreachableTactic false`
SunPrize\Certificate\Theory004.lean:3096:12: warning: this tactic is never executed

Note: This linter can be disabled with `set_option linter.unreachableTactic false`
SunPrize\Certificate\Theory004.lean:3101:56: warning: This simp argument is unused:
  not_le

Hint: Omit it from the simp argument list.
  [apply] simp only [not_lt] at h ⊢

Note: This linter can be disabled with `set_option linter.unusedSimpArgs false`
SunPrize\Certificate\Theory004.lean:3103:56: warning: This simp argument is unused:
  not_le

Hint: Omit it from the simp argument list.
  [apply] simp only [not_lt] at h ⊢

Note: This linter can be disabled with `set_option linter.unusedSimpArgs false`
SunPrize\Certificate\Theory004.lean:3105:56: warning: This simp argument is unused:
  not_le

Hint: Omit it from the simp argument list.
  [apply] simp only [not_lt] at h ⊢

Note: This linter can be disabled with `set_option linter.unusedSimpArgs false`
SunPrize\Certificate\Theory004.lean:3107:56: warning: This simp argument is unused:
  not_le

Hint: Omit it from the simp argument list.
  [apply] simp only [not_lt] at h ⊢

Note: This linter can be disabled with `set_option linter.unusedSimpArgs false`
SunPrize\Certificate\Theory004.lean:3109:56: warning: This simp argument is unused:
  not_le

Hint: Omit it from the simp argument list.
  [apply] simp only [not_lt] at h ⊢

Note: This linter can be disabled with `set_option linter.unusedSimpArgs false`
SunPrize\Certificate\Theory004.lean:3115:56: warning: This simp argument is unused:
  not_le

Hint: Omit it from the simp argument list.
  [apply] simp only [not_lt] at h ⊢

Note: This linter can be disabled with `set_option linter.unusedSimpArgs false`
SunPrize\Certificate\Theory004.lean:3117:56: warning: This simp argument is unused:
  not_le

Hint: Omit it from the simp argument list.
  [apply] simp only [not_lt] at h ⊢

Note: This linter can be disabled with `set_option linter.unusedSimpArgs false`
SunPrize\Certificate\Theory004.lean:3121:56: warning: This simp argument is unused:
  not_le

Hint: Omit it from the simp argument list.
  [apply] simp only [not_lt] at h ⊢

Note: This linter can be disabled with `set_option linter.unusedSimpArgs false`
SunPrize\Certificate\Theory004.lean:3123:56: warning: This simp argument is unused:
  not_le

Hint: Omit it from the simp argument list.
  [apply] simp only [not_lt] at h ⊢

Note: This linter can be disabled with `set_option linter.unusedSimpArgs false`
SunPrize\Certificate\Theory004.lean:3125:56: warning: This simp argument is unused:
  not_le

Hint: Omit it from the simp argument list.
  [apply] simp only [not_lt] at h ⊢

Note: This linter can be disabled with `set_option linter.unusedSimpArgs false`
SunPrize\Certificate\Theory004.lean:3127:56: warning: This simp argument is unused:
  not_le

Hint: Omit it from the simp argument list.
  [apply] simp only [not_lt] at h ⊢

Note: This linter can be disabled with `set_option linter.unusedSimpArgs false`
SunPrize\Certificate\Theory004.lean:3135:56: warning: This simp argument is unused:
  not_le

Hint: Omit it from the simp argument list.
  [apply] simp only [not_lt] at h ⊢

Note: This linter can be disabled with `set_option linter.unusedSimpArgs false`
SunPrize\Certificate\Theory004.lean:3137:56: warning: This simp argument is unused:
  not_le

Hint: Omit it from the simp argument list.
  [apply] simp only [not_lt] at h ⊢

Note: This linter can be disabled with `set_option linter.unusedSimpArgs false`
SunPrize\Certificate\Theory004.lean:3111:32: warning: Unused tactic linter: `(try simp only [not_lt, not_le] at h ⊢)` does nothing

Note: This linter can be disabled with `set_option linter.unusedTactic false`
SunPrize\Certificate\Theory004.lean:3113:32: warning: Unused tactic linter: `(try simp only [not_lt, not_le] at h ⊢)` does nothing

Note: This linter can be disabled with `set_option linter.unusedTactic false`
SunPrize\Certificate\Theory004.lean:3119:32: warning: Unused tactic linter: `(try simp only [not_lt, not_le] at h ⊢)` does nothing

Note: This linter can be disabled with `set_option linter.unusedTactic false`
SunPrize\Certificate\Theory004.lean:3129:32: warning: Unused tactic linter: `(try simp only [not_lt, not_le] at h ⊢)` does nothing

Note: This linter can be disabled with `set_option linter.unusedTactic false`
SunPrize\Certificate\Theory004.lean:3131:32: warning: Unused tactic linter: `(try simp only [not_lt, not_le] at h ⊢)` does nothing

Note: This linter can be disabled with `set_option linter.unusedTactic false`
SunPrize\Certificate\Theory004.lean:3133:32: warning: Unused tactic linter: `(try simp only [not_lt, not_le] at h ⊢)` does nothing

Note: This linter can be disabled with `set_option linter.unusedTactic false`
SunPrize\Certificate\Theory004.lean:3139:2: warning: Unused tactic linter: `all_goals clear e0 e1 e2 e3 e4 e5 e6 e7 e8 e9 e10 e11 e12 e13 e14 e15 e16 e17 e18` does nothing

Note: This linter can be disabled with `set_option linter.unusedTactic false`
SunPrize\Certificate\Theory004.lean:3140:2: warning: Unused tactic linter: `all_goals tauto` does nothing

Note: This linter can be disabled with `set_option linter.unusedTactic false`
SunPrize\Certificate\Theory004.lean:3139:12: warning: this tactic is never executed

Note: This linter can be disabled with `set_option linter.unreachableTactic false`
SunPrize\Certificate\Theory004.lean:3140:12: warning: this tactic is never executed

Note: This linter can be disabled with `set_option linter.unreachableTactic false`
SunPrize\Certificate\Theory004.lean:3149:56: warning: This simp argument is unused:
  not_le

Hint: Omit it from the simp argument list.
  [apply] simp only [not_lt] at h ⊢

Note: This linter can be disabled with `set_option linter.unusedSimpArgs false`
SunPrize\Certificate\Theory004.lean:3151:56: warning: This simp argument is unused:
  not_le

Hint: Omit it from the simp argument list.
  [apply] simp only [not_lt] at h ⊢

Note: This linter can be disabled with `set_option linter.unusedSimpArgs false`
SunPrize\Certificate\Theory004.lean:3155:56: warning: This simp argument is unused:
  not_le

Hint: Omit it from the simp argument list.
  [apply] simp only [not_lt] at h ⊢

Note: This linter can be disabled with `set_option linter.unusedSimpArgs false`
SunPrize\Certificate\Theory004.lean:3157:56: warning: This simp argument is unused:
  not_le

Hint: Omit it from the simp argument list.
  [apply] simp only [not_lt] at h ⊢

Note: This linter can be disabled with `set_option linter.unusedSimpArgs false`
SunPrize\Certificate\Theory004.lean:3159:56: warning: This simp argument is unused:
  not_le

Hint: Omit it from the simp argument list.
  [apply] simp only [not_lt] at h ⊢

Note: This linter can be disabled with `set_option linter.unusedSimpArgs false`
SunPrize\Certificate\Theory004.lean:3161:56: warning: This simp argument is unused:
  not_le

Hint: Omit it from the simp argument list.
  [apply] simp only [not_lt] at h ⊢

Note: This linter can be disabled with `set_option linter.unusedSimpArgs false`
SunPrize\Certificate\Theory004.lean:3163:56: warning: This simp argument is unused:
  not_le

Hint: Omit it from the simp argument list.
  [apply] simp only [not_lt] at h ⊢

Note: This linter can be disabled with `set_option linter.unusedSimpArgs false`
SunPrize\Certificate\Theory004.lean:3171:56: warning: This simp argument is unused:
  not_le

Hint: Omit it from the simp argument list.
  [apply] simp only [not_lt] at h ⊢

Note: This linter can be disabled with `set_option linter.unusedSimpArgs false`
SunPrize\Certificate\Theory004.lean:3173:56: warning: This simp argument is unused:
  not_le

Hint: Omit it from the simp argument list.
  [apply] simp only [not_lt] at h ⊢

Note: This linter can be disabled with `set_option linter.unusedSimpArgs false`
SunPrize\Certificate\Theory004.lean:3175:56: warning: This simp argument is unused:
  not_le

Hint: Omit it from the simp argument list.
  [apply] simp only [not_lt] at h ⊢

Note: This linter can be disabled with `set_option linter.unusedSimpArgs false`
SunPrize\Certificate\Theory004.lean:3177:56: warning: This simp argument is unused:
  not_le

Hint: Omit it from the simp argument list.
  [apply] simp only [not_lt] at h ⊢

Note: This linter can be disabled with `set_option linter.unusedSimpArgs false`
SunPrize\Certificate\Theory004.lean:3179:56: warning: This simp argument is unused:
  not_le

Hint: Omit it from the simp argument list.
  [apply] simp only [not_lt] at h ⊢

Note: This linter can be disabled with `set_option linter.unusedSimpArgs false`
SunPrize\Certificate\Theory004.lean:3181:56: warning: This simp argument is unused:
  not_le

Hint: Omit it from the simp argument list.
  [apply] simp only [not_lt] at h ⊢

Note: This linter can be disabled with `set_option linter.unusedSimpArgs false`
SunPrize\Certificate\Theory004.lean:3145:32: warning: Unused tactic linter: `(try simp only [not_lt, not_le] at h ⊢)` does nothing

Note: This linter can be disabled with `set_option linter.unusedTactic false`
SunPrize\Certificate\Theory004.lean:3147:32: warning: Unused tactic linter: `(try simp only [not_lt, not_le] at h ⊢)` does nothing

Note: This linter can be disabled with `set_option linter.unusedTactic false`
SunPrize\Certificate\Theory004.lean:3153:32: warning: Unused tactic linter: `(try simp only [not_lt, not_le] at h ⊢)` does nothing

Note: This linter can be disabled with `set_option linter.unusedTactic false`
SunPrize\Certificate\Theory004.lean:3165:32: warning: Unused tactic linter: `(try simp only [not_lt, not_le] at h ⊢)` does nothing

Note: This linter can be disabled with `set_option linter.unusedTactic false`
SunPrize\Certificate\Theory004.lean:3167:32: warning: Unused tactic linter: `(try simp only [not_lt, not_le] at h ⊢)` does nothing

Note: This linter can be disabled with `set_option linter.unusedTactic false`
SunPrize\Certificate\Theory004.lean:3169:32: warning: Unused tactic linter: `(try simp only [not_lt, not_le] at h ⊢)` does nothing

Note: This linter can be disabled with `set_option linter.unusedTactic false`
SunPrize\Certificate\Theory004.lean:3183:2: warning: Unused tactic linter: `all_goals clear e0 e1 e2 e3 e4 e5 e6 e7 e8 e9 e10 e11 e12 e13 e14 e15 e16 e17 e18` does nothing

Note: This linter can be disabled with `set_option linter.unusedTactic false`
SunPrize\Certificate\Theory004.lean:3184:2: warning: Unused tactic linter: `all_goals tauto` does nothing

Note: This linter can be disabled with `set_option linter.unusedTactic false`
SunPrize\Certificate\Theory004.lean:3183:12: warning: this tactic is never executed

Note: This linter can be disabled with `set_option linter.unreachableTactic false`
SunPrize\Certificate\Theory004.lean:3184:12: warning: this tactic is never executed

Note: This linter can be disabled with `set_option linter.unreachableTactic false`
SunPrize\Certificate\Theory004.lean:3191:56: warning: This simp argument is unused:
  not_le

Hint: Omit it from the simp argument list.
  [apply] simp only [not_lt] at h ⊢

Note: This linter can be disabled with `set_option linter.unusedSimpArgs false`
SunPrize\Certificate\Theory004.lean:3193:56: warning: This simp argument is unused:
  not_le

Hint: Omit it from the simp argument list.
  [apply] simp only [not_lt] at h ⊢

Note: This linter can be disabled with `set_option linter.unusedSimpArgs false`
SunPrize\Certificate\Theory004.lean:3195:56: warning: This simp argument is unused:
  not_le

Hint: Omit it from the simp argument list.
  [apply] simp only [not_lt] at h ⊢

Note: This linter can be disabled with `set_option linter.unusedSimpArgs false`
SunPrize\Certificate\Theory004.lean:3197:56: warning: This simp argument is unused:
  not_le

Hint: Omit it from the simp argument list.
  [apply] simp only [not_lt] at h ⊢

Note: This linter can be disabled with `set_option linter.unusedSimpArgs false`
SunPrize\Certificate\Theory004.lean:3199:56: warning: This simp argument is unused:
  not_le

Hint: Omit it from the simp argument list.
  [apply] simp only [not_lt] at h ⊢

Note: This linter can be disabled with `set_option linter.unusedSimpArgs false`
SunPrize\Certificate\Theory004.lean:3205:56: warning: This simp argument is unused:
  not_le

Hint: Omit it from the simp argument list.
  [apply] simp only [not_lt] at h ⊢

Note: This linter can be disabled with `set_option linter.unusedSimpArgs false`
SunPrize\Certificate\Theory004.lean:3207:56: warning: This simp argument is unused:
  not_le

Hint: Omit it from the simp argument list.
  [apply] simp only [not_lt] at h ⊢

Note: This linter can be disabled with `set_option linter.unusedSimpArgs false`
SunPrize\Certificate\Theory004.lean:3211:56: warning: This simp argument is unused:
  not_le

Hint: Omit it from the simp argument list.
  [apply] simp only [not_lt] at h ⊢

Note: This linter can be disabled with `set_option linter.unusedSimpArgs false`
SunPrize\Certificate\Theory004.lean:3213:56: warning: This simp argument is unused:
  not_le

Hint: Omit it from the simp argument list.
  [apply] simp only [not_lt] at h ⊢

Note: This linter can be disabled with `set_option linter.unusedSimpArgs false`
SunPrize\Certificate\Theory004.lean:3215:56: warning: This simp argument is unused:
  not_le

Hint: Omit it from the simp argument list.
  [apply] simp only [not_lt] at h ⊢

Note: This linter can be disabled with `set_option linter.unusedSimpArgs false`
SunPrize\Certificate\Theory004.lean:3217:56: warning: This simp argument is unused:
  not_le

Hint: Omit it from the simp argument list.
  [apply] simp only [not_lt] at h ⊢

Note: This linter can be disabled with `set_option linter.unusedSimpArgs false`
SunPrize\Certificate\Theory004.lean:3223:56: warning: This simp argument is unused:
  not_le

Hint: Omit it from the simp argument list.
  [apply] simp only [not_lt] at h ⊢

Note: This linter can be disabled with `set_option linter.unusedSimpArgs false`
SunPrize\Certificate\Theory004.lean:3225:56: warning: This simp argument is unused:
  not_le

Hint: Omit it from the simp argument list.
  [apply] simp only [not_lt] at h ⊢

Note: This linter can be disabled with `set_option linter.unusedSimpArgs false`
SunPrize\Certificate\Theory004.lean:3189:32: warning: Unused tactic linter: `(try simp only [not_lt, not_le] at h ⊢)` does nothing

Note: This linter can be disabled with `set_option linter.unusedTactic false`
SunPrize\Certificate\Theory004.lean:3201:32: warning: Unused tactic linter: `(try simp only [not_lt, not_le] at h ⊢)` does nothing

Note: This linter can be disabled with `set_option linter.unusedTactic false`
SunPrize\Certificate\Theory004.lean:3203:32: warning: Unused tactic linter: `(try simp only [not_lt, not_le] at h ⊢)` does nothing

Note: This linter can be disabled with `set_option linter.unusedTactic false`
SunPrize\Certificate\Theory004.lean:3209:32: warning: Unused tactic linter: `(try simp only [not_lt, not_le] at h ⊢)` does nothing

Note: This linter can be disabled with `set_option linter.unusedTactic false`
SunPrize\Certificate\Theory004.lean:3219:32: warning: Unused tactic linter: `(try simp only [not_lt, not_le] at h ⊢)` does nothing

Note: This linter can be disabled with `set_option linter.unusedTactic false`
SunPrize\Certificate\Theory004.lean:3221:32: warning: Unused tactic linter: `(try simp only [not_lt, not_le] at h ⊢)` does nothing

Note: This linter can be disabled with `set_option linter.unusedTactic false`
SunPrize\Certificate\Theory004.lean:3227:2: warning: Unused tactic linter: `all_goals clear e0 e1 e2 e3 e4 e5 e6 e7 e8 e9 e10 e11 e12 e13 e14 e15 e16 e17 e18` does nothing

Note: This linter can be disabled with `set_option linter.unusedTactic false`
SunPrize\Certificate\Theory004.lean:3228:2: warning: Unused tactic linter: `all_goals tauto` does nothing

Note: This linter can be disabled with `set_option linter.unusedTactic false`
SunPrize\Certificate\Theory004.lean:3227:12: warning: this tactic is never executed

Note: This linter can be disabled with `set_option linter.unreachableTactic false`
SunPrize\Certificate\Theory004.lean:3228:12: warning: this tactic is never executed

Note: This linter can be disabled with `set_option linter.unreachableTactic false`
SunPrize\Certificate\Theory004.lean:3239:56: warning: This simp argument is unused:
  not_le

Hint: Omit it from the simp argument list.
  [apply] simp only [not_lt] at h ⊢

Note: This linter can be disabled with `set_option linter.unusedSimpArgs false`
SunPrize\Certificate\Theory004.lean:3241:56: warning: This simp argument is unused:
  not_le

Hint: Omit it from the simp argument list.
  [apply] simp only [not_lt] at h ⊢

Note: This linter can be disabled with `set_option linter.unusedSimpArgs false`
SunPrize\Certificate\Theory004.lean:3247:56: warning: This simp argument is unused:
  not_le

Hint: Omit it from the simp argument list.
  [apply] simp only [not_lt] at h ⊢

Note: This linter can be disabled with `set_option linter.unusedSimpArgs false`
SunPrize\Certificate\Theory004.lean:3249:56: warning: This simp argument is unused:
  not_le

Hint: Omit it from the simp argument list.
  [apply] simp only [not_lt] at h ⊢

Note: This linter can be disabled with `set_option linter.unusedSimpArgs false`
SunPrize\Certificate\Theory004.lean:3253:56: warning: This simp argument is unused:
  not_le

Hint: Omit it from the simp argument list.
  [apply] simp only [not_lt] at h ⊢

Note: This linter can be disabled with `set_option linter.unusedSimpArgs false`
SunPrize\Certificate\Theory004.lean:3255:56: warning: This simp argument is unused:
  not_le

Hint: Omit it from the simp argument list.
  [apply] simp only [not_lt] at h ⊢

Note: This linter can be disabled with `set_option linter.unusedSimpArgs false`
SunPrize\Certificate\Theory004.lean:3257:56: warning: This simp argument is unused:
  not_le

Hint: Omit it from the simp argument list.
  [apply] simp only [not_lt] at h ⊢

Note: This linter can be disabled with `set_option linter.unusedSimpArgs false`
SunPrize\Certificate\Theory004.lean:3259:56: warning: This simp argument is unused:
  not_le

Hint: Omit it from the simp argument list.
  [apply] simp only [not_lt] at h ⊢

Note: This linter can be disabled with `set_option linter.unusedSimpArgs false`
SunPrize\Certificate\Theory004.lean:3261:56: warning: This simp argument is unused:
  not_le

Hint: Omit it from the simp argument list.
  [apply] simp only [not_lt] at h ⊢

Note: This linter can be disabled with `set_option linter.unusedSimpArgs false`
SunPrize\Certificate\Theory004.lean:3263:56: warning: This simp argument is unused:
  not_le

Hint: Omit it from the simp argument list.
  [apply] simp only [not_lt] at h ⊢

Note: This linter can be disabled with `set_option linter.unusedSimpArgs false`
SunPrize\Certificate\Theory004.lean:3265:56: warning: This simp argument is unused:
  not_le

Hint: Omit it from the simp argument list.
  [apply] simp only [not_lt] at h ⊢

Note: This linter can be disabled with `set_option linter.unusedSimpArgs false`
SunPrize\Certificate\Theory004.lean:3267:56: warning: This simp argument is unused:
  not_le

Hint: Omit it from the simp argument list.
  [apply] simp only [not_lt] at h ⊢

Note: This linter can be disabled with `set_option linter.unusedSimpArgs false`
SunPrize\Certificate\Theory004.lean:3269:56: warning: This simp argument is unused:
  not_le

Hint: Omit it from the simp argument list.
  [apply] simp only [not_lt] at h ⊢

Note: This linter can be disabled with `set_option linter.unusedSimpArgs false`
SunPrize\Certificate\Theory004.lean:3233:32: warning: Unused tactic linter: `(try simp only [not_lt, not_le] at h ⊢)` does nothing

Note: This linter can be disabled with `set_option linter.unusedTactic false`
SunPrize\Certificate\Theory004.lean:3235:32: warning: Unused tactic linter: `(try simp only [not_lt, not_le] at h ⊢)` does nothing

Note: This linter can be disabled with `set_option linter.unusedTactic false`
SunPrize\Certificate\Theory004.lean:3237:32: warning: Unused tactic linter: `(try simp only [not_lt, not_le] at h ⊢)` does nothing

Note: This linter can be disabled with `set_option linter.unusedTactic false`
SunPrize\Certificate\Theory004.lean:3243:32: warning: Unused tactic linter: `(try simp only [not_lt, not_le] at h ⊢)` does nothing

Note: This linter can be disabled with `set_option linter.unusedTactic false`
SunPrize\Certificate\Theory004.lean:3245:32: warning: Unused tactic linter: `(try simp only [not_lt, not_le] at h ⊢)` does nothing

Note: This linter can be disabled with `set_option linter.unusedTactic false`
SunPrize\Certificate\Theory004.lean:3251:32: warning: Unused tactic linter: `(try simp only [not_lt, not_le] at h ⊢)` does nothing

Note: This linter can be disabled with `set_option linter.unusedTactic false`
SunPrize\Certificate\Theory004.lean:3271:2: warning: Unused tactic linter: `all_goals clear e0 e1 e2 e3 e4 e5 e6 e7 e8 e9 e10 e11 e12 e13 e14 e15 e16 e17 e18` does nothing

Note: This linter can be disabled with `set_option linter.unusedTactic false`
SunPrize\Certificate\Theory004.lean:3272:2: warning: Unused tactic linter: `all_goals tauto` does nothing

Note: This linter can be disabled with `set_option linter.unusedTactic false`
SunPrize\Certificate\Theory004.lean:3271:12: warning: this tactic is never executed

Note: This linter can be disabled with `set_option linter.unreachableTactic false`
SunPrize\Certificate\Theory004.lean:3272:12: warning: this tactic is never executed

Note: This linter can be disabled with `set_option linter.unreachableTactic false`
SunPrize\Certificate\Theory004.lean:3277:56: warning: This simp argument is unused:
  not_le

Hint: Omit it from the simp argument list.
  [apply] simp only [not_lt] at h ⊢

Note: This linter can be disabled with `set_option linter.unusedSimpArgs false`
SunPrize\Certificate\Theory004.lean:3279:56: warning: This simp argument is unused:
  not_le

Hint: Omit it from the simp argument list.
  [apply] simp only [not_lt] at h ⊢

Note: This linter can be disabled with `set_option linter.unusedSimpArgs false`
SunPrize\Certificate\Theory004.lean:3281:56: warning: This simp argument is unused:
  not_le

Hint: Omit it from the simp argument list.
  [apply] simp only [not_lt] at h ⊢

Note: This linter can be disabled with `set_option linter.unusedSimpArgs false`
SunPrize\Certificate\Theory004.lean:3283:56: warning: This simp argument is unused:
  not_le

Hint: Omit it from the simp argument list.
  [apply] simp only [not_lt] at h ⊢

Note: This linter can be disabled with `set_option linter.unusedSimpArgs false`
SunPrize\Certificate\Theory004.lean:3285:56: warning: This simp argument is unused:
  not_le

Hint: Omit it from the simp argument list.
  [apply] simp only [not_lt] at h ⊢

Note: This linter can be disabled with `set_option linter.unusedSimpArgs false`
SunPrize\Certificate\Theory004.lean:3291:56: warning: This simp argument is unused:
  not_le

Hint: Omit it from the simp argument list.
  [apply] simp only [not_lt] at h ⊢

Note: This linter can be disabled with `set_option linter.unusedSimpArgs false`
SunPrize\Certificate\Theory004.lean:3293:56: warning: This simp argument is unused:
  not_le

Hint: Omit it from the simp argument list.
  [apply] simp only [not_lt] at h ⊢

Note: This linter can be disabled with `set_option linter.unusedSimpArgs false`
SunPrize\Certificate\Theory004.lean:3297:56: warning: This simp argument is unused:
  not_le

Hint: Omit it from the simp argument list.
  [apply] simp only [not_lt] at h ⊢

Note: This linter can be disabled with `set_option linter.unusedSimpArgs false`
SunPrize\Certificate\Theory004.lean:3299:56: warning: This simp argument is unused:
  not_le

Hint: Omit it from the simp argument list.
  [apply] simp only [not_lt] at h ⊢

Note: This linter can be disabled with `set_option linter.unusedSimpArgs false`
SunPrize\Certificate\Theory004.lean:3301:56: warning: This simp argument is unused:
  not_le

Hint: Omit it from the simp argument list.
  [apply] simp only [not_lt] at h ⊢

Note: This linter can be disabled with `set_option linter.unusedSimpArgs false`
SunPrize\Certificate\Theory004.lean:3303:56: warning: This simp argument is unused:
  not_le

Hint: Omit it from the simp argument list.
  [apply] simp only [not_lt] at h ⊢

Note: This linter can be disabled with `set_option linter.unusedSimpArgs false`
SunPrize\Certificate\Theory004.lean:3311:56: warning: This simp argument is unused:
  not_le

Hint: Omit it from the simp argument list.
  [apply] simp only [not_lt] at h ⊢

Note: This linter can be disabled with `set_option linter.unusedSimpArgs false`
SunPrize\Certificate\Theory004.lean:3313:56: warning: This simp argument is unused:
  not_le

Hint: Omit it from the simp argument list.
  [apply] simp only [not_lt] at h ⊢

Note: This linter can be disabled with `set_option linter.unusedSimpArgs false`
SunPrize\Certificate\Theory004.lean:3287:32: warning: Unused tactic linter: `(try simp only [not_lt, not_le] at h ⊢)` does nothing

Note: This linter can be disabled with `set_option linter.unusedTactic false`
SunPrize\Certificate\Theory004.lean:3289:32: warning: Unused tactic linter: `(try simp only [not_lt, not_le] at h ⊢)` does nothing

Note: This linter can be disabled with `set_option linter.unusedTactic false`
SunPrize\Certificate\Theory004.lean:3295:32: warning: Unused tactic linter: `(try simp only [not_lt, not_le] at h ⊢)` does nothing

Note: This linter can be disabled with `set_option linter.unusedTactic false`
SunPrize\Certificate\Theory004.lean:3305:32: warning: Unused tactic linter: `(try simp only [not_lt, not_le] at h ⊢)` does nothing

Note: This linter can be disabled with `set_option linter.unusedTactic false`
SunPrize\Certificate\Theory004.lean:3307:32: warning: Unused tactic linter: `(try simp only [not_lt, not_le] at h ⊢)` does nothing

Note: This linter can be disabled with `set_option linter.unusedTactic false`
SunPrize\Certificate\Theory004.lean:3309:32: warning: Unused tactic linter: `(try simp only [not_lt, not_le] at h ⊢)` does nothing

Note: This linter can be disabled with `set_option linter.unusedTactic false`
SunPrize\Certificate\Theory004.lean:3315:2: warning: Unused tactic linter: `all_goals clear e0 e1 e2 e3 e4 e5 e6 e7 e8 e9 e10 e11 e12 e13 e14 e15 e16 e17 e18` does nothing

Note: This linter can be disabled with `set_option linter.unusedTactic false`
SunPrize\Certificate\Theory004.lean:3316:2: warning: Unused tactic linter: `all_goals tauto` does nothing

Note: This linter can be disabled with `set_option linter.unusedTactic false`
SunPrize\Certificate\Theory004.lean:3315:12: warning: this tactic is never executed

Note: This linter can be disabled with `set_option linter.unreachableTactic false`
SunPrize\Certificate\Theory004.lean:3316:12: warning: this tactic is never executed

Note: This linter can be disabled with `set_option linter.unreachableTactic false`
SunPrize\Certificate\Theory004.lean:3330:56: warning: This simp argument is unused:
  not_le

Hint: Omit it from the simp argument list.
  [apply] simp only [not_lt] at h ⊢

Note: This linter can be disabled with `set_option linter.unusedSimpArgs false`
SunPrize\Certificate\Theory004.lean:3332:56: warning: This simp argument is unused:
  not_le

Hint: Omit it from the simp argument list.
  [apply] simp only [not_lt] at h ⊢

Note: This linter can be disabled with `set_option linter.unusedSimpArgs false`
SunPrize\Certificate\Theory004.lean:3334:56: warning: This simp argument is unused:
  not_le

Hint: Omit it from the simp argument list.
  [apply] simp only [not_lt] at h ⊢

Note: This linter can be disabled with `set_option linter.unusedSimpArgs false`
SunPrize\Certificate\Theory004.lean:3336:56: warning: This simp argument is unused:
  not_le

Hint: Omit it from the simp argument list.
  [apply] simp only [not_lt] at h ⊢

Note: This linter can be disabled with `set_option linter.unusedSimpArgs false`
SunPrize\Certificate\Theory004.lean:3338:56: warning: This simp argument is unused:
  not_le

Hint: Omit it from the simp argument list.
  [apply] simp only [not_lt] at h ⊢

Note: This linter can be disabled with `set_option linter.unusedSimpArgs false`
SunPrize\Certificate\Theory004.lean:3344:56: warning: This simp argument is unused:
  not_le

Hint: Omit it from the simp argument list.
  [apply] simp only [not_lt] at h ⊢

Note: This linter can be disabled with `set_option linter.unusedSimpArgs false`
SunPrize\Certificate\Theory004.lean:3346:56: warning: This simp argument is unused:
  not_le

Hint: Omit it from the simp argument list.
  [apply] simp only [not_lt] at h ⊢

Note: This linter can be disabled with `set_option linter.unusedSimpArgs false`
SunPrize\Certificate\Theory004.lean:3350:56: warning: This simp argument is unused:
  not_le

Hint: Omit it from the simp argument list.
  [apply] simp only [not_lt] at h ⊢

Note: This linter can be disabled with `set_option linter.unusedSimpArgs false`
SunPrize\Certificate\Theory004.lean:3352:56: warning: This simp argument is unused:
  not_le

Hint: Omit it from the simp argument list.
  [apply] simp only [not_lt] at h ⊢

Note: This linter can be disabled with `set_option linter.unusedSimpArgs false`
SunPrize\Certificate\Theory004.lean:3354:56: warning: This simp argument is unused:
  not_le

Hint: Omit it from the simp argument list.
  [apply] simp only [not_lt] at h ⊢

Note: This linter can be disabled with `set_option linter.unusedSimpArgs false`
SunPrize\Certificate\Theory004.lean:3356:56: warning: This simp argument is unused:
  not_le

Hint: Omit it from the simp argument list.
  [apply] simp only [not_lt] at h ⊢

Note: This linter can be disabled with `set_option linter.unusedSimpArgs false`
SunPrize\Certificate\Theory004.lean:3362:56: warning: This simp argument is unused:
  not_le

Hint: Omit it from the simp argument list.
  [apply] simp only [not_lt] at h ⊢

Note: This linter can be disabled with `set_option linter.unusedSimpArgs false`
SunPrize\Certificate\Theory004.lean:3364:56: warning: This simp argument is unused:
  not_le

Hint: Omit it from the simp argument list.
  [apply] simp only [not_lt] at h ⊢

Note: This linter can be disabled with `set_option linter.unusedSimpArgs false`
SunPrize\Certificate\Theory004.lean:3328:32: warning: Unused tactic linter: `(try simp only [not_lt, not_le] at h ⊢)` does nothing

Note: This linter can be disabled with `set_option linter.unusedTactic false`
SunPrize\Certificate\Theory004.lean:3340:32: warning: Unused tactic linter: `(try simp only [not_lt, not_le] at h ⊢)` does nothing

Note: This linter can be disabled with `set_option linter.unusedTactic false`
SunPrize\Certificate\Theory004.lean:3342:32: warning: Unused tactic linter: `(try simp only [not_lt, not_le] at h ⊢)` does nothing

Note: This linter can be disabled with `set_option linter.unusedTactic false`
SunPrize\Certificate\Theory004.lean:3348:32: warning: Unused tactic linter: `(try simp only [not_lt, not_le] at h ⊢)` does nothing

Note: This linter can be disabled with `set_option linter.unusedTactic false`
SunPrize\Certificate\Theory004.lean:3358:32: warning: Unused tactic linter: `(try simp only [not_lt, not_le] at h ⊢)` does nothing

Note: This linter can be disabled with `set_option linter.unusedTactic false`
SunPrize\Certificate\Theory004.lean:3360:32: warning: Unused tactic linter: `(try simp only [not_lt, not_le] at h ⊢)` does nothing

Note: This linter can be disabled with `set_option linter.unusedTactic false`
SunPrize\Certificate\Theory004.lean:3366:2: warning: Unused tactic linter: `all_goals clear e0 e1 e2 e3 e4 e5 e6 e7 e8 e9 e10 e11 e12 e13 e14 e15 e16 e17 e18` does nothing

Note: This linter can be disabled with `set_option linter.unusedTactic false`
SunPrize\Certificate\Theory004.lean:3367:2: warning: Unused tactic linter: `all_goals tauto` does nothing

Note: This linter can be disabled with `set_option linter.unusedTactic false`
SunPrize\Certificate\Theory004.lean:3366:12: warning: this tactic is never executed

Note: This linter can be disabled with `set_option linter.unreachableTactic false`
SunPrize\Certificate\Theory004.lean:3367:12: warning: this tactic is never executed

Note: This linter can be disabled with `set_option linter.unreachableTactic false`
SunPrize\Certificate\Theory004.lean:3372:56: warning: This simp argument is unused:
  not_le

Hint: Omit it from the simp argument list.
  [apply] simp only [not_lt] at h ⊢

Note: This linter can be disabled with `set_option linter.unusedSimpArgs false`
SunPrize\Certificate\Theory004.lean:3374:56: warning: This simp argument is unused:
  not_le

Hint: Omit it from the simp argument list.
  [apply] simp only [not_lt] at h ⊢

Note: This linter can be disabled with `set_option linter.unusedSimpArgs false`
SunPrize\Certificate\Theory004.lean:3376:56: warning: This simp argument is unused:
  not_le

Hint: Omit it from the simp argument list.
  [apply] simp only [not_lt] at h ⊢

Note: This linter can be disabled with `set_option linter.unusedSimpArgs false`
SunPrize\Certificate\Theory004.lean:3378:56: warning: This simp argument is unused:
  not_le

Hint: Omit it from the simp argument list.
  [apply] simp only [not_lt] at h ⊢

Note: This linter can be disabled with `set_option linter.unusedSimpArgs false`
SunPrize\Certificate\Theory004.lean:3380:56: warning: This simp argument is unused:
  not_le

Hint: Omit it from the simp argument list.
  [apply] simp only [not_lt] at h ⊢

Note: This linter can be disabled with `set_option linter.unusedSimpArgs false`
SunPrize\Certificate\Theory004.lean:3386:56: warning: This simp argument is unused:
  not_le

Hint: Omit it from the simp argument list.
  [apply] simp only [not_lt] at h ⊢

Note: This linter can be disabled with `set_option linter.unusedSimpArgs false`
SunPrize\Certificate\Theory004.lean:3388:56: warning: This simp argument is unused:
  not_le

Hint: Omit it from the simp argument list.
  [apply] simp only [not_lt] at h ⊢

Note: This linter can be disabled with `set_option linter.unusedSimpArgs false`
SunPrize\Certificate\Theory004.lean:3392:56: warning: This simp argument is unused:
  not_le

Hint: Omit it from the simp argument list.
  [apply] simp only [not_lt] at h ⊢

Note: This linter can be disabled with `set_option linter.unusedSimpArgs false`
SunPrize\Certificate\Theory004.lean:3394:56: warning: This simp argument is unused:
  not_le

Hint: Omit it from the simp argument list.
  [apply] simp only [not_lt] at h ⊢

Note: This linter can be disabled with `set_option linter.unusedSimpArgs false`
SunPrize\Certificate\Theory004.lean:3396:56: warning: This simp argument is unused:
  not_le

Hint: Omit it from the simp argument list.
  [apply] simp only [not_lt] at h ⊢

Note: This linter can be disabled with `set_option linter.unusedSimpArgs false`
SunPrize\Certificate\Theory004.lean:3398:56: warning: This simp argument is unused:
  not_le

Hint: Omit it from the simp argument list.
  [apply] simp only [not_lt] at h ⊢

Note: This linter can be disabled with `set_option linter.unusedSimpArgs false`
SunPrize\Certificate\Theory004.lean:3406:56: warning: This simp argument is unused:
  not_le

Hint: Omit it from the simp argument list.
  [apply] simp only [not_lt] at h ⊢

Note: This linter can be disabled with `set_option linter.unusedSimpArgs false`
SunPrize\Certificate\Theory004.lean:3408:56: warning: This simp argument is unused:
  not_le

Hint: Omit it from the simp argument list.
  [apply] simp only [not_lt] at h ⊢

Note: This linter can be disabled with `set_option linter.unusedSimpArgs false`
SunPrize\Certificate\Theory004.lean:3382:32: warning: Unused tactic linter: `(try simp only [not_lt, not_le] at h ⊢)` does nothing

Note: This linter can be disabled with `set_option linter.unusedTactic false`
SunPrize\Certificate\Theory004.lean:3384:32: warning: Unused tactic linter: `(try simp only [not_lt, not_le] at h ⊢)` does nothing

Note: This linter can be disabled with `set_option linter.unusedTactic false`
SunPrize\Certificate\Theory004.lean:3390:32: warning: Unused tactic linter: `(try simp only [not_lt, not_le] at h ⊢)` does nothing

Note: This linter can be disabled with `set_option linter.unusedTactic false`
SunPrize\Certificate\Theory004.lean:3400:32: warning: Unused tactic linter: `(try simp only [not_lt, not_le] at h ⊢)` does nothing

Note: This linter can be disabled with `set_option linter.unusedTactic false`
SunPrize\Certificate\Theory004.lean:3402:32: warning: Unused tactic linter: `(try simp only [not_lt, not_le] at h ⊢)` does nothing

Note: This linter can be disabled with `set_option linter.unusedTactic false`
SunPrize\Certificate\Theory004.lean:3404:32: warning: Unused tactic linter: `(try simp only [not_lt, not_le] at h ⊢)` does nothing

Note: This linter can be disabled with `set_option linter.unusedTactic false`
SunPrize\Certificate\Theory004.lean:3410:2: warning: Unused tactic linter: `all_goals clear e0 e1 e2 e3 e4 e5 e6 e7 e8 e9 e10 e11 e12 e13 e14 e15 e16 e17 e18` does nothing

Note: This linter can be disabled with `set_option linter.unusedTactic false`
SunPrize\Certificate\Theory004.lean:3411:2: warning: Unused tactic linter: `all_goals tauto` does nothing

Note: This linter can be disabled with `set_option linter.unusedTactic false`
SunPrize\Certificate\Theory004.lean:3410:12: warning: this tactic is never executed

Note: This linter can be disabled with `set_option linter.unreachableTactic false`
SunPrize\Certificate\Theory004.lean:3411:12: warning: this tactic is never executed

Note: This linter can be disabled with `set_option linter.unreachableTactic false`
SunPrize\Certificate\Theory004.lean:3416:56: warning: This simp argument is unused:
  not_le

Hint: Omit it from the simp argument list.
  [apply] simp only [not_lt] at h ⊢

Note: This linter can be disabled with `set_option linter.unusedSimpArgs false`
SunPrize\Certificate\Theory004.lean:3418:56: warning: This simp argument is unused:
  not_le

Hint: Omit it from the simp argument list.
  [apply] simp only [not_lt] at h ⊢

Note: This linter can be disabled with `set_option linter.unusedSimpArgs false`
SunPrize\Certificate\Theory004.lean:3420:56: warning: This simp argument is unused:
  not_le

Hint: Omit it from the simp argument list.
  [apply] simp only [not_lt] at h ⊢

Note: This linter can be disabled with `set_option linter.unusedSimpArgs false`
SunPrize\Certificate\Theory004.lean:3422:56: warning: This simp argument is unused:
  not_le

Hint: Omit it from the simp argument list.
  [apply] simp only [not_lt] at h ⊢

Note: This linter can be disabled with `set_option linter.unusedSimpArgs false`
SunPrize\Certificate\Theory004.lean:3424:56: warning: This simp argument is unused:
  not_le

Hint: Omit it from the simp argument list.
  [apply] simp only [not_lt] at h ⊢

Note: This linter can be disabled with `set_option linter.unusedSimpArgs false`
SunPrize\Certificate\Theory004.lean:3430:56: warning: This simp argument is unused:
  not_le

Hint: Omit it from the simp argument list.
  [apply] simp only [not_lt] at h ⊢

Note: This linter can be disabled with `set_option linter.unusedSimpArgs false`
SunPrize\Certificate\Theory004.lean:3432:56: warning: This simp argument is unused:
  not_le

Hint: Omit it from the simp argument list.
  [apply] simp only [not_lt] at h ⊢

Note: This linter can be disabled with `set_option linter.unusedSimpArgs false`
SunPrize\Certificate\Theory004.lean:3436:56: warning: This simp argument is unused:
  not_le

Hint: Omit it from the simp argument list.
  [apply] simp only [not_lt] at h ⊢

Note: This linter can be disabled with `set_option linter.unusedSimpArgs false`
SunPrize\Certificate\Theory004.lean:3438:56: warning: This simp argument is unused:
  not_le

Hint: Omit it from the simp argument list.
  [apply] simp only [not_lt] at h ⊢

Note: This linter can be disabled with `set_option linter.unusedSimpArgs false`
SunPrize\Certificate\Theory004.lean:3440:56: warning: This simp argument is unused:
  not_le

Hint: Omit it from the simp argument list.
  [apply] simp only [not_lt] at h ⊢

Note: This linter can be disabled with `set_option linter.unusedSimpArgs false`
SunPrize\Certificate\Theory004.lean:3442:56: warning: This simp argument is unused:
  not_le

Hint: Omit it from the simp argument list.
  [apply] simp only [not_lt] at h ⊢

Note: This linter can be disabled with `set_option linter.unusedSimpArgs false`
SunPrize\Certificate\Theory004.lean:3450:56: warning: This simp argument is unused:
  not_le

Hint: Omit it from the simp argument list.
  [apply] simp only [not_lt] at h ⊢

Note: This linter can be disabled with `set_option linter.unusedSimpArgs false`
SunPrize\Certificate\Theory004.lean:3452:56: warning: This simp argument is unused:
  not_le

Hint: Omit it from the simp argument list.
  [apply] simp only [not_lt] at h ⊢

Note: This linter can be disabled with `set_option linter.unusedSimpArgs false`
SunPrize\Certificate\Theory004.lean:3426:32: warning: Unused tactic linter: `(try simp only [not_lt, not_le] at h ⊢)` does nothing

Note: This linter can be disabled with `set_option linter.unusedTactic false`
SunPrize\Certificate\Theory004.lean:3428:32: warning: Unused tactic linter: `(try simp only [not_lt, not_le] at h ⊢)` does nothing

Note: This linter can be disabled with `set_option linter.unusedTactic false`
SunPrize\Certificate\Theory004.lean:3434:32: warning: Unused tactic linter: `(try simp only [not_lt, not_le] at h ⊢)` does nothing

Note: This linter can be disabled with `set_option linter.unusedTactic false`
SunPrize\Certificate\Theory004.lean:3444:32: warning: Unused tactic linter: `(try simp only [not_lt, not_le] at h ⊢)` does nothing

Note: This linter can be disabled with `set_option linter.unusedTactic false`
SunPrize\Certificate\Theory004.lean:3446:32: warning: Unused tactic linter: `(try simp only [not_lt, not_le] at h ⊢)` does nothing

Note: This linter can be disabled with `set_option linter.unusedTactic false`
SunPrize\Certificate\Theory004.lean:3448:32: warning: Unused tactic linter: `(try simp only [not_lt, not_le] at h ⊢)` does nothing

Note: This linter can be disabled with `set_option linter.unusedTactic false`
SunPrize\Certificate\Theory004.lean:3454:2: warning: Unused tactic linter: `all_goals clear e0 e1 e2 e3 e4 e5 e6 e7 e8 e9 e10 e11 e12 e13 e14 e15 e16 e17 e18` does nothing

Note: This linter can be disabled with `set_option linter.unusedTactic false`
SunPrize\Certificate\Theory004.lean:3455:2: warning: Unused tactic linter: `all_goals tauto` does nothing

Note: This linter can be disabled with `set_option linter.unusedTactic false`
SunPrize\Certificate\Theory004.lean:3454:12: warning: this tactic is never executed

Note: This linter can be disabled with `set_option linter.unreachableTactic false`
SunPrize\Certificate\Theory004.lean:3455:12: warning: this tactic is never executed

Note: This linter can be disabled with `set_option linter.unreachableTactic false`
SunPrize\Certificate\Theory004.lean:3460:56: warning: This simp argument is unused:
  not_le

Hint: Omit it from the simp argument list.
  [apply] simp only [not_lt] at h ⊢

Note: This linter can be disabled with `set_option linter.unusedSimpArgs false`
SunPrize\Certificate\Theory004.lean:3462:56: warning: This simp argument is unused:
  not_le

Hint: Omit it from the simp argument list.
  [apply] simp only [not_lt] at h ⊢

Note: This linter can be disabled with `set_option linter.unusedSimpArgs false`
SunPrize\Certificate\Theory004.lean:3464:56: warning: This simp argument is unused:
  not_le

Hint: Omit it from the simp argument list.
  [apply] simp only [not_lt] at h ⊢

Note: This linter can be disabled with `set_option linter.unusedSimpArgs false`
SunPrize\Certificate\Theory004.lean:3466:56: warning: This simp argument is unused:
  not_le

Hint: Omit it from the simp argument list.
  [apply] simp only [not_lt] at h ⊢

Note: This linter can be disabled with `set_option linter.unusedSimpArgs false`
SunPrize\Certificate\Theory004.lean:3468:56: warning: This simp argument is unused:
  not_le

Hint: Omit it from the simp argument list.
  [apply] simp only [not_lt] at h ⊢

Note: This linter can be disabled with `set_option linter.unusedSimpArgs false`
SunPrize\Certificate\Theory004.lean:3474:56: warning: This simp argument is unused:
  not_le

Hint: Omit it from the simp argument list.
  [apply] simp only [not_lt] at h ⊢

Note: This linter can be disabled with `set_option linter.unusedSimpArgs false`
SunPrize\Certificate\Theory004.lean:3476:56: warning: This simp argument is unused:
  not_le

Hint: Omit it from the simp argument list.
  [apply] simp only [not_lt] at h ⊢

Note: This linter can be disabled with `set_option linter.unusedSimpArgs false`
SunPrize\Certificate\Theory004.lean:3480:56: warning: This simp argument is unused:
  not_le

Hint: Omit it from the simp argument list.
  [apply] simp only [not_lt] at h ⊢

Note: This linter can be disabled with `set_option linter.unusedSimpArgs false`
SunPrize\Certificate\Theory004.lean:3482:56: warning: This simp argument is unused:
  not_le

Hint: Omit it from the simp argument list.
  [apply] simp only [not_lt] at h ⊢

Note: This linter can be disabled with `set_option linter.unusedSimpArgs false`
SunPrize\Certificate\Theory004.lean:3484:56: warning: This simp argument is unused:
  not_le

Hint: Omit it from the simp argument list.
  [apply] simp only [not_lt] at h ⊢

Note: This linter can be disabled with `set_option linter.unusedSimpArgs false`
SunPrize\Certificate\Theory004.lean:3486:56: warning: This simp argument is unused:
  not_le

Hint: Omit it from the simp argument list.
  [apply] simp only [not_lt] at h ⊢

Note: This linter can be disabled with `set_option linter.unusedSimpArgs false`
SunPrize\Certificate\Theory004.lean:3494:56: warning: This simp argument is unused:
  not_le

Hint: Omit it from the simp argument list.
  [apply] simp only [not_lt] at h ⊢

Note: This linter can be disabled with `set_option linter.unusedSimpArgs false`
SunPrize\Certificate\Theory004.lean:3496:56: warning: This simp argument is unused:
  not_le

Hint: Omit it from the simp argument list.
  [apply] simp only [not_lt] at h ⊢

Note: This linter can be disabled with `set_option linter.unusedSimpArgs false`
SunPrize\Certificate\Theory004.lean:3470:32: warning: Unused tactic linter: `(try simp only [not_lt, not_le] at h ⊢)` does nothing

Note: This linter can be disabled with `set_option linter.unusedTactic false`
SunPrize\Certificate\Theory004.lean:3472:32: warning: Unused tactic linter: `(try simp only [not_lt, not_le] at h ⊢)` does nothing

Note: This linter can be disabled with `set_option linter.unusedTactic false`
SunPrize\Certificate\Theory004.lean:3478:32: warning: Unused tactic linter: `(try simp only [not_lt, not_le] at h ⊢)` does nothing

Note: This linter can be disabled with `set_option linter.unusedTactic false`
SunPrize\Certificate\Theory004.lean:3488:32: warning: Unused tactic linter: `(try simp only [not_lt, not_le] at h ⊢)` does nothing

Note: This linter can be disabled with `set_option linter.unusedTactic false`
SunPrize\Certificate\Theory004.lean:3490:32: warning: Unused tactic linter: `(try simp only [not_lt, not_le] at h ⊢)` does nothing

Note: This linter can be disabled with `set_option linter.unusedTactic false`
SunPrize\Certificate\Theory004.lean:3492:32: warning: Unused tactic linter: `(try simp only [not_lt, not_le] at h ⊢)` does nothing

Note: This linter can be disabled with `set_option linter.unusedTactic false`
SunPrize\Certificate\Theory004.lean:3498:2: warning: Unused tactic linter: `all_goals clear e0 e1 e2 e3 e4 e5 e6 e7 e8 e9 e10 e11 e12 e13 e14 e15 e16 e17 e18` does nothing

Note: This linter can be disabled with `set_option linter.unusedTactic false`
SunPrize\Certificate\Theory004.lean:3499:2: warning: Unused tactic linter: `all_goals tauto` does nothing

Note: This linter can be disabled with `set_option linter.unusedTactic false`
SunPrize\Certificate\Theory004.lean:3498:12: warning: this tactic is never executed

Note: This linter can be disabled with `set_option linter.unreachableTactic false`
SunPrize\Certificate\Theory004.lean:3499:12: warning: this tactic is never executed

Note: This linter can be disabled with `set_option linter.unreachableTactic false`
SunPrize\Certificate\Theory004.lean:3506:56: warning: This simp argument is unused:
  not_le

Hint: Omit it from the simp argument list.
  [apply] simp only [not_lt] at h ⊢

Note: This linter can be disabled with `set_option linter.unusedSimpArgs false`
SunPrize\Certificate\Theory004.lean:3510:56: warning: This simp argument is unused:
  not_le

Hint: Omit it from the simp argument list.
  [apply] simp only [not_lt] at h ⊢

Note: This linter can be disabled with `set_option linter.unusedSimpArgs false`
SunPrize\Certificate\Theory004.lean:3518:56: warning: This simp argument is unused:
  not_le

Hint: Omit it from the simp argument list.
  [apply] simp only [not_lt] at h ⊢

Note: This linter can be disabled with `set_option linter.unusedSimpArgs false`
SunPrize\Certificate\Theory004.lean:3520:56: warning: This simp argument is unused:
  not_le

Hint: Omit it from the simp argument list.
  [apply] simp only [not_lt] at h ⊢

Note: This linter can be disabled with `set_option linter.unusedSimpArgs false`
SunPrize\Certificate\Theory004.lean:3524:56: warning: This simp argument is unused:
  not_le

Hint: Omit it from the simp argument list.
  [apply] simp only [not_lt] at h ⊢

Note: This linter can be disabled with `set_option linter.unusedSimpArgs false`
SunPrize\Certificate\Theory004.lean:3526:56: warning: This simp argument is unused:
  not_le

Hint: Omit it from the simp argument list.
  [apply] simp only [not_lt] at h ⊢

Note: This linter can be disabled with `set_option linter.unusedSimpArgs false`
SunPrize\Certificate\Theory004.lean:3528:56: warning: This simp argument is unused:
  not_le

Hint: Omit it from the simp argument list.
  [apply] simp only [not_lt] at h ⊢

Note: This linter can be disabled with `set_option linter.unusedSimpArgs false`
SunPrize\Certificate\Theory004.lean:3530:56: warning: This simp argument is unused:
  not_le

Hint: Omit it from the simp argument list.
  [apply] simp only [not_lt] at h ⊢

Note: This linter can be disabled with `set_option linter.unusedSimpArgs false`
SunPrize\Certificate\Theory004.lean:3532:56: warning: This simp argument is unused:
  not_le

Hint: Omit it from the simp argument list.
  [apply] simp only [not_lt] at h ⊢

Note: This linter can be disabled with `set_option linter.unusedSimpArgs false`
SunPrize\Certificate\Theory004.lean:3534:56: warning: This simp argument is unused:
  not_le

Hint: Omit it from the simp argument list.
  [apply] simp only [not_lt] at h ⊢

Note: This linter can be disabled with `set_option linter.unusedSimpArgs false`
SunPrize\Certificate\Theory004.lean:3536:56: warning: This simp argument is unused:
  not_le

Hint: Omit it from the simp argument list.
  [apply] simp only [not_lt] at h ⊢

Note: This linter can be disabled with `set_option linter.unusedSimpArgs false`
SunPrize\Certificate\Theory004.lean:3538:56: warning: This simp argument is unused:
  not_le

Hint: Omit it from the simp argument list.
  [apply] simp only [not_lt] at h ⊢

Note: This linter can be disabled with `set_option linter.unusedSimpArgs false`
SunPrize\Certificate\Theory004.lean:3540:56: warning: This simp argument is unused:
  not_le

Hint: Omit it from the simp argument list.
  [apply] simp only [not_lt] at h ⊢

Note: This linter can be disabled with `set_option linter.unusedSimpArgs false`
SunPrize\Certificate\Theory004.lean:3504:32: warning: Unused tactic linter: `(try simp only [not_lt, not_le] at h ⊢)` does nothing

Note: This linter can be disabled with `set_option linter.unusedTactic false`
SunPrize\Certificate\Theory004.lean:3508:32: warning: Unused tactic linter: `(try simp only [not_lt, not_le] at h ⊢)` does nothing

Note: This linter can be disabled with `set_option linter.unusedTactic false`
SunPrize\Certificate\Theory004.lean:3512:32: warning: Unused tactic linter: `(try simp only [not_lt, not_le] at h ⊢)` does nothing

Note: This linter can be disabled with `set_option linter.unusedTactic false`
SunPrize\Certificate\Theory004.lean:3514:32: warning: Unused tactic linter: `(try simp only [not_lt, not_le] at h ⊢)` does nothing

Note: This linter can be disabled with `set_option linter.unusedTactic false`
SunPrize\Certificate\Theory004.lean:3516:32: warning: Unused tactic linter: `(try simp only [not_lt, not_le] at h ⊢)` does nothing

Note: This linter can be disabled with `set_option linter.unusedTactic false`
SunPrize\Certificate\Theory004.lean:3522:32: warning: Unused tactic linter: `(try simp only [not_lt, not_le] at h ⊢)` does nothing

Note: This linter can be disabled with `set_option linter.unusedTactic false`
SunPrize\Certificate\Theory004.lean:3542:2: warning: Unused tactic linter: `all_goals clear e0 e1 e2 e3 e4 e5 e6 e7 e8 e9 e10 e11 e12 e13 e14 e15 e16 e17 e18` does nothing

Note: This linter can be disabled with `set_option linter.unusedTactic false`
SunPrize\Certificate\Theory004.lean:3543:2: warning: Unused tactic linter: `all_goals tauto` does nothing

Note: This linter can be disabled with `set_option linter.unusedTactic false`
SunPrize\Certificate\Theory004.lean:3542:12: warning: this tactic is never executed

Note: This linter can be disabled with `set_option linter.unreachableTactic false`
SunPrize\Certificate\Theory004.lean:3543:12: warning: this tactic is never executed

Note: This linter can be disabled with `set_option linter.unreachableTactic false`
SunPrize\Certificate\Theory004.lean:3550:56: warning: This simp argument is unused:
  not_le

Hint: Omit it from the simp argument list.
  [apply] simp only [not_lt] at h ⊢

Note: This linter can be disabled with `set_option linter.unusedSimpArgs false`
SunPrize\Certificate\Theory004.lean:3552:56: warning: This simp argument is unused:
  not_le

Hint: Omit it from the simp argument list.
  [apply] simp only [not_lt] at h ⊢

Note: This linter can be disabled with `set_option linter.unusedSimpArgs false`
SunPrize\Certificate\Theory004.lean:3562:56: warning: This simp argument is unused:
  not_le

Hint: Omit it from the simp argument list.
  [apply] simp only [not_lt] at h ⊢

Note: This linter can be disabled with `set_option linter.unusedSimpArgs false`
SunPrize\Certificate\Theory004.lean:3564:56: warning: This simp argument is unused:
  not_le

Hint: Omit it from the simp argument list.
  [apply] simp only [not_lt] at h ⊢

Note: This linter can be disabled with `set_option linter.unusedSimpArgs false`
SunPrize\Certificate\Theory004.lean:3568:56: warning: This simp argument is unused:
  not_le

Hint: Omit it from the simp argument list.
  [apply] simp only [not_lt] at h ⊢

Note: This linter can be disabled with `set_option linter.unusedSimpArgs false`
SunPrize\Certificate\Theory004.lean:3570:56: warning: This simp argument is unused:
  not_le

Hint: Omit it from the simp argument list.
  [apply] simp only [not_lt] at h ⊢

Note: This linter can be disabled with `set_option linter.unusedSimpArgs false`
SunPrize\Certificate\Theory004.lean:3572:56: warning: This simp argument is unused:
  not_le

Hint: Omit it from the simp argument list.
  [apply] simp only [not_lt] at h ⊢

Note: This linter can be disabled with `set_option linter.unusedSimpArgs false`
SunPrize\Certificate\Theory004.lean:3574:56: warning: This simp argument is unused:
  not_le

Hint: Omit it from the simp argument list.
  [apply] simp only [not_lt] at h ⊢

Note: This linter can be disabled with `set_option linter.unusedSimpArgs false`
SunPrize\Certificate\Theory004.lean:3576:56: warning: This simp argument is unused:
  not_le

Hint: Omit it from the simp argument list.
  [apply] simp only [not_lt] at h ⊢

Note: This linter can be disabled with `set_option linter.unusedSimpArgs false`
SunPrize\Certificate\Theory004.lean:3578:56: warning: This simp argument is unused:
  not_le

Hint: Omit it from the simp argument list.
  [apply] simp only [not_lt] at h ⊢

Note: This linter can be disabled with `set_option linter.unusedSimpArgs false`
SunPrize\Certificate\Theory004.lean:3580:56: warning: This simp argument is unused:
  not_le

Hint: Omit it from the simp argument list.
  [apply] simp only [not_lt] at h ⊢

Note: This linter can be disabled with `set_option linter.unusedSimpArgs false`
SunPrize\Certificate\Theory004.lean:3582:56: warning: This simp argument is unused:
  not_le

Hint: Omit it from the simp argument list.
  [apply] simp only [not_lt] at h ⊢

Note: This linter can be disabled with `set_option linter.unusedSimpArgs false`
SunPrize\Certificate\Theory004.lean:3584:56: warning: This simp argument is unused:
  not_le

Hint: Omit it from the simp argument list.
  [apply] simp only [not_lt] at h ⊢

Note: This linter can be disabled with `set_option linter.unusedSimpArgs false`
SunPrize\Certificate\Theory004.lean:3548:32: warning: Unused tactic linter: `(try simp only [not_lt, not_le] at h ⊢)` does nothing

Note: This linter can be disabled with `set_option linter.unusedTactic false`
SunPrize\Certificate\Theory004.lean:3554:32: warning: Unused tactic linter: `(try simp only [not_lt, not_le] at h ⊢)` does nothing

Note: This linter can be disabled with `set_option linter.unusedTactic false`
SunPrize\Certificate\Theory004.lean:3556:32: warning: Unused tactic linter: `(try simp only [not_lt, not_le] at h ⊢)` does nothing

Note: This linter can be disabled with `set_option linter.unusedTactic false`
SunPrize\Certificate\Theory004.lean:3558:32: warning: Unused tactic linter: `(try simp only [not_lt, not_le] at h ⊢)` does nothing

Note: This linter can be disabled with `set_option linter.unusedTactic false`
SunPrize\Certificate\Theory004.lean:3560:32: warning: Unused tactic linter: `(try simp only [not_lt, not_le] at h ⊢)` does nothing

Note: This linter can be disabled with `set_option linter.unusedTactic false`
SunPrize\Certificate\Theory004.lean:3566:32: warning: Unused tactic linter: `(try simp only [not_lt, not_le] at h ⊢)` does nothing

Note: This linter can be disabled with `set_option linter.unusedTactic false`
SunPrize\Certificate\Theory004.lean:3586:2: warning: Unused tactic linter: `all_goals clear e0 e1 e2 e3 e4 e5 e6 e7 e8 e9 e10 e11 e12 e13 e14 e15 e16 e17 e18` does nothing

Note: This linter can be disabled with `set_option linter.unusedTactic false`
SunPrize\Certificate\Theory004.lean:3587:2: warning: Unused tactic linter: `all_goals tauto` does nothing

Note: This linter can be disabled with `set_option linter.unusedTactic false`
SunPrize\Certificate\Theory004.lean:3586:12: warning: this tactic is never executed

Note: This linter can be disabled with `set_option linter.unreachableTactic false`
SunPrize\Certificate\Theory004.lean:3587:12: warning: this tactic is never executed

Note: This linter can be disabled with `set_option linter.unreachableTactic false`
SunPrize\Certificate\Theory004.lean:3613:56: warning: This simp argument is unused:
  not_le

Hint: Omit it from the simp argument list.
  [apply] simp only [not_lt] at h ⊢

Note: This linter can be disabled with `set_option linter.unusedSimpArgs false`
SunPrize\Certificate\Theory004.lean:3615:56: warning: This simp argument is unused:
  not_le

Hint: Omit it from the simp argument list.
  [apply] simp only [not_lt] at h ⊢

Note: This linter can be disabled with `set_option linter.unusedSimpArgs false`
SunPrize\Certificate\Theory004.lean:3617:56: warning: This simp argument is unused:
  not_le

Hint: Omit it from the simp argument list.
  [apply] simp only [not_lt] at h ⊢

Note: This linter can be disabled with `set_option linter.unusedSimpArgs false`
SunPrize\Certificate\Theory004.lean:3619:56: warning: This simp argument is unused:
  not_le

Hint: Omit it from the simp argument list.
  [apply] simp only [not_lt] at h ⊢

Note: This linter can be disabled with `set_option linter.unusedSimpArgs false`
SunPrize\Certificate\Theory004.lean:3621:56: warning: This simp argument is unused:
  not_le

Hint: Omit it from the simp argument list.
  [apply] simp only [not_lt] at h ⊢

Note: This linter can be disabled with `set_option linter.unusedSimpArgs false`
SunPrize\Certificate\Theory004.lean:3627:56: warning: This simp argument is unused:
  not_le

Hint: Omit it from the simp argument list.
  [apply] simp only [not_lt] at h ⊢

Note: This linter can be disabled with `set_option linter.unusedSimpArgs false`
SunPrize\Certificate\Theory004.lean:3629:56: warning: This simp argument is unused:
  not_le

Hint: Omit it from the simp argument list.
  [apply] simp only [not_lt] at h ⊢

Note: This linter can be disabled with `set_option linter.unusedSimpArgs false`
SunPrize\Certificate\Theory004.lean:3633:56: warning: This simp argument is unused:
  not_le

Hint: Omit it from the simp argument list.
  [apply] simp only [not_lt] at h ⊢

Note: This linter can be disabled with `set_option linter.unusedSimpArgs false`
SunPrize\Certificate\Theory004.lean:3635:56: warning: This simp argument is unused:
  not_le

Hint: Omit it from the simp argument list.
  [apply] simp only [not_lt] at h ⊢

Note: This linter can be disabled with `set_option linter.unusedSimpArgs false`
SunPrize\Certificate\Theory004.lean:3637:56: warning: This simp argument is unused:
  not_le

Hint: Omit it from the simp argument list.
  [apply] simp only [not_lt] at h ⊢

Note: This linter can be disabled with `set_option linter.unusedSimpArgs false`
SunPrize\Certificate\Theory004.lean:3639:56: warning: This simp argument is unused:
  not_le

Hint: Omit it from the simp argument list.
  [apply] simp only [not_lt] at h ⊢

Note: This linter can be disabled with `set_option linter.unusedSimpArgs false`
SunPrize\Certificate\Theory004.lean:3647:56: warning: This simp argument is unused:
  not_le

Hint: Omit it from the simp argument list.
  [apply] simp only [not_lt] at h ⊢

Note: This linter can be disabled with `set_option linter.unusedSimpArgs false`
SunPrize\Certificate\Theory004.lean:3649:56: warning: This simp argument is unused:
  not_le

Hint: Omit it from the simp argument list.
  [apply] simp only [not_lt] at h ⊢

Note: This linter can be disabled with `set_option linter.unusedSimpArgs false`
SunPrize\Certificate\Theory004.lean:3623:32: warning: Unused tactic linter: `(try simp only [not_lt, not_le] at h ⊢)` does nothing

Note: This linter can be disabled with `set_option linter.unusedTactic false`
SunPrize\Certificate\Theory004.lean:3625:32: warning: Unused tactic linter: `(try simp only [not_lt, not_le] at h ⊢)` does nothing

Note: This linter can be disabled with `set_option linter.unusedTactic false`
SunPrize\Certificate\Theory004.lean:3631:32: warning: Unused tactic linter: `(try simp only [not_lt, not_le] at h ⊢)` does nothing

Note: This linter can be disabled with `set_option linter.unusedTactic false`
SunPrize\Certificate\Theory004.lean:3641:32: warning: Unused tactic linter: `(try simp only [not_lt, not_le] at h ⊢)` does nothing

Note: This linter can be disabled with `set_option linter.unusedTactic false`
SunPrize\Certificate\Theory004.lean:3643:32: warning: Unused tactic linter: `(try simp only [not_lt, not_le] at h ⊢)` does nothing

Note: This linter can be disabled with `set_option linter.unusedTactic false`
SunPrize\Certificate\Theory004.lean:3645:32: warning: Unused tactic linter: `(try simp only [not_lt, not_le] at h ⊢)` does nothing

Note: This linter can be disabled with `set_option linter.unusedTactic false`
SunPrize\Certificate\Theory004.lean:3651:2: warning: Unused tactic linter: `all_goals clear e0 e1 e2 e3 e4 e5 e6 e7 e8 e9 e10 e11 e12 e13 e14 e15 e16 e17 e18` does nothing

Note: This linter can be disabled with `set_option linter.unusedTactic false`
SunPrize\Certificate\Theory004.lean:3652:2: warning: Unused tactic linter: `all_goals tauto` does nothing

Note: This linter can be disabled with `set_option linter.unusedTactic false`
SunPrize\Certificate\Theory004.lean:3651:12: warning: this tactic is never executed

Note: This linter can be disabled with `set_option linter.unreachableTactic false`
SunPrize\Certificate\Theory004.lean:3652:12: warning: this tactic is never executed

Note: This linter can be disabled with `set_option linter.unreachableTactic false`
SunPrize\Certificate\Theory004.lean:3657:56: warning: This simp argument is unused:
  not_le

Hint: Omit it from the simp argument list.
  [apply] simp only [not_lt] at h ⊢

Note: This linter can be disabled with `set_option linter.unusedSimpArgs false`
SunPrize\Certificate\Theory004.lean:3659:56: warning: This simp argument is unused:
  not_le

Hint: Omit it from the simp argument list.
  [apply] simp only [not_lt] at h ⊢

Note: This linter can be disabled with `set_option linter.unusedSimpArgs false`
SunPrize\Certificate\Theory004.lean:3661:56: warning: This simp argument is unused:
  not_le

Hint: Omit it from the simp argument list.
  [apply] simp only [not_lt] at h ⊢

Note: This linter can be disabled with `set_option linter.unusedSimpArgs false`
SunPrize\Certificate\Theory004.lean:3663:56: warning: This simp argument is unused:
  not_le

Hint: Omit it from the simp argument list.
  [apply] simp only [not_lt] at h ⊢

Note: This linter can be disabled with `set_option linter.unusedSimpArgs false`
SunPrize\Certificate\Theory004.lean:3665:56: warning: This simp argument is unused:
  not_le

Hint: Omit it from the simp argument list.
  [apply] simp only [not_lt] at h ⊢

Note: This linter can be disabled with `set_option linter.unusedSimpArgs false`
SunPrize\Certificate\Theory004.lean:3667:56: warning: This simp argument is unused:
  not_le

Hint: Omit it from the simp argument list.
  [apply] simp only [not_lt] at h ⊢

Note: This linter can be disabled with `set_option linter.unusedSimpArgs false`
SunPrize\Certificate\Theory004.lean:3673:56: warning: This simp argument is unused:
  not_le

Hint: Omit it from the simp argument list.
  [apply] simp only [not_lt] at h ⊢

Note: This linter can be disabled with `set_option linter.unusedSimpArgs false`
SunPrize\Certificate\Theory004.lean:3675:56: warning: This simp argument is unused:
  not_le

Hint: Omit it from the simp argument list.
  [apply] simp only [not_lt] at h ⊢

Note: This linter can be disabled with `set_option linter.unusedSimpArgs false`
SunPrize\Certificate\Theory004.lean:3679:56: warning: This simp argument is unused:
  not_le

Hint: Omit it from the simp argument list.
  [apply] simp only [not_lt] at h ⊢

Note: This linter can be disabled with `set_option linter.unusedSimpArgs false`
SunPrize\Certificate\Theory004.lean:3681:56: warning: This simp argument is unused:
  not_le

Hint: Omit it from the simp argument list.
  [apply] simp only [not_lt] at h ⊢

Note: This linter can be disabled with `set_option linter.unusedSimpArgs false`
SunPrize\Certificate\Theory004.lean:3683:56: warning: This simp argument is unused:
  not_le

Hint: Omit it from the simp argument list.
  [apply] simp only [not_lt] at h ⊢

Note: This linter can be disabled with `set_option linter.unusedSimpArgs false`
SunPrize\Certificate\Theory004.lean:3685:56: warning: This simp argument is unused:
  not_le

Hint: Omit it from the simp argument list.
  [apply] simp only [not_lt] at h ⊢

Note: This linter can be disabled with `set_option linter.unusedSimpArgs false`
SunPrize\Certificate\Theory004.lean:3693:56: warning: This simp argument is unused:
  not_le

Hint: Omit it from the simp argument list.
  [apply] simp only [not_lt] at h ⊢

Note: This linter can be disabled with `set_option linter.unusedSimpArgs false`
SunPrize\Certificate\Theory004.lean:3669:32: warning: Unused tactic linter: `(try simp only [not_lt, not_le] at h ⊢)` does nothing

Note: This linter can be disabled with `set_option linter.unusedTactic false`
SunPrize\Certificate\Theory004.lean:3671:32: warning: Unused tactic linter: `(try simp only [not_lt, not_le] at h ⊢)` does nothing

Note: This linter can be disabled with `set_option linter.unusedTactic false`
SunPrize\Certificate\Theory004.lean:3677:32: warning: Unused tactic linter: `(try simp only [not_lt, not_le] at h ⊢)` does nothing

Note: This linter can be disabled with `set_option linter.unusedTactic false`
SunPrize\Certificate\Theory004.lean:3687:32: warning: Unused tactic linter: `(try simp only [not_lt, not_le] at h ⊢)` does nothing

Note: This linter can be disabled with `set_option linter.unusedTactic false`
SunPrize\Certificate\Theory004.lean:3689:32: warning: Unused tactic linter: `(try simp only [not_lt, not_le] at h ⊢)` does nothing

Note: This linter can be disabled with `set_option linter.unusedTactic false`
SunPrize\Certificate\Theory004.lean:3691:32: warning: Unused tactic linter: `(try simp only [not_lt, not_le] at h ⊢)` does nothing

Note: This linter can be disabled with `set_option linter.unusedTactic false`
SunPrize\Certificate\Theory004.lean:3695:2: warning: Unused tactic linter: `all_goals clear e0 e1 e2 e3 e4 e5 e6 e7 e8 e9 e10 e11 e12 e13 e14 e15 e16 e17 e18` does nothing

Note: This linter can be disabled with `set_option linter.unusedTactic false`
SunPrize\Certificate\Theory004.lean:3696:2: warning: Unused tactic linter: `all_goals tauto` does nothing

Note: This linter can be disabled with `set_option linter.unusedTactic false`
SunPrize\Certificate\Theory004.lean:3695:12: warning: this tactic is never executed

Note: This linter can be disabled with `set_option linter.unreachableTactic false`
SunPrize\Certificate\Theory004.lean:3696:12: warning: this tactic is never executed

Note: This linter can be disabled with `set_option linter.unreachableTactic false`
SunPrize\Certificate\Theory004.lean:3701:56: warning: This simp argument is unused:
  not_le

Hint: Omit it from the simp argument list.
  [apply] simp only [not_lt] at h ⊢

Note: This linter can be disabled with `set_option linter.unusedSimpArgs false`
SunPrize\Certificate\Theory004.lean:3703:56: warning: This simp argument is unused:
  not_le

Hint: Omit it from the simp argument list.
  [apply] simp only [not_lt] at h ⊢

Note: This linter can be disabled with `set_option linter.unusedSimpArgs false`
SunPrize\Certificate\Theory004.lean:3715:56: warning: This simp argument is unused:
  not_le

Hint: Omit it from the simp argument list.
  [apply] simp only [not_lt] at h ⊢

Note: This linter can be disabled with `set_option linter.unusedSimpArgs false`
SunPrize\Certificate\Theory004.lean:3717:56: warning: This simp argument is unused:
  not_le

Hint: Omit it from the simp argument list.
  [apply] simp only [not_lt] at h ⊢

Note: This linter can be disabled with `set_option linter.unusedSimpArgs false`
SunPrize\Certificate\Theory004.lean:3721:56: warning: This simp argument is unused:
  not_le

Hint: Omit it from the simp argument list.
  [apply] simp only [not_lt] at h ⊢

Note: This linter can be disabled with `set_option linter.unusedSimpArgs false`
SunPrize\Certificate\Theory004.lean:3723:56: warning: This simp argument is unused:
  not_le

Hint: Omit it from the simp argument list.
  [apply] simp only [not_lt] at h ⊢

Note: This linter can be disabled with `set_option linter.unusedSimpArgs false`
SunPrize\Certificate\Theory004.lean:3725:56: warning: This simp argument is unused:
  not_le

Hint: Omit it from the simp argument list.
  [apply] simp only [not_lt] at h ⊢

Note: This linter can be disabled with `set_option linter.unusedSimpArgs false`
SunPrize\Certificate\Theory004.lean:3727:56: warning: This simp argument is unused:
  not_le

Hint: Omit it from the simp argument list.
  [apply] simp only [not_lt] at h ⊢

Note: This linter can be disabled with `set_option linter.unusedSimpArgs false`
SunPrize\Certificate\Theory004.lean:3729:56: warning: This simp argument is unused:
  not_le

Hint: Omit it from the simp argument list.
  [apply] simp only [not_lt] at h ⊢

Note: This linter can be disabled with `set_option linter.unusedSimpArgs false`
SunPrize\Certificate\Theory004.lean:3731:56: warning: This simp argument is unused:
  not_le

Hint: Omit it from the simp argument list.
  [apply] simp only [not_lt] at h ⊢

Note: This linter can be disabled with `set_option linter.unusedSimpArgs false`
SunPrize\Certificate\Theory004.lean:3733:56: warning: This simp argument is unused:
  not_le

Hint: Omit it from the simp argument list.
  [apply] simp only [not_lt] at h ⊢

Note: This linter can be disabled with `set_option linter.unusedSimpArgs false`
SunPrize\Certificate\Theory004.lean:3735:56: warning: This simp argument is unused:
  not_le

Hint: Omit it from the simp argument list.
  [apply] simp only [not_lt] at h ⊢

Note: This linter can be disabled with `set_option linter.unusedSimpArgs false`
SunPrize\Certificate\Theory004.lean:3737:56: warning: This simp argument is unused:
  not_le

Hint: Omit it from the simp argument list.
  [apply] simp only [not_lt] at h ⊢

Note: This linter can be disabled with `set_option linter.unusedSimpArgs false`
SunPrize\Certificate\Theory004.lean:3705:32: warning: Unused tactic linter: `(try simp only [not_lt, not_le] at h ⊢)` does nothing

Note: This linter can be disabled with `set_option linter.unusedTactic false`
SunPrize\Certificate\Theory004.lean:3707:32: warning: Unused tactic linter: `(try simp only [not_lt, not_le] at h ⊢)` does nothing

Note: This linter can be disabled with `set_option linter.unusedTactic false`
SunPrize\Certificate\Theory004.lean:3709:32: warning: Unused tactic linter: `(try simp only [not_lt, not_le] at h ⊢)` does nothing

Note: This linter can be disabled with `set_option linter.unusedTactic false`
SunPrize\Certificate\Theory004.lean:3711:32: warning: Unused tactic linter: `(try simp only [not_lt, not_le] at h ⊢)` does nothing

Note: This linter can be disabled with `set_option linter.unusedTactic false`
SunPrize\Certificate\Theory004.lean:3713:32: warning: Unused tactic linter: `(try simp only [not_lt, not_le] at h ⊢)` does nothing

Note: This linter can be disabled with `set_option linter.unusedTactic false`
SunPrize\Certificate\Theory004.lean:3719:32: warning: Unused tactic linter: `(try simp only [not_lt, not_le] at h ⊢)` does nothing

Note: This linter can be disabled with `set_option linter.unusedTactic false`
SunPrize\Certificate\Theory004.lean:3739:2: warning: Unused tactic linter: `all_goals clear e0 e1 e2 e3 e4 e5 e6 e7 e8 e9 e10 e11 e12 e13 e14 e15 e16 e17 e18` does nothing

Note: This linter can be disabled with `set_option linter.unusedTactic false`
SunPrize\Certificate\Theory004.lean:3740:2: warning: Unused tactic linter: `all_goals tauto` does nothing

Note: This linter can be disabled with `set_option linter.unusedTactic false`
SunPrize\Certificate\Theory004.lean:3739:12: warning: this tactic is never executed

Note: This linter can be disabled with `set_option linter.unreachableTactic false`
SunPrize\Certificate\Theory004.lean:3740:12: warning: this tactic is never executed

Note: This linter can be disabled with `set_option linter.unreachableTactic false`
SunPrize\Certificate\Theory004.lean:3751:56: warning: This simp argument is unused:
  not_le

Hint: Omit it from the simp argument list.
  [apply] simp only [not_lt] at h ⊢

Note: This linter can be disabled with `set_option linter.unusedSimpArgs false`
SunPrize\Certificate\Theory004.lean:3753:56: warning: This simp argument is unused:
  not_le

Hint: Omit it from the simp argument list.
  [apply] simp only [not_lt] at h ⊢

Note: This linter can be disabled with `set_option linter.unusedSimpArgs false`
SunPrize\Certificate\Theory004.lean:3759:56: warning: This simp argument is unused:
  not_le

Hint: Omit it from the simp argument list.
  [apply] simp only [not_lt] at h ⊢

Note: This linter can be disabled with `set_option linter.unusedSimpArgs false`
SunPrize\Certificate\Theory004.lean:3761:56: warning: This simp argument is unused:
  not_le

Hint: Omit it from the simp argument list.
  [apply] simp only [not_lt] at h ⊢

Note: This linter can be disabled with `set_option linter.unusedSimpArgs false`
SunPrize\Certificate\Theory004.lean:3765:56: warning: This simp argument is unused:
  not_le

Hint: Omit it from the simp argument list.
  [apply] simp only [not_lt] at h ⊢

Note: This linter can be disabled with `set_option linter.unusedSimpArgs false`
SunPrize\Certificate\Theory004.lean:3767:56: warning: This simp argument is unused:
  not_le

Hint: Omit it from the simp argument list.
  [apply] simp only [not_lt] at h ⊢

Note: This linter can be disabled with `set_option linter.unusedSimpArgs false`
SunPrize\Certificate\Theory004.lean:3769:56: warning: This simp argument is unused:
  not_le

Hint: Omit it from the simp argument list.
  [apply] simp only [not_lt] at h ⊢

Note: This linter can be disabled with `set_option linter.unusedSimpArgs false`
SunPrize\Certificate\Theory004.lean:3771:56: warning: This simp argument is unused:
  not_le

Hint: Omit it from the simp argument list.
  [apply] simp only [not_lt] at h ⊢

Note: This linter can be disabled with `set_option linter.unusedSimpArgs false`
SunPrize\Certificate\Theory004.lean:3773:56: warning: This simp argument is unused:
  not_le

Hint: Omit it from the simp argument list.
  [apply] simp only [not_lt] at h ⊢

Note: This linter can be disabled with `set_option linter.unusedSimpArgs false`
SunPrize\Certificate\Theory004.lean:3775:56: warning: This simp argument is unused:
  not_le

Hint: Omit it from the simp argument list.
  [apply] simp only [not_lt] at h ⊢

Note: This linter can be disabled with `set_option linter.unusedSimpArgs false`
SunPrize\Certificate\Theory004.lean:3777:56: warning: This simp argument is unused:
  not_le

Hint: Omit it from the simp argument list.
  [apply] simp only [not_lt] at h ⊢

Note: This linter can be disabled with `set_option linter.unusedSimpArgs false`
SunPrize\Certificate\Theory004.lean:3779:56: warning: This simp argument is unused:
  not_le

Hint: Omit it from the simp argument list.
  [apply] simp only [not_lt] at h ⊢

Note: This linter can be disabled with `set_option linter.unusedSimpArgs false`
SunPrize\Certificate\Theory004.lean:3781:56: warning: This simp argument is unused:
  not_le

Hint: Omit it from the simp argument list.
  [apply] simp only [not_lt] at h ⊢

Note: This linter can be disabled with `set_option linter.unusedSimpArgs false`
SunPrize\Certificate\Theory004.lean:3745:32: warning: Unused tactic linter: `(try simp only [not_lt, not_le] at h ⊢)` does nothing

Note: This linter can be disabled with `set_option linter.unusedTactic false`
SunPrize\Certificate\Theory004.lean:3747:32: warning: Unused tactic linter: `(try simp only [not_lt, not_le] at h ⊢)` does nothing

Note: This linter can be disabled with `set_option linter.unusedTactic false`
SunPrize\Certificate\Theory004.lean:3749:32: warning: Unused tactic linter: `(try simp only [not_lt, not_le] at h ⊢)` does nothing

Note: This linter can be disabled with `set_option linter.unusedTactic false`
SunPrize\Certificate\Theory004.lean:3755:32: warning: Unused tactic linter: `(try simp only [not_lt, not_le] at h ⊢)` does nothing

Note: This linter can be disabled with `set_option linter.unusedTactic false`
SunPrize\Certificate\Theory004.lean:3757:32: warning: Unused tactic linter: `(try simp only [not_lt, not_le] at h ⊢)` does nothing

Note: This linter can be disabled with `set_option linter.unusedTactic false`
SunPrize\Certificate\Theory004.lean:3763:32: warning: Unused tactic linter: `(try simp only [not_lt, not_le] at h ⊢)` does nothing

Note: This linter can be disabled with `set_option linter.unusedTactic false`
SunPrize\Certificate\Theory004.lean:3783:2: warning: Unused tactic linter: `all_goals clear e0 e1 e2 e3 e4 e5 e6 e7 e8 e9 e10 e11 e12 e13 e14 e15 e16 e17 e18` does nothing

Note: This linter can be disabled with `set_option linter.unusedTactic false`
SunPrize\Certificate\Theory004.lean:3784:2: warning: Unused tactic linter: `all_goals tauto` does nothing

Note: This linter can be disabled with `set_option linter.unusedTactic false`
SunPrize\Certificate\Theory004.lean:3783:12: warning: this tactic is never executed

Note: This linter can be disabled with `set_option linter.unreachableTactic false`
SunPrize\Certificate\Theory004.lean:3784:12: warning: this tactic is never executed

Note: This linter can be disabled with `set_option linter.unreachableTactic false`
SunPrize\Certificate\Theory004.lean:3789:56: warning: This simp argument is unused:
  not_le

Hint: Omit it from the simp argument list.
  [apply] simp only [not_lt] at h ⊢

Note: This linter can be disabled with `set_option linter.unusedSimpArgs false`
SunPrize\Certificate\Theory004.lean:3797:56: warning: This simp argument is unused:
  not_le

Hint: Omit it from the simp argument list.
  [apply] simp only [not_lt] at h ⊢

Note: This linter can be disabled with `set_option linter.unusedSimpArgs false`
SunPrize\Certificate\Theory004.lean:3799:56: warning: This simp argument is unused:
  not_le

Hint: Omit it from the simp argument list.
  [apply] simp only [not_lt] at h ⊢

Note: This linter can be disabled with `set_option linter.unusedSimpArgs false`
SunPrize\Certificate\Theory004.lean:3805:56: warning: This simp argument is unused:
  not_le

Hint: Omit it from the simp argument list.
  [apply] simp only [not_lt] at h ⊢

Note: This linter can be disabled with `set_option linter.unusedSimpArgs false`
SunPrize\Certificate\Theory004.lean:3807:56: warning: This simp argument is unused:
  not_le

Hint: Omit it from the simp argument list.
  [apply] simp only [not_lt] at h ⊢

Note: This linter can be disabled with `set_option linter.unusedSimpArgs false`
SunPrize\Certificate\Theory004.lean:3811:56: warning: This simp argument is unused:
  not_le

Hint: Omit it from the simp argument list.
  [apply] simp only [not_lt] at h ⊢

Note: This linter can be disabled with `set_option linter.unusedSimpArgs false`
SunPrize\Certificate\Theory004.lean:3813:56: warning: This simp argument is unused:
  not_le

Hint: Omit it from the simp argument list.
  [apply] simp only [not_lt] at h ⊢

Note: This linter can be disabled with `set_option linter.unusedSimpArgs false`
SunPrize\Certificate\Theory004.lean:3815:56: warning: This simp argument is unused:
  not_le

Hint: Omit it from the simp argument list.
  [apply] simp only [not_lt] at h ⊢

Note: This linter can be disabled with `set_option linter.unusedSimpArgs false`
SunPrize\Certificate\Theory004.lean:3817:56: warning: This simp argument is unused:
  not_le

Hint: Omit it from the simp argument list.
  [apply] simp only [not_lt] at h ⊢

Note: This linter can be disabled with `set_option linter.unusedSimpArgs false`
SunPrize\Certificate\Theory004.lean:3819:56: warning: This simp argument is unused:
  not_le

Hint: Omit it from the simp argument list.
  [apply] simp only [not_lt] at h ⊢

Note: This linter can be disabled with `set_option linter.unusedSimpArgs false`
SunPrize\Certificate\Theory004.lean:3821:56: warning: This simp argument is unused:
  not_le

Hint: Omit it from the simp argument list.
  [apply] simp only [not_lt] at h ⊢

Note: This linter can be disabled with `set_option linter.unusedSimpArgs false`
SunPrize\Certificate\Theory004.lean:3823:56: warning: This simp argument is unused:
  not_le

Hint: Omit it from the simp argument list.
  [apply] simp only [not_lt] at h ⊢

Note: This linter can be disabled with `set_option linter.unusedSimpArgs false`
SunPrize\Certificate\Theory004.lean:3825:56: warning: This simp argument is unused:
  not_le

Hint: Omit it from the simp argument list.
  [apply] simp only [not_lt] at h ⊢

Note: This linter can be disabled with `set_option linter.unusedSimpArgs false`
SunPrize\Certificate\Theory004.lean:3791:32: warning: Unused tactic linter: `(try simp only [not_lt, not_le] at h ⊢)` does nothing

Note: This linter can be disabled with `set_option linter.unusedTactic false`
SunPrize\Certificate\Theory004.lean:3793:32: warning: Unused tactic linter: `(try simp only [not_lt, not_le] at h ⊢)` does nothing

Note: This linter can be disabled with `set_option linter.unusedTactic false`
SunPrize\Certificate\Theory004.lean:3795:32: warning: Unused tactic linter: `(try simp only [not_lt, not_le] at h ⊢)` does nothing

Note: This linter can be disabled with `set_option linter.unusedTactic false`
SunPrize\Certificate\Theory004.lean:3801:32: warning: Unused tactic linter: `(try simp only [not_lt, not_le] at h ⊢)` does nothing

Note: This linter can be disabled with `set_option linter.unusedTactic false`
SunPrize\Certificate\Theory004.lean:3803:32: warning: Unused tactic linter: `(try simp only [not_lt, not_le] at h ⊢)` does nothing

Note: This linter can be disabled with `set_option linter.unusedTactic false`
SunPrize\Certificate\Theory004.lean:3809:32: warning: Unused tactic linter: `(try simp only [not_lt, not_le] at h ⊢)` does nothing

Note: This linter can be disabled with `set_option linter.unusedTactic false`
SunPrize\Certificate\Theory004.lean:3827:2: warning: Unused tactic linter: `all_goals clear e0 e1 e2 e3 e4 e5 e6 e7 e8 e9 e10 e11 e12 e13 e14 e15 e16 e17 e18` does nothing

Note: This linter can be disabled with `set_option linter.unusedTactic false`
SunPrize\Certificate\Theory004.lean:3828:2: warning: Unused tactic linter: `all_goals tauto` does nothing

Note: This linter can be disabled with `set_option linter.unusedTactic false`
SunPrize\Certificate\Theory004.lean:3827:12: warning: this tactic is never executed

Note: This linter can be disabled with `set_option linter.unreachableTactic false`
SunPrize\Certificate\Theory004.lean:3828:12: warning: this tactic is never executed

Note: This linter can be disabled with `set_option linter.unreachableTactic false`
SunPrize\Certificate\Theory004.lean:3839:56: warning: This simp argument is unused:
  not_le

Hint: Omit it from the simp argument list.
  [apply] simp only [not_lt] at h ⊢

Note: This linter can be disabled with `set_option linter.unusedSimpArgs false`
SunPrize\Certificate\Theory004.lean:3841:56: warning: This simp argument is unused:
  not_le

Hint: Omit it from the simp argument list.
  [apply] simp only [not_lt] at h ⊢

Note: This linter can be disabled with `set_option linter.unusedSimpArgs false`
SunPrize\Certificate\Theory004.lean:3847:56: warning: This simp argument is unused:
  not_le

Hint: Omit it from the simp argument list.
  [apply] simp only [not_lt] at h ⊢

Note: This linter can be disabled with `set_option linter.unusedSimpArgs false`
SunPrize\Certificate\Theory004.lean:3849:56: warning: This simp argument is unused:
  not_le

Hint: Omit it from the simp argument list.
  [apply] simp only [not_lt] at h ⊢

Note: This linter can be disabled with `set_option linter.unusedSimpArgs false`
SunPrize\Certificate\Theory004.lean:3853:56: warning: This simp argument is unused:
  not_le

Hint: Omit it from the simp argument list.
  [apply] simp only [not_lt] at h ⊢

Note: This linter can be disabled with `set_option linter.unusedSimpArgs false`
SunPrize\Certificate\Theory004.lean:3855:56: warning: This simp argument is unused:
  not_le

Hint: Omit it from the simp argument list.
  [apply] simp only [not_lt] at h ⊢

Note: This linter can be disabled with `set_option linter.unusedSimpArgs false`
SunPrize\Certificate\Theory004.lean:3857:56: warning: This simp argument is unused:
  not_le

Hint: Omit it from the simp argument list.
  [apply] simp only [not_lt] at h ⊢

Note: This linter can be disabled with `set_option linter.unusedSimpArgs false`
SunPrize\Certificate\Theory004.lean:3859:56: warning: This simp argument is unused:
  not_le

Hint: Omit it from the simp argument list.
  [apply] simp only [not_lt] at h ⊢

Note: This linter can be disabled with `set_option linter.unusedSimpArgs false`
SunPrize\Certificate\Theory004.lean:3861:56: warning: This simp argument is unused:
  not_le

Hint: Omit it from the simp argument list.
  [apply] simp only [not_lt] at h ⊢

Note: This linter can be disabled with `set_option linter.unusedSimpArgs false`
SunPrize\Certificate\Theory004.lean:3863:56: warning: This simp argument is unused:
  not_le

Hint: Omit it from the simp argument list.
  [apply] simp only [not_lt] at h ⊢

Note: This linter can be disabled with `set_option linter.unusedSimpArgs false`
SunPrize\Certificate\Theory004.lean:3865:56: warning: This simp argument is unused:
  not_le

Hint: Omit it from the simp argument list.
  [apply] simp only [not_lt] at h ⊢

Note: This linter can be disabled with `set_option linter.unusedSimpArgs false`
SunPrize\Certificate\Theory004.lean:3867:56: warning: This simp argument is unused:
  not_le

Hint: Omit it from the simp argument list.
  [apply] simp only [not_lt] at h ⊢

Note: This linter can be disabled with `set_option linter.unusedSimpArgs false`
SunPrize\Certificate\Theory004.lean:3869:56: warning: This simp argument is unused:
  not_le

Hint: Omit it from the simp argument list.
  [apply] simp only [not_lt] at h ⊢

Note: This linter can be disabled with `set_option linter.unusedSimpArgs false`
SunPrize\Certificate\Theory004.lean:3833:32: warning: Unused tactic linter: `(try simp only [not_lt, not_le] at h ⊢)` does nothing

Note: This linter can be disabled with `set_option linter.unusedTactic false`
SunPrize\Certificate\Theory004.lean:3835:32: warning: Unused tactic linter: `(try simp only [not_lt, not_le] at h ⊢)` does nothing

Note: This linter can be disabled with `set_option linter.unusedTactic false`
SunPrize\Certificate\Theory004.lean:3837:32: warning: Unused tactic linter: `(try simp only [not_lt, not_le] at h ⊢)` does nothing

Note: This linter can be disabled with `set_option linter.unusedTactic false`
SunPrize\Certificate\Theory004.lean:3843:32: warning: Unused tactic linter: `(try simp only [not_lt, not_le] at h ⊢)` does nothing

Note: This linter can be disabled with `set_option linter.unusedTactic false`
SunPrize\Certificate\Theory004.lean:3845:32: warning: Unused tactic linter: `(try simp only [not_lt, not_le] at h ⊢)` does nothing

Note: This linter can be disabled with `set_option linter.unusedTactic false`
SunPrize\Certificate\Theory004.lean:3851:32: warning: Unused tactic linter: `(try simp only [not_lt, not_le] at h ⊢)` does nothing

Note: This linter can be disabled with `set_option linter.unusedTactic false`
SunPrize\Certificate\Theory004.lean:3871:2: warning: Unused tactic linter: `all_goals clear e0 e1 e2 e3 e4 e5 e6 e7 e8 e9 e10 e11 e12 e13 e14 e15 e16 e17 e18` does nothing

Note: This linter can be disabled with `set_option linter.unusedTactic false`
SunPrize\Certificate\Theory004.lean:3872:2: warning: Unused tactic linter: `all_goals tauto` does nothing

Note: This linter can be disabled with `set_option linter.unusedTactic false`
SunPrize\Certificate\Theory004.lean:3871:12: warning: this tactic is never executed

Note: This linter can be disabled with `set_option linter.unreachableTactic false`
SunPrize\Certificate\Theory004.lean:3872:12: warning: this tactic is never executed

Note: This linter can be disabled with `set_option linter.unreachableTactic false`
SunPrize\Certificate\Theory004.lean:3898:56: warning: This simp argument is unused:
  not_le

Hint: Omit it from the simp argument list.
  [apply] simp only [not_lt] at h ⊢

Note: This linter can be disabled with `set_option linter.unusedSimpArgs false`
SunPrize\Certificate\Theory004.lean:3902:56: warning: This simp argument is unused:
  not_le

Hint: Omit it from the simp argument list.
  [apply] simp only [not_lt] at h ⊢

Note: This linter can be disabled with `set_option linter.unusedSimpArgs false`
SunPrize\Certificate\Theory004.lean:3906:56: warning: This simp argument is unused:
  not_le

Hint: Omit it from the simp argument list.
  [apply] simp only [not_lt] at h ⊢

Note: This linter can be disabled with `set_option linter.unusedSimpArgs false`
SunPrize\Certificate\Theory004.lean:3914:56: warning: This simp argument is unused:
  not_le

Hint: Omit it from the simp argument list.
  [apply] simp only [not_lt] at h ⊢

Note: This linter can be disabled with `set_option linter.unusedSimpArgs false`
SunPrize\Certificate\Theory004.lean:3916:56: warning: This simp argument is unused:
  not_le

Hint: Omit it from the simp argument list.
  [apply] simp only [not_lt] at h ⊢

Note: This linter can be disabled with `set_option linter.unusedSimpArgs false`
SunPrize\Certificate\Theory004.lean:3920:56: warning: This simp argument is unused:
  not_le

Hint: Omit it from the simp argument list.
  [apply] simp only [not_lt] at h ⊢

Note: This linter can be disabled with `set_option linter.unusedSimpArgs false`
SunPrize\Certificate\Theory004.lean:3922:56: warning: This simp argument is unused:
  not_le

Hint: Omit it from the simp argument list.
  [apply] simp only [not_lt] at h ⊢

Note: This linter can be disabled with `set_option linter.unusedSimpArgs false`
SunPrize\Certificate\Theory004.lean:3924:56: warning: This simp argument is unused:
  not_le

Hint: Omit it from the simp argument list.
  [apply] simp only [not_lt] at h ⊢

Note: This linter can be disabled with `set_option linter.unusedSimpArgs false`
SunPrize\Certificate\Theory004.lean:3926:56: warning: This simp argument is unused:
  not_le

Hint: Omit it from the simp argument list.
  [apply] simp only [not_lt] at h ⊢

Note: This linter can be disabled with `set_option linter.unusedSimpArgs false`
SunPrize\Certificate\Theory004.lean:3928:56: warning: This simp argument is unused:
  not_le

Hint: Omit it from the simp argument list.
  [apply] simp only [not_lt] at h ⊢

Note: This linter can be disabled with `set_option linter.unusedSimpArgs false`
SunPrize\Certificate\Theory004.lean:3930:56: warning: This simp argument is unused:
  not_le

Hint: Omit it from the simp argument list.
  [apply] simp only [not_lt] at h ⊢

Note: This linter can be disabled with `set_option linter.unusedSimpArgs false`
SunPrize\Certificate\Theory004.lean:3932:56: warning: This simp argument is unused:
  not_le

Hint: Omit it from the simp argument list.
  [apply] simp only [not_lt] at h ⊢

Note: This linter can be disabled with `set_option linter.unusedSimpArgs false`
SunPrize\Certificate\Theory004.lean:3934:56: warning: This simp argument is unused:
  not_le

Hint: Omit it from the simp argument list.
  [apply] simp only [not_lt] at h ⊢

Note: This linter can be disabled with `set_option linter.unusedSimpArgs false`
SunPrize\Certificate\Theory004.lean:3900:32: warning: Unused tactic linter: `(try simp only [not_lt, not_le] at h ⊢)` does nothing

Note: This linter can be disabled with `set_option linter.unusedTactic false`
SunPrize\Certificate\Theory004.lean:3904:32: warning: Unused tactic linter: `(try simp only [not_lt, not_le] at h ⊢)` does nothing

Note: This linter can be disabled with `set_option linter.unusedTactic false`
SunPrize\Certificate\Theory004.lean:3908:32: warning: Unused tactic linter: `(try simp only [not_lt, not_le] at h ⊢)` does nothing

Note: This linter can be disabled with `set_option linter.unusedTactic false`
SunPrize\Certificate\Theory004.lean:3910:32: warning: Unused tactic linter: `(try simp only [not_lt, not_le] at h ⊢)` does nothing

Note: This linter can be disabled with `set_option linter.unusedTactic false`
SunPrize\Certificate\Theory004.lean:3912:32: warning: Unused tactic linter: `(try simp only [not_lt, not_le] at h ⊢)` does nothing

Note: This linter can be disabled with `set_option linter.unusedTactic false`
SunPrize\Certificate\Theory004.lean:3918:32: warning: Unused tactic linter: `(try simp only [not_lt, not_le] at h ⊢)` does nothing

Note: This linter can be disabled with `set_option linter.unusedTactic false`
SunPrize\Certificate\Theory004.lean:3936:2: warning: Unused tactic linter: `all_goals clear e0 e1 e2 e3 e4 e5 e6 e7 e8 e9 e10 e11 e12 e13 e14 e15 e16 e17 e18` does nothing

Note: This linter can be disabled with `set_option linter.unusedTactic false`
SunPrize\Certificate\Theory004.lean:3937:2: warning: Unused tactic linter: `all_goals tauto` does nothing

Note: This linter can be disabled with `set_option linter.unusedTactic false`
SunPrize\Certificate\Theory004.lean:3936:12: warning: this tactic is never executed

Note: This linter can be disabled with `set_option linter.unreachableTactic false`
SunPrize\Certificate\Theory004.lean:3937:12: warning: this tactic is never executed

Note: This linter can be disabled with `set_option linter.unreachableTactic false`
SunPrize\Certificate\Theory004.lean:3962:56: warning: This simp argument is unused:
  not_le

Hint: Omit it from the simp argument list.
  [apply] simp only [not_lt] at h ⊢

Note: This linter can be disabled with `set_option linter.unusedSimpArgs false`
SunPrize\Certificate\Theory004.lean:3964:56: warning: This simp argument is unused:
  not_le

Hint: Omit it from the simp argument list.
  [apply] simp only [not_lt] at h ⊢

Note: This linter can be disabled with `set_option linter.unusedSimpArgs false`
SunPrize\Certificate\Theory004.lean:3970:56: warning: This simp argument is unused:
  not_le

Hint: Omit it from the simp argument list.
  [apply] simp only [not_lt] at h ⊢

Note: This linter can be disabled with `set_option linter.unusedSimpArgs false`
SunPrize\Certificate\Theory004.lean:3972:56: warning: This simp argument is unused:
  not_le

Hint: Omit it from the simp argument list.
  [apply] simp only [not_lt] at h ⊢

Note: This linter can be disabled with `set_option linter.unusedSimpArgs false`
SunPrize\Certificate\Theory004.lean:3976:56: warning: This simp argument is unused:
  not_le

Hint: Omit it from the simp argument list.
  [apply] simp only [not_lt] at h ⊢

Note: This linter can be disabled with `set_option linter.unusedSimpArgs false`
SunPrize\Certificate\Theory004.lean:3978:56: warning: This simp argument is unused:
  not_le

Hint: Omit it from the simp argument list.
  [apply] simp only [not_lt] at h ⊢

Note: This linter can be disabled with `set_option linter.unusedSimpArgs false`
SunPrize\Certificate\Theory004.lean:3980:56: warning: This simp argument is unused:
  not_le

Hint: Omit it from the simp argument list.
  [apply] simp only [not_lt] at h ⊢

Note: This linter can be disabled with `set_option linter.unusedSimpArgs false`
SunPrize\Certificate\Theory004.lean:3982:56: warning: This simp argument is unused:
  not_le

Hint: Omit it from the simp argument list.
  [apply] simp only [not_lt] at h ⊢

Note: This linter can be disabled with `set_option linter.unusedSimpArgs false`
SunPrize\Certificate\Theory004.lean:3984:56: warning: This simp argument is unused:
  not_le

Hint: Omit it from the simp argument list.
  [apply] simp only [not_lt] at h ⊢

Note: This linter can be disabled with `set_option linter.unusedSimpArgs false`
SunPrize\Certificate\Theory004.lean:3986:56: warning: This simp argument is unused:
  not_le

Hint: Omit it from the simp argument list.
  [apply] simp only [not_lt] at h ⊢

Note: This linter can be disabled with `set_option linter.unusedSimpArgs false`
SunPrize\Certificate\Theory004.lean:3988:56: warning: This simp argument is unused:
  not_le

Hint: Omit it from the simp argument list.
  [apply] simp only [not_lt] at h ⊢

Note: This linter can be disabled with `set_option linter.unusedSimpArgs false`
SunPrize\Certificate\Theory004.lean:3990:56: warning: This simp argument is unused:
  not_le

Hint: Omit it from the simp argument list.
  [apply] simp only [not_lt] at h ⊢

Note: This linter can be disabled with `set_option linter.unusedSimpArgs false`
SunPrize\Certificate\Theory004.lean:3992:56: warning: This simp argument is unused:
  not_le

Hint: Omit it from the simp argument list.
  [apply] simp only [not_lt] at h ⊢

Note: This linter can be disabled with `set_option linter.unusedSimpArgs false`
SunPrize\Certificate\Theory004.lean:3956:32: warning: Unused tactic linter: `(try simp only [not_lt, not_le] at h ⊢)` does nothing

Note: This linter can be disabled with `set_option linter.unusedTactic false`
SunPrize\Certificate\Theory004.lean:3958:32: warning: Unused tactic linter: `(try simp only [not_lt, not_le] at h ⊢)` does nothing

Note: This linter can be disabled with `set_option linter.unusedTactic false`
SunPrize\Certificate\Theory004.lean:3960:32: warning: Unused tactic linter: `(try simp only [not_lt, not_le] at h ⊢)` does nothing

Note: This linter can be disabled with `set_option linter.unusedTactic false`
SunPrize\Certificate\Theory004.lean:3966:32: warning: Unused tactic linter: `(try simp only [not_lt, not_le] at h ⊢)` does nothing

Note: This linter can be disabled with `set_option linter.unusedTactic false`
SunPrize\Certificate\Theory004.lean:3968:32: warning: Unused tactic linter: `(try simp only [not_lt, not_le] at h ⊢)` does nothing

Note: This linter can be disabled with `set_option linter.unusedTactic false`
SunPrize\Certificate\Theory004.lean:3974:32: warning: Unused tactic linter: `(try simp only [not_lt, not_le] at h ⊢)` does nothing

Note: This linter can be disabled with `set_option linter.unusedTactic false`
SunPrize\Certificate\Theory004.lean:3994:2: warning: Unused tactic linter: `all_goals clear e0 e1 e2 e3 e4 e5 e6 e7 e8 e9 e10 e11 e12 e13 e14 e15 e16 e17 e18` does nothing

Note: This linter can be disabled with `set_option linter.unusedTactic false`
SunPrize\Certificate\Theory004.lean:3995:2: warning: Unused tactic linter: `all_goals tauto` does nothing

Note: This linter can be disabled with `set_option linter.unusedTactic false`
SunPrize\Certificate\Theory004.lean:3994:12: warning: this tactic is never executed

Note: This linter can be disabled with `set_option linter.unreachableTactic false`
SunPrize\Certificate\Theory004.lean:3995:12: warning: this tactic is never executed

Note: This linter can be disabled with `set_option linter.unreachableTactic false`
SunPrize\Certificate\Theory004.lean:4002:56: warning: This simp argument is unused:
  not_le

Hint: Omit it from the simp argument list.
  [apply] simp only [not_lt] at h ⊢

Note: This linter can be disabled with `set_option linter.unusedSimpArgs false`
SunPrize\Certificate\Theory004.lean:4004:56: warning: This simp argument is unused:
  not_le

Hint: Omit it from the simp argument list.
  [apply] simp only [not_lt] at h ⊢

Note: This linter can be disabled with `set_option linter.unusedSimpArgs false`
SunPrize\Certificate\Theory004.lean:4006:56: warning: This simp argument is unused:
  not_le

Hint: Omit it from the simp argument list.
  [apply] simp only [not_lt] at h ⊢

Note: This linter can be disabled with `set_option linter.unusedSimpArgs false`
SunPrize\Certificate\Theory004.lean:4008:56: warning: This simp argument is unused:
  not_le

Hint: Omit it from the simp argument list.
  [apply] simp only [not_lt] at h ⊢

Note: This linter can be disabled with `set_option linter.unusedSimpArgs false`
SunPrize\Certificate\Theory004.lean:4010:56: warning: This simp argument is unused:
  not_le

Hint: Omit it from the simp argument list.
  [apply] simp only [not_lt] at h ⊢

Note: This linter can be disabled with `set_option linter.unusedSimpArgs false`
SunPrize\Certificate\Theory004.lean:4016:56: warning: This simp argument is unused:
  not_le

Hint: Omit it from the simp argument list.
  [apply] simp only [not_lt] at h ⊢

Note: This linter can be disabled with `set_option linter.unusedSimpArgs false`
SunPrize\Certificate\Theory004.lean:4018:56: warning: This simp argument is unused:
  not_le

Hint: Omit it from the simp argument list.
  [apply] simp only [not_lt] at h ⊢

Note: This linter can be disabled with `set_option linter.unusedSimpArgs false`
SunPrize\Certificate\Theory004.lean:4022:56: warning: This simp argument is unused:
  not_le

Hint: Omit it from the simp argument list.
  [apply] simp only [not_lt] at h ⊢

Note: This linter can be disabled with `set_option linter.unusedSimpArgs false`
SunPrize\Certificate\Theory004.lean:4024:56: warning: This simp argument is unused:
  not_le

Hint: Omit it from the simp argument list.
  [apply] simp only [not_lt] at h ⊢

Note: This linter can be disabled with `set_option linter.unusedSimpArgs false`
SunPrize\Certificate\Theory004.lean:4026:56: warning: This simp argument is unused:
  not_le

Hint: Omit it from the simp argument list.
  [apply] simp only [not_lt] at h ⊢

Note: This linter can be disabled with `set_option linter.unusedSimpArgs false`
SunPrize\Certificate\Theory004.lean:4028:56: warning: This simp argument is unused:
  not_le

Hint: Omit it from the simp argument list.
  [apply] simp only [not_lt] at h ⊢

Note: This linter can be disabled with `set_option linter.unusedSimpArgs false`
SunPrize\Certificate\Theory004.lean:4034:56: warning: This simp argument is unused:
  not_le

Hint: Omit it from the simp argument list.
  [apply] simp only [not_lt] at h ⊢

Note: This linter can be disabled with `set_option linter.unusedSimpArgs false`
SunPrize\Certificate\Theory004.lean:4036:56: warning: This simp argument is unused:
  not_le

Hint: Omit it from the simp argument list.
  [apply] simp only [not_lt] at h ⊢

Note: This linter can be disabled with `set_option linter.unusedSimpArgs false`
SunPrize\Certificate\Theory004.lean:4000:32: warning: Unused tactic linter: `(try simp only [not_lt, not_le] at h ⊢)` does nothing

Note: This linter can be disabled with `set_option linter.unusedTactic false`
SunPrize\Certificate\Theory004.lean:4012:32: warning: Unused tactic linter: `(try simp only [not_lt, not_le] at h ⊢)` does nothing

Note: This linter can be disabled with `set_option linter.unusedTactic false`
SunPrize\Certificate\Theory004.lean:4014:32: warning: Unused tactic linter: `(try simp only [not_lt, not_le] at h ⊢)` does nothing

Note: This linter can be disabled with `set_option linter.unusedTactic false`
SunPrize\Certificate\Theory004.lean:4020:32: warning: Unused tactic linter: `(try simp only [not_lt, not_le] at h ⊢)` does nothing

Note: This linter can be disabled with `set_option linter.unusedTactic false`
SunPrize\Certificate\Theory004.lean:4030:32: warning: Unused tactic linter: `(try simp only [not_lt, not_le] at h ⊢)` does nothing

Note: This linter can be disabled with `set_option linter.unusedTactic false`
SunPrize\Certificate\Theory004.lean:4032:32: warning: Unused tactic linter: `(try simp only [not_lt, not_le] at h ⊢)` does nothing

Note: This linter can be disabled with `set_option linter.unusedTactic false`
SunPrize\Certificate\Theory004.lean:4038:2: warning: Unused tactic linter: `all_goals clear e0 e1 e2 e3 e4 e5 e6 e7 e8 e9 e10 e11 e12 e13 e14 e15 e16 e17 e18` does nothing

Note: This linter can be disabled with `set_option linter.unusedTactic false`
SunPrize\Certificate\Theory004.lean:4039:2: warning: Unused tactic linter: `all_goals tauto` does nothing

Note: This linter can be disabled with `set_option linter.unusedTactic false`
SunPrize\Certificate\Theory004.lean:4038:12: warning: this tactic is never executed

Note: This linter can be disabled with `set_option linter.unreachableTactic false`
SunPrize\Certificate\Theory004.lean:4039:12: warning: this tactic is never executed

Note: This linter can be disabled with `set_option linter.unreachableTactic false`
SunPrize\Certificate\Theory004.lean:4051:56: warning: This simp argument is unused:
  not_le

Hint: Omit it from the simp argument list.
  [apply] simp only [not_lt] at h ⊢

Note: This linter can be disabled with `set_option linter.unusedSimpArgs false`
SunPrize\Certificate\Theory004.lean:4053:56: warning: This simp argument is unused:
  not_le

Hint: Omit it from the simp argument list.
  [apply] simp only [not_lt] at h ⊢

Note: This linter can be disabled with `set_option linter.unusedSimpArgs false`
SunPrize\Certificate\Theory004.lean:4055:56: warning: This simp argument is unused:
  not_le

Hint: Omit it from the simp argument list.
  [apply] simp only [not_lt] at h ⊢

Note: This linter can be disabled with `set_option linter.unusedSimpArgs false`
SunPrize\Certificate\Theory004.lean:4057:56: warning: This simp argument is unused:
  not_le

Hint: Omit it from the simp argument list.
  [apply] simp only [not_lt] at h ⊢

Note: This linter can be disabled with `set_option linter.unusedSimpArgs false`
SunPrize\Certificate\Theory004.lean:4059:56: warning: This simp argument is unused:
  not_le

Hint: Omit it from the simp argument list.
  [apply] simp only [not_lt] at h ⊢

Note: This linter can be disabled with `set_option linter.unusedSimpArgs false`
SunPrize\Certificate\Theory004.lean:4061:56: warning: This simp argument is unused:
  not_le

Hint: Omit it from the simp argument list.
  [apply] simp only [not_lt] at h ⊢

Note: This linter can be disabled with `set_option linter.unusedSimpArgs false`
SunPrize\Certificate\Theory004.lean:4067:56: warning: This simp argument is unused:
  not_le

Hint: Omit it from the simp argument list.
  [apply] simp only [not_lt] at h ⊢

Note: This linter can be disabled with `set_option linter.unusedSimpArgs false`
SunPrize\Certificate\Theory004.lean:4069:56: warning: This simp argument is unused:
  not_le

Hint: Omit it from the simp argument list.
  [apply] simp only [not_lt] at h ⊢

Note: This linter can be disabled with `set_option linter.unusedSimpArgs false`
SunPrize\Certificate\Theory004.lean:4073:56: warning: This simp argument is unused:
  not_le

Hint: Omit it from the simp argument list.
  [apply] simp only [not_lt] at h ⊢

Note: This linter can be disabled with `set_option linter.unusedSimpArgs false`
SunPrize\Certificate\Theory004.lean:4075:56: warning: This simp argument is unused:
  not_le

Hint: Omit it from the simp argument list.
  [apply] simp only [not_lt] at h ⊢

Note: This linter can be disabled with `set_option linter.unusedSimpArgs false`
SunPrize\Certificate\Theory004.lean:4077:56: warning: This simp argument is unused:
  not_le

Hint: Omit it from the simp argument list.
  [apply] simp only [not_lt] at h ⊢

Note: This linter can be disabled with `set_option linter.unusedSimpArgs false`
SunPrize\Certificate\Theory004.lean:4079:56: warning: This simp argument is unused:
  not_le

Hint: Omit it from the simp argument list.
  [apply] simp only [not_lt] at h ⊢

Note: This linter can be disabled with `set_option linter.unusedSimpArgs false`
SunPrize\Certificate\Theory004.lean:4087:56: warning: This simp argument is unused:
  not_le

Hint: Omit it from the simp argument list.
  [apply] simp only [not_lt] at h ⊢

Note: This linter can be disabled with `set_option linter.unusedSimpArgs false`
SunPrize\Certificate\Theory004.lean:4063:32: warning: Unused tactic linter: `(try simp only [not_lt, not_le] at h ⊢)` does nothing

Note: This linter can be disabled with `set_option linter.unusedTactic false`
SunPrize\Certificate\Theory004.lean:4065:32: warning: Unused tactic linter: `(try simp only [not_lt, not_le] at h ⊢)` does nothing

Note: This linter can be disabled with `set_option linter.unusedTactic false`
SunPrize\Certificate\Theory004.lean:4071:32: warning: Unused tactic linter: `(try simp only [not_lt, not_le] at h ⊢)` does nothing

Note: This linter can be disabled with `set_option linter.unusedTactic false`
SunPrize\Certificate\Theory004.lean:4081:32: warning: Unused tactic linter: `(try simp only [not_lt, not_le] at h ⊢)` does nothing

Note: This linter can be disabled with `set_option linter.unusedTactic false`
SunPrize\Certificate\Theory004.lean:4083:32: warning: Unused tactic linter: `(try simp only [not_lt, not_le] at h ⊢)` does nothing

Note: This linter can be disabled with `set_option linter.unusedTactic false`
SunPrize\Certificate\Theory004.lean:4085:32: warning: Unused tactic linter: `(try simp only [not_lt, not_le] at h ⊢)` does nothing

Note: This linter can be disabled with `set_option linter.unusedTactic false`
SunPrize\Certificate\Theory004.lean:4089:2: warning: Unused tactic linter: `all_goals clear e0 e1 e2 e3 e4 e5 e6 e7 e8 e9 e10 e11 e12 e13 e14 e15 e16 e17 e18` does nothing

Note: This linter can be disabled with `set_option linter.unusedTactic false`
SunPrize\Certificate\Theory004.lean:4090:2: warning: Unused tactic linter: `all_goals tauto` does nothing

Note: This linter can be disabled with `set_option linter.unusedTactic false`
SunPrize\Certificate\Theory004.lean:4089:12: warning: this tactic is never executed

Note: This linter can be disabled with `set_option linter.unreachableTactic false`
SunPrize\Certificate\Theory004.lean:4090:12: warning: this tactic is never executed

Note: This linter can be disabled with `set_option linter.unreachableTactic false`
SunPrize\Certificate\Theory004.lean:4095:56: warning: This simp argument is unused:
  not_le

Hint: Omit it from the simp argument list.
  [apply] simp only [not_lt] at h ⊢

Note: This linter can be disabled with `set_option linter.unusedSimpArgs false`
SunPrize\Certificate\Theory004.lean:4097:56: warning: This simp argument is unused:
  not_le

Hint: Omit it from the simp argument list.
  [apply] simp only [not_lt] at h ⊢

Note: This linter can be disabled with `set_option linter.unusedSimpArgs false`
SunPrize\Certificate\Theory004.lean:4099:56: warning: This simp argument is unused:
  not_le

Hint: Omit it from the simp argument list.
  [apply] simp only [not_lt] at h ⊢

Note: This linter can be disabled with `set_option linter.unusedSimpArgs false`
SunPrize\Certificate\Theory004.lean:4101:56: warning: This simp argument is unused:
  not_le

Hint: Omit it from the simp argument list.
  [apply] simp only [not_lt] at h ⊢

Note: This linter can be disabled with `set_option linter.unusedSimpArgs false`
SunPrize\Certificate\Theory004.lean:4103:56: warning: This simp argument is unused:
  not_le

Hint: Omit it from the simp argument list.
  [apply] simp only [not_lt] at h ⊢

Note: This linter can be disabled with `set_option linter.unusedSimpArgs false`
SunPrize\Certificate\Theory004.lean:4109:56: warning: This simp argument is unused:
  not_le

Hint: Omit it from the simp argument list.
  [apply] simp only [not_lt] at h ⊢

Note: This linter can be disabled with `set_option linter.unusedSimpArgs false`
SunPrize\Certificate\Theory004.lean:4111:56: warning: This simp argument is unused:
  not_le

Hint: Omit it from the simp argument list.
  [apply] simp only [not_lt] at h ⊢

Note: This linter can be disabled with `set_option linter.unusedSimpArgs false`
SunPrize\Certificate\Theory004.lean:4115:56: warning: This simp argument is unused:
  not_le

Hint: Omit it from the simp argument list.
  [apply] simp only [not_lt] at h ⊢

Note: This linter can be disabled with `set_option linter.unusedSimpArgs false`
SunPrize\Certificate\Theory004.lean:4117:56: warning: This simp argument is unused:
  not_le

Hint: Omit it from the simp argument list.
  [apply] simp only [not_lt] at h ⊢

Note: This linter can be disabled with `set_option linter.unusedSimpArgs false`
SunPrize\Certificate\Theory004.lean:4119:56: warning: This simp argument is unused:
  not_le

Hint: Omit it from the simp argument list.
  [apply] simp only [not_lt] at h ⊢

Note: This linter can be disabled with `set_option linter.unusedSimpArgs false`
SunPrize\Certificate\Theory004.lean:4121:56: warning: This simp argument is unused:
  not_le

Hint: Omit it from the simp argument list.
  [apply] simp only [not_lt] at h ⊢

Note: This linter can be disabled with `set_option linter.unusedSimpArgs false`
SunPrize\Certificate\Theory004.lean:4129:56: warning: This simp argument is unused:
  not_le

Hint: Omit it from the simp argument list.
  [apply] simp only [not_lt] at h ⊢

Note: This linter can be disabled with `set_option linter.unusedSimpArgs false`
SunPrize\Certificate\Theory004.lean:4131:56: warning: This simp argument is unused:
  not_le

Hint: Omit it from the simp argument list.
  [apply] simp only [not_lt] at h ⊢

Note: This linter can be disabled with `set_option linter.unusedSimpArgs false`
SunPrize\Certificate\Theory004.lean:4105:32: warning: Unused tactic linter: `(try simp only [not_lt, not_le] at h ⊢)` does nothing

Note: This linter can be disabled with `set_option linter.unusedTactic false`
SunPrize\Certificate\Theory004.lean:4107:32: warning: Unused tactic linter: `(try simp only [not_lt, not_le] at h ⊢)` does nothing

Note: This linter can be disabled with `set_option linter.unusedTactic false`
SunPrize\Certificate\Theory004.lean:4113:32: warning: Unused tactic linter: `(try simp only [not_lt, not_le] at h ⊢)` does nothing

Note: This linter can be disabled with `set_option linter.unusedTactic false`
SunPrize\Certificate\Theory004.lean:4123:32: warning: Unused tactic linter: `(try simp only [not_lt, not_le] at h ⊢)` does nothing

Note: This linter can be disabled with `set_option linter.unusedTactic false`
SunPrize\Certificate\Theory004.lean:4125:32: warning: Unused tactic linter: `(try simp only [not_lt, not_le] at h ⊢)` does nothing

Note: This linter can be disabled with `set_option linter.unusedTactic false`
SunPrize\Certificate\Theory004.lean:4127:32: warning: Unused tactic linter: `(try simp only [not_lt, not_le] at h ⊢)` does nothing

Note: This linter can be disabled with `set_option linter.unusedTactic false`
SunPrize\Certificate\Theory004.lean:4133:2: warning: Unused tactic linter: `all_goals clear e0 e1 e2 e3 e4 e5 e6 e7 e8 e9 e10 e11 e12 e13 e14 e15 e16 e17 e18` does nothing

Note: This linter can be disabled with `set_option linter.unusedTactic false`
SunPrize\Certificate\Theory004.lean:4134:2: warning: Unused tactic linter: `all_goals tauto` does nothing

Note: This linter can be disabled with `set_option linter.unusedTactic false`
SunPrize\Certificate\Theory004.lean:4133:12: warning: this tactic is never executed

Note: This linter can be disabled with `set_option linter.unreachableTactic false`
SunPrize\Certificate\Theory004.lean:4134:12: warning: this tactic is never executed

Note: This linter can be disabled with `set_option linter.unreachableTactic false`
SunPrize\Certificate\Theory004.lean:4159:56: warning: This simp argument is unused:
  not_le

Hint: Omit it from the simp argument list.
  [apply] simp only [not_lt] at h ⊢

Note: This linter can be disabled with `set_option linter.unusedSimpArgs false`
SunPrize\Certificate\Theory004.lean:4161:56: warning: This simp argument is unused:
  not_le

Hint: Omit it from the simp argument list.
  [apply] simp only [not_lt] at h ⊢

Note: This linter can be disabled with `set_option linter.unusedSimpArgs false`
SunPrize\Certificate\Theory004.lean:4167:56: warning: This simp argument is unused:
  not_le

Hint: Omit it from the simp argument list.
  [apply] simp only [not_lt] at h ⊢

Note: This linter can be disabled with `set_option linter.unusedSimpArgs false`
SunPrize\Certificate\Theory004.lean:4169:56: warning: This simp argument is unused:
  not_le

Hint: Omit it from the simp argument list.
  [apply] simp only [not_lt] at h ⊢

Note: This linter can be disabled with `set_option linter.unusedSimpArgs false`
SunPrize\Certificate\Theory004.lean:4173:56: warning: This simp argument is unused:
  not_le

Hint: Omit it from the simp argument list.
  [apply] simp only [not_lt] at h ⊢

Note: This linter can be disabled with `set_option linter.unusedSimpArgs false`
SunPrize\Certificate\Theory004.lean:4175:56: warning: This simp argument is unused:
  not_le

Hint: Omit it from the simp argument list.
  [apply] simp only [not_lt] at h ⊢

Note: This linter can be disabled with `set_option linter.unusedSimpArgs false`
SunPrize\Certificate\Theory004.lean:4177:56: warning: This simp argument is unused:
  not_le

Hint: Omit it from the simp argument list.
  [apply] simp only [not_lt] at h ⊢

Note: This linter can be disabled with `set_option linter.unusedSimpArgs false`
SunPrize\Certificate\Theory004.lean:4179:56: warning: This simp argument is unused:
  not_le

Hint: Omit it from the simp argument list.
  [apply] simp only [not_lt] at h ⊢

Note: This linter can be disabled with `set_option linter.unusedSimpArgs false`
SunPrize\Certificate\Theory004.lean:4181:56: warning: This simp argument is unused:
  not_le

Hint: Omit it from the simp argument list.
  [apply] simp only [not_lt] at h ⊢

Note: This linter can be disabled with `set_option linter.unusedSimpArgs false`
SunPrize\Certificate\Theory004.lean:4183:56: warning: This simp argument is unused:
  not_le

Hint: Omit it from the simp argument list.
  [apply] simp only [not_lt] at h ⊢

Note: This linter can be disabled with `set_option linter.unusedSimpArgs false`
SunPrize\Certificate\Theory004.lean:4185:56: warning: This simp argument is unused:
  not_le

Hint: Omit it from the simp argument list.
  [apply] simp only [not_lt] at h ⊢

Note: This linter can be disabled with `set_option linter.unusedSimpArgs false`
SunPrize\Certificate\Theory004.lean:4187:56: warning: This simp argument is unused:
  not_le

Hint: Omit it from the simp argument list.
  [apply] simp only [not_lt] at h ⊢

Note: This linter can be disabled with `set_option linter.unusedSimpArgs false`
SunPrize\Certificate\Theory004.lean:4189:56: warning: This simp argument is unused:
  not_le

Hint: Omit it from the simp argument list.
  [apply] simp only [not_lt] at h ⊢

Note: This linter can be disabled with `set_option linter.unusedSimpArgs false`
SunPrize\Certificate\Theory004.lean:4153:32: warning: Unused tactic linter: `(try simp only [not_lt, not_le] at h ⊢)` does nothing

Note: This linter can be disabled with `set_option linter.unusedTactic false`
SunPrize\Certificate\Theory004.lean:4155:32: warning: Unused tactic linter: `(try simp only [not_lt, not_le] at h ⊢)` does nothing

Note: This linter can be disabled with `set_option linter.unusedTactic false`
SunPrize\Certificate\Theory004.lean:4157:32: warning: Unused tactic linter: `(try simp only [not_lt, not_le] at h ⊢)` does nothing

Note: This linter can be disabled with `set_option linter.unusedTactic false`
SunPrize\Certificate\Theory004.lean:4163:32: warning: Unused tactic linter: `(try simp only [not_lt, not_le] at h ⊢)` does nothing

Note: This linter can be disabled with `set_option linter.unusedTactic false`
SunPrize\Certificate\Theory004.lean:4165:32: warning: Unused tactic linter: `(try simp only [not_lt, not_le] at h ⊢)` does nothing

Note: This linter can be disabled with `set_option linter.unusedTactic false`
SunPrize\Certificate\Theory004.lean:4171:32: warning: Unused tactic linter: `(try simp only [not_lt, not_le] at h ⊢)` does nothing

Note: This linter can be disabled with `set_option linter.unusedTactic false`
SunPrize\Certificate\Theory004.lean:4191:2: warning: Unused tactic linter: `all_goals clear e0 e1 e2 e3 e4 e5 e6 e7 e8 e9 e10 e11 e12 e13 e14 e15 e16 e17 e18` does nothing

Note: This linter can be disabled with `set_option linter.unusedTactic false`
SunPrize\Certificate\Theory004.lean:4192:2: warning: Unused tactic linter: `all_goals tauto` does nothing

Note: This linter can be disabled with `set_option linter.unusedTactic false`
SunPrize\Certificate\Theory004.lean:4191:12: warning: this tactic is never executed

Note: This linter can be disabled with `set_option linter.unreachableTactic false`
SunPrize\Certificate\Theory004.lean:4192:12: warning: this tactic is never executed

Note: This linter can be disabled with `set_option linter.unreachableTactic false`
SunPrize\Certificate\Theory004.lean:4203:56: warning: This simp argument is unused:
  not_le

Hint: Omit it from the simp argument list.
  [apply] simp only [not_lt] at h ⊢

Note: This linter can be disabled with `set_option linter.unusedSimpArgs false`
SunPrize\Certificate\Theory004.lean:4205:56: warning: This simp argument is unused:
  not_le

Hint: Omit it from the simp argument list.
  [apply] simp only [not_lt] at h ⊢

Note: This linter can be disabled with `set_option linter.unusedSimpArgs false`
SunPrize\Certificate\Theory004.lean:4211:56: warning: This simp argument is unused:
  not_le

Hint: Omit it from the simp argument list.
  [apply] simp only [not_lt] at h ⊢

Note: This linter can be disabled with `set_option linter.unusedSimpArgs false`
SunPrize\Certificate\Theory004.lean:4213:56: warning: This simp argument is unused:
  not_le

Hint: Omit it from the simp argument list.
  [apply] simp only [not_lt] at h ⊢

Note: This linter can be disabled with `set_option linter.unusedSimpArgs false`
SunPrize\Certificate\Theory004.lean:4217:56: warning: This simp argument is unused:
  not_le

Hint: Omit it from the simp argument list.
  [apply] simp only [not_lt] at h ⊢

Note: This linter can be disabled with `set_option linter.unusedSimpArgs false`
SunPrize\Certificate\Theory004.lean:4219:56: warning: This simp argument is unused:
  not_le

Hint: Omit it from the simp argument list.
  [apply] simp only [not_lt] at h ⊢

Note: This linter can be disabled with `set_option linter.unusedSimpArgs false`
SunPrize\Certificate\Theory004.lean:4221:56: warning: This simp argument is unused:
  not_le

Hint: Omit it from the simp argument list.
  [apply] simp only [not_lt] at h ⊢

Note: This linter can be disabled with `set_option linter.unusedSimpArgs false`
SunPrize\Certificate\Theory004.lean:4223:56: warning: This simp argument is unused:
  not_le

Hint: Omit it from the simp argument list.
  [apply] simp only [not_lt] at h ⊢

Note: This linter can be disabled with `set_option linter.unusedSimpArgs false`
SunPrize\Certificate\Theory004.lean:4225:56: warning: This simp argument is unused:
  not_le

Hint: Omit it from the simp argument list.
  [apply] simp only [not_lt] at h ⊢

Note: This linter can be disabled with `set_option linter.unusedSimpArgs false`
SunPrize\Certificate\Theory004.lean:4227:56: warning: This simp argument is unused:
  not_le

Hint: Omit it from the simp argument list.
  [apply] simp only [not_lt] at h ⊢

Note: This linter can be disabled with `set_option linter.unusedSimpArgs false`
SunPrize\Certificate\Theory004.lean:4229:56: warning: This simp argument is unused:
  not_le

Hint: Omit it from the simp argument list.
  [apply] simp only [not_lt] at h ⊢

Note: This linter can be disabled with `set_option linter.unusedSimpArgs false`
SunPrize\Certificate\Theory004.lean:4231:56: warning: This simp argument is unused:
  not_le

Hint: Omit it from the simp argument list.
  [apply] simp only [not_lt] at h ⊢

Note: This linter can be disabled with `set_option linter.unusedSimpArgs false`
SunPrize\Certificate\Theory004.lean:4233:56: warning: This simp argument is unused:
  not_le

Hint: Omit it from the simp argument list.
  [apply] simp only [not_lt] at h ⊢

Note: This linter can be disabled with `set_option linter.unusedSimpArgs false`
SunPrize\Certificate\Theory004.lean:4197:32: warning: Unused tactic linter: `(try simp only [not_lt, not_le] at h ⊢)` does nothing

Note: This linter can be disabled with `set_option linter.unusedTactic false`
SunPrize\Certificate\Theory004.lean:4199:32: warning: Unused tactic linter: `(try simp only [not_lt, not_le] at h ⊢)` does nothing

Note: This linter can be disabled with `set_option linter.unusedTactic false`
SunPrize\Certificate\Theory004.lean:4201:32: warning: Unused tactic linter: `(try simp only [not_lt, not_le] at h ⊢)` does nothing

Note: This linter can be disabled with `set_option linter.unusedTactic false`
SunPrize\Certificate\Theory004.lean:4207:32: warning: Unused tactic linter: `(try simp only [not_lt, not_le] at h ⊢)` does nothing

Note: This linter can be disabled with `set_option linter.unusedTactic false`
SunPrize\Certificate\Theory004.lean:4209:32: warning: Unused tactic linter: `(try simp only [not_lt, not_le] at h ⊢)` does nothing

Note: This linter can be disabled with `set_option linter.unusedTactic false`
SunPrize\Certificate\Theory004.lean:4215:32: warning: Unused tactic linter: `(try simp only [not_lt, not_le] at h ⊢)` does nothing

Note: This linter can be disabled with `set_option linter.unusedTactic false`
SunPrize\Certificate\Theory004.lean:4235:2: warning: Unused tactic linter: `all_goals clear e0 e1 e2 e3 e4 e5 e6 e7 e8 e9 e10 e11 e12 e13 e14 e15 e16 e17 e18` does nothing

Note: This linter can be disabled with `set_option linter.unusedTactic false`
SunPrize\Certificate\Theory004.lean:4236:2: warning: Unused tactic linter: `all_goals tauto` does nothing

Note: This linter can be disabled with `set_option linter.unusedTactic false`
SunPrize\Certificate\Theory004.lean:4235:12: warning: this tactic is never executed

Note: This linter can be disabled with `set_option linter.unreachableTactic false`
SunPrize\Certificate\Theory004.lean:4236:12: warning: this tactic is never executed

Note: This linter can be disabled with `set_option linter.unreachableTactic false`
SunPrize\Certificate\Theory004.lean:4241:56: warning: This simp argument is unused:
  not_le

Hint: Omit it from the simp argument list.
  [apply] simp only [not_lt] at h ⊢

Note: This linter can be disabled with `set_option linter.unusedSimpArgs false`
SunPrize\Certificate\Theory004.lean:4249:56: warning: This simp argument is unused:
  not_le

Hint: Omit it from the simp argument list.
  [apply] simp only [not_lt] at h ⊢

Note: This linter can be disabled with `set_option linter.unusedSimpArgs false`
SunPrize\Certificate\Theory004.lean:4251:56: warning: This simp argument is unused:
  not_le

Hint: Omit it from the simp argument list.
  [apply] simp only [not_lt] at h ⊢

Note: This linter can be disabled with `set_option linter.unusedSimpArgs false`
SunPrize\Certificate\Theory004.lean:4257:56: warning: This simp argument is unused:
  not_le

Hint: Omit it from the simp argument list.
  [apply] simp only [not_lt] at h ⊢

Note: This linter can be disabled with `set_option linter.unusedSimpArgs false`
SunPrize\Certificate\Theory004.lean:4259:56: warning: This simp argument is unused:
  not_le

Hint: Omit it from the simp argument list.
  [apply] simp only [not_lt] at h ⊢

Note: This linter can be disabled with `set_option linter.unusedSimpArgs false`
SunPrize\Certificate\Theory004.lean:4263:56: warning: This simp argument is unused:
  not_le

Hint: Omit it from the simp argument list.
  [apply] simp only [not_lt] at h ⊢

Note: This linter can be disabled with `set_option linter.unusedSimpArgs false`
SunPrize\Certificate\Theory004.lean:4265:56: warning: This simp argument is unused:
  not_le

Hint: Omit it from the simp argument list.
  [apply] simp only [not_lt] at h ⊢

Note: This linter can be disabled with `set_option linter.unusedSimpArgs false`
SunPrize\Certificate\Theory004.lean:4267:56: warning: This simp argument is unused:
  not_le

Hint: Omit it from the simp argument list.
  [apply] simp only [not_lt] at h ⊢

Note: This linter can be disabled with `set_option linter.unusedSimpArgs false`
SunPrize\Certificate\Theory004.lean:4269:56: warning: This simp argument is unused:
  not_le

Hint: Omit it from the simp argument list.
  [apply] simp only [not_lt] at h ⊢

Note: This linter can be disabled with `set_option linter.unusedSimpArgs false`
SunPrize\Certificate\Theory004.lean:4271:56: warning: This simp argument is unused:
  not_le

Hint: Omit it from the simp argument list.
  [apply] simp only [not_lt] at h ⊢

Note: This linter can be disabled with `set_option linter.unusedSimpArgs false`
SunPrize\Certificate\Theory004.lean:4273:56: warning: This simp argument is unused:
  not_le

Hint: Omit it from the simp argument list.
  [apply] simp only [not_lt] at h ⊢

Note: This linter can be disabled with `set_option linter.unusedSimpArgs false`
SunPrize\Certificate\Theory004.lean:4275:56: warning: This simp argument is unused:
  not_le

Hint: Omit it from the simp argument list.
  [apply] simp only [not_lt] at h ⊢

Note: This linter can be disabled with `set_option linter.unusedSimpArgs false`
SunPrize\Certificate\Theory004.lean:4277:56: warning: This simp argument is unused:
  not_le

Hint: Omit it from the simp argument list.
  [apply] simp only [not_lt] at h ⊢

Note: This linter can be disabled with `set_option linter.unusedSimpArgs false`
SunPrize\Certificate\Theory004.lean:4243:32: warning: Unused tactic linter: `(try simp only [not_lt, not_le] at h ⊢)` does nothing

Note: This linter can be disabled with `set_option linter.unusedTactic false`
SunPrize\Certificate\Theory004.lean:4245:32: warning: Unused tactic linter: `(try simp only [not_lt, not_le] at h ⊢)` does nothing

Note: This linter can be disabled with `set_option linter.unusedTactic false`
SunPrize\Certificate\Theory004.lean:4247:32: warning: Unused tactic linter: `(try simp only [not_lt, not_le] at h ⊢)` does nothing

Note: This linter can be disabled with `set_option linter.unusedTactic false`
SunPrize\Certificate\Theory004.lean:4253:32: warning: Unused tactic linter: `(try simp only [not_lt, not_le] at h ⊢)` does nothing

Note: This linter can be disabled with `set_option linter.unusedTactic false`
SunPrize\Certificate\Theory004.lean:4255:32: warning: Unused tactic linter: `(try simp only [not_lt, not_le] at h ⊢)` does nothing

Note: This linter can be disabled with `set_option linter.unusedTactic false`
SunPrize\Certificate\Theory004.lean:4261:32: warning: Unused tactic linter: `(try simp only [not_lt, not_le] at h ⊢)` does nothing

Note: This linter can be disabled with `set_option linter.unusedTactic false`
SunPrize\Certificate\Theory004.lean:4279:2: warning: Unused tactic linter: `all_goals clear e0 e1 e2 e3 e4 e5 e6 e7 e8 e9 e10 e11 e12 e13 e14 e15 e16 e17 e18` does nothing

Note: This linter can be disabled with `set_option linter.unusedTactic false`
SunPrize\Certificate\Theory004.lean:4280:2: warning: Unused tactic linter: `all_goals tauto` does nothing

Note: This linter can be disabled with `set_option linter.unusedTactic false`
SunPrize\Certificate\Theory004.lean:4279:12: warning: this tactic is never executed

Note: This linter can be disabled with `set_option linter.unreachableTactic false`
SunPrize\Certificate\Theory004.lean:4280:12: warning: this tactic is never executed

Note: This linter can be disabled with `set_option linter.unreachableTactic false`
SunPrize\Certificate\Theory004.lean:4285:56: warning: This simp argument is unused:
  not_le

Hint: Omit it from the simp argument list.
  [apply] simp only [not_lt] at h ⊢

Note: This linter can be disabled with `set_option linter.unusedSimpArgs false`
SunPrize\Certificate\Theory004.lean:4287:56: warning: This simp argument is unused:
  not_le

Hint: Omit it from the simp argument list.
  [apply] simp only [not_lt] at h ⊢

Note: This linter can be disabled with `set_option linter.unusedSimpArgs false`
SunPrize\Certificate\Theory004.lean:4289:56: warning: This simp argument is unused:
  not_le

Hint: Omit it from the simp argument list.
  [apply] simp only [not_lt] at h ⊢

Note: This linter can be disabled with `set_option linter.unusedSimpArgs false`
SunPrize\Certificate\Theory004.lean:4291:56: warning: This simp argument is unused:
  not_le

Hint: Omit it from the simp argument list.
  [apply] simp only [not_lt] at h ⊢

Note: This linter can be disabled with `set_option linter.unusedSimpArgs false`
SunPrize\Certificate\Theory004.lean:4293:56: warning: This simp argument is unused:
  not_le

Hint: Omit it from the simp argument list.
  [apply] simp only [not_lt] at h ⊢

Note: This linter can be disabled with `set_option linter.unusedSimpArgs false`
SunPrize\Certificate\Theory004.lean:4295:56: warning: This simp argument is unused:
  not_le

Hint: Omit it from the simp argument list.
  [apply] simp only [not_lt] at h ⊢

Note: This linter can be disabled with `set_option linter.unusedSimpArgs false`
SunPrize\Certificate\Theory004.lean:4301:56: warning: This simp argument is unused:
  not_le

Hint: Omit it from the simp argument list.
  [apply] simp only [not_lt] at h ⊢

Note: This linter can be disabled with `set_option linter.unusedSimpArgs false`
SunPrize\Certificate\Theory004.lean:4303:56: warning: This simp argument is unused:
  not_le

Hint: Omit it from the simp argument list.
  [apply] simp only [not_lt] at h ⊢

Note: This linter can be disabled with `set_option linter.unusedSimpArgs false`
SunPrize\Certificate\Theory004.lean:4307:56: warning: This simp argument is unused:
  not_le

Hint: Omit it from the simp argument list.
  [apply] simp only [not_lt] at h ⊢

Note: This linter can be disabled with `set_option linter.unusedSimpArgs false`
SunPrize\Certificate\Theory004.lean:4309:56: warning: This simp argument is unused:
  not_le

Hint: Omit it from the simp argument list.
  [apply] simp only [not_lt] at h ⊢

Note: This linter can be disabled with `set_option linter.unusedSimpArgs false`
SunPrize\Certificate\Theory004.lean:4311:56: warning: This simp argument is unused:
  not_le

Hint: Omit it from the simp argument list.
  [apply] simp only [not_lt] at h ⊢

Note: This linter can be disabled with `set_option linter.unusedSimpArgs false`
SunPrize\Certificate\Theory004.lean:4313:56: warning: This simp argument is unused:
  not_le

Hint: Omit it from the simp argument list.
  [apply] simp only [not_lt] at h ⊢

Note: This linter can be disabled with `set_option linter.unusedSimpArgs false`
SunPrize\Certificate\Theory004.lean:4321:56: warning: This simp argument is unused:
  not_le

Hint: Omit it from the simp argument list.
  [apply] simp only [not_lt] at h ⊢

Note: This linter can be disabled with `set_option linter.unusedSimpArgs false`
SunPrize\Certificate\Theory004.lean:4297:32: warning: Unused tactic linter: `(try simp only [not_lt, not_le] at h ⊢)` does nothing

Note: This linter can be disabled with `set_option linter.unusedTactic false`
SunPrize\Certificate\Theory004.lean:4299:32: warning: Unused tactic linter: `(try simp only [not_lt, not_le] at h ⊢)` does nothing

Note: This linter can be disabled with `set_option linter.unusedTactic false`
SunPrize\Certificate\Theory004.lean:4305:32: warning: Unused tactic linter: `(try simp only [not_lt, not_le] at h ⊢)` does nothing

Note: This linter can be disabled with `set_option linter.unusedTactic false`
SunPrize\Certificate\Theory004.lean:4315:32: warning: Unused tactic linter: `(try simp only [not_lt, not_le] at h ⊢)` does nothing

Note: This linter can be disabled with `set_option linter.unusedTactic false`
SunPrize\Certificate\Theory004.lean:4317:32: warning: Unused tactic linter: `(try simp only [not_lt, not_le] at h ⊢)` does nothing

Note: This linter can be disabled with `set_option linter.unusedTactic false`
SunPrize\Certificate\Theory004.lean:4319:32: warning: Unused tactic linter: `(try simp only [not_lt, not_le] at h ⊢)` does nothing

Note: This linter can be disabled with `set_option linter.unusedTactic false`
SunPrize\Certificate\Theory004.lean:4323:2: warning: Unused tactic linter: `all_goals clear e0 e1 e2 e3 e4 e5 e6 e7 e8 e9 e10 e11 e12 e13 e14 e15 e16 e17 e18` does nothing

Note: This linter can be disabled with `set_option linter.unusedTactic false`
SunPrize\Certificate\Theory004.lean:4324:2: warning: Unused tactic linter: `all_goals tauto` does nothing

Note: This linter can be disabled with `set_option linter.unusedTactic false`
SunPrize\Certificate\Theory004.lean:4323:12: warning: this tactic is never executed

Note: This linter can be disabled with `set_option linter.unreachableTactic false`
SunPrize\Certificate\Theory004.lean:4324:12: warning: this tactic is never executed

Note: This linter can be disabled with `set_option linter.unreachableTactic false`
SunPrize\Certificate\Theory004.lean:4329:56: warning: This simp argument is unused:
  not_le

Hint: Omit it from the simp argument list.
  [apply] simp only [not_lt] at h ⊢

Note: This linter can be disabled with `set_option linter.unusedSimpArgs false`
SunPrize\Certificate\Theory004.lean:4331:56: warning: This simp argument is unused:
  not_le

Hint: Omit it from the simp argument list.
  [apply] simp only [not_lt] at h ⊢

Note: This linter can be disabled with `set_option linter.unusedSimpArgs false`
SunPrize\Certificate\Theory004.lean:4333:56: warning: This simp argument is unused:
  not_le

Hint: Omit it from the simp argument list.
  [apply] simp only [not_lt] at h ⊢

Note: This linter can be disabled with `set_option linter.unusedSimpArgs false`
SunPrize\Certificate\Theory004.lean:4337:56: warning: This simp argument is unused:
  not_le

Hint: Omit it from the simp argument list.
  [apply] simp only [not_lt] at h ⊢

Note: This linter can be disabled with `set_option linter.unusedSimpArgs false`
SunPrize\Certificate\Theory004.lean:4339:56: warning: This simp argument is unused:
  not_le

Hint: Omit it from the simp argument list.
  [apply] simp only [not_lt] at h ⊢

Note: This linter can be disabled with `set_option linter.unusedSimpArgs false`
SunPrize\Certificate\Theory004.lean:4345:56: warning: This simp argument is unused:
  not_le

Hint: Omit it from the simp argument list.
  [apply] simp only [not_lt] at h ⊢

Note: This linter can be disabled with `set_option linter.unusedSimpArgs false`
SunPrize\Certificate\Theory004.lean:4347:56: warning: This simp argument is unused:
  not_le

Hint: Omit it from the simp argument list.
  [apply] simp only [not_lt] at h ⊢

Note: This linter can be disabled with `set_option linter.unusedSimpArgs false`
SunPrize\Certificate\Theory004.lean:4351:56: warning: This simp argument is unused:
  not_le

Hint: Omit it from the simp argument list.
  [apply] simp only [not_lt] at h ⊢

Note: This linter can be disabled with `set_option linter.unusedSimpArgs false`
SunPrize\Certificate\Theory004.lean:4353:56: warning: This simp argument is unused:
  not_le

Hint: Omit it from the simp argument list.
  [apply] simp only [not_lt] at h ⊢

Note: This linter can be disabled with `set_option linter.unusedSimpArgs false`
SunPrize\Certificate\Theory004.lean:4355:56: warning: This simp argument is unused:
  not_le

Hint: Omit it from the simp argument list.
  [apply] simp only [not_lt] at h ⊢

Note: This linter can be disabled with `set_option linter.unusedSimpArgs false`
SunPrize\Certificate\Theory004.lean:4357:56: warning: This simp argument is unused:
  not_le

Hint: Omit it from the simp argument list.
  [apply] simp only [not_lt] at h ⊢

Note: This linter can be disabled with `set_option linter.unusedSimpArgs false`
SunPrize\Certificate\Theory004.lean:4363:56: warning: This simp argument is unused:
  not_le

Hint: Omit it from the simp argument list.
  [apply] simp only [not_lt] at h ⊢

Note: This linter can be disabled with `set_option linter.unusedSimpArgs false`
SunPrize\Certificate\Theory004.lean:4365:56: warning: This simp argument is unused:
  not_le

Hint: Omit it from the simp argument list.
  [apply] simp only [not_lt] at h ⊢

Note: This linter can be disabled with `set_option linter.unusedSimpArgs false`
SunPrize\Certificate\Theory004.lean:4335:32: warning: Unused tactic linter: `(try simp only [not_lt, not_le] at h ⊢)` does nothing

Note: This linter can be disabled with `set_option linter.unusedTactic false`
SunPrize\Certificate\Theory004.lean:4341:32: warning: Unused tactic linter: `(try simp only [not_lt, not_le] at h ⊢)` does nothing

Note: This linter can be disabled with `set_option linter.unusedTactic false`
SunPrize\Certificate\Theory004.lean:4343:32: warning: Unused tactic linter: `(try simp only [not_lt, not_le] at h ⊢)` does nothing

Note: This linter can be disabled with `set_option linter.unusedTactic false`
SunPrize\Certificate\Theory004.lean:4349:32: warning: Unused tactic linter: `(try simp only [not_lt, not_le] at h ⊢)` does nothing

Note: This linter can be disabled with `set_option linter.unusedTactic false`
SunPrize\Certificate\Theory004.lean:4359:32: warning: Unused tactic linter: `(try simp only [not_lt, not_le] at h ⊢)` does nothing

Note: This linter can be disabled with `set_option linter.unusedTactic false`
SunPrize\Certificate\Theory004.lean:4361:32: warning: Unused tactic linter: `(try simp only [not_lt, not_le] at h ⊢)` does nothing

Note: This linter can be disabled with `set_option linter.unusedTactic false`
SunPrize\Certificate\Theory004.lean:4367:2: warning: Unused tactic linter: `all_goals clear e0 e1 e2 e3 e4 e5 e6 e7 e8 e9 e10 e11 e12 e13 e14 e15 e16 e17 e18` does nothing

Note: This linter can be disabled with `set_option linter.unusedTactic false`
SunPrize\Certificate\Theory004.lean:4368:2: warning: Unused tactic linter: `all_goals tauto` does nothing

Note: This linter can be disabled with `set_option linter.unusedTactic false`
SunPrize\Certificate\Theory004.lean:4367:12: warning: this tactic is never executed

Note: This linter can be disabled with `set_option linter.unreachableTactic false`
SunPrize\Certificate\Theory004.lean:4368:12: warning: this tactic is never executed

Note: This linter can be disabled with `set_option linter.unreachableTactic false`
SunPrize\Certificate\Theory004.lean:4379:56: warning: This simp argument is unused:
  not_le

Hint: Omit it from the simp argument list.
  [apply] simp only [not_lt] at h ⊢

Note: This linter can be disabled with `set_option linter.unusedSimpArgs false`
SunPrize\Certificate\Theory004.lean:4381:56: warning: This simp argument is unused:
  not_le

Hint: Omit it from the simp argument list.
  [apply] simp only [not_lt] at h ⊢

Note: This linter can be disabled with `set_option linter.unusedSimpArgs false`
SunPrize\Certificate\Theory004.lean:4387:56: warning: This simp argument is unused:
  not_le

Hint: Omit it from the simp argument list.
  [apply] simp only [not_lt] at h ⊢

Note: This linter can be disabled with `set_option linter.unusedSimpArgs false`
SunPrize\Certificate\Theory004.lean:4389:56: warning: This simp argument is unused:
  not_le

Hint: Omit it from the simp argument list.
  [apply] simp only [not_lt] at h ⊢

Note: This linter can be disabled with `set_option linter.unusedSimpArgs false`
SunPrize\Certificate\Theory004.lean:4393:56: warning: This simp argument is unused:
  not_le

Hint: Omit it from the simp argument list.
  [apply] simp only [not_lt] at h ⊢

Note: This linter can be disabled with `set_option linter.unusedSimpArgs false`
SunPrize\Certificate\Theory004.lean:4395:56: warning: This simp argument is unused:
  not_le

Hint: Omit it from the simp argument list.
  [apply] simp only [not_lt] at h ⊢

Note: This linter can be disabled with `set_option linter.unusedSimpArgs false`
SunPrize\Certificate\Theory004.lean:4397:56: warning: This simp argument is unused:
  not_le

Hint: Omit it from the simp argument list.
  [apply] simp only [not_lt] at h ⊢

Note: This linter can be disabled with `set_option linter.unusedSimpArgs false`
SunPrize\Certificate\Theory004.lean:4399:56: warning: This simp argument is unused:
  not_le

Hint: Omit it from the simp argument list.
  [apply] simp only [not_lt] at h ⊢

Note: This linter can be disabled with `set_option linter.unusedSimpArgs false`
SunPrize\Certificate\Theory004.lean:4401:56: warning: This simp argument is unused:
  not_le

Hint: Omit it from the simp argument list.
  [apply] simp only [not_lt] at h ⊢

Note: This linter can be disabled with `set_option linter.unusedSimpArgs false`
SunPrize\Certificate\Theory004.lean:4403:56: warning: This simp argument is unused:
  not_le

Hint: Omit it from the simp argument list.
  [apply] simp only [not_lt] at h ⊢

Note: This linter can be disabled with `set_option linter.unusedSimpArgs false`
SunPrize\Certificate\Theory004.lean:4405:56: warning: This simp argument is unused:
  not_le

Hint: Omit it from the simp argument list.
  [apply] simp only [not_lt] at h ⊢

Note: This linter can be disabled with `set_option linter.unusedSimpArgs false`
SunPrize\Certificate\Theory004.lean:4407:56: warning: This simp argument is unused:
  not_le

Hint: Omit it from the simp argument list.
  [apply] simp only [not_lt] at h ⊢

Note: This linter can be disabled with `set_option linter.unusedSimpArgs false`
SunPrize\Certificate\Theory004.lean:4409:56: warning: This simp argument is unused:
  not_le

Hint: Omit it from the simp argument list.
  [apply] simp only [not_lt] at h ⊢

Note: This linter can be disabled with `set_option linter.unusedSimpArgs false`
SunPrize\Certificate\Theory004.lean:4373:32: warning: Unused tactic linter: `(try simp only [not_lt, not_le] at h ⊢)` does nothing

Note: This linter can be disabled with `set_option linter.unusedTactic false`
SunPrize\Certificate\Theory004.lean:4375:32: warning: Unused tactic linter: `(try simp only [not_lt, not_le] at h ⊢)` does nothing

Note: This linter can be disabled with `set_option linter.unusedTactic false`
SunPrize\Certificate\Theory004.lean:4377:32: warning: Unused tactic linter: `(try simp only [not_lt, not_le] at h ⊢)` does nothing

Note: This linter can be disabled with `set_option linter.unusedTactic false`
SunPrize\Certificate\Theory004.lean:4383:32: warning: Unused tactic linter: `(try simp only [not_lt, not_le] at h ⊢)` does nothing

Note: This linter can be disabled with `set_option linter.unusedTactic false`
SunPrize\Certificate\Theory004.lean:4385:32: warning: Unused tactic linter: `(try simp only [not_lt, not_le] at h ⊢)` does nothing

Note: This linter can be disabled with `set_option linter.unusedTactic false`
SunPrize\Certificate\Theory004.lean:4391:32: warning: Unused tactic linter: `(try simp only [not_lt, not_le] at h ⊢)` does nothing

Note: This linter can be disabled with `set_option linter.unusedTactic false`
SunPrize\Certificate\Theory004.lean:4411:2: warning: Unused tactic linter: `all_goals clear e0 e1 e2 e3 e4 e5 e6 e7 e8 e9 e10 e11 e12 e13 e14 e15 e16 e17 e18` does nothing

Note: This linter can be disabled with `set_option linter.unusedTactic false`
SunPrize\Certificate\Theory004.lean:4412:2: warning: Unused tactic linter: `all_goals tauto` does nothing

Note: This linter can be disabled with `set_option linter.unusedTactic false`
SunPrize\Certificate\Theory004.lean:4411:12: warning: this tactic is never executed

Note: This linter can be disabled with `set_option linter.unreachableTactic false`
SunPrize\Certificate\Theory004.lean:4412:12: warning: this tactic is never executed

Note: This linter can be disabled with `set_option linter.unreachableTactic false`
SunPrize\Certificate\Theory004.lean:4419:56: warning: This simp argument is unused:
  not_le

Hint: Omit it from the simp argument list.
  [apply] simp only [not_lt] at h ⊢

Note: This linter can be disabled with `set_option linter.unusedSimpArgs false`
SunPrize\Certificate\Theory004.lean:4423:56: warning: This simp argument is unused:
  not_le

Hint: Omit it from the simp argument list.
  [apply] simp only [not_lt] at h ⊢

Note: This linter can be disabled with `set_option linter.unusedSimpArgs false`
SunPrize\Certificate\Theory004.lean:4431:56: warning: This simp argument is unused:
  not_le

Hint: Omit it from the simp argument list.
  [apply] simp only [not_lt] at h ⊢

Note: This linter can be disabled with `set_option linter.unusedSimpArgs false`
SunPrize\Certificate\Theory004.lean:4433:56: warning: This simp argument is unused:
  not_le

Hint: Omit it from the simp argument list.
  [apply] simp only [not_lt] at h ⊢

Note: This linter can be disabled with `set_option linter.unusedSimpArgs false`
SunPrize\Certificate\Theory004.lean:4437:56: warning: This simp argument is unused:
  not_le

Hint: Omit it from the simp argument list.
  [apply] simp only [not_lt] at h ⊢

Note: This linter can be disabled with `set_option linter.unusedSimpArgs false`
SunPrize\Certificate\Theory004.lean:4439:56: warning: This simp argument is unused:
  not_le

Hint: Omit it from the simp argument list.
  [apply] simp only [not_lt] at h ⊢

Note: This linter can be disabled with `set_option linter.unusedSimpArgs false`
SunPrize\Certificate\Theory004.lean:4441:56: warning: This simp argument is unused:
  not_le

Hint: Omit it from the simp argument list.
  [apply] simp only [not_lt] at h ⊢

Note: This linter can be disabled with `set_option linter.unusedSimpArgs false`
SunPrize\Certificate\Theory004.lean:4443:56: warning: This simp argument is unused:
  not_le

Hint: Omit it from the simp argument list.
  [apply] simp only [not_lt] at h ⊢

Note: This linter can be disabled with `set_option linter.unusedSimpArgs false`
SunPrize\Certificate\Theory004.lean:4445:56: warning: This simp argument is unused:
  not_le

Hint: Omit it from the simp argument list.
  [apply] simp only [not_lt] at h ⊢

Note: This linter can be disabled with `set_option linter.unusedSimpArgs false`
SunPrize\Certificate\Theory004.lean:4447:56: warning: This simp argument is unused:
  not_le

Hint: Omit it from the simp argument list.
  [apply] simp only [not_lt] at h ⊢

Note: This linter can be disabled with `set_option linter.unusedSimpArgs false`
SunPrize\Certificate\Theory004.lean:4449:56: warning: This simp argument is unused:
  not_le

Hint: Omit it from the simp argument list.
  [apply] simp only [not_lt] at h ⊢

Note: This linter can be disabled with `set_option linter.unusedSimpArgs false`
SunPrize\Certificate\Theory004.lean:4451:56: warning: This simp argument is unused:
  not_le

Hint: Omit it from the simp argument list.
  [apply] simp only [not_lt] at h ⊢

Note: This linter can be disabled with `set_option linter.unusedSimpArgs false`
SunPrize\Certificate\Theory004.lean:4453:56: warning: This simp argument is unused:
  not_le

Hint: Omit it from the simp argument list.
  [apply] simp only [not_lt] at h ⊢

Note: This linter can be disabled with `set_option linter.unusedSimpArgs false`
SunPrize\Certificate\Theory004.lean:4417:32: warning: Unused tactic linter: `(try simp only [not_lt, not_le] at h ⊢)` does nothing

Note: This linter can be disabled with `set_option linter.unusedTactic false`
SunPrize\Certificate\Theory004.lean:4421:32: warning: Unused tactic linter: `(try simp only [not_lt, not_le] at h ⊢)` does nothing

Note: This linter can be disabled with `set_option linter.unusedTactic false`
SunPrize\Certificate\Theory004.lean:4425:32: warning: Unused tactic linter: `(try simp only [not_lt, not_le] at h ⊢)` does nothing

Note: This linter can be disabled with `set_option linter.unusedTactic false`
SunPrize\Certificate\Theory004.lean:4427:32: warning: Unused tactic linter: `(try simp only [not_lt, not_le] at h ⊢)` does nothing

Note: This linter can be disabled with `set_option linter.unusedTactic false`
SunPrize\Certificate\Theory004.lean:4429:32: warning: Unused tactic linter: `(try simp only [not_lt, not_le] at h ⊢)` does nothing

Note: This linter can be disabled with `set_option linter.unusedTactic false`
SunPrize\Certificate\Theory004.lean:4435:32: warning: Unused tactic linter: `(try simp only [not_lt, not_le] at h ⊢)` does nothing

Note: This linter can be disabled with `set_option linter.unusedTactic false`
SunPrize\Certificate\Theory004.lean:4455:2: warning: Unused tactic linter: `all_goals clear e0 e1 e2 e3 e4 e5 e6 e7 e8 e9 e10 e11 e12 e13 e14 e15 e16 e17 e18` does nothing

Note: This linter can be disabled with `set_option linter.unusedTactic false`
SunPrize\Certificate\Theory004.lean:4456:2: warning: Unused tactic linter: `all_goals tauto` does nothing

Note: This linter can be disabled with `set_option linter.unusedTactic false`
SunPrize\Certificate\Theory004.lean:4455:12: warning: this tactic is never executed

Note: This linter can be disabled with `set_option linter.unreachableTactic false`
SunPrize\Certificate\Theory004.lean:4456:12: warning: this tactic is never executed

Note: This linter can be disabled with `set_option linter.unreachableTactic false`
SunPrize\Certificate\Theory004.lean:4470:56: warning: This simp argument is unused:
  not_le

Hint: Omit it from the simp argument list.
  [apply] simp only [not_lt] at h ⊢

Note: This linter can be disabled with `set_option linter.unusedSimpArgs false`
SunPrize\Certificate\Theory004.lean:4476:56: warning: This simp argument is unused:
  not_le

Hint: Omit it from the simp argument list.
  [apply] simp only [not_lt] at h ⊢

Note: This linter can be disabled with `set_option linter.unusedSimpArgs false`
SunPrize\Certificate\Theory004.lean:4482:56: warning: This simp argument is unused:
  not_le

Hint: Omit it from the simp argument list.
  [apply] simp only [not_lt] at h ⊢

Note: This linter can be disabled with `set_option linter.unusedSimpArgs false`
SunPrize\Certificate\Theory004.lean:4484:56: warning: This simp argument is unused:
  not_le

Hint: Omit it from the simp argument list.
  [apply] simp only [not_lt] at h ⊢

Note: This linter can be disabled with `set_option linter.unusedSimpArgs false`
SunPrize\Certificate\Theory004.lean:4488:56: warning: This simp argument is unused:
  not_le

Hint: Omit it from the simp argument list.
  [apply] simp only [not_lt] at h ⊢

Note: This linter can be disabled with `set_option linter.unusedSimpArgs false`
SunPrize\Certificate\Theory004.lean:4490:56: warning: This simp argument is unused:
  not_le

Hint: Omit it from the simp argument list.
  [apply] simp only [not_lt] at h ⊢

Note: This linter can be disabled with `set_option linter.unusedSimpArgs false`
SunPrize\Certificate\Theory004.lean:4492:56: warning: This simp argument is unused:
  not_le

Hint: Omit it from the simp argument list.
  [apply] simp only [not_lt] at h ⊢

Note: This linter can be disabled with `set_option linter.unusedSimpArgs false`
SunPrize\Certificate\Theory004.lean:4494:56: warning: This simp argument is unused:
  not_le

Hint: Omit it from the simp argument list.
  [apply] simp only [not_lt] at h ⊢

Note: This linter can be disabled with `set_option linter.unusedSimpArgs false`
SunPrize\Certificate\Theory004.lean:4496:56: warning: This simp argument is unused:
  not_le

Hint: Omit it from the simp argument list.
  [apply] simp only [not_lt] at h ⊢

Note: This linter can be disabled with `set_option linter.unusedSimpArgs false`
SunPrize\Certificate\Theory004.lean:4498:56: warning: This simp argument is unused:
  not_le

Hint: Omit it from the simp argument list.
  [apply] simp only [not_lt] at h ⊢

Note: This linter can be disabled with `set_option linter.unusedSimpArgs false`
SunPrize\Certificate\Theory004.lean:4500:56: warning: This simp argument is unused:
  not_le

Hint: Omit it from the simp argument list.
  [apply] simp only [not_lt] at h ⊢

Note: This linter can be disabled with `set_option linter.unusedSimpArgs false`
SunPrize\Certificate\Theory004.lean:4502:56: warning: This simp argument is unused:
  not_le

Hint: Omit it from the simp argument list.
  [apply] simp only [not_lt] at h ⊢

Note: This linter can be disabled with `set_option linter.unusedSimpArgs false`
SunPrize\Certificate\Theory004.lean:4504:56: warning: This simp argument is unused:
  not_le

Hint: Omit it from the simp argument list.
  [apply] simp only [not_lt] at h ⊢

Note: This linter can be disabled with `set_option linter.unusedSimpArgs false`
SunPrize\Certificate\Theory004.lean:4468:32: warning: Unused tactic linter: `(try simp only [not_lt, not_le] at h ⊢)` does nothing

Note: This linter can be disabled with `set_option linter.unusedTactic false`
SunPrize\Certificate\Theory004.lean:4472:32: warning: Unused tactic linter: `(try simp only [not_lt, not_le] at h ⊢)` does nothing

Note: This linter can be disabled with `set_option linter.unusedTactic false`
SunPrize\Certificate\Theory004.lean:4474:32: warning: Unused tactic linter: `(try simp only [not_lt, not_le] at h ⊢)` does nothing

Note: This linter can be disabled with `set_option linter.unusedTactic false`
SunPrize\Certificate\Theory004.lean:4478:32: warning: Unused tactic linter: `(try simp only [not_lt, not_le] at h ⊢)` does nothing

Note: This linter can be disabled with `set_option linter.unusedTactic false`
SunPrize\Certificate\Theory004.lean:4480:32: warning: Unused tactic linter: `(try simp only [not_lt, not_le] at h ⊢)` does nothing

Note: This linter can be disabled with `set_option linter.unusedTactic false`
SunPrize\Certificate\Theory004.lean:4486:32: warning: Unused tactic linter: `(try simp only [not_lt, not_le] at h ⊢)` does nothing

Note: This linter can be disabled with `set_option linter.unusedTactic false`
SunPrize\Certificate\Theory004.lean:4506:2: warning: Unused tactic linter: `all_goals clear e0 e1 e2 e3 e4 e5 e6 e7 e8 e9 e10 e11 e12 e13 e14 e15 e16 e17 e18` does nothing

Note: This linter can be disabled with `set_option linter.unusedTactic false`
SunPrize\Certificate\Theory004.lean:4507:2: warning: Unused tactic linter: `all_goals tauto` does nothing

Note: This linter can be disabled with `set_option linter.unusedTactic false`
SunPrize\Certificate\Theory004.lean:4506:12: warning: this tactic is never executed

Note: This linter can be disabled with `set_option linter.unreachableTactic false`
SunPrize\Certificate\Theory004.lean:4507:12: warning: this tactic is never executed

Note: This linter can be disabled with `set_option linter.unreachableTactic false`
SunPrize\Certificate\Theory004.lean:4519:56: warning: This simp argument is unused:
  not_le

Hint: Omit it from the simp argument list.
  [apply] simp only [not_lt] at h ⊢

Note: This linter can be disabled with `set_option linter.unusedSimpArgs false`
SunPrize\Certificate\Theory004.lean:4521:56: warning: This simp argument is unused:
  not_le

Hint: Omit it from the simp argument list.
  [apply] simp only [not_lt] at h ⊢

Note: This linter can be disabled with `set_option linter.unusedSimpArgs false`
SunPrize\Certificate\Theory004.lean:4523:56: warning: This simp argument is unused:
  not_le

Hint: Omit it from the simp argument list.
  [apply] simp only [not_lt] at h ⊢

Note: This linter can be disabled with `set_option linter.unusedSimpArgs false`
SunPrize\Certificate\Theory004.lean:4525:56: warning: This simp argument is unused:
  not_le

Hint: Omit it from the simp argument list.
  [apply] simp only [not_lt] at h ⊢

Note: This linter can be disabled with `set_option linter.unusedSimpArgs false`
SunPrize\Certificate\Theory004.lean:4527:56: warning: This simp argument is unused:
  not_le

Hint: Omit it from the simp argument list.
  [apply] simp only [not_lt] at h ⊢

Note: This linter can be disabled with `set_option linter.unusedSimpArgs false`
SunPrize\Certificate\Theory004.lean:4533:56: warning: This simp argument is unused:
  not_le

Hint: Omit it from the simp argument list.
  [apply] simp only [not_lt] at h ⊢

Note: This linter can be disabled with `set_option linter.unusedSimpArgs false`
SunPrize\Certificate\Theory004.lean:4535:56: warning: This simp argument is unused:
  not_le

Hint: Omit it from the simp argument list.
  [apply] simp only [not_lt] at h ⊢

Note: This linter can be disabled with `set_option linter.unusedSimpArgs false`
SunPrize\Certificate\Theory004.lean:4539:56: warning: This simp argument is unused:
  not_le

Hint: Omit it from the simp argument list.
  [apply] simp only [not_lt] at h ⊢

Note: This linter can be disabled with `set_option linter.unusedSimpArgs false`
SunPrize\Certificate\Theory004.lean:4541:56: warning: This simp argument is unused:
  not_le

Hint: Omit it from the simp argument list.
  [apply] simp only [not_lt] at h ⊢

Note: This linter can be disabled with `set_option linter.unusedSimpArgs false`
SunPrize\Certificate\Theory004.lean:4543:56: warning: This simp argument is unused:
  not_le

Hint: Omit it from the simp argument list.
  [apply] simp only [not_lt] at h ⊢

Note: This linter can be disabled with `set_option linter.unusedSimpArgs false`
SunPrize\Certificate\Theory004.lean:4545:56: warning: This simp argument is unused:
  not_le

Hint: Omit it from the simp argument list.
  [apply] simp only [not_lt] at h ⊢

Note: This linter can be disabled with `set_option linter.unusedSimpArgs false`
SunPrize\Certificate\Theory004.lean:4553:56: warning: This simp argument is unused:
  not_le

Hint: Omit it from the simp argument list.
  [apply] simp only [not_lt] at h ⊢

Note: This linter can be disabled with `set_option linter.unusedSimpArgs false`
SunPrize\Certificate\Theory004.lean:4555:56: warning: This simp argument is unused:
  not_le

Hint: Omit it from the simp argument list.
  [apply] simp only [not_lt] at h ⊢

Note: This linter can be disabled with `set_option linter.unusedSimpArgs false`
SunPrize\Certificate\Theory004.lean:4529:32: warning: Unused tactic linter: `(try simp only [not_lt, not_le] at h ⊢)` does nothing

Note: This linter can be disabled with `set_option linter.unusedTactic false`
SunPrize\Certificate\Theory004.lean:4531:32: warning: Unused tactic linter: `(try simp only [not_lt, not_le] at h ⊢)` does nothing

Note: This linter can be disabled with `set_option linter.unusedTactic false`
SunPrize\Certificate\Theory004.lean:4537:32: warning: Unused tactic linter: `(try simp only [not_lt, not_le] at h ⊢)` does nothing

Note: This linter can be disabled with `set_option linter.unusedTactic false`
SunPrize\Certificate\Theory004.lean:4547:32: warning: Unused tactic linter: `(try simp only [not_lt, not_le] at h ⊢)` does nothing

Note: This linter can be disabled with `set_option linter.unusedTactic false`
SunPrize\Certificate\Theory004.lean:4549:32: warning: Unused tactic linter: `(try simp only [not_lt, not_le] at h ⊢)` does nothing

Note: This linter can be disabled with `set_option linter.unusedTactic false`
SunPrize\Certificate\Theory004.lean:4551:32: warning: Unused tactic linter: `(try simp only [not_lt, not_le] at h ⊢)` does nothing

Note: This linter can be disabled with `set_option linter.unusedTactic false`
SunPrize\Certificate\Theory004.lean:4557:2: warning: Unused tactic linter: `all_goals clear e0 e1 e2 e3 e4 e5 e6 e7 e8 e9 e10 e11 e12 e13 e14 e15 e16 e17 e18` does nothing

Note: This linter can be disabled with `set_option linter.unusedTactic false`
SunPrize\Certificate\Theory004.lean:4558:2: warning: Unused tactic linter: `all_goals tauto` does nothing

Note: This linter can be disabled with `set_option linter.unusedTactic false`
SunPrize\Certificate\Theory004.lean:4557:12: warning: this tactic is never executed

Note: This linter can be disabled with `set_option linter.unreachableTactic false`
SunPrize\Certificate\Theory004.lean:4558:12: warning: this tactic is never executed

Note: This linter can be disabled with `set_option linter.unreachableTactic false`
SunPrize\Certificate\Theory004.lean:4579:56: warning: This simp argument is unused:
  not_le

Hint: Omit it from the simp argument list.
  [apply] simp only [not_lt] at h ⊢

Note: This linter can be disabled with `set_option linter.unusedSimpArgs false`
SunPrize\Certificate\Theory004.lean:4581:56: warning: This simp argument is unused:
  not_le

Hint: Omit it from the simp argument list.
  [apply] simp only [not_lt] at h ⊢

Note: This linter can be disabled with `set_option linter.unusedSimpArgs false`
SunPrize\Certificate\Theory004.lean:4591:56: warning: This simp argument is unused:
  not_le

Hint: Omit it from the simp argument list.
  [apply] simp only [not_lt] at h ⊢

Note: This linter can be disabled with `set_option linter.unusedSimpArgs false`
SunPrize\Certificate\Theory004.lean:4593:56: warning: This simp argument is unused:
  not_le

Hint: Omit it from the simp argument list.
  [apply] simp only [not_lt] at h ⊢

Note: This linter can be disabled with `set_option linter.unusedSimpArgs false`
SunPrize\Certificate\Theory004.lean:4597:56: warning: This simp argument is unused:
  not_le

Hint: Omit it from the simp argument list.
  [apply] simp only [not_lt] at h ⊢

Note: This linter can be disabled with `set_option linter.unusedSimpArgs false`
SunPrize\Certificate\Theory004.lean:4599:56: warning: This simp argument is unused:
  not_le

Hint: Omit it from the simp argument list.
  [apply] simp only [not_lt] at h ⊢

Note: This linter can be disabled with `set_option linter.unusedSimpArgs false`
SunPrize\Certificate\Theory004.lean:4601:56: warning: This simp argument is unused:
  not_le

Hint: Omit it from the simp argument list.
  [apply] simp only [not_lt] at h ⊢

Note: This linter can be disabled with `set_option linter.unusedSimpArgs false`
SunPrize\Certificate\Theory004.lean:4603:56: warning: This simp argument is unused:
  not_le

Hint: Omit it from the simp argument list.
  [apply] simp only [not_lt] at h ⊢

Note: This linter can be disabled with `set_option linter.unusedSimpArgs false`
SunPrize\Certificate\Theory004.lean:4605:56: warning: This simp argument is unused:
  not_le

Hint: Omit it from the simp argument list.
  [apply] simp only [not_lt] at h ⊢

Note: This linter can be disabled with `set_option linter.unusedSimpArgs false`
SunPrize\Certificate\Theory004.lean:4607:56: warning: This simp argument is unused:
  not_le

Hint: Omit it from the simp argument list.
  [apply] simp only [not_lt] at h ⊢

Note: This linter can be disabled with `set_option linter.unusedSimpArgs false`
SunPrize\Certificate\Theory004.lean:4609:56: warning: This simp argument is unused:
  not_le

Hint: Omit it from the simp argument list.
  [apply] simp only [not_lt] at h ⊢

Note: This linter can be disabled with `set_option linter.unusedSimpArgs false`
SunPrize\Certificate\Theory004.lean:4611:56: warning: This simp argument is unused:
  not_le

Hint: Omit it from the simp argument list.
  [apply] simp only [not_lt] at h ⊢

Note: This linter can be disabled with `set_option linter.unusedSimpArgs false`
SunPrize\Certificate\Theory004.lean:4613:56: warning: This simp argument is unused:
  not_le

Hint: Omit it from the simp argument list.
  [apply] simp only [not_lt] at h ⊢

Note: This linter can be disabled with `set_option linter.unusedSimpArgs false`
SunPrize\Certificate\Theory004.lean:4577:32: warning: Unused tactic linter: `(try simp only [not_lt, not_le] at h ⊢)` does nothing

Note: This linter can be disabled with `set_option linter.unusedTactic false`
SunPrize\Certificate\Theory004.lean:4583:32: warning: Unused tactic linter: `(try simp only [not_lt, not_le] at h ⊢)` does nothing

Note: This linter can be disabled with `set_option linter.unusedTactic false`
SunPrize\Certificate\Theory004.lean:4585:32: warning: Unused tactic linter: `(try simp only [not_lt, not_le] at h ⊢)` does nothing

Note: This linter can be disabled with `set_option linter.unusedTactic false`
SunPrize\Certificate\Theory004.lean:4587:32: warning: Unused tactic linter: `(try simp only [not_lt, not_le] at h ⊢)` does nothing

Note: This linter can be disabled with `set_option linter.unusedTactic false`
SunPrize\Certificate\Theory004.lean:4589:32: warning: Unused tactic linter: `(try simp only [not_lt, not_le] at h ⊢)` does nothing

Note: This linter can be disabled with `set_option linter.unusedTactic false`
SunPrize\Certificate\Theory004.lean:4595:32: warning: Unused tactic linter: `(try simp only [not_lt, not_le] at h ⊢)` does nothing

Note: This linter can be disabled with `set_option linter.unusedTactic false`
SunPrize\Certificate\Theory004.lean:4615:2: warning: Unused tactic linter: `all_goals clear e0 e1 e2 e3 e4 e5 e6 e7 e8 e9 e10 e11 e12 e13 e14 e15 e16 e17 e18` does nothing

Note: This linter can be disabled with `set_option linter.unusedTactic false`
SunPrize\Certificate\Theory004.lean:4616:2: warning: Unused tactic linter: `all_goals tauto` does nothing

Note: This linter can be disabled with `set_option linter.unusedTactic false`
SunPrize\Certificate\Theory004.lean:4615:12: warning: this tactic is never executed

Note: This linter can be disabled with `set_option linter.unreachableTactic false`
SunPrize\Certificate\Theory004.lean:4616:12: warning: this tactic is never executed

Note: This linter can be disabled with `set_option linter.unreachableTactic false`
SunPrize\Certificate\Theory004.lean:4623:56: warning: This simp argument is unused:
  not_le

Hint: Omit it from the simp argument list.
  [apply] simp only [not_lt] at h ⊢

Note: This linter can be disabled with `set_option linter.unusedSimpArgs false`
SunPrize\Certificate\Theory004.lean:4625:56: warning: This simp argument is unused:
  not_le

Hint: Omit it from the simp argument list.
  [apply] simp only [not_lt] at h ⊢

Note: This linter can be disabled with `set_option linter.unusedSimpArgs false`
SunPrize\Certificate\Theory004.lean:4635:56: warning: This simp argument is unused:
  not_le

Hint: Omit it from the simp argument list.
  [apply] simp only [not_lt] at h ⊢

Note: This linter can be disabled with `set_option linter.unusedSimpArgs false`
SunPrize\Certificate\Theory004.lean:4637:56: warning: This simp argument is unused:
  not_le

Hint: Omit it from the simp argument list.
  [apply] simp only [not_lt] at h ⊢

Note: This linter can be disabled with `set_option linter.unusedSimpArgs false`
SunPrize\Certificate\Theory004.lean:4641:56: warning: This simp argument is unused:
  not_le

Hint: Omit it from the simp argument list.
  [apply] simp only [not_lt] at h ⊢

Note: This linter can be disabled with `set_option linter.unusedSimpArgs false`
SunPrize\Certificate\Theory004.lean:4643:56: warning: This simp argument is unused:
  not_le

Hint: Omit it from the simp argument list.
  [apply] simp only [not_lt] at h ⊢

Note: This linter can be disabled with `set_option linter.unusedSimpArgs false`
SunPrize\Certificate\Theory004.lean:4645:56: warning: This simp argument is unused:
  not_le

Hint: Omit it from the simp argument list.
  [apply] simp only [not_lt] at h ⊢

Note: This linter can be disabled with `set_option linter.unusedSimpArgs false`
SunPrize\Certificate\Theory004.lean:4647:56: warning: This simp argument is unused:
  not_le

Hint: Omit it from the simp argument list.
  [apply] simp only [not_lt] at h ⊢

Note: This linter can be disabled with `set_option linter.unusedSimpArgs false`
SunPrize\Certificate\Theory004.lean:4649:56: warning: This simp argument is unused:
  not_le

Hint: Omit it from the simp argument list.
  [apply] simp only [not_lt] at h ⊢

Note: This linter can be disabled with `set_option linter.unusedSimpArgs false`
SunPrize\Certificate\Theory004.lean:4651:56: warning: This simp argument is unused:
  not_le

Hint: Omit it from the simp argument list.
  [apply] simp only [not_lt] at h ⊢

Note: This linter can be disabled with `set_option linter.unusedSimpArgs false`
SunPrize\Certificate\Theory004.lean:4653:56: warning: This simp argument is unused:
  not_le

Hint: Omit it from the simp argument list.
  [apply] simp only [not_lt] at h ⊢

Note: This linter can be disabled with `set_option linter.unusedSimpArgs false`
SunPrize\Certificate\Theory004.lean:4655:56: warning: This simp argument is unused:
  not_le

Hint: Omit it from the simp argument list.
  [apply] simp only [not_lt] at h ⊢

Note: This linter can be disabled with `set_option linter.unusedSimpArgs false`
SunPrize\Certificate\Theory004.lean:4657:56: warning: This simp argument is unused:
  not_le

Hint: Omit it from the simp argument list.
  [apply] simp only [not_lt] at h ⊢

Note: This linter can be disabled with `set_option linter.unusedSimpArgs false`
SunPrize\Certificate\Theory004.lean:4621:32: warning: Unused tactic linter: `(try simp only [not_lt, not_le] at h ⊢)` does nothing

Note: This linter can be disabled with `set_option linter.unusedTactic false`
SunPrize\Certificate\Theory004.lean:4627:32: warning: Unused tactic linter: `(try simp only [not_lt, not_le] at h ⊢)` does nothing

Note: This linter can be disabled with `set_option linter.unusedTactic false`
SunPrize\Certificate\Theory004.lean:4629:32: warning: Unused tactic linter: `(try simp only [not_lt, not_le] at h ⊢)` does nothing

Note: This linter can be disabled with `set_option linter.unusedTactic false`
SunPrize\Certificate\Theory004.lean:4631:32: warning: Unused tactic linter: `(try simp only [not_lt, not_le] at h ⊢)` does nothing

Note: This linter can be disabled with `set_option linter.unusedTactic false`
SunPrize\Certificate\Theory004.lean:4633:32: warning: Unused tactic linter: `(try simp only [not_lt, not_le] at h ⊢)` does nothing

Note: This linter can be disabled with `set_option linter.unusedTactic false`
SunPrize\Certificate\Theory004.lean:4639:32: warning: Unused tactic linter: `(try simp only [not_lt, not_le] at h ⊢)` does nothing

Note: This linter can be disabled with `set_option linter.unusedTactic false`
SunPrize\Certificate\Theory004.lean:4659:2: warning: Unused tactic linter: `all_goals clear e0 e1 e2 e3 e4 e5 e6 e7 e8 e9 e10 e11 e12 e13 e14 e15 e16 e17 e18` does nothing

Note: This linter can be disabled with `set_option linter.unusedTactic false`
SunPrize\Certificate\Theory004.lean:4660:2: warning: Unused tactic linter: `all_goals tauto` does nothing

Note: This linter can be disabled with `set_option linter.unusedTactic false`
SunPrize\Certificate\Theory004.lean:4659:12: warning: this tactic is never executed

Note: This linter can be disabled with `set_option linter.unreachableTactic false`
SunPrize\Certificate\Theory004.lean:4660:12: warning: this tactic is never executed

Note: This linter can be disabled with `set_option linter.unreachableTactic false`
SunPrize\Certificate\Theory004.lean:4665:56: warning: This simp argument is unused:
  not_le

Hint: Omit it from the simp argument list.
  [apply] simp only [not_lt] at h ⊢

Note: This linter can be disabled with `set_option linter.unusedSimpArgs false`
SunPrize\Certificate\Theory004.lean:4667:56: warning: This simp argument is unused:
  not_le

Hint: Omit it from the simp argument list.
  [apply] simp only [not_lt] at h ⊢

Note: This linter can be disabled with `set_option linter.unusedSimpArgs false`
SunPrize\Certificate\Theory004.lean:4669:56: warning: This simp argument is unused:
  not_le

Hint: Omit it from the simp argument list.
  [apply] simp only [not_lt] at h ⊢

Note: This linter can be disabled with `set_option linter.unusedSimpArgs false`
SunPrize\Certificate\Theory004.lean:4671:56: warning: This simp argument is unused:
  not_le

Hint: Omit it from the simp argument list.
  [apply] simp only [not_lt] at h ⊢

Note: This linter can be disabled with `set_option linter.unusedSimpArgs false`
SunPrize\Certificate\Theory004.lean:4673:56: warning: This simp argument is unused:
  not_le

Hint: Omit it from the simp argument list.
  [apply] simp only [not_lt] at h ⊢

Note: This linter can be disabled with `set_option linter.unusedSimpArgs false`
SunPrize\Certificate\Theory004.lean:4679:56: warning: This simp argument is unused:
  not_le

Hint: Omit it from the simp argument list.
  [apply] simp only [not_lt] at h ⊢

Note: This linter can be disabled with `set_option linter.unusedSimpArgs false`
SunPrize\Certificate\Theory004.lean:4681:56: warning: This simp argument is unused:
  not_le

Hint: Omit it from the simp argument list.
  [apply] simp only [not_lt] at h ⊢

Note: This linter can be disabled with `set_option linter.unusedSimpArgs false`
SunPrize\Certificate\Theory004.lean:4685:56: warning: This simp argument is unused:
  not_le

Hint: Omit it from the simp argument list.
  [apply] simp only [not_lt] at h ⊢

Note: This linter can be disabled with `set_option linter.unusedSimpArgs false`
SunPrize\Certificate\Theory004.lean:4687:56: warning: This simp argument is unused:
  not_le

Hint: Omit it from the simp argument list.
  [apply] simp only [not_lt] at h ⊢

Note: This linter can be disabled with `set_option linter.unusedSimpArgs false`
SunPrize\Certificate\Theory004.lean:4689:56: warning: This simp argument is unused:
  not_le

Hint: Omit it from the simp argument list.
  [apply] simp only [not_lt] at h ⊢

Note: This linter can be disabled with `set_option linter.unusedSimpArgs false`
SunPrize\Certificate\Theory004.lean:4691:56: warning: This simp argument is unused:
  not_le

Hint: Omit it from the simp argument list.
  [apply] simp only [not_lt] at h ⊢

Note: This linter can be disabled with `set_option linter.unusedSimpArgs false`
SunPrize\Certificate\Theory004.lean:4699:56: warning: This simp argument is unused:
  not_le

Hint: Omit it from the simp argument list.
  [apply] simp only [not_lt] at h ⊢

Note: This linter can be disabled with `set_option linter.unusedSimpArgs false`
SunPrize\Certificate\Theory004.lean:4701:56: warning: This simp argument is unused:
  not_le

Hint: Omit it from the simp argument list.
  [apply] simp only [not_lt] at h ⊢

Note: This linter can be disabled with `set_option linter.unusedSimpArgs false`
SunPrize\Certificate\Theory004.lean:4675:32: warning: Unused tactic linter: `(try simp only [not_lt, not_le] at h ⊢)` does nothing

Note: This linter can be disabled with `set_option linter.unusedTactic false`
SunPrize\Certificate\Theory004.lean:4677:32: warning: Unused tactic linter: `(try simp only [not_lt, not_le] at h ⊢)` does nothing

Note: This linter can be disabled with `set_option linter.unusedTactic false`
SunPrize\Certificate\Theory004.lean:4683:32: warning: Unused tactic linter: `(try simp only [not_lt, not_le] at h ⊢)` does nothing

Note: This linter can be disabled with `set_option linter.unusedTactic false`
SunPrize\Certificate\Theory004.lean:4693:32: warning: Unused tactic linter: `(try simp only [not_lt, not_le] at h ⊢)` does nothing

Note: This linter can be disabled with `set_option linter.unusedTactic false`
SunPrize\Certificate\Theory004.lean:4695:32: warning: Unused tactic linter: `(try simp only [not_lt, not_le] at h ⊢)` does nothing

Note: This linter can be disabled with `set_option linter.unusedTactic false`
SunPrize\Certificate\Theory004.lean:4697:32: warning: Unused tactic linter: `(try simp only [not_lt, not_le] at h ⊢)` does nothing

Note: This linter can be disabled with `set_option linter.unusedTactic false`
SunPrize\Certificate\Theory004.lean:4703:2: warning: Unused tactic linter: `all_goals clear e0 e1 e2 e3 e4 e5 e6 e7 e8 e9 e10 e11 e12 e13 e14 e15 e16 e17 e18` does nothing

Note: This linter can be disabled with `set_option linter.unusedTactic false`
SunPrize\Certificate\Theory004.lean:4704:2: warning: Unused tactic linter: `all_goals tauto` does nothing

Note: This linter can be disabled with `set_option linter.unusedTactic false`
SunPrize\Certificate\Theory004.lean:4703:12: warning: this tactic is never executed

Note: This linter can be disabled with `set_option linter.unreachableTactic false`
SunPrize\Certificate\Theory004.lean:4704:12: warning: this tactic is never executed

Note: This linter can be disabled with `set_option linter.unreachableTactic false`
SunPrize\Certificate\Theory004.lean:4716:56: warning: This simp argument is unused:
  not_le

Hint: Omit it from the simp argument list.
  [apply] simp only [not_lt] at h ⊢

Note: This linter can be disabled with `set_option linter.unusedSimpArgs false`
SunPrize\Certificate\Theory004.lean:4722:56: warning: This simp argument is unused:
  not_le

Hint: Omit it from the simp argument list.
  [apply] simp only [not_lt] at h ⊢

Note: This linter can be disabled with `set_option linter.unusedSimpArgs false`
SunPrize\Certificate\Theory004.lean:4724:56: warning: This simp argument is unused:
  not_le

Hint: Omit it from the simp argument list.
  [apply] simp only [not_lt] at h ⊢

Note: This linter can be disabled with `set_option linter.unusedSimpArgs false`
SunPrize\Certificate\Theory004.lean:4728:56: warning: This simp argument is unused:
  not_le

Hint: Omit it from the simp argument list.
  [apply] simp only [not_lt] at h ⊢

Note: This linter can be disabled with `set_option linter.unusedSimpArgs false`
SunPrize\Certificate\Theory004.lean:4730:56: warning: This simp argument is unused:
  not_le

Hint: Omit it from the simp argument list.
  [apply] simp only [not_lt] at h ⊢

Note: This linter can be disabled with `set_option linter.unusedSimpArgs false`
SunPrize\Certificate\Theory004.lean:4732:56: warning: This simp argument is unused:
  not_le

Hint: Omit it from the simp argument list.
  [apply] simp only [not_lt] at h ⊢

Note: This linter can be disabled with `set_option linter.unusedSimpArgs false`
SunPrize\Certificate\Theory004.lean:4734:56: warning: This simp argument is unused:
  not_le

Hint: Omit it from the simp argument list.
  [apply] simp only [not_lt] at h ⊢

Note: This linter can be disabled with `set_option linter.unusedSimpArgs false`
SunPrize\Certificate\Theory004.lean:4742:56: warning: This simp argument is unused:
  not_le

Hint: Omit it from the simp argument list.
  [apply] simp only [not_lt] at h ⊢

Note: This linter can be disabled with `set_option linter.unusedSimpArgs false`
SunPrize\Certificate\Theory004.lean:4744:56: warning: This simp argument is unused:
  not_le

Hint: Omit it from the simp argument list.
  [apply] simp only [not_lt] at h ⊢

Note: This linter can be disabled with `set_option linter.unusedSimpArgs false`
SunPrize\Certificate\Theory004.lean:4746:56: warning: This simp argument is unused:
  not_le

Hint: Omit it from the simp argument list.
  [apply] simp only [not_lt] at h ⊢

Note: This linter can be disabled with `set_option linter.unusedSimpArgs false`
SunPrize\Certificate\Theory004.lean:4748:56: warning: This simp argument is unused:
  not_le

Hint: Omit it from the simp argument list.
  [apply] simp only [not_lt] at h ⊢

Note: This linter can be disabled with `set_option linter.unusedSimpArgs false`
SunPrize\Certificate\Theory004.lean:4750:56: warning: This simp argument is unused:
  not_le

Hint: Omit it from the simp argument list.
  [apply] simp only [not_lt] at h ⊢

Note: This linter can be disabled with `set_option linter.unusedSimpArgs false`
SunPrize\Certificate\Theory004.lean:4752:56: warning: This simp argument is unused:
  not_le

Hint: Omit it from the simp argument list.
  [apply] simp only [not_lt] at h ⊢

Note: This linter can be disabled with `set_option linter.unusedSimpArgs false`
SunPrize\Certificate\Theory004.lean:4718:32: warning: Unused tactic linter: `(try simp only [not_lt, not_le] at h ⊢)` does nothing

Note: This linter can be disabled with `set_option linter.unusedTactic false`
SunPrize\Certificate\Theory004.lean:4720:32: warning: Unused tactic linter: `(try simp only [not_lt, not_le] at h ⊢)` does nothing

Note: This linter can be disabled with `set_option linter.unusedTactic false`
SunPrize\Certificate\Theory004.lean:4726:32: warning: Unused tactic linter: `(try simp only [not_lt, not_le] at h ⊢)` does nothing

Note: This linter can be disabled with `set_option linter.unusedTactic false`
SunPrize\Certificate\Theory004.lean:4736:32: warning: Unused tactic linter: `(try simp only [not_lt, not_le] at h ⊢)` does nothing

Note: This linter can be disabled with `set_option linter.unusedTactic false`
SunPrize\Certificate\Theory004.lean:4738:32: warning: Unused tactic linter: `(try simp only [not_lt, not_le] at h ⊢)` does nothing

Note: This linter can be disabled with `set_option linter.unusedTactic false`
SunPrize\Certificate\Theory004.lean:4740:32: warning: Unused tactic linter: `(try simp only [not_lt, not_le] at h ⊢)` does nothing

Note: This linter can be disabled with `set_option linter.unusedTactic false`
SunPrize\Certificate\Theory004.lean:4754:2: warning: Unused tactic linter: `all_goals clear e0 e1 e2 e3 e4 e5 e6 e7 e8 e9 e10 e11 e12 e13 e14 e15 e16 e17 e18` does nothing

Note: This linter can be disabled with `set_option linter.unusedTactic false`
SunPrize\Certificate\Theory004.lean:4755:2: warning: Unused tactic linter: `all_goals tauto` does nothing

Note: This linter can be disabled with `set_option linter.unusedTactic false`
SunPrize\Certificate\Theory004.lean:4754:12: warning: this tactic is never executed

Note: This linter can be disabled with `set_option linter.unreachableTactic false`
SunPrize\Certificate\Theory004.lean:4755:12: warning: this tactic is never executed

Note: This linter can be disabled with `set_option linter.unreachableTactic false`
SunPrize\Certificate\Theory004.lean:4767:56: warning: This simp argument is unused:
  not_le

Hint: Omit it from the simp argument list.
  [apply] simp only [not_lt] at h ⊢

Note: This linter can be disabled with `set_option linter.unusedSimpArgs false`
SunPrize\Certificate\Theory004.lean:4769:56: warning: This simp argument is unused:
  not_le

Hint: Omit it from the simp argument list.
  [apply] simp only [not_lt] at h ⊢

Note: This linter can be disabled with `set_option linter.unusedSimpArgs false`
SunPrize\Certificate\Theory004.lean:4773:56: warning: This simp argument is unused:
  not_le

Hint: Omit it from the simp argument list.
  [apply] simp only [not_lt] at h ⊢

Note: This linter can be disabled with `set_option linter.unusedSimpArgs false`
SunPrize\Certificate\Theory004.lean:4775:56: warning: This simp argument is unused:
  not_le

Hint: Omit it from the simp argument list.
  [apply] simp only [not_lt] at h ⊢

Note: This linter can be disabled with `set_option linter.unusedSimpArgs false`
SunPrize\Certificate\Theory004.lean:4777:56: warning: This simp argument is unused:
  not_le

Hint: Omit it from the simp argument list.
  [apply] simp only [not_lt] at h ⊢

Note: This linter can be disabled with `set_option linter.unusedSimpArgs false`
SunPrize\Certificate\Theory004.lean:4781:56: warning: This simp argument is unused:
  not_le

Hint: Omit it from the simp argument list.
  [apply] simp only [not_lt] at h ⊢

Note: This linter can be disabled with `set_option linter.unusedSimpArgs false`
SunPrize\Certificate\Theory004.lean:4787:56: warning: This simp argument is unused:
  not_le

Hint: Omit it from the simp argument list.
  [apply] simp only [not_lt] at h ⊢

Note: This linter can be disabled with `set_option linter.unusedSimpArgs false`
SunPrize\Certificate\Theory004.lean:4789:56: warning: This simp argument is unused:
  not_le

Hint: Omit it from the simp argument list.
  [apply] simp only [not_lt] at h ⊢

Note: This linter can be disabled with `set_option linter.unusedSimpArgs false`
SunPrize\Certificate\Theory004.lean:4791:56: warning: This simp argument is unused:
  not_le

Hint: Omit it from the simp argument list.
  [apply] simp only [not_lt] at h ⊢

Note: This linter can be disabled with `set_option linter.unusedSimpArgs false`
SunPrize\Certificate\Theory004.lean:4793:56: warning: This simp argument is unused:
  not_le

Hint: Omit it from the simp argument list.
  [apply] simp only [not_lt] at h ⊢

Note: This linter can be disabled with `set_option linter.unusedSimpArgs false`
SunPrize\Certificate\Theory004.lean:4795:56: warning: This simp argument is unused:
  not_le

Hint: Omit it from the simp argument list.
  [apply] simp only [not_lt] at h ⊢

Note: This linter can be disabled with `set_option linter.unusedSimpArgs false`
SunPrize\Certificate\Theory004.lean:4801:56: warning: This simp argument is unused:
  not_le

Hint: Omit it from the simp argument list.
  [apply] simp only [not_lt] at h ⊢

Note: This linter can be disabled with `set_option linter.unusedSimpArgs false`
SunPrize\Certificate\Theory004.lean:4803:56: warning: This simp argument is unused:
  not_le

Hint: Omit it from the simp argument list.
  [apply] simp only [not_lt] at h ⊢

Note: This linter can be disabled with `set_option linter.unusedSimpArgs false`
SunPrize\Certificate\Theory004.lean:4771:32: warning: Unused tactic linter: `(try simp only [not_lt, not_le] at h ⊢)` does nothing

Note: This linter can be disabled with `set_option linter.unusedTactic false`
SunPrize\Certificate\Theory004.lean:4779:32: warning: Unused tactic linter: `(try simp only [not_lt, not_le] at h ⊢)` does nothing

Note: This linter can be disabled with `set_option linter.unusedTactic false`
SunPrize\Certificate\Theory004.lean:4783:32: warning: Unused tactic linter: `(try simp only [not_lt, not_le] at h ⊢)` does nothing

Note: This linter can be disabled with `set_option linter.unusedTactic false`
SunPrize\Certificate\Theory004.lean:4785:32: warning: Unused tactic linter: `(try simp only [not_lt, not_le] at h ⊢)` does nothing

Note: This linter can be disabled with `set_option linter.unusedTactic false`
SunPrize\Certificate\Theory004.lean:4797:32: warning: Unused tactic linter: `(try simp only [not_lt, not_le] at h ⊢)` does nothing

Note: This linter can be disabled with `set_option linter.unusedTactic false`
SunPrize\Certificate\Theory004.lean:4799:32: warning: Unused tactic linter: `(try simp only [not_lt, not_le] at h ⊢)` does nothing

Note: This linter can be disabled with `set_option linter.unusedTactic false`
SunPrize\Certificate\Theory004.lean:4805:2: warning: Unused tactic linter: `all_goals clear e0 e1 e2 e3 e4 e5 e6 e7 e8 e9 e10 e11 e12 e13 e14 e15 e16 e17 e18` does nothing

Note: This linter can be disabled with `set_option linter.unusedTactic false`
SunPrize\Certificate\Theory004.lean:4806:2: warning: Unused tactic linter: `all_goals tauto` does nothing

Note: This linter can be disabled with `set_option linter.unusedTactic false`
SunPrize\Certificate\Theory004.lean:4805:12: warning: this tactic is never executed

Note: This linter can be disabled with `set_option linter.unreachableTactic false`
SunPrize\Certificate\Theory004.lean:4806:12: warning: this tactic is never executed

Note: This linter can be disabled with `set_option linter.unreachableTactic false`
SunPrize\Certificate\Theory004.lean:4818:56: warning: This simp argument is unused:
  not_le

Hint: Omit it from the simp argument list.
  [apply] simp only [not_lt] at h ⊢

Note: This linter can be disabled with `set_option linter.unusedSimpArgs false`
SunPrize\Certificate\Theory004.lean:4820:56: warning: This simp argument is unused:
  not_le

Hint: Omit it from the simp argument list.
  [apply] simp only [not_lt] at h ⊢

Note: This linter can be disabled with `set_option linter.unusedSimpArgs false`
SunPrize\Certificate\Theory004.lean:4824:56: warning: This simp argument is unused:
  not_le

Hint: Omit it from the simp argument list.
  [apply] simp only [not_lt] at h ⊢

Note: This linter can be disabled with `set_option linter.unusedSimpArgs false`
SunPrize\Certificate\Theory004.lean:4826:56: warning: This simp argument is unused:
  not_le

Hint: Omit it from the simp argument list.
  [apply] simp only [not_lt] at h ⊢

Note: This linter can be disabled with `set_option linter.unusedSimpArgs false`
SunPrize\Certificate\Theory004.lean:4828:56: warning: This simp argument is unused:
  not_le

Hint: Omit it from the simp argument list.
  [apply] simp only [not_lt] at h ⊢

Note: This linter can be disabled with `set_option linter.unusedSimpArgs false`
SunPrize\Certificate\Theory004.lean:4832:56: warning: This simp argument is unused:
  not_le

Hint: Omit it from the simp argument list.
  [apply] simp only [not_lt] at h ⊢

Note: This linter can be disabled with `set_option linter.unusedSimpArgs false`
SunPrize\Certificate\Theory004.lean:4838:56: warning: This simp argument is unused:
  not_le

Hint: Omit it from the simp argument list.
  [apply] simp only [not_lt] at h ⊢

Note: This linter can be disabled with `set_option linter.unusedSimpArgs false`
SunPrize\Certificate\Theory004.lean:4840:56: warning: This simp argument is unused:
  not_le

Hint: Omit it from the simp argument list.
  [apply] simp only [not_lt] at h ⊢

Note: This linter can be disabled with `set_option linter.unusedSimpArgs false`
SunPrize\Certificate\Theory004.lean:4842:56: warning: This simp argument is unused:
  not_le

Hint: Omit it from the simp argument list.
  [apply] simp only [not_lt] at h ⊢

Note: This linter can be disabled with `set_option linter.unusedSimpArgs false`
SunPrize\Certificate\Theory004.lean:4844:56: warning: This simp argument is unused:
  not_le

Hint: Omit it from the simp argument list.
  [apply] simp only [not_lt] at h ⊢

Note: This linter can be disabled with `set_option linter.unusedSimpArgs false`
SunPrize\Certificate\Theory004.lean:4846:56: warning: This simp argument is unused:
  not_le

Hint: Omit it from the simp argument list.
  [apply] simp only [not_lt] at h ⊢

Note: This linter can be disabled with `set_option linter.unusedSimpArgs false`
SunPrize\Certificate\Theory004.lean:4852:56: warning: This simp argument is unused:
  not_le

Hint: Omit it from the simp argument list.
  [apply] simp only [not_lt] at h ⊢

Note: This linter can be disabled with `set_option linter.unusedSimpArgs false`
SunPrize\Certificate\Theory004.lean:4854:56: warning: This simp argument is unused:
  not_le

Hint: Omit it from the simp argument list.
  [apply] simp only [not_lt] at h ⊢

Note: This linter can be disabled with `set_option linter.unusedSimpArgs false`
SunPrize\Certificate\Theory004.lean:4822:32: warning: Unused tactic linter: `(try simp only [not_lt, not_le] at h ⊢)` does nothing

Note: This linter can be disabled with `set_option linter.unusedTactic false`
SunPrize\Certificate\Theory004.lean:4830:32: warning: Unused tactic linter: `(try simp only [not_lt, not_le] at h ⊢)` does nothing

Note: This linter can be disabled with `set_option linter.unusedTactic false`
SunPrize\Certificate\Theory004.lean:4834:32: warning: Unused tactic linter: `(try simp only [not_lt, not_le] at h ⊢)` does nothing

Note: This linter can be disabled with `set_option linter.unusedTactic false`
SunPrize\Certificate\Theory004.lean:4836:32: warning: Unused tactic linter: `(try simp only [not_lt, not_le] at h ⊢)` does nothing

Note: This linter can be disabled with `set_option linter.unusedTactic false`
SunPrize\Certificate\Theory004.lean:4848:32: warning: Unused tactic linter: `(try simp only [not_lt, not_le] at h ⊢)` does nothing

Note: This linter can be disabled with `set_option linter.unusedTactic false`
SunPrize\Certificate\Theory004.lean:4850:32: warning: Unused tactic linter: `(try simp only [not_lt, not_le] at h ⊢)` does nothing

Note: This linter can be disabled with `set_option linter.unusedTactic false`
SunPrize\Certificate\Theory004.lean:4856:2: warning: Unused tactic linter: `all_goals clear e0 e1 e2 e3 e4 e5 e6 e7 e8 e9 e10 e11 e12 e13 e14 e15 e16 e17 e18` does nothing

Note: This linter can be disabled with `set_option linter.unusedTactic false`
SunPrize\Certificate\Theory004.lean:4857:2: warning: Unused tactic linter: `all_goals tauto` does nothing

Note: This linter can be disabled with `set_option linter.unusedTactic false`
SunPrize\Certificate\Theory004.lean:4856:12: warning: this tactic is never executed

Note: This linter can be disabled with `set_option linter.unreachableTactic false`
SunPrize\Certificate\Theory004.lean:4857:12: warning: this tactic is never executed

Note: This linter can be disabled with `set_option linter.unreachableTactic false`
SunPrize\Certificate\Theory004.lean:4864:56: warning: This simp argument is unused:
  not_le

Hint: Omit it from the simp argument list.
  [apply] simp only [not_lt] at h ⊢

Note: This linter can be disabled with `set_option linter.unusedSimpArgs false`
SunPrize\Certificate\Theory004.lean:4866:56: warning: This simp argument is unused:
  not_le

Hint: Omit it from the simp argument list.
  [apply] simp only [not_lt] at h ⊢

Note: This linter can be disabled with `set_option linter.unusedSimpArgs false`
SunPrize\Certificate\Theory004.lean:4876:56: warning: This simp argument is unused:
  not_le

Hint: Omit it from the simp argument list.
  [apply] simp only [not_lt] at h ⊢

Note: This linter can be disabled with `set_option linter.unusedSimpArgs false`
SunPrize\Certificate\Theory004.lean:4878:56: warning: This simp argument is unused:
  not_le

Hint: Omit it from the simp argument list.
  [apply] simp only [not_lt] at h ⊢

Note: This linter can be disabled with `set_option linter.unusedSimpArgs false`
SunPrize\Certificate\Theory004.lean:4882:56: warning: This simp argument is unused:
  not_le

Hint: Omit it from the simp argument list.
  [apply] simp only [not_lt] at h ⊢

Note: This linter can be disabled with `set_option linter.unusedSimpArgs false`
SunPrize\Certificate\Theory004.lean:4884:56: warning: This simp argument is unused:
  not_le

Hint: Omit it from the simp argument list.
  [apply] simp only [not_lt] at h ⊢

Note: This linter can be disabled with `set_option linter.unusedSimpArgs false`
SunPrize\Certificate\Theory004.lean:4886:56: warning: This simp argument is unused:
  not_le

Hint: Omit it from the simp argument list.
  [apply] simp only [not_lt] at h ⊢

Note: This linter can be disabled with `set_option linter.unusedSimpArgs false`
SunPrize\Certificate\Theory004.lean:4888:56: warning: This simp argument is unused:
  not_le

Hint: Omit it from the simp argument list.
  [apply] simp only [not_lt] at h ⊢

Note: This linter can be disabled with `set_option linter.unusedSimpArgs false`
SunPrize\Certificate\Theory004.lean:4890:56: warning: This simp argument is unused:
  not_le

Hint: Omit it from the simp argument list.
  [apply] simp only [not_lt] at h ⊢

Note: This linter can be disabled with `set_option linter.unusedSimpArgs false`
SunPrize\Certificate\Theory004.lean:4892:56: warning: This simp argument is unused:
  not_le

Hint: Omit it from the simp argument list.
  [apply] simp only [not_lt] at h ⊢

Note: This linter can be disabled with `set_option linter.unusedSimpArgs false`
SunPrize\Certificate\Theory004.lean:4894:56: warning: This simp argument is unused:
  not_le

Hint: Omit it from the simp argument list.
  [apply] simp only [not_lt] at h ⊢

Note: This linter can be disabled with `set_option linter.unusedSimpArgs false`
SunPrize\Certificate\Theory004.lean:4896:56: warning: This simp argument is unused:
  not_le

Hint: Omit it from the simp argument list.
  [apply] simp only [not_lt] at h ⊢

Note: This linter can be disabled with `set_option linter.unusedSimpArgs false`
SunPrize\Certificate\Theory004.lean:4898:56: warning: This simp argument is unused:
  not_le

Hint: Omit it from the simp argument list.
  [apply] simp only [not_lt] at h ⊢

Note: This linter can be disabled with `set_option linter.unusedSimpArgs false`
SunPrize\Certificate\Theory004.lean:4862:32: warning: Unused tactic linter: `(try simp only [not_lt, not_le] at h ⊢)` does nothing

Note: This linter can be disabled with `set_option linter.unusedTactic false`
SunPrize\Certificate\Theory004.lean:4868:32: warning: Unused tactic linter: `(try simp only [not_lt, not_le] at h ⊢)` does nothing

Note: This linter can be disabled with `set_option linter.unusedTactic false`
SunPrize\Certificate\Theory004.lean:4870:32: warning: Unused tactic linter: `(try simp only [not_lt, not_le] at h ⊢)` does nothing

Note: This linter can be disabled with `set_option linter.unusedTactic false`
SunPrize\Certificate\Theory004.lean:4872:32: warning: Unused tactic linter: `(try simp only [not_lt, not_le] at h ⊢)` does nothing

Note: This linter can be disabled with `set_option linter.unusedTactic false`
SunPrize\Certificate\Theory004.lean:4874:32: warning: Unused tactic linter: `(try simp only [not_lt, not_le] at h ⊢)` does nothing

Note: This linter can be disabled with `set_option linter.unusedTactic false`
SunPrize\Certificate\Theory004.lean:4880:32: warning: Unused tactic linter: `(try simp only [not_lt, not_le] at h ⊢)` does nothing

Note: This linter can be disabled with `set_option linter.unusedTactic false`
SunPrize\Certificate\Theory004.lean:4900:2: warning: Unused tactic linter: `all_goals clear e0 e1 e2 e3 e4 e5 e6 e7 e8 e9 e10 e11 e12 e13 e14 e15 e16 e17 e18` does nothing

Note: This linter can be disabled with `set_option linter.unusedTactic false`
SunPrize\Certificate\Theory004.lean:4901:2: warning: Unused tactic linter: `all_goals tauto` does nothing

Note: This linter can be disabled with `set_option linter.unusedTactic false`
SunPrize\Certificate\Theory004.lean:4900:12: warning: this tactic is never executed

Note: This linter can be disabled with `set_option linter.unreachableTactic false`
SunPrize\Certificate\Theory004.lean:4901:12: warning: this tactic is never executed

Note: This linter can be disabled with `set_option linter.unreachableTactic false`
