SunPrize\Certificate\Theory001.lean:12:56: warning: This simp argument is unused:
  not_le

Hint: Omit it from the simp argument list.
  [apply] simp only [not_lt] at h ⊢

Note: This linter can be disabled with `set_option linter.unusedSimpArgs false`
SunPrize\Certificate\Theory001.lean:20:56: warning: This simp argument is unused:
  not_le

Hint: Omit it from the simp argument list.
  [apply] simp only [not_lt] at h ⊢

Note: This linter can be disabled with `set_option linter.unusedSimpArgs false`
SunPrize\Certificate\Theory001.lean:22:56: warning: This simp argument is unused:
  not_le

Hint: Omit it from the simp argument list.
  [apply] simp only [not_lt] at h ⊢

Note: This linter can be disabled with `set_option linter.unusedSimpArgs false`
SunPrize\Certificate\Theory001.lean:24:56: warning: This simp argument is unused:
  not_le

Hint: Omit it from the simp argument list.
  [apply] simp only [not_lt] at h ⊢

Note: This linter can be disabled with `set_option linter.unusedSimpArgs false`
SunPrize\Certificate\Theory001.lean:26:56: warning: This simp argument is unused:
  not_le

Hint: Omit it from the simp argument list.
  [apply] simp only [not_lt] at h ⊢

Note: This linter can be disabled with `set_option linter.unusedSimpArgs false`
SunPrize\Certificate\Theory001.lean:28:56: warning: This simp argument is unused:
  not_le

Hint: Omit it from the simp argument list.
  [apply] simp only [not_lt] at h ⊢

Note: This linter can be disabled with `set_option linter.unusedSimpArgs false`
SunPrize\Certificate\Theory001.lean:30:56: warning: This simp argument is unused:
  not_le

Hint: Omit it from the simp argument list.
  [apply] simp only [not_lt] at h ⊢

Note: This linter can be disabled with `set_option linter.unusedSimpArgs false`
SunPrize\Certificate\Theory001.lean:32:56: warning: This simp argument is unused:
  not_le

Hint: Omit it from the simp argument list.
  [apply] simp only [not_lt] at h ⊢

Note: This linter can be disabled with `set_option linter.unusedSimpArgs false`
SunPrize\Certificate\Theory001.lean:36:56: warning: This simp argument is unused:
  not_le

Hint: Omit it from the simp argument list.
  [apply] simp only [not_lt] at h ⊢

Note: This linter can be disabled with `set_option linter.unusedSimpArgs false`
SunPrize\Certificate\Theory001.lean:38:56: warning: This simp argument is unused:
  not_le

Hint: Omit it from the simp argument list.
  [apply] simp only [not_lt] at h ⊢

Note: This linter can be disabled with `set_option linter.unusedSimpArgs false`
SunPrize\Certificate\Theory001.lean:40:56: warning: This simp argument is unused:
  not_le

Hint: Omit it from the simp argument list.
  [apply] simp only [not_lt] at h ⊢

Note: This linter can be disabled with `set_option linter.unusedSimpArgs false`
SunPrize\Certificate\Theory001.lean:42:56: warning: This simp argument is unused:
  not_le

Hint: Omit it from the simp argument list.
  [apply] simp only [not_lt] at h ⊢

Note: This linter can be disabled with `set_option linter.unusedSimpArgs false`
SunPrize\Certificate\Theory001.lean:14:32: warning: Unused tactic linter: `(try simp only [not_lt, not_le] at h ⊢)` does nothing

Note: This linter can be disabled with `set_option linter.unusedTactic false`
SunPrize\Certificate\Theory001.lean:16:32: warning: Unused tactic linter: `(try simp only [not_lt, not_le] at h ⊢)` does nothing

Note: This linter can be disabled with `set_option linter.unusedTactic false`
SunPrize\Certificate\Theory001.lean:18:32: warning: Unused tactic linter: `(try simp only [not_lt, not_le] at h ⊢)` does nothing

Note: This linter can be disabled with `set_option linter.unusedTactic false`
SunPrize\Certificate\Theory001.lean:34:32: warning: Unused tactic linter: `(try simp only [not_lt, not_le] at h ⊢)` does nothing

Note: This linter can be disabled with `set_option linter.unusedTactic false`
SunPrize\Certificate\Theory001.lean:44:2: warning: Unused tactic linter: `all_goals clear e0 e1 e2 e3 e4 e5 e6 e7 e8 e9 e10 e11 e12 e13 e14 e15` does nothing

Note: This linter can be disabled with `set_option linter.unusedTactic false`
SunPrize\Certificate\Theory001.lean:45:2: warning: Unused tactic linter: `all_goals tauto` does nothing

Note: This linter can be disabled with `set_option linter.unusedTactic false`
SunPrize\Certificate\Theory001.lean:44:12: warning: this tactic is never executed

Note: This linter can be disabled with `set_option linter.unreachableTactic false`
SunPrize\Certificate\Theory001.lean:45:12: warning: this tactic is never executed

Note: This linter can be disabled with `set_option linter.unreachableTactic false`
SunPrize\Certificate\Theory001.lean:50:56: warning: This simp argument is unused:
  not_le

Hint: Omit it from the simp argument list.
  [apply] simp only [not_lt] at h ⊢

Note: This linter can be disabled with `set_option linter.unusedSimpArgs false`
SunPrize\Certificate\Theory001.lean:58:56: warning: This simp argument is unused:
  not_le

Hint: Omit it from the simp argument list.
  [apply] simp only [not_lt] at h ⊢

Note: This linter can be disabled with `set_option linter.unusedSimpArgs false`
SunPrize\Certificate\Theory001.lean:60:56: warning: This simp argument is unused:
  not_le

Hint: Omit it from the simp argument list.
  [apply] simp only [not_lt] at h ⊢

Note: This linter can be disabled with `set_option linter.unusedSimpArgs false`
SunPrize\Certificate\Theory001.lean:62:56: warning: This simp argument is unused:
  not_le

Hint: Omit it from the simp argument list.
  [apply] simp only [not_lt] at h ⊢

Note: This linter can be disabled with `set_option linter.unusedSimpArgs false`
SunPrize\Certificate\Theory001.lean:64:56: warning: This simp argument is unused:
  not_le

Hint: Omit it from the simp argument list.
  [apply] simp only [not_lt] at h ⊢

Note: This linter can be disabled with `set_option linter.unusedSimpArgs false`
SunPrize\Certificate\Theory001.lean:66:56: warning: This simp argument is unused:
  not_le

Hint: Omit it from the simp argument list.
  [apply] simp only [not_lt] at h ⊢

Note: This linter can be disabled with `set_option linter.unusedSimpArgs false`
SunPrize\Certificate\Theory001.lean:68:56: warning: This simp argument is unused:
  not_le

Hint: Omit it from the simp argument list.
  [apply] simp only [not_lt] at h ⊢

Note: This linter can be disabled with `set_option linter.unusedSimpArgs false`
SunPrize\Certificate\Theory001.lean:70:56: warning: This simp argument is unused:
  not_le

Hint: Omit it from the simp argument list.
  [apply] simp only [not_lt] at h ⊢

Note: This linter can be disabled with `set_option linter.unusedSimpArgs false`
SunPrize\Certificate\Theory001.lean:74:56: warning: This simp argument is unused:
  not_le

Hint: Omit it from the simp argument list.
  [apply] simp only [not_lt] at h ⊢

Note: This linter can be disabled with `set_option linter.unusedSimpArgs false`
SunPrize\Certificate\Theory001.lean:76:56: warning: This simp argument is unused:
  not_le

Hint: Omit it from the simp argument list.
  [apply] simp only [not_lt] at h ⊢

Note: This linter can be disabled with `set_option linter.unusedSimpArgs false`
SunPrize\Certificate\Theory001.lean:78:56: warning: This simp argument is unused:
  not_le

Hint: Omit it from the simp argument list.
  [apply] simp only [not_lt] at h ⊢

Note: This linter can be disabled with `set_option linter.unusedSimpArgs false`
SunPrize\Certificate\Theory001.lean:80:56: warning: This simp argument is unused:
  not_le

Hint: Omit it from the simp argument list.
  [apply] simp only [not_lt] at h ⊢

Note: This linter can be disabled with `set_option linter.unusedSimpArgs false`
SunPrize\Certificate\Theory001.lean:52:32: warning: Unused tactic linter: `(try simp only [not_lt, not_le] at h ⊢)` does nothing

Note: This linter can be disabled with `set_option linter.unusedTactic false`
SunPrize\Certificate\Theory001.lean:54:32: warning: Unused tactic linter: `(try simp only [not_lt, not_le] at h ⊢)` does nothing

Note: This linter can be disabled with `set_option linter.unusedTactic false`
SunPrize\Certificate\Theory001.lean:56:32: warning: Unused tactic linter: `(try simp only [not_lt, not_le] at h ⊢)` does nothing

Note: This linter can be disabled with `set_option linter.unusedTactic false`
SunPrize\Certificate\Theory001.lean:72:32: warning: Unused tactic linter: `(try simp only [not_lt, not_le] at h ⊢)` does nothing

Note: This linter can be disabled with `set_option linter.unusedTactic false`
SunPrize\Certificate\Theory001.lean:82:2: warning: Unused tactic linter: `all_goals clear e0 e1 e2 e3 e4 e5 e6 e7 e8 e9 e10 e11 e12 e13 e14 e15` does nothing

Note: This linter can be disabled with `set_option linter.unusedTactic false`
SunPrize\Certificate\Theory001.lean:83:2: warning: Unused tactic linter: `all_goals tauto` does nothing

Note: This linter can be disabled with `set_option linter.unusedTactic false`
SunPrize\Certificate\Theory001.lean:82:12: warning: this tactic is never executed

Note: This linter can be disabled with `set_option linter.unreachableTactic false`
SunPrize\Certificate\Theory001.lean:83:12: warning: this tactic is never executed

Note: This linter can be disabled with `set_option linter.unreachableTactic false`
SunPrize\Certificate\Theory001.lean:101:56: warning: This simp argument is unused:
  not_le

Hint: Omit it from the simp argument list.
  [apply] simp only [not_lt] at h ⊢

Note: This linter can be disabled with `set_option linter.unusedSimpArgs false`
SunPrize\Certificate\Theory001.lean:103:56: warning: This simp argument is unused:
  not_le

Hint: Omit it from the simp argument list.
  [apply] simp only [not_lt] at h ⊢

Note: This linter can be disabled with `set_option linter.unusedSimpArgs false`
SunPrize\Certificate\Theory001.lean:105:56: warning: This simp argument is unused:
  not_le

Hint: Omit it from the simp argument list.
  [apply] simp only [not_lt] at h ⊢

Note: This linter can be disabled with `set_option linter.unusedSimpArgs false`
SunPrize\Certificate\Theory001.lean:107:56: warning: This simp argument is unused:
  not_le

Hint: Omit it from the simp argument list.
  [apply] simp only [not_lt] at h ⊢

Note: This linter can be disabled with `set_option linter.unusedSimpArgs false`
SunPrize\Certificate\Theory001.lean:109:56: warning: This simp argument is unused:
  not_le

Hint: Omit it from the simp argument list.
  [apply] simp only [not_lt] at h ⊢

Note: This linter can be disabled with `set_option linter.unusedSimpArgs false`
SunPrize\Certificate\Theory001.lean:111:56: warning: This simp argument is unused:
  not_le

Hint: Omit it from the simp argument list.
  [apply] simp only [not_lt] at h ⊢

Note: This linter can be disabled with `set_option linter.unusedSimpArgs false`
SunPrize\Certificate\Theory001.lean:113:56: warning: This simp argument is unused:
  not_le

Hint: Omit it from the simp argument list.
  [apply] simp only [not_lt] at h ⊢

Note: This linter can be disabled with `set_option linter.unusedSimpArgs false`
SunPrize\Certificate\Theory001.lean:117:56: warning: This simp argument is unused:
  not_le

Hint: Omit it from the simp argument list.
  [apply] simp only [not_lt] at h ⊢

Note: This linter can be disabled with `set_option linter.unusedSimpArgs false`
SunPrize\Certificate\Theory001.lean:119:56: warning: This simp argument is unused:
  not_le

Hint: Omit it from the simp argument list.
  [apply] simp only [not_lt] at h ⊢

Note: This linter can be disabled with `set_option linter.unusedSimpArgs false`
SunPrize\Certificate\Theory001.lean:121:56: warning: This simp argument is unused:
  not_le

Hint: Omit it from the simp argument list.
  [apply] simp only [not_lt] at h ⊢

Note: This linter can be disabled with `set_option linter.unusedSimpArgs false`
SunPrize\Certificate\Theory001.lean:123:56: warning: This simp argument is unused:
  not_le

Hint: Omit it from the simp argument list.
  [apply] simp only [not_lt] at h ⊢

Note: This linter can be disabled with `set_option linter.unusedSimpArgs false`
SunPrize\Certificate\Theory001.lean:125:56: warning: This simp argument is unused:
  not_le

Hint: Omit it from the simp argument list.
  [apply] simp only [not_lt] at h ⊢

Note: This linter can be disabled with `set_option linter.unusedSimpArgs false`
SunPrize\Certificate\Theory001.lean:95:32: warning: Unused tactic linter: `(try simp only [not_lt, not_le] at h ⊢)` does nothing

Note: This linter can be disabled with `set_option linter.unusedTactic false`
SunPrize\Certificate\Theory001.lean:97:32: warning: Unused tactic linter: `(try simp only [not_lt, not_le] at h ⊢)` does nothing

Note: This linter can be disabled with `set_option linter.unusedTactic false`
SunPrize\Certificate\Theory001.lean:99:32: warning: Unused tactic linter: `(try simp only [not_lt, not_le] at h ⊢)` does nothing

Note: This linter can be disabled with `set_option linter.unusedTactic false`
SunPrize\Certificate\Theory001.lean:115:32: warning: Unused tactic linter: `(try simp only [not_lt, not_le] at h ⊢)` does nothing

Note: This linter can be disabled with `set_option linter.unusedTactic false`
SunPrize\Certificate\Theory001.lean:127:2: warning: Unused tactic linter: `all_goals clear e0 e1 e2 e3 e4 e5 e6 e7 e8 e9 e10 e11 e12 e13 e14 e15` does nothing

Note: This linter can be disabled with `set_option linter.unusedTactic false`
SunPrize\Certificate\Theory001.lean:128:2: warning: Unused tactic linter: `all_goals tauto` does nothing

Note: This linter can be disabled with `set_option linter.unusedTactic false`
SunPrize\Certificate\Theory001.lean:127:12: warning: this tactic is never executed

Note: This linter can be disabled with `set_option linter.unreachableTactic false`
SunPrize\Certificate\Theory001.lean:128:12: warning: this tactic is never executed

Note: This linter can be disabled with `set_option linter.unreachableTactic false`
SunPrize\Certificate\Theory001.lean:139:56: warning: This simp argument is unused:
  not_le

Hint: Omit it from the simp argument list.
  [apply] simp only [not_lt] at h ⊢

Note: This linter can be disabled with `set_option linter.unusedSimpArgs false`
SunPrize\Certificate\Theory001.lean:141:56: warning: This simp argument is unused:
  not_le

Hint: Omit it from the simp argument list.
  [apply] simp only [not_lt] at h ⊢

Note: This linter can be disabled with `set_option linter.unusedSimpArgs false`
SunPrize\Certificate\Theory001.lean:143:56: warning: This simp argument is unused:
  not_le

Hint: Omit it from the simp argument list.
  [apply] simp only [not_lt] at h ⊢

Note: This linter can be disabled with `set_option linter.unusedSimpArgs false`
SunPrize\Certificate\Theory001.lean:145:56: warning: This simp argument is unused:
  not_le

Hint: Omit it from the simp argument list.
  [apply] simp only [not_lt] at h ⊢

Note: This linter can be disabled with `set_option linter.unusedSimpArgs false`
SunPrize\Certificate\Theory001.lean:147:56: warning: This simp argument is unused:
  not_le

Hint: Omit it from the simp argument list.
  [apply] simp only [not_lt] at h ⊢

Note: This linter can be disabled with `set_option linter.unusedSimpArgs false`
SunPrize\Certificate\Theory001.lean:149:56: warning: This simp argument is unused:
  not_le

Hint: Omit it from the simp argument list.
  [apply] simp only [not_lt] at h ⊢

Note: This linter can be disabled with `set_option linter.unusedSimpArgs false`
SunPrize\Certificate\Theory001.lean:151:56: warning: This simp argument is unused:
  not_le

Hint: Omit it from the simp argument list.
  [apply] simp only [not_lt] at h ⊢

Note: This linter can be disabled with `set_option linter.unusedSimpArgs false`
SunPrize\Certificate\Theory001.lean:155:56: warning: This simp argument is unused:
  not_le

Hint: Omit it from the simp argument list.
  [apply] simp only [not_lt] at h ⊢

Note: This linter can be disabled with `set_option linter.unusedSimpArgs false`
SunPrize\Certificate\Theory001.lean:157:56: warning: This simp argument is unused:
  not_le

Hint: Omit it from the simp argument list.
  [apply] simp only [not_lt] at h ⊢

Note: This linter can be disabled with `set_option linter.unusedSimpArgs false`
SunPrize\Certificate\Theory001.lean:159:56: warning: This simp argument is unused:
  not_le

Hint: Omit it from the simp argument list.
  [apply] simp only [not_lt] at h ⊢

Note: This linter can be disabled with `set_option linter.unusedSimpArgs false`
SunPrize\Certificate\Theory001.lean:161:56: warning: This simp argument is unused:
  not_le

Hint: Omit it from the simp argument list.
  [apply] simp only [not_lt] at h ⊢

Note: This linter can be disabled with `set_option linter.unusedSimpArgs false`
SunPrize\Certificate\Theory001.lean:163:56: warning: This simp argument is unused:
  not_le

Hint: Omit it from the simp argument list.
  [apply] simp only [not_lt] at h ⊢

Note: This linter can be disabled with `set_option linter.unusedSimpArgs false`
SunPrize\Certificate\Theory001.lean:133:32: warning: Unused tactic linter: `(try simp only [not_lt, not_le] at h ⊢)` does nothing

Note: This linter can be disabled with `set_option linter.unusedTactic false`
SunPrize\Certificate\Theory001.lean:135:32: warning: Unused tactic linter: `(try simp only [not_lt, not_le] at h ⊢)` does nothing

Note: This linter can be disabled with `set_option linter.unusedTactic false`
SunPrize\Certificate\Theory001.lean:137:32: warning: Unused tactic linter: `(try simp only [not_lt, not_le] at h ⊢)` does nothing

Note: This linter can be disabled with `set_option linter.unusedTactic false`
SunPrize\Certificate\Theory001.lean:153:32: warning: Unused tactic linter: `(try simp only [not_lt, not_le] at h ⊢)` does nothing

Note: This linter can be disabled with `set_option linter.unusedTactic false`
SunPrize\Certificate\Theory001.lean:165:2: warning: Unused tactic linter: `all_goals clear e0 e1 e2 e3 e4 e5 e6 e7 e8 e9 e10 e11 e12 e13 e14 e15` does nothing

Note: This linter can be disabled with `set_option linter.unusedTactic false`
SunPrize\Certificate\Theory001.lean:166:2: warning: Unused tactic linter: `all_goals tauto` does nothing

Note: This linter can be disabled with `set_option linter.unusedTactic false`
SunPrize\Certificate\Theory001.lean:165:12: warning: this tactic is never executed

Note: This linter can be disabled with `set_option linter.unreachableTactic false`
SunPrize\Certificate\Theory001.lean:166:12: warning: this tactic is never executed

Note: This linter can be disabled with `set_option linter.unreachableTactic false`
SunPrize\Certificate\Theory001.lean:177:56: warning: This simp argument is unused:
  not_le

Hint: Omit it from the simp argument list.
  [apply] simp only [not_lt] at h ⊢

Note: This linter can be disabled with `set_option linter.unusedSimpArgs false`
SunPrize\Certificate\Theory001.lean:179:56: warning: This simp argument is unused:
  not_le

Hint: Omit it from the simp argument list.
  [apply] simp only [not_lt] at h ⊢

Note: This linter can be disabled with `set_option linter.unusedSimpArgs false`
SunPrize\Certificate\Theory001.lean:181:56: warning: This simp argument is unused:
  not_le

Hint: Omit it from the simp argument list.
  [apply] simp only [not_lt] at h ⊢

Note: This linter can be disabled with `set_option linter.unusedSimpArgs false`
SunPrize\Certificate\Theory001.lean:183:56: warning: This simp argument is unused:
  not_le

Hint: Omit it from the simp argument list.
  [apply] simp only [not_lt] at h ⊢

Note: This linter can be disabled with `set_option linter.unusedSimpArgs false`
SunPrize\Certificate\Theory001.lean:185:56: warning: This simp argument is unused:
  not_le

Hint: Omit it from the simp argument list.
  [apply] simp only [not_lt] at h ⊢

Note: This linter can be disabled with `set_option linter.unusedSimpArgs false`
SunPrize\Certificate\Theory001.lean:187:56: warning: This simp argument is unused:
  not_le

Hint: Omit it from the simp argument list.
  [apply] simp only [not_lt] at h ⊢

Note: This linter can be disabled with `set_option linter.unusedSimpArgs false`
SunPrize\Certificate\Theory001.lean:189:56: warning: This simp argument is unused:
  not_le

Hint: Omit it from the simp argument list.
  [apply] simp only [not_lt] at h ⊢

Note: This linter can be disabled with `set_option linter.unusedSimpArgs false`
SunPrize\Certificate\Theory001.lean:193:56: warning: This simp argument is unused:
  not_le

Hint: Omit it from the simp argument list.
  [apply] simp only [not_lt] at h ⊢

Note: This linter can be disabled with `set_option linter.unusedSimpArgs false`
SunPrize\Certificate\Theory001.lean:195:56: warning: This simp argument is unused:
  not_le

Hint: Omit it from the simp argument list.
  [apply] simp only [not_lt] at h ⊢

Note: This linter can be disabled with `set_option linter.unusedSimpArgs false`
SunPrize\Certificate\Theory001.lean:197:56: warning: This simp argument is unused:
  not_le

Hint: Omit it from the simp argument list.
  [apply] simp only [not_lt] at h ⊢

Note: This linter can be disabled with `set_option linter.unusedSimpArgs false`
SunPrize\Certificate\Theory001.lean:199:56: warning: This simp argument is unused:
  not_le

Hint: Omit it from the simp argument list.
  [apply] simp only [not_lt] at h ⊢

Note: This linter can be disabled with `set_option linter.unusedSimpArgs false`
SunPrize\Certificate\Theory001.lean:201:56: warning: This simp argument is unused:
  not_le

Hint: Omit it from the simp argument list.
  [apply] simp only [not_lt] at h ⊢

Note: This linter can be disabled with `set_option linter.unusedSimpArgs false`
SunPrize\Certificate\Theory001.lean:171:32: warning: Unused tactic linter: `(try simp only [not_lt, not_le] at h ⊢)` does nothing

Note: This linter can be disabled with `set_option linter.unusedTactic false`
SunPrize\Certificate\Theory001.lean:173:32: warning: Unused tactic linter: `(try simp only [not_lt, not_le] at h ⊢)` does nothing

Note: This linter can be disabled with `set_option linter.unusedTactic false`
SunPrize\Certificate\Theory001.lean:175:32: warning: Unused tactic linter: `(try simp only [not_lt, not_le] at h ⊢)` does nothing

Note: This linter can be disabled with `set_option linter.unusedTactic false`
SunPrize\Certificate\Theory001.lean:191:32: warning: Unused tactic linter: `(try simp only [not_lt, not_le] at h ⊢)` does nothing

Note: This linter can be disabled with `set_option linter.unusedTactic false`
SunPrize\Certificate\Theory001.lean:203:2: warning: Unused tactic linter: `all_goals clear e0 e1 e2 e3 e4 e5 e6 e7 e8 e9 e10 e11 e12 e13 e14 e15` does nothing

Note: This linter can be disabled with `set_option linter.unusedTactic false`
SunPrize\Certificate\Theory001.lean:204:2: warning: Unused tactic linter: `all_goals tauto` does nothing

Note: This linter can be disabled with `set_option linter.unusedTactic false`
SunPrize\Certificate\Theory001.lean:203:12: warning: this tactic is never executed

Note: This linter can be disabled with `set_option linter.unreachableTactic false`
SunPrize\Certificate\Theory001.lean:204:12: warning: this tactic is never executed

Note: This linter can be disabled with `set_option linter.unreachableTactic false`
SunPrize\Certificate\Theory001.lean:209:32: warning: Unused tactic linter: `(try simp only [not_lt, not_le] at h ⊢)` does nothing

Note: This linter can be disabled with `set_option linter.unusedTactic false`
SunPrize\Certificate\Theory001.lean:211:32: warning: Unused tactic linter: `(try simp only [not_lt, not_le] at h ⊢)` does nothing

Note: This linter can be disabled with `set_option linter.unusedTactic false`
SunPrize\Certificate\Theory001.lean:213:2: warning: Unused tactic linter: `all_goals clear e0 e1` does nothing

Note: This linter can be disabled with `set_option linter.unusedTactic false`
SunPrize\Certificate\Theory001.lean:214:2: warning: Unused tactic linter: `all_goals tauto` does nothing

Note: This linter can be disabled with `set_option linter.unusedTactic false`
SunPrize\Certificate\Theory001.lean:213:12: warning: this tactic is never executed

Note: This linter can be disabled with `set_option linter.unreachableTactic false`
SunPrize\Certificate\Theory001.lean:214:12: warning: this tactic is never executed

Note: This linter can be disabled with `set_option linter.unreachableTactic false`
SunPrize\Certificate\Theory001.lean:219:56: warning: This simp argument is unused:
  not_le

Hint: Omit it from the simp argument list.
  [apply] simp only [not_lt] at h ⊢

Note: This linter can be disabled with `set_option linter.unusedSimpArgs false`
SunPrize\Certificate\Theory001.lean:227:56: warning: This simp argument is unused:
  not_le

Hint: Omit it from the simp argument list.
  [apply] simp only [not_lt] at h ⊢

Note: This linter can be disabled with `set_option linter.unusedSimpArgs false`
SunPrize\Certificate\Theory001.lean:229:56: warning: This simp argument is unused:
  not_le

Hint: Omit it from the simp argument list.
  [apply] simp only [not_lt] at h ⊢

Note: This linter can be disabled with `set_option linter.unusedSimpArgs false`
SunPrize\Certificate\Theory001.lean:231:56: warning: This simp argument is unused:
  not_le

Hint: Omit it from the simp argument list.
  [apply] simp only [not_lt] at h ⊢

Note: This linter can be disabled with `set_option linter.unusedSimpArgs false`
SunPrize\Certificate\Theory001.lean:233:56: warning: This simp argument is unused:
  not_le

Hint: Omit it from the simp argument list.
  [apply] simp only [not_lt] at h ⊢

Note: This linter can be disabled with `set_option linter.unusedSimpArgs false`
SunPrize\Certificate\Theory001.lean:235:56: warning: This simp argument is unused:
  not_le

Hint: Omit it from the simp argument list.
  [apply] simp only [not_lt] at h ⊢

Note: This linter can be disabled with `set_option linter.unusedSimpArgs false`
SunPrize\Certificate\Theory001.lean:237:56: warning: This simp argument is unused:
  not_le

Hint: Omit it from the simp argument list.
  [apply] simp only [not_lt] at h ⊢

Note: This linter can be disabled with `set_option linter.unusedSimpArgs false`
SunPrize\Certificate\Theory001.lean:239:56: warning: This simp argument is unused:
  not_le

Hint: Omit it from the simp argument list.
  [apply] simp only [not_lt] at h ⊢

Note: This linter can be disabled with `set_option linter.unusedSimpArgs false`
SunPrize\Certificate\Theory001.lean:243:56: warning: This simp argument is unused:
  not_le

Hint: Omit it from the simp argument list.
  [apply] simp only [not_lt] at h ⊢

Note: This linter can be disabled with `set_option linter.unusedSimpArgs false`
SunPrize\Certificate\Theory001.lean:245:56: warning: This simp argument is unused:
  not_le

Hint: Omit it from the simp argument list.
  [apply] simp only [not_lt] at h ⊢

Note: This linter can be disabled with `set_option linter.unusedSimpArgs false`
SunPrize\Certificate\Theory001.lean:247:56: warning: This simp argument is unused:
  not_le

Hint: Omit it from the simp argument list.
  [apply] simp only [not_lt] at h ⊢

Note: This linter can be disabled with `set_option linter.unusedSimpArgs false`
SunPrize\Certificate\Theory001.lean:249:56: warning: This simp argument is unused:
  not_le

Hint: Omit it from the simp argument list.
  [apply] simp only [not_lt] at h ⊢

Note: This linter can be disabled with `set_option linter.unusedSimpArgs false`
SunPrize\Certificate\Theory001.lean:221:32: warning: Unused tactic linter: `(try simp only [not_lt, not_le] at h ⊢)` does nothing

Note: This linter can be disabled with `set_option linter.unusedTactic false`
SunPrize\Certificate\Theory001.lean:223:32: warning: Unused tactic linter: `(try simp only [not_lt, not_le] at h ⊢)` does nothing

Note: This linter can be disabled with `set_option linter.unusedTactic false`
SunPrize\Certificate\Theory001.lean:225:32: warning: Unused tactic linter: `(try simp only [not_lt, not_le] at h ⊢)` does nothing

Note: This linter can be disabled with `set_option linter.unusedTactic false`
SunPrize\Certificate\Theory001.lean:241:32: warning: Unused tactic linter: `(try simp only [not_lt, not_le] at h ⊢)` does nothing

Note: This linter can be disabled with `set_option linter.unusedTactic false`
SunPrize\Certificate\Theory001.lean:251:2: warning: Unused tactic linter: `all_goals clear e0 e1 e2 e3 e4 e5 e6 e7 e8 e9 e10 e11 e12 e13 e14 e15` does nothing

Note: This linter can be disabled with `set_option linter.unusedTactic false`
SunPrize\Certificate\Theory001.lean:252:2: warning: Unused tactic linter: `all_goals tauto` does nothing

Note: This linter can be disabled with `set_option linter.unusedTactic false`
SunPrize\Certificate\Theory001.lean:251:12: warning: this tactic is never executed

Note: This linter can be disabled with `set_option linter.unreachableTactic false`
SunPrize\Certificate\Theory001.lean:252:12: warning: this tactic is never executed

Note: This linter can be disabled with `set_option linter.unreachableTactic false`
SunPrize\Certificate\Theory001.lean:257:56: warning: This simp argument is unused:
  not_le

Hint: Omit it from the simp argument list.
  [apply] simp only [not_lt] at h ⊢

Note: This linter can be disabled with `set_option linter.unusedSimpArgs false`
SunPrize\Certificate\Theory001.lean:265:56: warning: This simp argument is unused:
  not_le

Hint: Omit it from the simp argument list.
  [apply] simp only [not_lt] at h ⊢

Note: This linter can be disabled with `set_option linter.unusedSimpArgs false`
SunPrize\Certificate\Theory001.lean:267:56: warning: This simp argument is unused:
  not_le

Hint: Omit it from the simp argument list.
  [apply] simp only [not_lt] at h ⊢

Note: This linter can be disabled with `set_option linter.unusedSimpArgs false`
SunPrize\Certificate\Theory001.lean:269:56: warning: This simp argument is unused:
  not_le

Hint: Omit it from the simp argument list.
  [apply] simp only [not_lt] at h ⊢

Note: This linter can be disabled with `set_option linter.unusedSimpArgs false`
SunPrize\Certificate\Theory001.lean:271:56: warning: This simp argument is unused:
  not_le

Hint: Omit it from the simp argument list.
  [apply] simp only [not_lt] at h ⊢

Note: This linter can be disabled with `set_option linter.unusedSimpArgs false`
SunPrize\Certificate\Theory001.lean:273:56: warning: This simp argument is unused:
  not_le

Hint: Omit it from the simp argument list.
  [apply] simp only [not_lt] at h ⊢

Note: This linter can be disabled with `set_option linter.unusedSimpArgs false`
SunPrize\Certificate\Theory001.lean:275:56: warning: This simp argument is unused:
  not_le

Hint: Omit it from the simp argument list.
  [apply] simp only [not_lt] at h ⊢

Note: This linter can be disabled with `set_option linter.unusedSimpArgs false`
SunPrize\Certificate\Theory001.lean:277:56: warning: This simp argument is unused:
  not_le

Hint: Omit it from the simp argument list.
  [apply] simp only [not_lt] at h ⊢

Note: This linter can be disabled with `set_option linter.unusedSimpArgs false`
SunPrize\Certificate\Theory001.lean:281:56: warning: This simp argument is unused:
  not_le

Hint: Omit it from the simp argument list.
  [apply] simp only [not_lt] at h ⊢

Note: This linter can be disabled with `set_option linter.unusedSimpArgs false`
SunPrize\Certificate\Theory001.lean:283:56: warning: This simp argument is unused:
  not_le

Hint: Omit it from the simp argument list.
  [apply] simp only [not_lt] at h ⊢

Note: This linter can be disabled with `set_option linter.unusedSimpArgs false`
SunPrize\Certificate\Theory001.lean:285:56: warning: This simp argument is unused:
  not_le

Hint: Omit it from the simp argument list.
  [apply] simp only [not_lt] at h ⊢

Note: This linter can be disabled with `set_option linter.unusedSimpArgs false`
SunPrize\Certificate\Theory001.lean:287:56: warning: This simp argument is unused:
  not_le

Hint: Omit it from the simp argument list.
  [apply] simp only [not_lt] at h ⊢

Note: This linter can be disabled with `set_option linter.unusedSimpArgs false`
SunPrize\Certificate\Theory001.lean:259:32: warning: Unused tactic linter: `(try simp only [not_lt, not_le] at h ⊢)` does nothing

Note: This linter can be disabled with `set_option linter.unusedTactic false`
SunPrize\Certificate\Theory001.lean:261:32: warning: Unused tactic linter: `(try simp only [not_lt, not_le] at h ⊢)` does nothing

Note: This linter can be disabled with `set_option linter.unusedTactic false`
SunPrize\Certificate\Theory001.lean:263:32: warning: Unused tactic linter: `(try simp only [not_lt, not_le] at h ⊢)` does nothing

Note: This linter can be disabled with `set_option linter.unusedTactic false`
SunPrize\Certificate\Theory001.lean:279:32: warning: Unused tactic linter: `(try simp only [not_lt, not_le] at h ⊢)` does nothing

Note: This linter can be disabled with `set_option linter.unusedTactic false`
SunPrize\Certificate\Theory001.lean:289:2: warning: Unused tactic linter: `all_goals clear e0 e1 e2 e3 e4 e5 e6 e7 e8 e9 e10 e11 e12 e13 e14 e15` does nothing

Note: This linter can be disabled with `set_option linter.unusedTactic false`
SunPrize\Certificate\Theory001.lean:290:2: warning: Unused tactic linter: `all_goals tauto` does nothing

Note: This linter can be disabled with `set_option linter.unusedTactic false`
SunPrize\Certificate\Theory001.lean:289:12: warning: this tactic is never executed

Note: This linter can be disabled with `set_option linter.unreachableTactic false`
SunPrize\Certificate\Theory001.lean:290:12: warning: this tactic is never executed

Note: This linter can be disabled with `set_option linter.unreachableTactic false`
SunPrize\Certificate\Theory001.lean:301:56: warning: This simp argument is unused:
  not_le

Hint: Omit it from the simp argument list.
  [apply] simp only [not_lt] at h ⊢

Note: This linter can be disabled with `set_option linter.unusedSimpArgs false`
SunPrize\Certificate\Theory001.lean:303:56: warning: This simp argument is unused:
  not_le

Hint: Omit it from the simp argument list.
  [apply] simp only [not_lt] at h ⊢

Note: This linter can be disabled with `set_option linter.unusedSimpArgs false`
SunPrize\Certificate\Theory001.lean:305:56: warning: This simp argument is unused:
  not_le

Hint: Omit it from the simp argument list.
  [apply] simp only [not_lt] at h ⊢

Note: This linter can be disabled with `set_option linter.unusedSimpArgs false`
SunPrize\Certificate\Theory001.lean:307:56: warning: This simp argument is unused:
  not_le

Hint: Omit it from the simp argument list.
  [apply] simp only [not_lt] at h ⊢

Note: This linter can be disabled with `set_option linter.unusedSimpArgs false`
SunPrize\Certificate\Theory001.lean:309:56: warning: This simp argument is unused:
  not_le

Hint: Omit it from the simp argument list.
  [apply] simp only [not_lt] at h ⊢

Note: This linter can be disabled with `set_option linter.unusedSimpArgs false`
SunPrize\Certificate\Theory001.lean:311:56: warning: This simp argument is unused:
  not_le

Hint: Omit it from the simp argument list.
  [apply] simp only [not_lt] at h ⊢

Note: This linter can be disabled with `set_option linter.unusedSimpArgs false`
SunPrize\Certificate\Theory001.lean:313:56: warning: This simp argument is unused:
  not_le

Hint: Omit it from the simp argument list.
  [apply] simp only [not_lt] at h ⊢

Note: This linter can be disabled with `set_option linter.unusedSimpArgs false`
SunPrize\Certificate\Theory001.lean:317:56: warning: This simp argument is unused:
  not_le

Hint: Omit it from the simp argument list.
  [apply] simp only [not_lt] at h ⊢

Note: This linter can be disabled with `set_option linter.unusedSimpArgs false`
SunPrize\Certificate\Theory001.lean:319:56: warning: This simp argument is unused:
  not_le

Hint: Omit it from the simp argument list.
  [apply] simp only [not_lt] at h ⊢

Note: This linter can be disabled with `set_option linter.unusedSimpArgs false`
SunPrize\Certificate\Theory001.lean:321:56: warning: This simp argument is unused:
  not_le

Hint: Omit it from the simp argument list.
  [apply] simp only [not_lt] at h ⊢

Note: This linter can be disabled with `set_option linter.unusedSimpArgs false`
SunPrize\Certificate\Theory001.lean:323:56: warning: This simp argument is unused:
  not_le

Hint: Omit it from the simp argument list.
  [apply] simp only [not_lt] at h ⊢

Note: This linter can be disabled with `set_option linter.unusedSimpArgs false`
SunPrize\Certificate\Theory001.lean:325:56: warning: This simp argument is unused:
  not_le

Hint: Omit it from the simp argument list.
  [apply] simp only [not_lt] at h ⊢

Note: This linter can be disabled with `set_option linter.unusedSimpArgs false`
SunPrize\Certificate\Theory001.lean:295:32: warning: Unused tactic linter: `(try simp only [not_lt, not_le] at h ⊢)` does nothing

Note: This linter can be disabled with `set_option linter.unusedTactic false`
SunPrize\Certificate\Theory001.lean:297:32: warning: Unused tactic linter: `(try simp only [not_lt, not_le] at h ⊢)` does nothing

Note: This linter can be disabled with `set_option linter.unusedTactic false`
SunPrize\Certificate\Theory001.lean:299:32: warning: Unused tactic linter: `(try simp only [not_lt, not_le] at h ⊢)` does nothing

Note: This linter can be disabled with `set_option linter.unusedTactic false`
SunPrize\Certificate\Theory001.lean:315:32: warning: Unused tactic linter: `(try simp only [not_lt, not_le] at h ⊢)` does nothing

Note: This linter can be disabled with `set_option linter.unusedTactic false`
SunPrize\Certificate\Theory001.lean:327:2: warning: Unused tactic linter: `all_goals clear e0 e1 e2 e3 e4 e5 e6 e7 e8 e9 e10 e11 e12 e13 e14 e15` does nothing

Note: This linter can be disabled with `set_option linter.unusedTactic false`
SunPrize\Certificate\Theory001.lean:328:2: warning: Unused tactic linter: `all_goals tauto` does nothing

Note: This linter can be disabled with `set_option linter.unusedTactic false`
SunPrize\Certificate\Theory001.lean:327:12: warning: this tactic is never executed

Note: This linter can be disabled with `set_option linter.unreachableTactic false`
SunPrize\Certificate\Theory001.lean:328:12: warning: this tactic is never executed

Note: This linter can be disabled with `set_option linter.unreachableTactic false`
SunPrize\Certificate\Theory001.lean:339:56: warning: This simp argument is unused:
  not_le

Hint: Omit it from the simp argument list.
  [apply] simp only [not_lt] at h ⊢

Note: This linter can be disabled with `set_option linter.unusedSimpArgs false`
SunPrize\Certificate\Theory001.lean:341:56: warning: This simp argument is unused:
  not_le

Hint: Omit it from the simp argument list.
  [apply] simp only [not_lt] at h ⊢

Note: This linter can be disabled with `set_option linter.unusedSimpArgs false`
SunPrize\Certificate\Theory001.lean:343:56: warning: This simp argument is unused:
  not_le

Hint: Omit it from the simp argument list.
  [apply] simp only [not_lt] at h ⊢

Note: This linter can be disabled with `set_option linter.unusedSimpArgs false`
SunPrize\Certificate\Theory001.lean:345:56: warning: This simp argument is unused:
  not_le

Hint: Omit it from the simp argument list.
  [apply] simp only [not_lt] at h ⊢

Note: This linter can be disabled with `set_option linter.unusedSimpArgs false`
SunPrize\Certificate\Theory001.lean:347:56: warning: This simp argument is unused:
  not_le

Hint: Omit it from the simp argument list.
  [apply] simp only [not_lt] at h ⊢

Note: This linter can be disabled with `set_option linter.unusedSimpArgs false`
SunPrize\Certificate\Theory001.lean:349:56: warning: This simp argument is unused:
  not_le

Hint: Omit it from the simp argument list.
  [apply] simp only [not_lt] at h ⊢

Note: This linter can be disabled with `set_option linter.unusedSimpArgs false`
SunPrize\Certificate\Theory001.lean:351:56: warning: This simp argument is unused:
  not_le

Hint: Omit it from the simp argument list.
  [apply] simp only [not_lt] at h ⊢

Note: This linter can be disabled with `set_option linter.unusedSimpArgs false`
SunPrize\Certificate\Theory001.lean:355:56: warning: This simp argument is unused:
  not_le

Hint: Omit it from the simp argument list.
  [apply] simp only [not_lt] at h ⊢

Note: This linter can be disabled with `set_option linter.unusedSimpArgs false`
SunPrize\Certificate\Theory001.lean:357:56: warning: This simp argument is unused:
  not_le

Hint: Omit it from the simp argument list.
  [apply] simp only [not_lt] at h ⊢

Note: This linter can be disabled with `set_option linter.unusedSimpArgs false`
SunPrize\Certificate\Theory001.lean:359:56: warning: This simp argument is unused:
  not_le

Hint: Omit it from the simp argument list.
  [apply] simp only [not_lt] at h ⊢

Note: This linter can be disabled with `set_option linter.unusedSimpArgs false`
SunPrize\Certificate\Theory001.lean:361:56: warning: This simp argument is unused:
  not_le

Hint: Omit it from the simp argument list.
  [apply] simp only [not_lt] at h ⊢

Note: This linter can be disabled with `set_option linter.unusedSimpArgs false`
SunPrize\Certificate\Theory001.lean:363:56: warning: This simp argument is unused:
  not_le

Hint: Omit it from the simp argument list.
  [apply] simp only [not_lt] at h ⊢

Note: This linter can be disabled with `set_option linter.unusedSimpArgs false`
SunPrize\Certificate\Theory001.lean:333:32: warning: Unused tactic linter: `(try simp only [not_lt, not_le] at h ⊢)` does nothing

Note: This linter can be disabled with `set_option linter.unusedTactic false`
SunPrize\Certificate\Theory001.lean:335:32: warning: Unused tactic linter: `(try simp only [not_lt, not_le] at h ⊢)` does nothing

Note: This linter can be disabled with `set_option linter.unusedTactic false`
SunPrize\Certificate\Theory001.lean:337:32: warning: Unused tactic linter: `(try simp only [not_lt, not_le] at h ⊢)` does nothing

Note: This linter can be disabled with `set_option linter.unusedTactic false`
SunPrize\Certificate\Theory001.lean:353:32: warning: Unused tactic linter: `(try simp only [not_lt, not_le] at h ⊢)` does nothing

Note: This linter can be disabled with `set_option linter.unusedTactic false`
SunPrize\Certificate\Theory001.lean:365:2: warning: Unused tactic linter: `all_goals clear e0 e1 e2 e3 e4 e5 e6 e7 e8 e9 e10 e11 e12 e13 e14 e15` does nothing

Note: This linter can be disabled with `set_option linter.unusedTactic false`
SunPrize\Certificate\Theory001.lean:366:2: warning: Unused tactic linter: `all_goals tauto` does nothing

Note: This linter can be disabled with `set_option linter.unusedTactic false`
SunPrize\Certificate\Theory001.lean:365:12: warning: this tactic is never executed

Note: This linter can be disabled with `set_option linter.unreachableTactic false`
SunPrize\Certificate\Theory001.lean:366:12: warning: this tactic is never executed

Note: This linter can be disabled with `set_option linter.unreachableTactic false`
SunPrize\Certificate\Theory001.lean:373:56: warning: This simp argument is unused:
  not_le

Hint: Omit it from the simp argument list.
  [apply] simp only [not_lt] at h ⊢

Note: This linter can be disabled with `set_option linter.unusedSimpArgs false`
SunPrize\Certificate\Theory001.lean:377:56: warning: This simp argument is unused:
  not_le

Hint: Omit it from the simp argument list.
  [apply] simp only [not_lt] at h ⊢

Note: This linter can be disabled with `set_option linter.unusedSimpArgs false`
SunPrize\Certificate\Theory001.lean:371:32: warning: Unused tactic linter: `(try simp only [not_lt, not_le] at h ⊢)` does nothing

Note: This linter can be disabled with `set_option linter.unusedTactic false`
SunPrize\Certificate\Theory001.lean:375:32: warning: Unused tactic linter: `(try simp only [not_lt, not_le] at h ⊢)` does nothing

Note: This linter can be disabled with `set_option linter.unusedTactic false`
SunPrize\Certificate\Theory001.lean:379:32: warning: Unused tactic linter: `(try simp only [not_lt, not_le] at h ⊢)` does nothing

Note: This linter can be disabled with `set_option linter.unusedTactic false`
SunPrize\Certificate\Theory001.lean:387:56: warning: This simp argument is unused:
  not_le

Hint: Omit it from the simp argument list.
  [apply] simp only [not_lt] at h ⊢

Note: This linter can be disabled with `set_option linter.unusedSimpArgs false`
SunPrize\Certificate\Theory001.lean:389:56: warning: This simp argument is unused:
  not_le

Hint: Omit it from the simp argument list.
  [apply] simp only [not_lt] at h ⊢

Note: This linter can be disabled with `set_option linter.unusedSimpArgs false`
SunPrize\Certificate\Theory001.lean:391:56: warning: This simp argument is unused:
  not_le

Hint: Omit it from the simp argument list.
  [apply] simp only [not_lt] at h ⊢

Note: This linter can be disabled with `set_option linter.unusedSimpArgs false`
SunPrize\Certificate\Theory001.lean:393:56: warning: This simp argument is unused:
  not_le

Hint: Omit it from the simp argument list.
  [apply] simp only [not_lt] at h ⊢

Note: This linter can be disabled with `set_option linter.unusedSimpArgs false`
SunPrize\Certificate\Theory001.lean:395:56: warning: This simp argument is unused:
  not_le

Hint: Omit it from the simp argument list.
  [apply] simp only [not_lt] at h ⊢

Note: This linter can be disabled with `set_option linter.unusedSimpArgs false`
SunPrize\Certificate\Theory001.lean:409:56: warning: This simp argument is unused:
  not_le

Hint: Omit it from the simp argument list.
  [apply] simp only [not_lt] at h ⊢

Note: This linter can be disabled with `set_option linter.unusedSimpArgs false`
SunPrize\Certificate\Theory001.lean:411:56: warning: This simp argument is unused:
  not_le

Hint: Omit it from the simp argument list.
  [apply] simp only [not_lt] at h ⊢

Note: This linter can be disabled with `set_option linter.unusedSimpArgs false`
SunPrize\Certificate\Theory001.lean:413:56: warning: This simp argument is unused:
  not_le

Hint: Omit it from the simp argument list.
  [apply] simp only [not_lt] at h ⊢

Note: This linter can be disabled with `set_option linter.unusedSimpArgs false`
SunPrize\Certificate\Theory001.lean:415:56: warning: This simp argument is unused:
  not_le

Hint: Omit it from the simp argument list.
  [apply] simp only [not_lt] at h ⊢

Note: This linter can be disabled with `set_option linter.unusedSimpArgs false`
SunPrize\Certificate\Theory001.lean:417:56: warning: This simp argument is unused:
  not_le

Hint: Omit it from the simp argument list.
  [apply] simp only [not_lt] at h ⊢

Note: This linter can be disabled with `set_option linter.unusedSimpArgs false`
SunPrize\Certificate\Theory001.lean:419:56: warning: This simp argument is unused:
  not_le

Hint: Omit it from the simp argument list.
  [apply] simp only [not_lt] at h ⊢

Note: This linter can be disabled with `set_option linter.unusedSimpArgs false`
SunPrize\Certificate\Theory001.lean:421:56: warning: This simp argument is unused:
  not_le

Hint: Omit it from the simp argument list.
  [apply] simp only [not_lt] at h ⊢

Note: This linter can be disabled with `set_option linter.unusedSimpArgs false`
SunPrize\Certificate\Theory001.lean:425:56: warning: This simp argument is unused:
  not_le

Hint: Omit it from the simp argument list.
  [apply] simp only [not_lt] at h ⊢

Note: This linter can be disabled with `set_option linter.unusedSimpArgs false`
SunPrize\Certificate\Theory001.lean:427:56: warning: This simp argument is unused:
  not_le

Hint: Omit it from the simp argument list.
  [apply] simp only [not_lt] at h ⊢

Note: This linter can be disabled with `set_option linter.unusedSimpArgs false`
SunPrize\Certificate\Theory001.lean:429:56: warning: This simp argument is unused:
  not_le

Hint: Omit it from the simp argument list.
  [apply] simp only [not_lt] at h ⊢

Note: This linter can be disabled with `set_option linter.unusedSimpArgs false`
SunPrize\Certificate\Theory001.lean:431:56: warning: This simp argument is unused:
  not_le

Hint: Omit it from the simp argument list.
  [apply] simp only [not_lt] at h ⊢

Note: This linter can be disabled with `set_option linter.unusedSimpArgs false`
SunPrize\Certificate\Theory001.lean:433:56: warning: This simp argument is unused:
  not_le

Hint: Omit it from the simp argument list.
  [apply] simp only [not_lt] at h ⊢

Note: This linter can be disabled with `set_option linter.unusedSimpArgs false`
SunPrize\Certificate\Theory001.lean:403:32: warning: Unused tactic linter: `(try simp only [not_lt, not_le] at h ⊢)` does nothing

Note: This linter can be disabled with `set_option linter.unusedTactic false`
SunPrize\Certificate\Theory001.lean:405:32: warning: Unused tactic linter: `(try simp only [not_lt, not_le] at h ⊢)` does nothing

Note: This linter can be disabled with `set_option linter.unusedTactic false`
SunPrize\Certificate\Theory001.lean:407:32: warning: Unused tactic linter: `(try simp only [not_lt, not_le] at h ⊢)` does nothing

Note: This linter can be disabled with `set_option linter.unusedTactic false`
SunPrize\Certificate\Theory001.lean:423:32: warning: Unused tactic linter: `(try simp only [not_lt, not_le] at h ⊢)` does nothing

Note: This linter can be disabled with `set_option linter.unusedTactic false`
SunPrize\Certificate\Theory001.lean:435:2: warning: Unused tactic linter: `all_goals clear e0 e1 e2 e3 e4 e5 e6 e7 e8 e9 e10 e11 e12 e13 e14 e15` does nothing

Note: This linter can be disabled with `set_option linter.unusedTactic false`
SunPrize\Certificate\Theory001.lean:436:2: warning: Unused tactic linter: `all_goals tauto` does nothing

Note: This linter can be disabled with `set_option linter.unusedTactic false`
SunPrize\Certificate\Theory001.lean:435:12: warning: this tactic is never executed

Note: This linter can be disabled with `set_option linter.unreachableTactic false`
SunPrize\Certificate\Theory001.lean:436:12: warning: this tactic is never executed

Note: This linter can be disabled with `set_option linter.unreachableTactic false`
SunPrize\Certificate\Theory001.lean:448:56: warning: This simp argument is unused:
  not_le

Hint: Omit it from the simp argument list.
  [apply] simp only [not_lt] at h ⊢

Note: This linter can be disabled with `set_option linter.unusedSimpArgs false`
SunPrize\Certificate\Theory001.lean:456:56: warning: This simp argument is unused:
  not_le

Hint: Omit it from the simp argument list.
  [apply] simp only [not_lt] at h ⊢

Note: This linter can be disabled with `set_option linter.unusedSimpArgs false`
SunPrize\Certificate\Theory001.lean:458:56: warning: This simp argument is unused:
  not_le

Hint: Omit it from the simp argument list.
  [apply] simp only [not_lt] at h ⊢

Note: This linter can be disabled with `set_option linter.unusedSimpArgs false`
SunPrize\Certificate\Theory001.lean:460:56: warning: This simp argument is unused:
  not_le

Hint: Omit it from the simp argument list.
  [apply] simp only [not_lt] at h ⊢

Note: This linter can be disabled with `set_option linter.unusedSimpArgs false`
SunPrize\Certificate\Theory001.lean:462:56: warning: This simp argument is unused:
  not_le

Hint: Omit it from the simp argument list.
  [apply] simp only [not_lt] at h ⊢

Note: This linter can be disabled with `set_option linter.unusedSimpArgs false`
SunPrize\Certificate\Theory001.lean:464:56: warning: This simp argument is unused:
  not_le

Hint: Omit it from the simp argument list.
  [apply] simp only [not_lt] at h ⊢

Note: This linter can be disabled with `set_option linter.unusedSimpArgs false`
SunPrize\Certificate\Theory001.lean:466:56: warning: This simp argument is unused:
  not_le

Hint: Omit it from the simp argument list.
  [apply] simp only [not_lt] at h ⊢

Note: This linter can be disabled with `set_option linter.unusedSimpArgs false`
SunPrize\Certificate\Theory001.lean:468:56: warning: This simp argument is unused:
  not_le

Hint: Omit it from the simp argument list.
  [apply] simp only [not_lt] at h ⊢

Note: This linter can be disabled with `set_option linter.unusedSimpArgs false`
SunPrize\Certificate\Theory001.lean:472:56: warning: This simp argument is unused:
  not_le

Hint: Omit it from the simp argument list.
  [apply] simp only [not_lt] at h ⊢

Note: This linter can be disabled with `set_option linter.unusedSimpArgs false`
SunPrize\Certificate\Theory001.lean:474:56: warning: This simp argument is unused:
  not_le

Hint: Omit it from the simp argument list.
  [apply] simp only [not_lt] at h ⊢

Note: This linter can be disabled with `set_option linter.unusedSimpArgs false`
SunPrize\Certificate\Theory001.lean:476:56: warning: This simp argument is unused:
  not_le

Hint: Omit it from the simp argument list.
  [apply] simp only [not_lt] at h ⊢

Note: This linter can be disabled with `set_option linter.unusedSimpArgs false`
SunPrize\Certificate\Theory001.lean:478:56: warning: This simp argument is unused:
  not_le

Hint: Omit it from the simp argument list.
  [apply] simp only [not_lt] at h ⊢

Note: This linter can be disabled with `set_option linter.unusedSimpArgs false`
SunPrize\Certificate\Theory001.lean:450:32: warning: Unused tactic linter: `(try simp only [not_lt, not_le] at h ⊢)` does nothing

Note: This linter can be disabled with `set_option linter.unusedTactic false`
SunPrize\Certificate\Theory001.lean:452:32: warning: Unused tactic linter: `(try simp only [not_lt, not_le] at h ⊢)` does nothing

Note: This linter can be disabled with `set_option linter.unusedTactic false`
SunPrize\Certificate\Theory001.lean:454:32: warning: Unused tactic linter: `(try simp only [not_lt, not_le] at h ⊢)` does nothing

Note: This linter can be disabled with `set_option linter.unusedTactic false`
SunPrize\Certificate\Theory001.lean:470:32: warning: Unused tactic linter: `(try simp only [not_lt, not_le] at h ⊢)` does nothing

Note: This linter can be disabled with `set_option linter.unusedTactic false`
SunPrize\Certificate\Theory001.lean:480:2: warning: Unused tactic linter: `all_goals clear e0 e1 e2 e3 e4 e5 e6 e7 e8 e9 e10 e11 e12 e13 e14 e15` does nothing

Note: This linter can be disabled with `set_option linter.unusedTactic false`
SunPrize\Certificate\Theory001.lean:481:2: warning: Unused tactic linter: `all_goals tauto` does nothing

Note: This linter can be disabled with `set_option linter.unusedTactic false`
SunPrize\Certificate\Theory001.lean:480:12: warning: this tactic is never executed

Note: This linter can be disabled with `set_option linter.unreachableTactic false`
SunPrize\Certificate\Theory001.lean:481:12: warning: this tactic is never executed

Note: This linter can be disabled with `set_option linter.unreachableTactic false`
SunPrize\Certificate\Theory001.lean:492:56: warning: This simp argument is unused:
  not_le

Hint: Omit it from the simp argument list.
  [apply] simp only [not_lt] at h ⊢

Note: This linter can be disabled with `set_option linter.unusedSimpArgs false`
SunPrize\Certificate\Theory001.lean:494:56: warning: This simp argument is unused:
  not_le

Hint: Omit it from the simp argument list.
  [apply] simp only [not_lt] at h ⊢

Note: This linter can be disabled with `set_option linter.unusedSimpArgs false`
SunPrize\Certificate\Theory001.lean:496:56: warning: This simp argument is unused:
  not_le

Hint: Omit it from the simp argument list.
  [apply] simp only [not_lt] at h ⊢

Note: This linter can be disabled with `set_option linter.unusedSimpArgs false`
SunPrize\Certificate\Theory001.lean:498:56: warning: This simp argument is unused:
  not_le

Hint: Omit it from the simp argument list.
  [apply] simp only [not_lt] at h ⊢

Note: This linter can be disabled with `set_option linter.unusedSimpArgs false`
SunPrize\Certificate\Theory001.lean:500:56: warning: This simp argument is unused:
  not_le

Hint: Omit it from the simp argument list.
  [apply] simp only [not_lt] at h ⊢

Note: This linter can be disabled with `set_option linter.unusedSimpArgs false`
SunPrize\Certificate\Theory001.lean:502:56: warning: This simp argument is unused:
  not_le

Hint: Omit it from the simp argument list.
  [apply] simp only [not_lt] at h ⊢

Note: This linter can be disabled with `set_option linter.unusedSimpArgs false`
SunPrize\Certificate\Theory001.lean:504:56: warning: This simp argument is unused:
  not_le

Hint: Omit it from the simp argument list.
  [apply] simp only [not_lt] at h ⊢

Note: This linter can be disabled with `set_option linter.unusedSimpArgs false`
SunPrize\Certificate\Theory001.lean:508:56: warning: This simp argument is unused:
  not_le

Hint: Omit it from the simp argument list.
  [apply] simp only [not_lt] at h ⊢

Note: This linter can be disabled with `set_option linter.unusedSimpArgs false`
SunPrize\Certificate\Theory001.lean:510:56: warning: This simp argument is unused:
  not_le

Hint: Omit it from the simp argument list.
  [apply] simp only [not_lt] at h ⊢

Note: This linter can be disabled with `set_option linter.unusedSimpArgs false`
SunPrize\Certificate\Theory001.lean:512:56: warning: This simp argument is unused:
  not_le

Hint: Omit it from the simp argument list.
  [apply] simp only [not_lt] at h ⊢

Note: This linter can be disabled with `set_option linter.unusedSimpArgs false`
SunPrize\Certificate\Theory001.lean:514:56: warning: This simp argument is unused:
  not_le

Hint: Omit it from the simp argument list.
  [apply] simp only [not_lt] at h ⊢

Note: This linter can be disabled with `set_option linter.unusedSimpArgs false`
SunPrize\Certificate\Theory001.lean:516:56: warning: This simp argument is unused:
  not_le

Hint: Omit it from the simp argument list.
  [apply] simp only [not_lt] at h ⊢

Note: This linter can be disabled with `set_option linter.unusedSimpArgs false`
SunPrize\Certificate\Theory001.lean:486:32: warning: Unused tactic linter: `(try simp only [not_lt, not_le] at h ⊢)` does nothing

Note: This linter can be disabled with `set_option linter.unusedTactic false`
SunPrize\Certificate\Theory001.lean:488:32: warning: Unused tactic linter: `(try simp only [not_lt, not_le] at h ⊢)` does nothing

Note: This linter can be disabled with `set_option linter.unusedTactic false`
SunPrize\Certificate\Theory001.lean:490:32: warning: Unused tactic linter: `(try simp only [not_lt, not_le] at h ⊢)` does nothing

Note: This linter can be disabled with `set_option linter.unusedTactic false`
SunPrize\Certificate\Theory001.lean:506:32: warning: Unused tactic linter: `(try simp only [not_lt, not_le] at h ⊢)` does nothing

Note: This linter can be disabled with `set_option linter.unusedTactic false`
SunPrize\Certificate\Theory001.lean:518:2: warning: Unused tactic linter: `all_goals clear e0 e1 e2 e3 e4 e5 e6 e7 e8 e9 e10 e11 e12 e13 e14 e15` does nothing

Note: This linter can be disabled with `set_option linter.unusedTactic false`
SunPrize\Certificate\Theory001.lean:519:2: warning: Unused tactic linter: `all_goals tauto` does nothing

Note: This linter can be disabled with `set_option linter.unusedTactic false`
SunPrize\Certificate\Theory001.lean:518:12: warning: this tactic is never executed

Note: This linter can be disabled with `set_option linter.unreachableTactic false`
SunPrize\Certificate\Theory001.lean:519:12: warning: this tactic is never executed

Note: This linter can be disabled with `set_option linter.unreachableTactic false`
SunPrize\Certificate\Theory001.lean:530:56: warning: This simp argument is unused:
  not_le

Hint: Omit it from the simp argument list.
  [apply] simp only [not_lt] at h ⊢

Note: This linter can be disabled with `set_option linter.unusedSimpArgs false`
SunPrize\Certificate\Theory001.lean:532:56: warning: This simp argument is unused:
  not_le

Hint: Omit it from the simp argument list.
  [apply] simp only [not_lt] at h ⊢

Note: This linter can be disabled with `set_option linter.unusedSimpArgs false`
SunPrize\Certificate\Theory001.lean:534:56: warning: This simp argument is unused:
  not_le

Hint: Omit it from the simp argument list.
  [apply] simp only [not_lt] at h ⊢

Note: This linter can be disabled with `set_option linter.unusedSimpArgs false`
SunPrize\Certificate\Theory001.lean:536:56: warning: This simp argument is unused:
  not_le

Hint: Omit it from the simp argument list.
  [apply] simp only [not_lt] at h ⊢

Note: This linter can be disabled with `set_option linter.unusedSimpArgs false`
SunPrize\Certificate\Theory001.lean:538:56: warning: This simp argument is unused:
  not_le

Hint: Omit it from the simp argument list.
  [apply] simp only [not_lt] at h ⊢

Note: This linter can be disabled with `set_option linter.unusedSimpArgs false`
SunPrize\Certificate\Theory001.lean:540:56: warning: This simp argument is unused:
  not_le

Hint: Omit it from the simp argument list.
  [apply] simp only [not_lt] at h ⊢

Note: This linter can be disabled with `set_option linter.unusedSimpArgs false`
SunPrize\Certificate\Theory001.lean:542:56: warning: This simp argument is unused:
  not_le

Hint: Omit it from the simp argument list.
  [apply] simp only [not_lt] at h ⊢

Note: This linter can be disabled with `set_option linter.unusedSimpArgs false`
SunPrize\Certificate\Theory001.lean:546:56: warning: This simp argument is unused:
  not_le

Hint: Omit it from the simp argument list.
  [apply] simp only [not_lt] at h ⊢

Note: This linter can be disabled with `set_option linter.unusedSimpArgs false`
SunPrize\Certificate\Theory001.lean:548:56: warning: This simp argument is unused:
  not_le

Hint: Omit it from the simp argument list.
  [apply] simp only [not_lt] at h ⊢

Note: This linter can be disabled with `set_option linter.unusedSimpArgs false`
SunPrize\Certificate\Theory001.lean:550:56: warning: This simp argument is unused:
  not_le

Hint: Omit it from the simp argument list.
  [apply] simp only [not_lt] at h ⊢

Note: This linter can be disabled with `set_option linter.unusedSimpArgs false`
SunPrize\Certificate\Theory001.lean:552:56: warning: This simp argument is unused:
  not_le

Hint: Omit it from the simp argument list.
  [apply] simp only [not_lt] at h ⊢

Note: This linter can be disabled with `set_option linter.unusedSimpArgs false`
SunPrize\Certificate\Theory001.lean:554:56: warning: This simp argument is unused:
  not_le

Hint: Omit it from the simp argument list.
  [apply] simp only [not_lt] at h ⊢

Note: This linter can be disabled with `set_option linter.unusedSimpArgs false`
SunPrize\Certificate\Theory001.lean:524:32: warning: Unused tactic linter: `(try simp only [not_lt, not_le] at h ⊢)` does nothing

Note: This linter can be disabled with `set_option linter.unusedTactic false`
SunPrize\Certificate\Theory001.lean:526:32: warning: Unused tactic linter: `(try simp only [not_lt, not_le] at h ⊢)` does nothing

Note: This linter can be disabled with `set_option linter.unusedTactic false`
SunPrize\Certificate\Theory001.lean:528:32: warning: Unused tactic linter: `(try simp only [not_lt, not_le] at h ⊢)` does nothing

Note: This linter can be disabled with `set_option linter.unusedTactic false`
SunPrize\Certificate\Theory001.lean:544:32: warning: Unused tactic linter: `(try simp only [not_lt, not_le] at h ⊢)` does nothing

Note: This linter can be disabled with `set_option linter.unusedTactic false`
SunPrize\Certificate\Theory001.lean:556:2: warning: Unused tactic linter: `all_goals clear e0 e1 e2 e3 e4 e5 e6 e7 e8 e9 e10 e11 e12 e13 e14 e15` does nothing

Note: This linter can be disabled with `set_option linter.unusedTactic false`
SunPrize\Certificate\Theory001.lean:557:2: warning: Unused tactic linter: `all_goals tauto` does nothing

Note: This linter can be disabled with `set_option linter.unusedTactic false`
SunPrize\Certificate\Theory001.lean:556:12: warning: this tactic is never executed

Note: This linter can be disabled with `set_option linter.unreachableTactic false`
SunPrize\Certificate\Theory001.lean:557:12: warning: this tactic is never executed

Note: This linter can be disabled with `set_option linter.unreachableTactic false`
SunPrize\Certificate\Theory001.lean:564:56: warning: This simp argument is unused:
  not_le

Hint: Omit it from the simp argument list.
  [apply] simp only [not_lt] at h ⊢

Note: This linter can be disabled with `set_option linter.unusedSimpArgs false`
SunPrize\Certificate\Theory001.lean:566:56: warning: This simp argument is unused:
  not_le

Hint: Omit it from the simp argument list.
  [apply] simp only [not_lt] at h ⊢

Note: This linter can be disabled with `set_option linter.unusedSimpArgs false`
SunPrize\Certificate\Theory001.lean:562:32: warning: Unused tactic linter: `(try simp only [not_lt, not_le] at h ⊢)` does nothing

Note: This linter can be disabled with `set_option linter.unusedTactic false`
SunPrize\Certificate\Theory001.lean:568:32: warning: Unused tactic linter: `(try simp only [not_lt, not_le] at h ⊢)` does nothing

Note: This linter can be disabled with `set_option linter.unusedTactic false`
SunPrize\Certificate\Theory001.lean:570:32: warning: Unused tactic linter: `(try simp only [not_lt, not_le] at h ⊢)` does nothing

Note: This linter can be disabled with `set_option linter.unusedTactic false`
SunPrize\Certificate\Theory001.lean:578:56: warning: This simp argument is unused:
  not_le

Hint: Omit it from the simp argument list.
  [apply] simp only [not_lt] at h ⊢

Note: This linter can be disabled with `set_option linter.unusedSimpArgs false`
SunPrize\Certificate\Theory001.lean:580:56: warning: This simp argument is unused:
  not_le

Hint: Omit it from the simp argument list.
  [apply] simp only [not_lt] at h ⊢

Note: This linter can be disabled with `set_option linter.unusedSimpArgs false`
SunPrize\Certificate\Theory001.lean:582:56: warning: This simp argument is unused:
  not_le

Hint: Omit it from the simp argument list.
  [apply] simp only [not_lt] at h ⊢

Note: This linter can be disabled with `set_option linter.unusedSimpArgs false`
SunPrize\Certificate\Theory001.lean:584:56: warning: This simp argument is unused:
  not_le

Hint: Omit it from the simp argument list.
  [apply] simp only [not_lt] at h ⊢

Note: This linter can be disabled with `set_option linter.unusedSimpArgs false`
SunPrize\Certificate\Theory001.lean:586:56: warning: This simp argument is unused:
  not_le

Hint: Omit it from the simp argument list.
  [apply] simp only [not_lt] at h ⊢

Note: This linter can be disabled with `set_option linter.unusedSimpArgs false`
SunPrize\Certificate\Theory001.lean:608:56: warning: This simp argument is unused:
  not_le

Hint: Omit it from the simp argument list.
  [apply] simp only [not_lt] at h ⊢

Note: This linter can be disabled with `set_option linter.unusedSimpArgs false`
SunPrize\Certificate\Theory001.lean:616:56: warning: This simp argument is unused:
  not_le

Hint: Omit it from the simp argument list.
  [apply] simp only [not_lt] at h ⊢

Note: This linter can be disabled with `set_option linter.unusedSimpArgs false`
SunPrize\Certificate\Theory001.lean:618:56: warning: This simp argument is unused:
  not_le

Hint: Omit it from the simp argument list.
  [apply] simp only [not_lt] at h ⊢

Note: This linter can be disabled with `set_option linter.unusedSimpArgs false`
SunPrize\Certificate\Theory001.lean:620:56: warning: This simp argument is unused:
  not_le

Hint: Omit it from the simp argument list.
  [apply] simp only [not_lt] at h ⊢

Note: This linter can be disabled with `set_option linter.unusedSimpArgs false`
SunPrize\Certificate\Theory001.lean:622:56: warning: This simp argument is unused:
  not_le

Hint: Omit it from the simp argument list.
  [apply] simp only [not_lt] at h ⊢

Note: This linter can be disabled with `set_option linter.unusedSimpArgs false`
SunPrize\Certificate\Theory001.lean:624:56: warning: This simp argument is unused:
  not_le

Hint: Omit it from the simp argument list.
  [apply] simp only [not_lt] at h ⊢

Note: This linter can be disabled with `set_option linter.unusedSimpArgs false`
SunPrize\Certificate\Theory001.lean:626:56: warning: This simp argument is unused:
  not_le

Hint: Omit it from the simp argument list.
  [apply] simp only [not_lt] at h ⊢

Note: This linter can be disabled with `set_option linter.unusedSimpArgs false`
SunPrize\Certificate\Theory001.lean:628:56: warning: This simp argument is unused:
  not_le

Hint: Omit it from the simp argument list.
  [apply] simp only [not_lt] at h ⊢

Note: This linter can be disabled with `set_option linter.unusedSimpArgs false`
SunPrize\Certificate\Theory001.lean:632:56: warning: This simp argument is unused:
  not_le

Hint: Omit it from the simp argument list.
  [apply] simp only [not_lt] at h ⊢

Note: This linter can be disabled with `set_option linter.unusedSimpArgs false`
SunPrize\Certificate\Theory001.lean:634:56: warning: This simp argument is unused:
  not_le

Hint: Omit it from the simp argument list.
  [apply] simp only [not_lt] at h ⊢

Note: This linter can be disabled with `set_option linter.unusedSimpArgs false`
SunPrize\Certificate\Theory001.lean:636:56: warning: This simp argument is unused:
  not_le

Hint: Omit it from the simp argument list.
  [apply] simp only [not_lt] at h ⊢

Note: This linter can be disabled with `set_option linter.unusedSimpArgs false`
SunPrize\Certificate\Theory001.lean:638:56: warning: This simp argument is unused:
  not_le

Hint: Omit it from the simp argument list.
  [apply] simp only [not_lt] at h ⊢

Note: This linter can be disabled with `set_option linter.unusedSimpArgs false`
SunPrize\Certificate\Theory001.lean:610:32: warning: Unused tactic linter: `(try simp only [not_lt, not_le] at h ⊢)` does nothing

Note: This linter can be disabled with `set_option linter.unusedTactic false`
SunPrize\Certificate\Theory001.lean:612:32: warning: Unused tactic linter: `(try simp only [not_lt, not_le] at h ⊢)` does nothing

Note: This linter can be disabled with `set_option linter.unusedTactic false`
SunPrize\Certificate\Theory001.lean:614:32: warning: Unused tactic linter: `(try simp only [not_lt, not_le] at h ⊢)` does nothing

Note: This linter can be disabled with `set_option linter.unusedTactic false`
SunPrize\Certificate\Theory001.lean:630:32: warning: Unused tactic linter: `(try simp only [not_lt, not_le] at h ⊢)` does nothing

Note: This linter can be disabled with `set_option linter.unusedTactic false`
SunPrize\Certificate\Theory001.lean:640:2: warning: Unused tactic linter: `all_goals clear e0 e1 e2 e3 e4 e5 e6 e7 e8 e9 e10 e11 e12 e13 e14 e15` does nothing

Note: This linter can be disabled with `set_option linter.unusedTactic false`
SunPrize\Certificate\Theory001.lean:641:2: warning: Unused tactic linter: `all_goals tauto` does nothing

Note: This linter can be disabled with `set_option linter.unusedTactic false`
SunPrize\Certificate\Theory001.lean:640:12: warning: this tactic is never executed

Note: This linter can be disabled with `set_option linter.unreachableTactic false`
SunPrize\Certificate\Theory001.lean:641:12: warning: this tactic is never executed

Note: This linter can be disabled with `set_option linter.unreachableTactic false`
SunPrize\Certificate\Theory001.lean:646:56: warning: This simp argument is unused:
  not_le

Hint: Omit it from the simp argument list.
  [apply] simp only [not_lt] at h ⊢

Note: This linter can be disabled with `set_option linter.unusedSimpArgs false`
SunPrize\Certificate\Theory001.lean:654:56: warning: This simp argument is unused:
  not_le

Hint: Omit it from the simp argument list.
  [apply] simp only [not_lt] at h ⊢

Note: This linter can be disabled with `set_option linter.unusedSimpArgs false`
SunPrize\Certificate\Theory001.lean:656:56: warning: This simp argument is unused:
  not_le

Hint: Omit it from the simp argument list.
  [apply] simp only [not_lt] at h ⊢

Note: This linter can be disabled with `set_option linter.unusedSimpArgs false`
SunPrize\Certificate\Theory001.lean:658:56: warning: This simp argument is unused:
  not_le

Hint: Omit it from the simp argument list.
  [apply] simp only [not_lt] at h ⊢

Note: This linter can be disabled with `set_option linter.unusedSimpArgs false`
SunPrize\Certificate\Theory001.lean:660:56: warning: This simp argument is unused:
  not_le

Hint: Omit it from the simp argument list.
  [apply] simp only [not_lt] at h ⊢

Note: This linter can be disabled with `set_option linter.unusedSimpArgs false`
SunPrize\Certificate\Theory001.lean:662:56: warning: This simp argument is unused:
  not_le

Hint: Omit it from the simp argument list.
  [apply] simp only [not_lt] at h ⊢

Note: This linter can be disabled with `set_option linter.unusedSimpArgs false`
SunPrize\Certificate\Theory001.lean:664:56: warning: This simp argument is unused:
  not_le

Hint: Omit it from the simp argument list.
  [apply] simp only [not_lt] at h ⊢

Note: This linter can be disabled with `set_option linter.unusedSimpArgs false`
SunPrize\Certificate\Theory001.lean:666:56: warning: This simp argument is unused:
  not_le

Hint: Omit it from the simp argument list.
  [apply] simp only [not_lt] at h ⊢

Note: This linter can be disabled with `set_option linter.unusedSimpArgs false`
SunPrize\Certificate\Theory001.lean:670:56: warning: This simp argument is unused:
  not_le

Hint: Omit it from the simp argument list.
  [apply] simp only [not_lt] at h ⊢

Note: This linter can be disabled with `set_option linter.unusedSimpArgs false`
SunPrize\Certificate\Theory001.lean:672:56: warning: This simp argument is unused:
  not_le

Hint: Omit it from the simp argument list.
  [apply] simp only [not_lt] at h ⊢

Note: This linter can be disabled with `set_option linter.unusedSimpArgs false`
SunPrize\Certificate\Theory001.lean:674:56: warning: This simp argument is unused:
  not_le

Hint: Omit it from the simp argument list.
  [apply] simp only [not_lt] at h ⊢

Note: This linter can be disabled with `set_option linter.unusedSimpArgs false`
SunPrize\Certificate\Theory001.lean:676:56: warning: This simp argument is unused:
  not_le

Hint: Omit it from the simp argument list.
  [apply] simp only [not_lt] at h ⊢

Note: This linter can be disabled with `set_option linter.unusedSimpArgs false`
SunPrize\Certificate\Theory001.lean:648:32: warning: Unused tactic linter: `(try simp only [not_lt, not_le] at h ⊢)` does nothing

Note: This linter can be disabled with `set_option linter.unusedTactic false`
SunPrize\Certificate\Theory001.lean:650:32: warning: Unused tactic linter: `(try simp only [not_lt, not_le] at h ⊢)` does nothing

Note: This linter can be disabled with `set_option linter.unusedTactic false`
SunPrize\Certificate\Theory001.lean:652:32: warning: Unused tactic linter: `(try simp only [not_lt, not_le] at h ⊢)` does nothing

Note: This linter can be disabled with `set_option linter.unusedTactic false`
SunPrize\Certificate\Theory001.lean:668:32: warning: Unused tactic linter: `(try simp only [not_lt, not_le] at h ⊢)` does nothing

Note: This linter can be disabled with `set_option linter.unusedTactic false`
SunPrize\Certificate\Theory001.lean:678:2: warning: Unused tactic linter: `all_goals clear e0 e1 e2 e3 e4 e5 e6 e7 e8 e9 e10 e11 e12 e13 e14 e15` does nothing

Note: This linter can be disabled with `set_option linter.unusedTactic false`
SunPrize\Certificate\Theory001.lean:679:2: warning: Unused tactic linter: `all_goals tauto` does nothing

Note: This linter can be disabled with `set_option linter.unusedTactic false`
SunPrize\Certificate\Theory001.lean:678:12: warning: this tactic is never executed

Note: This linter can be disabled with `set_option linter.unreachableTactic false`
SunPrize\Certificate\Theory001.lean:679:12: warning: this tactic is never executed

Note: This linter can be disabled with `set_option linter.unreachableTactic false`
SunPrize\Certificate\Theory001.lean:684:56: warning: This simp argument is unused:
  not_le

Hint: Omit it from the simp argument list.
  [apply] simp only [not_lt] at h ⊢

Note: This linter can be disabled with `set_option linter.unusedSimpArgs false`
SunPrize\Certificate\Theory001.lean:686:56: warning: This simp argument is unused:
  not_le

Hint: Omit it from the simp argument list.
  [apply] simp only [not_lt] at h ⊢

Note: This linter can be disabled with `set_option linter.unusedSimpArgs false`
SunPrize\Certificate\Theory001.lean:692:56: warning: This simp argument is unused:
  not_le

Hint: Omit it from the simp argument list.
  [apply] simp only [not_lt] at h ⊢

Note: This linter can be disabled with `set_option linter.unusedSimpArgs false`
SunPrize\Certificate\Theory001.lean:694:56: warning: This simp argument is unused:
  not_le

Hint: Omit it from the simp argument list.
  [apply] simp only [not_lt] at h ⊢

Note: This linter can be disabled with `set_option linter.unusedSimpArgs false`
SunPrize\Certificate\Theory001.lean:696:56: warning: This simp argument is unused:
  not_le

Hint: Omit it from the simp argument list.
  [apply] simp only [not_lt] at h ⊢

Note: This linter can be disabled with `set_option linter.unusedSimpArgs false`
SunPrize\Certificate\Theory001.lean:700:56: warning: This simp argument is unused:
  not_le

Hint: Omit it from the simp argument list.
  [apply] simp only [not_lt] at h ⊢

Note: This linter can be disabled with `set_option linter.unusedSimpArgs false`
SunPrize\Certificate\Theory001.lean:702:56: warning: This simp argument is unused:
  not_le

Hint: Omit it from the simp argument list.
  [apply] simp only [not_lt] at h ⊢

Note: This linter can be disabled with `set_option linter.unusedSimpArgs false`
SunPrize\Certificate\Theory001.lean:704:56: warning: This simp argument is unused:
  not_le

Hint: Omit it from the simp argument list.
  [apply] simp only [not_lt] at h ⊢

Note: This linter can be disabled with `set_option linter.unusedSimpArgs false`
SunPrize\Certificate\Theory001.lean:708:56: warning: This simp argument is unused:
  not_le

Hint: Omit it from the simp argument list.
  [apply] simp only [not_lt] at h ⊢

Note: This linter can be disabled with `set_option linter.unusedSimpArgs false`
SunPrize\Certificate\Theory001.lean:710:56: warning: This simp argument is unused:
  not_le

Hint: Omit it from the simp argument list.
  [apply] simp only [not_lt] at h ⊢

Note: This linter can be disabled with `set_option linter.unusedSimpArgs false`
SunPrize\Certificate\Theory001.lean:712:56: warning: This simp argument is unused:
  not_le

Hint: Omit it from the simp argument list.
  [apply] simp only [not_lt] at h ⊢

Note: This linter can be disabled with `set_option linter.unusedSimpArgs false`
SunPrize\Certificate\Theory001.lean:714:56: warning: This simp argument is unused:
  not_le

Hint: Omit it from the simp argument list.
  [apply] simp only [not_lt] at h ⊢

Note: This linter can be disabled with `set_option linter.unusedSimpArgs false`
SunPrize\Certificate\Theory001.lean:688:32: warning: Unused tactic linter: `(try simp only [not_lt, not_le] at h ⊢)` does nothing

Note: This linter can be disabled with `set_option linter.unusedTactic false`
SunPrize\Certificate\Theory001.lean:690:32: warning: Unused tactic linter: `(try simp only [not_lt, not_le] at h ⊢)` does nothing

Note: This linter can be disabled with `set_option linter.unusedTactic false`
SunPrize\Certificate\Theory001.lean:698:32: warning: Unused tactic linter: `(try simp only [not_lt, not_le] at h ⊢)` does nothing

Note: This linter can be disabled with `set_option linter.unusedTactic false`
SunPrize\Certificate\Theory001.lean:706:32: warning: Unused tactic linter: `(try simp only [not_lt, not_le] at h ⊢)` does nothing

Note: This linter can be disabled with `set_option linter.unusedTactic false`
SunPrize\Certificate\Theory001.lean:716:2: warning: Unused tactic linter: `all_goals clear e0 e1 e2 e3 e4 e5 e6 e7 e8 e9 e10 e11 e12 e13 e14 e15` does nothing

Note: This linter can be disabled with `set_option linter.unusedTactic false`
SunPrize\Certificate\Theory001.lean:717:2: warning: Unused tactic linter: `all_goals tauto` does nothing

Note: This linter can be disabled with `set_option linter.unusedTactic false`
SunPrize\Certificate\Theory001.lean:716:12: warning: this tactic is never executed

Note: This linter can be disabled with `set_option linter.unreachableTactic false`
SunPrize\Certificate\Theory001.lean:717:12: warning: this tactic is never executed

Note: This linter can be disabled with `set_option linter.unreachableTactic false`
SunPrize\Certificate\Theory001.lean:722:56: warning: This simp argument is unused:
  not_le

Hint: Omit it from the simp argument list.
  [apply] simp only [not_lt] at h ⊢

Note: This linter can be disabled with `set_option linter.unusedSimpArgs false`
SunPrize\Certificate\Theory001.lean:724:56: warning: This simp argument is unused:
  not_le

Hint: Omit it from the simp argument list.
  [apply] simp only [not_lt] at h ⊢

Note: This linter can be disabled with `set_option linter.unusedSimpArgs false`
SunPrize\Certificate\Theory001.lean:730:56: warning: This simp argument is unused:
  not_le

Hint: Omit it from the simp argument list.
  [apply] simp only [not_lt] at h ⊢

Note: This linter can be disabled with `set_option linter.unusedSimpArgs false`
SunPrize\Certificate\Theory001.lean:732:56: warning: This simp argument is unused:
  not_le

Hint: Omit it from the simp argument list.
  [apply] simp only [not_lt] at h ⊢

Note: This linter can be disabled with `set_option linter.unusedSimpArgs false`
SunPrize\Certificate\Theory001.lean:734:56: warning: This simp argument is unused:
  not_le

Hint: Omit it from the simp argument list.
  [apply] simp only [not_lt] at h ⊢

Note: This linter can be disabled with `set_option linter.unusedSimpArgs false`
SunPrize\Certificate\Theory001.lean:738:56: warning: This simp argument is unused:
  not_le

Hint: Omit it from the simp argument list.
  [apply] simp only [not_lt] at h ⊢

Note: This linter can be disabled with `set_option linter.unusedSimpArgs false`
SunPrize\Certificate\Theory001.lean:740:56: warning: This simp argument is unused:
  not_le

Hint: Omit it from the simp argument list.
  [apply] simp only [not_lt] at h ⊢

Note: This linter can be disabled with `set_option linter.unusedSimpArgs false`
SunPrize\Certificate\Theory001.lean:742:56: warning: This simp argument is unused:
  not_le

Hint: Omit it from the simp argument list.
  [apply] simp only [not_lt] at h ⊢

Note: This linter can be disabled with `set_option linter.unusedSimpArgs false`
SunPrize\Certificate\Theory001.lean:746:56: warning: This simp argument is unused:
  not_le

Hint: Omit it from the simp argument list.
  [apply] simp only [not_lt] at h ⊢

Note: This linter can be disabled with `set_option linter.unusedSimpArgs false`
SunPrize\Certificate\Theory001.lean:748:56: warning: This simp argument is unused:
  not_le

Hint: Omit it from the simp argument list.
  [apply] simp only [not_lt] at h ⊢

Note: This linter can be disabled with `set_option linter.unusedSimpArgs false`
SunPrize\Certificate\Theory001.lean:750:56: warning: This simp argument is unused:
  not_le

Hint: Omit it from the simp argument list.
  [apply] simp only [not_lt] at h ⊢

Note: This linter can be disabled with `set_option linter.unusedSimpArgs false`
SunPrize\Certificate\Theory001.lean:752:56: warning: This simp argument is unused:
  not_le

Hint: Omit it from the simp argument list.
  [apply] simp only [not_lt] at h ⊢

Note: This linter can be disabled with `set_option linter.unusedSimpArgs false`
SunPrize\Certificate\Theory001.lean:726:32: warning: Unused tactic linter: `(try simp only [not_lt, not_le] at h ⊢)` does nothing

Note: This linter can be disabled with `set_option linter.unusedTactic false`
SunPrize\Certificate\Theory001.lean:728:32: warning: Unused tactic linter: `(try simp only [not_lt, not_le] at h ⊢)` does nothing

Note: This linter can be disabled with `set_option linter.unusedTactic false`
SunPrize\Certificate\Theory001.lean:736:32: warning: Unused tactic linter: `(try simp only [not_lt, not_le] at h ⊢)` does nothing

Note: This linter can be disabled with `set_option linter.unusedTactic false`
SunPrize\Certificate\Theory001.lean:744:32: warning: Unused tactic linter: `(try simp only [not_lt, not_le] at h ⊢)` does nothing

Note: This linter can be disabled with `set_option linter.unusedTactic false`
SunPrize\Certificate\Theory001.lean:754:2: warning: Unused tactic linter: `all_goals clear e0 e1 e2 e3 e4 e5 e6 e7 e8 e9 e10 e11 e12 e13 e14 e15` does nothing

Note: This linter can be disabled with `set_option linter.unusedTactic false`
SunPrize\Certificate\Theory001.lean:755:2: warning: Unused tactic linter: `all_goals tauto` does nothing

Note: This linter can be disabled with `set_option linter.unusedTactic false`
SunPrize\Certificate\Theory001.lean:754:12: warning: this tactic is never executed

Note: This linter can be disabled with `set_option linter.unreachableTactic false`
SunPrize\Certificate\Theory001.lean:755:12: warning: this tactic is never executed

Note: This linter can be disabled with `set_option linter.unreachableTactic false`
SunPrize\Certificate\Theory001.lean:766:56: warning: This simp argument is unused:
  not_le

Hint: Omit it from the simp argument list.
  [apply] simp only [not_lt] at h ⊢

Note: This linter can be disabled with `set_option linter.unusedSimpArgs false`
SunPrize\Certificate\Theory001.lean:768:56: warning: This simp argument is unused:
  not_le

Hint: Omit it from the simp argument list.
  [apply] simp only [not_lt] at h ⊢

Note: This linter can be disabled with `set_option linter.unusedSimpArgs false`
SunPrize\Certificate\Theory001.lean:770:56: warning: This simp argument is unused:
  not_le

Hint: Omit it from the simp argument list.
  [apply] simp only [not_lt] at h ⊢

Note: This linter can be disabled with `set_option linter.unusedSimpArgs false`
SunPrize\Certificate\Theory001.lean:772:56: warning: This simp argument is unused:
  not_le

Hint: Omit it from the simp argument list.
  [apply] simp only [not_lt] at h ⊢

Note: This linter can be disabled with `set_option linter.unusedSimpArgs false`
SunPrize\Certificate\Theory001.lean:774:56: warning: This simp argument is unused:
  not_le

Hint: Omit it from the simp argument list.
  [apply] simp only [not_lt] at h ⊢

Note: This linter can be disabled with `set_option linter.unusedSimpArgs false`
SunPrize\Certificate\Theory001.lean:776:56: warning: This simp argument is unused:
  not_le

Hint: Omit it from the simp argument list.
  [apply] simp only [not_lt] at h ⊢

Note: This linter can be disabled with `set_option linter.unusedSimpArgs false`
SunPrize\Certificate\Theory001.lean:778:56: warning: This simp argument is unused:
  not_le

Hint: Omit it from the simp argument list.
  [apply] simp only [not_lt] at h ⊢

Note: This linter can be disabled with `set_option linter.unusedSimpArgs false`
SunPrize\Certificate\Theory001.lean:782:56: warning: This simp argument is unused:
  not_le

Hint: Omit it from the simp argument list.
  [apply] simp only [not_lt] at h ⊢

Note: This linter can be disabled with `set_option linter.unusedSimpArgs false`
SunPrize\Certificate\Theory001.lean:784:56: warning: This simp argument is unused:
  not_le

Hint: Omit it from the simp argument list.
  [apply] simp only [not_lt] at h ⊢

Note: This linter can be disabled with `set_option linter.unusedSimpArgs false`
SunPrize\Certificate\Theory001.lean:786:56: warning: This simp argument is unused:
  not_le

Hint: Omit it from the simp argument list.
  [apply] simp only [not_lt] at h ⊢

Note: This linter can be disabled with `set_option linter.unusedSimpArgs false`
SunPrize\Certificate\Theory001.lean:788:56: warning: This simp argument is unused:
  not_le

Hint: Omit it from the simp argument list.
  [apply] simp only [not_lt] at h ⊢

Note: This linter can be disabled with `set_option linter.unusedSimpArgs false`
SunPrize\Certificate\Theory001.lean:790:56: warning: This simp argument is unused:
  not_le

Hint: Omit it from the simp argument list.
  [apply] simp only [not_lt] at h ⊢

Note: This linter can be disabled with `set_option linter.unusedSimpArgs false`
SunPrize\Certificate\Theory001.lean:760:32: warning: Unused tactic linter: `(try simp only [not_lt, not_le] at h ⊢)` does nothing

Note: This linter can be disabled with `set_option linter.unusedTactic false`
SunPrize\Certificate\Theory001.lean:762:32: warning: Unused tactic linter: `(try simp only [not_lt, not_le] at h ⊢)` does nothing

Note: This linter can be disabled with `set_option linter.unusedTactic false`
SunPrize\Certificate\Theory001.lean:764:32: warning: Unused tactic linter: `(try simp only [not_lt, not_le] at h ⊢)` does nothing

Note: This linter can be disabled with `set_option linter.unusedTactic false`
SunPrize\Certificate\Theory001.lean:780:32: warning: Unused tactic linter: `(try simp only [not_lt, not_le] at h ⊢)` does nothing

Note: This linter can be disabled with `set_option linter.unusedTactic false`
SunPrize\Certificate\Theory001.lean:792:2: warning: Unused tactic linter: `all_goals clear e0 e1 e2 e3 e4 e5 e6 e7 e8 e9 e10 e11 e12 e13 e14 e15` does nothing

Note: This linter can be disabled with `set_option linter.unusedTactic false`
SunPrize\Certificate\Theory001.lean:793:2: warning: Unused tactic linter: `all_goals tauto` does nothing

Note: This linter can be disabled with `set_option linter.unusedTactic false`
SunPrize\Certificate\Theory001.lean:792:12: warning: this tactic is never executed

Note: This linter can be disabled with `set_option linter.unreachableTactic false`
SunPrize\Certificate\Theory001.lean:793:12: warning: this tactic is never executed

Note: This linter can be disabled with `set_option linter.unreachableTactic false`
SunPrize\Certificate\Theory001.lean:800:56: warning: This simp argument is unused:
  not_le

Hint: Omit it from the simp argument list.
  [apply] simp only [not_lt] at h ⊢

Note: This linter can be disabled with `set_option linter.unusedSimpArgs false`
SunPrize\Certificate\Theory001.lean:802:56: warning: This simp argument is unused:
  not_le

Hint: Omit it from the simp argument list.
  [apply] simp only [not_lt] at h ⊢

Note: This linter can be disabled with `set_option linter.unusedSimpArgs false`
SunPrize\Certificate\Theory001.lean:798:32: warning: Unused tactic linter: `(try simp only [not_lt, not_le] at h ⊢)` does nothing

Note: This linter can be disabled with `set_option linter.unusedTactic false`
SunPrize\Certificate\Theory001.lean:804:32: warning: Unused tactic linter: `(try simp only [not_lt, not_le] at h ⊢)` does nothing

Note: This linter can be disabled with `set_option linter.unusedTactic false`
SunPrize\Certificate\Theory001.lean:806:32: warning: Unused tactic linter: `(try simp only [not_lt, not_le] at h ⊢)` does nothing

Note: This linter can be disabled with `set_option linter.unusedTactic false`
SunPrize\Certificate\Theory001.lean:814:56: warning: This simp argument is unused:
  not_le

Hint: Omit it from the simp argument list.
  [apply] simp only [not_lt] at h ⊢

Note: This linter can be disabled with `set_option linter.unusedSimpArgs false`
SunPrize\Certificate\Theory001.lean:816:56: warning: This simp argument is unused:
  not_le

Hint: Omit it from the simp argument list.
  [apply] simp only [not_lt] at h ⊢

Note: This linter can be disabled with `set_option linter.unusedSimpArgs false`
SunPrize\Certificate\Theory001.lean:818:56: warning: This simp argument is unused:
  not_le

Hint: Omit it from the simp argument list.
  [apply] simp only [not_lt] at h ⊢

Note: This linter can be disabled with `set_option linter.unusedSimpArgs false`
SunPrize\Certificate\Theory001.lean:820:56: warning: This simp argument is unused:
  not_le

Hint: Omit it from the simp argument list.
  [apply] simp only [not_lt] at h ⊢

Note: This linter can be disabled with `set_option linter.unusedSimpArgs false`
SunPrize\Certificate\Theory001.lean:822:56: warning: This simp argument is unused:
  not_le

Hint: Omit it from the simp argument list.
  [apply] simp only [not_lt] at h ⊢

Note: This linter can be disabled with `set_option linter.unusedSimpArgs false`
SunPrize\Certificate\Theory001.lean:830:56: warning: This simp argument is unused:
  not_le

Hint: Omit it from the simp argument list.
  [apply] simp only [not_lt] at h ⊢

Note: This linter can be disabled with `set_option linter.unusedSimpArgs false`
SunPrize\Certificate\Theory001.lean:838:56: warning: This simp argument is unused:
  not_le

Hint: Omit it from the simp argument list.
  [apply] simp only [not_lt] at h ⊢

Note: This linter can be disabled with `set_option linter.unusedSimpArgs false`
SunPrize\Certificate\Theory001.lean:840:56: warning: This simp argument is unused:
  not_le

Hint: Omit it from the simp argument list.
  [apply] simp only [not_lt] at h ⊢

Note: This linter can be disabled with `set_option linter.unusedSimpArgs false`
SunPrize\Certificate\Theory001.lean:842:56: warning: This simp argument is unused:
  not_le

Hint: Omit it from the simp argument list.
  [apply] simp only [not_lt] at h ⊢

Note: This linter can be disabled with `set_option linter.unusedSimpArgs false`
SunPrize\Certificate\Theory001.lean:844:56: warning: This simp argument is unused:
  not_le

Hint: Omit it from the simp argument list.
  [apply] simp only [not_lt] at h ⊢

Note: This linter can be disabled with `set_option linter.unusedSimpArgs false`
SunPrize\Certificate\Theory001.lean:846:56: warning: This simp argument is unused:
  not_le

Hint: Omit it from the simp argument list.
  [apply] simp only [not_lt] at h ⊢

Note: This linter can be disabled with `set_option linter.unusedSimpArgs false`
SunPrize\Certificate\Theory001.lean:848:56: warning: This simp argument is unused:
  not_le

Hint: Omit it from the simp argument list.
  [apply] simp only [not_lt] at h ⊢

Note: This linter can be disabled with `set_option linter.unusedSimpArgs false`
SunPrize\Certificate\Theory001.lean:850:56: warning: This simp argument is unused:
  not_le

Hint: Omit it from the simp argument list.
  [apply] simp only [not_lt] at h ⊢

Note: This linter can be disabled with `set_option linter.unusedSimpArgs false`
SunPrize\Certificate\Theory001.lean:854:56: warning: This simp argument is unused:
  not_le

Hint: Omit it from the simp argument list.
  [apply] simp only [not_lt] at h ⊢

Note: This linter can be disabled with `set_option linter.unusedSimpArgs false`
SunPrize\Certificate\Theory001.lean:856:56: warning: This simp argument is unused:
  not_le

Hint: Omit it from the simp argument list.
  [apply] simp only [not_lt] at h ⊢

Note: This linter can be disabled with `set_option linter.unusedSimpArgs false`
SunPrize\Certificate\Theory001.lean:858:56: warning: This simp argument is unused:
  not_le

Hint: Omit it from the simp argument list.
  [apply] simp only [not_lt] at h ⊢

Note: This linter can be disabled with `set_option linter.unusedSimpArgs false`
SunPrize\Certificate\Theory001.lean:860:56: warning: This simp argument is unused:
  not_le

Hint: Omit it from the simp argument list.
  [apply] simp only [not_lt] at h ⊢

Note: This linter can be disabled with `set_option linter.unusedSimpArgs false`
SunPrize\Certificate\Theory001.lean:832:32: warning: Unused tactic linter: `(try simp only [not_lt, not_le] at h ⊢)` does nothing

Note: This linter can be disabled with `set_option linter.unusedTactic false`
SunPrize\Certificate\Theory001.lean:834:32: warning: Unused tactic linter: `(try simp only [not_lt, not_le] at h ⊢)` does nothing

Note: This linter can be disabled with `set_option linter.unusedTactic false`
SunPrize\Certificate\Theory001.lean:836:32: warning: Unused tactic linter: `(try simp only [not_lt, not_le] at h ⊢)` does nothing

Note: This linter can be disabled with `set_option linter.unusedTactic false`
SunPrize\Certificate\Theory001.lean:852:32: warning: Unused tactic linter: `(try simp only [not_lt, not_le] at h ⊢)` does nothing

Note: This linter can be disabled with `set_option linter.unusedTactic false`
SunPrize\Certificate\Theory001.lean:862:2: warning: Unused tactic linter: `all_goals clear e0 e1 e2 e3 e4 e5 e6 e7 e8 e9 e10 e11 e12 e13 e14 e15` does nothing

Note: This linter can be disabled with `set_option linter.unusedTactic false`
SunPrize\Certificate\Theory001.lean:863:2: warning: Unused tactic linter: `all_goals tauto` does nothing

Note: This linter can be disabled with `set_option linter.unusedTactic false`
SunPrize\Certificate\Theory001.lean:862:12: warning: this tactic is never executed

Note: This linter can be disabled with `set_option linter.unreachableTactic false`
SunPrize\Certificate\Theory001.lean:863:12: warning: this tactic is never executed

Note: This linter can be disabled with `set_option linter.unreachableTactic false`
SunPrize\Certificate\Theory001.lean:868:56: warning: This simp argument is unused:
  not_le

Hint: Omit it from the simp argument list.
  [apply] simp only [not_lt] at h ⊢

Note: This linter can be disabled with `set_option linter.unusedSimpArgs false`
SunPrize\Certificate\Theory001.lean:876:56: warning: This simp argument is unused:
  not_le

Hint: Omit it from the simp argument list.
  [apply] simp only [not_lt] at h ⊢

Note: This linter can be disabled with `set_option linter.unusedSimpArgs false`
SunPrize\Certificate\Theory001.lean:878:56: warning: This simp argument is unused:
  not_le

Hint: Omit it from the simp argument list.
  [apply] simp only [not_lt] at h ⊢

Note: This linter can be disabled with `set_option linter.unusedSimpArgs false`
SunPrize\Certificate\Theory001.lean:880:56: warning: This simp argument is unused:
  not_le

Hint: Omit it from the simp argument list.
  [apply] simp only [not_lt] at h ⊢

Note: This linter can be disabled with `set_option linter.unusedSimpArgs false`
SunPrize\Certificate\Theory001.lean:882:56: warning: This simp argument is unused:
  not_le

Hint: Omit it from the simp argument list.
  [apply] simp only [not_lt] at h ⊢

Note: This linter can be disabled with `set_option linter.unusedSimpArgs false`
SunPrize\Certificate\Theory001.lean:884:56: warning: This simp argument is unused:
  not_le

Hint: Omit it from the simp argument list.
  [apply] simp only [not_lt] at h ⊢

Note: This linter can be disabled with `set_option linter.unusedSimpArgs false`
SunPrize\Certificate\Theory001.lean:886:56: warning: This simp argument is unused:
  not_le

Hint: Omit it from the simp argument list.
  [apply] simp only [not_lt] at h ⊢

Note: This linter can be disabled with `set_option linter.unusedSimpArgs false`
SunPrize\Certificate\Theory001.lean:888:56: warning: This simp argument is unused:
  not_le

Hint: Omit it from the simp argument list.
  [apply] simp only [not_lt] at h ⊢

Note: This linter can be disabled with `set_option linter.unusedSimpArgs false`
SunPrize\Certificate\Theory001.lean:892:56: warning: This simp argument is unused:
  not_le

Hint: Omit it from the simp argument list.
  [apply] simp only [not_lt] at h ⊢

Note: This linter can be disabled with `set_option linter.unusedSimpArgs false`
SunPrize\Certificate\Theory001.lean:894:56: warning: This simp argument is unused:
  not_le

Hint: Omit it from the simp argument list.
  [apply] simp only [not_lt] at h ⊢

Note: This linter can be disabled with `set_option linter.unusedSimpArgs false`
SunPrize\Certificate\Theory001.lean:896:56: warning: This simp argument is unused:
  not_le

Hint: Omit it from the simp argument list.
  [apply] simp only [not_lt] at h ⊢

Note: This linter can be disabled with `set_option linter.unusedSimpArgs false`
SunPrize\Certificate\Theory001.lean:898:56: warning: This simp argument is unused:
  not_le

Hint: Omit it from the simp argument list.
  [apply] simp only [not_lt] at h ⊢

Note: This linter can be disabled with `set_option linter.unusedSimpArgs false`
SunPrize\Certificate\Theory001.lean:870:32: warning: Unused tactic linter: `(try simp only [not_lt, not_le] at h ⊢)` does nothing

Note: This linter can be disabled with `set_option linter.unusedTactic false`
SunPrize\Certificate\Theory001.lean:872:32: warning: Unused tactic linter: `(try simp only [not_lt, not_le] at h ⊢)` does nothing

Note: This linter can be disabled with `set_option linter.unusedTactic false`
SunPrize\Certificate\Theory001.lean:874:32: warning: Unused tactic linter: `(try simp only [not_lt, not_le] at h ⊢)` does nothing

Note: This linter can be disabled with `set_option linter.unusedTactic false`
SunPrize\Certificate\Theory001.lean:890:32: warning: Unused tactic linter: `(try simp only [not_lt, not_le] at h ⊢)` does nothing

Note: This linter can be disabled with `set_option linter.unusedTactic false`
SunPrize\Certificate\Theory001.lean:900:2: warning: Unused tactic linter: `all_goals clear e0 e1 e2 e3 e4 e5 e6 e7 e8 e9 e10 e11 e12 e13 e14 e15` does nothing

Note: This linter can be disabled with `set_option linter.unusedTactic false`
SunPrize\Certificate\Theory001.lean:901:2: warning: Unused tactic linter: `all_goals tauto` does nothing

Note: This linter can be disabled with `set_option linter.unusedTactic false`
SunPrize\Certificate\Theory001.lean:900:12: warning: this tactic is never executed

Note: This linter can be disabled with `set_option linter.unreachableTactic false`
SunPrize\Certificate\Theory001.lean:901:12: warning: this tactic is never executed

Note: This linter can be disabled with `set_option linter.unreachableTactic false`
SunPrize\Certificate\Theory001.lean:926:56: warning: This simp argument is unused:
  not_le

Hint: Omit it from the simp argument list.
  [apply] simp only [not_lt] at h ⊢

Note: This linter can be disabled with `set_option linter.unusedSimpArgs false`
SunPrize\Certificate\Theory001.lean:928:56: warning: This simp argument is unused:
  not_le

Hint: Omit it from the simp argument list.
  [apply] simp only [not_lt] at h ⊢

Note: This linter can be disabled with `set_option linter.unusedSimpArgs false`
SunPrize\Certificate\Theory001.lean:930:56: warning: This simp argument is unused:
  not_le

Hint: Omit it from the simp argument list.
  [apply] simp only [not_lt] at h ⊢

Note: This linter can be disabled with `set_option linter.unusedSimpArgs false`
SunPrize\Certificate\Theory001.lean:932:56: warning: This simp argument is unused:
  not_le

Hint: Omit it from the simp argument list.
  [apply] simp only [not_lt] at h ⊢

Note: This linter can be disabled with `set_option linter.unusedSimpArgs false`
SunPrize\Certificate\Theory001.lean:934:56: warning: This simp argument is unused:
  not_le

Hint: Omit it from the simp argument list.
  [apply] simp only [not_lt] at h ⊢

Note: This linter can be disabled with `set_option linter.unusedSimpArgs false`
SunPrize\Certificate\Theory001.lean:936:56: warning: This simp argument is unused:
  not_le

Hint: Omit it from the simp argument list.
  [apply] simp only [not_lt] at h ⊢

Note: This linter can be disabled with `set_option linter.unusedSimpArgs false`
SunPrize\Certificate\Theory001.lean:938:56: warning: This simp argument is unused:
  not_le

Hint: Omit it from the simp argument list.
  [apply] simp only [not_lt] at h ⊢

Note: This linter can be disabled with `set_option linter.unusedSimpArgs false`
SunPrize\Certificate\Theory001.lean:942:56: warning: This simp argument is unused:
  not_le

Hint: Omit it from the simp argument list.
  [apply] simp only [not_lt] at h ⊢

Note: This linter can be disabled with `set_option linter.unusedSimpArgs false`
SunPrize\Certificate\Theory001.lean:944:56: warning: This simp argument is unused:
  not_le

Hint: Omit it from the simp argument list.
  [apply] simp only [not_lt] at h ⊢

Note: This linter can be disabled with `set_option linter.unusedSimpArgs false`
SunPrize\Certificate\Theory001.lean:946:56: warning: This simp argument is unused:
  not_le

Hint: Omit it from the simp argument list.
  [apply] simp only [not_lt] at h ⊢

Note: This linter can be disabled with `set_option linter.unusedSimpArgs false`
SunPrize\Certificate\Theory001.lean:948:56: warning: This simp argument is unused:
  not_le

Hint: Omit it from the simp argument list.
  [apply] simp only [not_lt] at h ⊢

Note: This linter can be disabled with `set_option linter.unusedSimpArgs false`
SunPrize\Certificate\Theory001.lean:950:56: warning: This simp argument is unused:
  not_le

Hint: Omit it from the simp argument list.
  [apply] simp only [not_lt] at h ⊢

Note: This linter can be disabled with `set_option linter.unusedSimpArgs false`
SunPrize\Certificate\Theory001.lean:920:32: warning: Unused tactic linter: `(try simp only [not_lt, not_le] at h ⊢)` does nothing

Note: This linter can be disabled with `set_option linter.unusedTactic false`
SunPrize\Certificate\Theory001.lean:922:32: warning: Unused tactic linter: `(try simp only [not_lt, not_le] at h ⊢)` does nothing

Note: This linter can be disabled with `set_option linter.unusedTactic false`
SunPrize\Certificate\Theory001.lean:924:32: warning: Unused tactic linter: `(try simp only [not_lt, not_le] at h ⊢)` does nothing

Note: This linter can be disabled with `set_option linter.unusedTactic false`
SunPrize\Certificate\Theory001.lean:940:32: warning: Unused tactic linter: `(try simp only [not_lt, not_le] at h ⊢)` does nothing

Note: This linter can be disabled with `set_option linter.unusedTactic false`
SunPrize\Certificate\Theory001.lean:952:2: warning: Unused tactic linter: `all_goals clear e0 e1 e2 e3 e4 e5 e6 e7 e8 e9 e10 e11 e12 e13 e14 e15` does nothing

Note: This linter can be disabled with `set_option linter.unusedTactic false`
SunPrize\Certificate\Theory001.lean:953:2: warning: Unused tactic linter: `all_goals tauto` does nothing

Note: This linter can be disabled with `set_option linter.unusedTactic false`
SunPrize\Certificate\Theory001.lean:952:12: warning: this tactic is never executed

Note: This linter can be disabled with `set_option linter.unreachableTactic false`
SunPrize\Certificate\Theory001.lean:953:12: warning: this tactic is never executed

Note: This linter can be disabled with `set_option linter.unreachableTactic false`
SunPrize\Certificate\Theory001.lean:964:56: warning: This simp argument is unused:
  not_le

Hint: Omit it from the simp argument list.
  [apply] simp only [not_lt] at h ⊢

Note: This linter can be disabled with `set_option linter.unusedSimpArgs false`
SunPrize\Certificate\Theory001.lean:966:56: warning: This simp argument is unused:
  not_le

Hint: Omit it from the simp argument list.
  [apply] simp only [not_lt] at h ⊢

Note: This linter can be disabled with `set_option linter.unusedSimpArgs false`
SunPrize\Certificate\Theory001.lean:968:56: warning: This simp argument is unused:
  not_le

Hint: Omit it from the simp argument list.
  [apply] simp only [not_lt] at h ⊢

Note: This linter can be disabled with `set_option linter.unusedSimpArgs false`
SunPrize\Certificate\Theory001.lean:970:56: warning: This simp argument is unused:
  not_le

Hint: Omit it from the simp argument list.
  [apply] simp only [not_lt] at h ⊢

Note: This linter can be disabled with `set_option linter.unusedSimpArgs false`
SunPrize\Certificate\Theory001.lean:972:56: warning: This simp argument is unused:
  not_le

Hint: Omit it from the simp argument list.
  [apply] simp only [not_lt] at h ⊢

Note: This linter can be disabled with `set_option linter.unusedSimpArgs false`
SunPrize\Certificate\Theory001.lean:974:56: warning: This simp argument is unused:
  not_le

Hint: Omit it from the simp argument list.
  [apply] simp only [not_lt] at h ⊢

Note: This linter can be disabled with `set_option linter.unusedSimpArgs false`
SunPrize\Certificate\Theory001.lean:976:56: warning: This simp argument is unused:
  not_le

Hint: Omit it from the simp argument list.
  [apply] simp only [not_lt] at h ⊢

Note: This linter can be disabled with `set_option linter.unusedSimpArgs false`
SunPrize\Certificate\Theory001.lean:980:56: warning: This simp argument is unused:
  not_le

Hint: Omit it from the simp argument list.
  [apply] simp only [not_lt] at h ⊢

Note: This linter can be disabled with `set_option linter.unusedSimpArgs false`
SunPrize\Certificate\Theory001.lean:982:56: warning: This simp argument is unused:
  not_le

Hint: Omit it from the simp argument list.
  [apply] simp only [not_lt] at h ⊢

Note: This linter can be disabled with `set_option linter.unusedSimpArgs false`
SunPrize\Certificate\Theory001.lean:984:56: warning: This simp argument is unused:
  not_le

Hint: Omit it from the simp argument list.
  [apply] simp only [not_lt] at h ⊢

Note: This linter can be disabled with `set_option linter.unusedSimpArgs false`
SunPrize\Certificate\Theory001.lean:986:56: warning: This simp argument is unused:
  not_le

Hint: Omit it from the simp argument list.
  [apply] simp only [not_lt] at h ⊢

Note: This linter can be disabled with `set_option linter.unusedSimpArgs false`
SunPrize\Certificate\Theory001.lean:988:56: warning: This simp argument is unused:
  not_le

Hint: Omit it from the simp argument list.
  [apply] simp only [not_lt] at h ⊢

Note: This linter can be disabled with `set_option linter.unusedSimpArgs false`
SunPrize\Certificate\Theory001.lean:958:32: warning: Unused tactic linter: `(try simp only [not_lt, not_le] at h ⊢)` does nothing

Note: This linter can be disabled with `set_option linter.unusedTactic false`
SunPrize\Certificate\Theory001.lean:960:32: warning: Unused tactic linter: `(try simp only [not_lt, not_le] at h ⊢)` does nothing

Note: This linter can be disabled with `set_option linter.unusedTactic false`
SunPrize\Certificate\Theory001.lean:962:32: warning: Unused tactic linter: `(try simp only [not_lt, not_le] at h ⊢)` does nothing

Note: This linter can be disabled with `set_option linter.unusedTactic false`
SunPrize\Certificate\Theory001.lean:978:32: warning: Unused tactic linter: `(try simp only [not_lt, not_le] at h ⊢)` does nothing

Note: This linter can be disabled with `set_option linter.unusedTactic false`
SunPrize\Certificate\Theory001.lean:990:2: warning: Unused tactic linter: `all_goals clear e0 e1 e2 e3 e4 e5 e6 e7 e8 e9 e10 e11 e12 e13 e14 e15` does nothing

Note: This linter can be disabled with `set_option linter.unusedTactic false`
SunPrize\Certificate\Theory001.lean:991:2: warning: Unused tactic linter: `all_goals tauto` does nothing

Note: This linter can be disabled with `set_option linter.unusedTactic false`
SunPrize\Certificate\Theory001.lean:990:12: warning: this tactic is never executed

Note: This linter can be disabled with `set_option linter.unreachableTactic false`
SunPrize\Certificate\Theory001.lean:991:12: warning: this tactic is never executed

Note: This linter can be disabled with `set_option linter.unreachableTactic false`
SunPrize\Certificate\Theory001.lean:1009:56: warning: This simp argument is unused:
  not_le

Hint: Omit it from the simp argument list.
  [apply] simp only [not_lt] at h ⊢

Note: This linter can be disabled with `set_option linter.unusedSimpArgs false`
SunPrize\Certificate\Theory001.lean:1011:56: warning: This simp argument is unused:
  not_le

Hint: Omit it from the simp argument list.
  [apply] simp only [not_lt] at h ⊢

Note: This linter can be disabled with `set_option linter.unusedSimpArgs false`
SunPrize\Certificate\Theory001.lean:1013:56: warning: This simp argument is unused:
  not_le

Hint: Omit it from the simp argument list.
  [apply] simp only [not_lt] at h ⊢

Note: This linter can be disabled with `set_option linter.unusedSimpArgs false`
SunPrize\Certificate\Theory001.lean:1015:56: warning: This simp argument is unused:
  not_le

Hint: Omit it from the simp argument list.
  [apply] simp only [not_lt] at h ⊢

Note: This linter can be disabled with `set_option linter.unusedSimpArgs false`
SunPrize\Certificate\Theory001.lean:1017:56: warning: This simp argument is unused:
  not_le

Hint: Omit it from the simp argument list.
  [apply] simp only [not_lt] at h ⊢

Note: This linter can be disabled with `set_option linter.unusedSimpArgs false`
SunPrize\Certificate\Theory001.lean:1019:56: warning: This simp argument is unused:
  not_le

Hint: Omit it from the simp argument list.
  [apply] simp only [not_lt] at h ⊢

Note: This linter can be disabled with `set_option linter.unusedSimpArgs false`
SunPrize\Certificate\Theory001.lean:1021:56: warning: This simp argument is unused:
  not_le

Hint: Omit it from the simp argument list.
  [apply] simp only [not_lt] at h ⊢

Note: This linter can be disabled with `set_option linter.unusedSimpArgs false`
SunPrize\Certificate\Theory001.lean:1025:56: warning: This simp argument is unused:
  not_le

Hint: Omit it from the simp argument list.
  [apply] simp only [not_lt] at h ⊢

Note: This linter can be disabled with `set_option linter.unusedSimpArgs false`
SunPrize\Certificate\Theory001.lean:1027:56: warning: This simp argument is unused:
  not_le

Hint: Omit it from the simp argument list.
  [apply] simp only [not_lt] at h ⊢

Note: This linter can be disabled with `set_option linter.unusedSimpArgs false`
SunPrize\Certificate\Theory001.lean:1029:56: warning: This simp argument is unused:
  not_le

Hint: Omit it from the simp argument list.
  [apply] simp only [not_lt] at h ⊢

Note: This linter can be disabled with `set_option linter.unusedSimpArgs false`
SunPrize\Certificate\Theory001.lean:1031:56: warning: This simp argument is unused:
  not_le

Hint: Omit it from the simp argument list.
  [apply] simp only [not_lt] at h ⊢

Note: This linter can be disabled with `set_option linter.unusedSimpArgs false`
SunPrize\Certificate\Theory001.lean:1033:56: warning: This simp argument is unused:
  not_le

Hint: Omit it from the simp argument list.
  [apply] simp only [not_lt] at h ⊢

Note: This linter can be disabled with `set_option linter.unusedSimpArgs false`
SunPrize\Certificate\Theory001.lean:1003:32: warning: Unused tactic linter: `(try simp only [not_lt, not_le] at h ⊢)` does nothing

Note: This linter can be disabled with `set_option linter.unusedTactic false`
SunPrize\Certificate\Theory001.lean:1005:32: warning: Unused tactic linter: `(try simp only [not_lt, not_le] at h ⊢)` does nothing

Note: This linter can be disabled with `set_option linter.unusedTactic false`
SunPrize\Certificate\Theory001.lean:1007:32: warning: Unused tactic linter: `(try simp only [not_lt, not_le] at h ⊢)` does nothing

Note: This linter can be disabled with `set_option linter.unusedTactic false`
SunPrize\Certificate\Theory001.lean:1023:32: warning: Unused tactic linter: `(try simp only [not_lt, not_le] at h ⊢)` does nothing

Note: This linter can be disabled with `set_option linter.unusedTactic false`
SunPrize\Certificate\Theory001.lean:1035:2: warning: Unused tactic linter: `all_goals clear e0 e1 e2 e3 e4 e5 e6 e7 e8 e9 e10 e11 e12 e13 e14 e15` does nothing

Note: This linter can be disabled with `set_option linter.unusedTactic false`
SunPrize\Certificate\Theory001.lean:1036:2: warning: Unused tactic linter: `all_goals tauto` does nothing

Note: This linter can be disabled with `set_option linter.unusedTactic false`
SunPrize\Certificate\Theory001.lean:1035:12: warning: this tactic is never executed

Note: This linter can be disabled with `set_option linter.unreachableTactic false`
SunPrize\Certificate\Theory001.lean:1036:12: warning: this tactic is never executed

Note: This linter can be disabled with `set_option linter.unreachableTactic false`
SunPrize\Certificate\Theory001.lean:1048:32: warning: Unused tactic linter: `(try simp only [not_lt, not_le] at h ⊢)` does nothing

Note: This linter can be disabled with `set_option linter.unusedTactic false`
SunPrize\Certificate\Theory001.lean:1050:32: warning: Unused tactic linter: `(try simp only [not_lt, not_le] at h ⊢)` does nothing

Note: This linter can be disabled with `set_option linter.unusedTactic false`
SunPrize\Certificate\Theory001.lean:1052:2: warning: Unused tactic linter: `all_goals clear e0 e1` does nothing

Note: This linter can be disabled with `set_option linter.unusedTactic false`
SunPrize\Certificate\Theory001.lean:1053:2: warning: Unused tactic linter: `all_goals tauto` does nothing

Note: This linter can be disabled with `set_option linter.unusedTactic false`
SunPrize\Certificate\Theory001.lean:1052:12: warning: this tactic is never executed

Note: This linter can be disabled with `set_option linter.unreachableTactic false`
SunPrize\Certificate\Theory001.lean:1053:12: warning: this tactic is never executed

Note: This linter can be disabled with `set_option linter.unreachableTactic false`
SunPrize\Certificate\Theory001.lean:1100:56: warning: This simp argument is unused:
  not_le

Hint: Omit it from the simp argument list.
  [apply] simp only [not_lt] at h ⊢

Note: This linter can be disabled with `set_option linter.unusedSimpArgs false`
SunPrize\Certificate\Theory001.lean:1108:56: warning: This simp argument is unused:
  not_le

Hint: Omit it from the simp argument list.
  [apply] simp only [not_lt] at h ⊢

Note: This linter can be disabled with `set_option linter.unusedSimpArgs false`
SunPrize\Certificate\Theory001.lean:1110:56: warning: This simp argument is unused:
  not_le

Hint: Omit it from the simp argument list.
  [apply] simp only [not_lt] at h ⊢

Note: This linter can be disabled with `set_option linter.unusedSimpArgs false`
SunPrize\Certificate\Theory001.lean:1112:56: warning: This simp argument is unused:
  not_le

Hint: Omit it from the simp argument list.
  [apply] simp only [not_lt] at h ⊢

Note: This linter can be disabled with `set_option linter.unusedSimpArgs false`
SunPrize\Certificate\Theory001.lean:1114:56: warning: This simp argument is unused:
  not_le

Hint: Omit it from the simp argument list.
  [apply] simp only [not_lt] at h ⊢

Note: This linter can be disabled with `set_option linter.unusedSimpArgs false`
SunPrize\Certificate\Theory001.lean:1116:56: warning: This simp argument is unused:
  not_le

Hint: Omit it from the simp argument list.
  [apply] simp only [not_lt] at h ⊢

Note: This linter can be disabled with `set_option linter.unusedSimpArgs false`
SunPrize\Certificate\Theory001.lean:1118:56: warning: This simp argument is unused:
  not_le

Hint: Omit it from the simp argument list.
  [apply] simp only [not_lt] at h ⊢

Note: This linter can be disabled with `set_option linter.unusedSimpArgs false`
SunPrize\Certificate\Theory001.lean:1120:56: warning: This simp argument is unused:
  not_le

Hint: Omit it from the simp argument list.
  [apply] simp only [not_lt] at h ⊢

Note: This linter can be disabled with `set_option linter.unusedSimpArgs false`
SunPrize\Certificate\Theory001.lean:1124:56: warning: This simp argument is unused:
  not_le

Hint: Omit it from the simp argument list.
  [apply] simp only [not_lt] at h ⊢

Note: This linter can be disabled with `set_option linter.unusedSimpArgs false`
SunPrize\Certificate\Theory001.lean:1126:56: warning: This simp argument is unused:
  not_le

Hint: Omit it from the simp argument list.
  [apply] simp only [not_lt] at h ⊢

Note: This linter can be disabled with `set_option linter.unusedSimpArgs false`
SunPrize\Certificate\Theory001.lean:1128:56: warning: This simp argument is unused:
  not_le

Hint: Omit it from the simp argument list.
  [apply] simp only [not_lt] at h ⊢

Note: This linter can be disabled with `set_option linter.unusedSimpArgs false`
SunPrize\Certificate\Theory001.lean:1130:56: warning: This simp argument is unused:
  not_le

Hint: Omit it from the simp argument list.
  [apply] simp only [not_lt] at h ⊢

Note: This linter can be disabled with `set_option linter.unusedSimpArgs false`
SunPrize\Certificate\Theory001.lean:1102:32: warning: Unused tactic linter: `(try simp only [not_lt, not_le] at h ⊢)` does nothing

Note: This linter can be disabled with `set_option linter.unusedTactic false`
SunPrize\Certificate\Theory001.lean:1104:32: warning: Unused tactic linter: `(try simp only [not_lt, not_le] at h ⊢)` does nothing

Note: This linter can be disabled with `set_option linter.unusedTactic false`
SunPrize\Certificate\Theory001.lean:1106:32: warning: Unused tactic linter: `(try simp only [not_lt, not_le] at h ⊢)` does nothing

Note: This linter can be disabled with `set_option linter.unusedTactic false`
SunPrize\Certificate\Theory001.lean:1122:32: warning: Unused tactic linter: `(try simp only [not_lt, not_le] at h ⊢)` does nothing

Note: This linter can be disabled with `set_option linter.unusedTactic false`
SunPrize\Certificate\Theory001.lean:1132:2: warning: Unused tactic linter: `all_goals clear e0 e1 e2 e3 e4 e5 e6 e7 e8 e9 e10 e11 e12 e13 e14 e15` does nothing

Note: This linter can be disabled with `set_option linter.unusedTactic false`
SunPrize\Certificate\Theory001.lean:1133:2: warning: Unused tactic linter: `all_goals tauto` does nothing

Note: This linter can be disabled with `set_option linter.unusedTactic false`
SunPrize\Certificate\Theory001.lean:1132:12: warning: this tactic is never executed

Note: This linter can be disabled with `set_option linter.unreachableTactic false`
SunPrize\Certificate\Theory001.lean:1133:12: warning: this tactic is never executed

Note: This linter can be disabled with `set_option linter.unreachableTactic false`
SunPrize\Certificate\Theory001.lean:1138:56: warning: This simp argument is unused:
  not_le

Hint: Omit it from the simp argument list.
  [apply] simp only [not_lt] at h ⊢

Note: This linter can be disabled with `set_option linter.unusedSimpArgs false`
SunPrize\Certificate\Theory001.lean:1146:56: warning: This simp argument is unused:
  not_le

Hint: Omit it from the simp argument list.
  [apply] simp only [not_lt] at h ⊢

Note: This linter can be disabled with `set_option linter.unusedSimpArgs false`
SunPrize\Certificate\Theory001.lean:1148:56: warning: This simp argument is unused:
  not_le

Hint: Omit it from the simp argument list.
  [apply] simp only [not_lt] at h ⊢

Note: This linter can be disabled with `set_option linter.unusedSimpArgs false`
SunPrize\Certificate\Theory001.lean:1150:56: warning: This simp argument is unused:
  not_le

Hint: Omit it from the simp argument list.
  [apply] simp only [not_lt] at h ⊢

Note: This linter can be disabled with `set_option linter.unusedSimpArgs false`
SunPrize\Certificate\Theory001.lean:1152:56: warning: This simp argument is unused:
  not_le

Hint: Omit it from the simp argument list.
  [apply] simp only [not_lt] at h ⊢

Note: This linter can be disabled with `set_option linter.unusedSimpArgs false`
SunPrize\Certificate\Theory001.lean:1154:56: warning: This simp argument is unused:
  not_le

Hint: Omit it from the simp argument list.
  [apply] simp only [not_lt] at h ⊢

Note: This linter can be disabled with `set_option linter.unusedSimpArgs false`
SunPrize\Certificate\Theory001.lean:1156:56: warning: This simp argument is unused:
  not_le

Hint: Omit it from the simp argument list.
  [apply] simp only [not_lt] at h ⊢

Note: This linter can be disabled with `set_option linter.unusedSimpArgs false`
SunPrize\Certificate\Theory001.lean:1158:56: warning: This simp argument is unused:
  not_le

Hint: Omit it from the simp argument list.
  [apply] simp only [not_lt] at h ⊢

Note: This linter can be disabled with `set_option linter.unusedSimpArgs false`
SunPrize\Certificate\Theory001.lean:1162:56: warning: This simp argument is unused:
  not_le

Hint: Omit it from the simp argument list.
  [apply] simp only [not_lt] at h ⊢

Note: This linter can be disabled with `set_option linter.unusedSimpArgs false`
SunPrize\Certificate\Theory001.lean:1164:56: warning: This simp argument is unused:
  not_le

Hint: Omit it from the simp argument list.
  [apply] simp only [not_lt] at h ⊢

Note: This linter can be disabled with `set_option linter.unusedSimpArgs false`
SunPrize\Certificate\Theory001.lean:1166:56: warning: This simp argument is unused:
  not_le

Hint: Omit it from the simp argument list.
  [apply] simp only [not_lt] at h ⊢

Note: This linter can be disabled with `set_option linter.unusedSimpArgs false`
SunPrize\Certificate\Theory001.lean:1168:56: warning: This simp argument is unused:
  not_le

Hint: Omit it from the simp argument list.
  [apply] simp only [not_lt] at h ⊢

Note: This linter can be disabled with `set_option linter.unusedSimpArgs false`
SunPrize\Certificate\Theory001.lean:1140:32: warning: Unused tactic linter: `(try simp only [not_lt, not_le] at h ⊢)` does nothing

Note: This linter can be disabled with `set_option linter.unusedTactic false`
SunPrize\Certificate\Theory001.lean:1142:32: warning: Unused tactic linter: `(try simp only [not_lt, not_le] at h ⊢)` does nothing

Note: This linter can be disabled with `set_option linter.unusedTactic false`
SunPrize\Certificate\Theory001.lean:1144:32: warning: Unused tactic linter: `(try simp only [not_lt, not_le] at h ⊢)` does nothing

Note: This linter can be disabled with `set_option linter.unusedTactic false`
SunPrize\Certificate\Theory001.lean:1160:32: warning: Unused tactic linter: `(try simp only [not_lt, not_le] at h ⊢)` does nothing

Note: This linter can be disabled with `set_option linter.unusedTactic false`
SunPrize\Certificate\Theory001.lean:1170:2: warning: Unused tactic linter: `all_goals clear e0 e1 e2 e3 e4 e5 e6 e7 e8 e9 e10 e11 e12 e13 e14 e15` does nothing

Note: This linter can be disabled with `set_option linter.unusedTactic false`
SunPrize\Certificate\Theory001.lean:1171:2: warning: Unused tactic linter: `all_goals tauto` does nothing

Note: This linter can be disabled with `set_option linter.unusedTactic false`
SunPrize\Certificate\Theory001.lean:1170:12: warning: this tactic is never executed

Note: This linter can be disabled with `set_option linter.unreachableTactic false`
SunPrize\Certificate\Theory001.lean:1171:12: warning: this tactic is never executed

Note: This linter can be disabled with `set_option linter.unreachableTactic false`
SunPrize\Certificate\Theory001.lean:1182:56: warning: This simp argument is unused:
  not_le

Hint: Omit it from the simp argument list.
  [apply] simp only [not_lt] at h ⊢

Note: This linter can be disabled with `set_option linter.unusedSimpArgs false`
SunPrize\Certificate\Theory001.lean:1184:56: warning: This simp argument is unused:
  not_le

Hint: Omit it from the simp argument list.
  [apply] simp only [not_lt] at h ⊢

Note: This linter can be disabled with `set_option linter.unusedSimpArgs false`
SunPrize\Certificate\Theory001.lean:1186:56: warning: This simp argument is unused:
  not_le

Hint: Omit it from the simp argument list.
  [apply] simp only [not_lt] at h ⊢

Note: This linter can be disabled with `set_option linter.unusedSimpArgs false`
SunPrize\Certificate\Theory001.lean:1188:56: warning: This simp argument is unused:
  not_le

Hint: Omit it from the simp argument list.
  [apply] simp only [not_lt] at h ⊢

Note: This linter can be disabled with `set_option linter.unusedSimpArgs false`
SunPrize\Certificate\Theory001.lean:1190:56: warning: This simp argument is unused:
  not_le

Hint: Omit it from the simp argument list.
  [apply] simp only [not_lt] at h ⊢

Note: This linter can be disabled with `set_option linter.unusedSimpArgs false`
SunPrize\Certificate\Theory001.lean:1192:56: warning: This simp argument is unused:
  not_le

Hint: Omit it from the simp argument list.
  [apply] simp only [not_lt] at h ⊢

Note: This linter can be disabled with `set_option linter.unusedSimpArgs false`
SunPrize\Certificate\Theory001.lean:1194:56: warning: This simp argument is unused:
  not_le

Hint: Omit it from the simp argument list.
  [apply] simp only [not_lt] at h ⊢

Note: This linter can be disabled with `set_option linter.unusedSimpArgs false`
SunPrize\Certificate\Theory001.lean:1198:56: warning: This simp argument is unused:
  not_le

Hint: Omit it from the simp argument list.
  [apply] simp only [not_lt] at h ⊢

Note: This linter can be disabled with `set_option linter.unusedSimpArgs false`
SunPrize\Certificate\Theory001.lean:1200:56: warning: This simp argument is unused:
  not_le

Hint: Omit it from the simp argument list.
  [apply] simp only [not_lt] at h ⊢

Note: This linter can be disabled with `set_option linter.unusedSimpArgs false`
SunPrize\Certificate\Theory001.lean:1202:56: warning: This simp argument is unused:
  not_le

Hint: Omit it from the simp argument list.
  [apply] simp only [not_lt] at h ⊢

Note: This linter can be disabled with `set_option linter.unusedSimpArgs false`
SunPrize\Certificate\Theory001.lean:1204:56: warning: This simp argument is unused:
  not_le

Hint: Omit it from the simp argument list.
  [apply] simp only [not_lt] at h ⊢

Note: This linter can be disabled with `set_option linter.unusedSimpArgs false`
SunPrize\Certificate\Theory001.lean:1206:56: warning: This simp argument is unused:
  not_le

Hint: Omit it from the simp argument list.
  [apply] simp only [not_lt] at h ⊢

Note: This linter can be disabled with `set_option linter.unusedSimpArgs false`
SunPrize\Certificate\Theory001.lean:1176:32: warning: Unused tactic linter: `(try simp only [not_lt, not_le] at h ⊢)` does nothing

Note: This linter can be disabled with `set_option linter.unusedTactic false`
SunPrize\Certificate\Theory001.lean:1178:32: warning: Unused tactic linter: `(try simp only [not_lt, not_le] at h ⊢)` does nothing

Note: This linter can be disabled with `set_option linter.unusedTactic false`
SunPrize\Certificate\Theory001.lean:1180:32: warning: Unused tactic linter: `(try simp only [not_lt, not_le] at h ⊢)` does nothing

Note: This linter can be disabled with `set_option linter.unusedTactic false`
SunPrize\Certificate\Theory001.lean:1196:32: warning: Unused tactic linter: `(try simp only [not_lt, not_le] at h ⊢)` does nothing

Note: This linter can be disabled with `set_option linter.unusedTactic false`
SunPrize\Certificate\Theory001.lean:1208:2: warning: Unused tactic linter: `all_goals clear e0 e1 e2 e3 e4 e5 e6 e7 e8 e9 e10 e11 e12 e13 e14 e15` does nothing

Note: This linter can be disabled with `set_option linter.unusedTactic false`
SunPrize\Certificate\Theory001.lean:1209:2: warning: Unused tactic linter: `all_goals tauto` does nothing

Note: This linter can be disabled with `set_option linter.unusedTactic false`
SunPrize\Certificate\Theory001.lean:1208:12: warning: this tactic is never executed

Note: This linter can be disabled with `set_option linter.unreachableTactic false`
SunPrize\Certificate\Theory001.lean:1209:12: warning: this tactic is never executed

Note: This linter can be disabled with `set_option linter.unreachableTactic false`
SunPrize\Certificate\Theory001.lean:1221:56: warning: This simp argument is unused:
  not_le

Hint: Omit it from the simp argument list.
  [apply] simp only [not_lt] at h ⊢

Note: This linter can be disabled with `set_option linter.unusedSimpArgs false`
SunPrize\Certificate\Theory001.lean:1229:56: warning: This simp argument is unused:
  not_le

Hint: Omit it from the simp argument list.
  [apply] simp only [not_lt] at h ⊢

Note: This linter can be disabled with `set_option linter.unusedSimpArgs false`
SunPrize\Certificate\Theory001.lean:1231:56: warning: This simp argument is unused:
  not_le

Hint: Omit it from the simp argument list.
  [apply] simp only [not_lt] at h ⊢

Note: This linter can be disabled with `set_option linter.unusedSimpArgs false`
SunPrize\Certificate\Theory001.lean:1233:56: warning: This simp argument is unused:
  not_le

Hint: Omit it from the simp argument list.
  [apply] simp only [not_lt] at h ⊢

Note: This linter can be disabled with `set_option linter.unusedSimpArgs false`
SunPrize\Certificate\Theory001.lean:1235:56: warning: This simp argument is unused:
  not_le

Hint: Omit it from the simp argument list.
  [apply] simp only [not_lt] at h ⊢

Note: This linter can be disabled with `set_option linter.unusedSimpArgs false`
SunPrize\Certificate\Theory001.lean:1237:56: warning: This simp argument is unused:
  not_le

Hint: Omit it from the simp argument list.
  [apply] simp only [not_lt] at h ⊢

Note: This linter can be disabled with `set_option linter.unusedSimpArgs false`
SunPrize\Certificate\Theory001.lean:1239:56: warning: This simp argument is unused:
  not_le

Hint: Omit it from the simp argument list.
  [apply] simp only [not_lt] at h ⊢

Note: This linter can be disabled with `set_option linter.unusedSimpArgs false`
SunPrize\Certificate\Theory001.lean:1241:56: warning: This simp argument is unused:
  not_le

Hint: Omit it from the simp argument list.
  [apply] simp only [not_lt] at h ⊢

Note: This linter can be disabled with `set_option linter.unusedSimpArgs false`
SunPrize\Certificate\Theory001.lean:1245:56: warning: This simp argument is unused:
  not_le

Hint: Omit it from the simp argument list.
  [apply] simp only [not_lt] at h ⊢

Note: This linter can be disabled with `set_option linter.unusedSimpArgs false`
SunPrize\Certificate\Theory001.lean:1247:56: warning: This simp argument is unused:
  not_le

Hint: Omit it from the simp argument list.
  [apply] simp only [not_lt] at h ⊢

Note: This linter can be disabled with `set_option linter.unusedSimpArgs false`
SunPrize\Certificate\Theory001.lean:1249:56: warning: This simp argument is unused:
  not_le

Hint: Omit it from the simp argument list.
  [apply] simp only [not_lt] at h ⊢

Note: This linter can be disabled with `set_option linter.unusedSimpArgs false`
SunPrize\Certificate\Theory001.lean:1251:56: warning: This simp argument is unused:
  not_le

Hint: Omit it from the simp argument list.
  [apply] simp only [not_lt] at h ⊢

Note: This linter can be disabled with `set_option linter.unusedSimpArgs false`
SunPrize\Certificate\Theory001.lean:1223:32: warning: Unused tactic linter: `(try simp only [not_lt, not_le] at h ⊢)` does nothing

Note: This linter can be disabled with `set_option linter.unusedTactic false`
SunPrize\Certificate\Theory001.lean:1225:32: warning: Unused tactic linter: `(try simp only [not_lt, not_le] at h ⊢)` does nothing

Note: This linter can be disabled with `set_option linter.unusedTactic false`
SunPrize\Certificate\Theory001.lean:1227:32: warning: Unused tactic linter: `(try simp only [not_lt, not_le] at h ⊢)` does nothing

Note: This linter can be disabled with `set_option linter.unusedTactic false`
SunPrize\Certificate\Theory001.lean:1243:32: warning: Unused tactic linter: `(try simp only [not_lt, not_le] at h ⊢)` does nothing

Note: This linter can be disabled with `set_option linter.unusedTactic false`
SunPrize\Certificate\Theory001.lean:1253:2: warning: Unused tactic linter: `all_goals clear e0 e1 e2 e3 e4 e5 e6 e7 e8 e9 e10 e11 e12 e13 e14 e15` does nothing

Note: This linter can be disabled with `set_option linter.unusedTactic false`
SunPrize\Certificate\Theory001.lean:1254:2: warning: Unused tactic linter: `all_goals tauto` does nothing

Note: This linter can be disabled with `set_option linter.unusedTactic false`
SunPrize\Certificate\Theory001.lean:1253:12: warning: this tactic is never executed

Note: This linter can be disabled with `set_option linter.unreachableTactic false`
SunPrize\Certificate\Theory001.lean:1254:12: warning: this tactic is never executed

Note: This linter can be disabled with `set_option linter.unreachableTactic false`
SunPrize\Certificate\Theory001.lean:1279:56: warning: This simp argument is unused:
  not_le

Hint: Omit it from the simp argument list.
  [apply] simp only [not_lt] at h ⊢

Note: This linter can be disabled with `set_option linter.unusedSimpArgs false`
SunPrize\Certificate\Theory001.lean:1281:56: warning: This simp argument is unused:
  not_le

Hint: Omit it from the simp argument list.
  [apply] simp only [not_lt] at h ⊢

Note: This linter can be disabled with `set_option linter.unusedSimpArgs false`
SunPrize\Certificate\Theory001.lean:1283:56: warning: This simp argument is unused:
  not_le

Hint: Omit it from the simp argument list.
  [apply] simp only [not_lt] at h ⊢

Note: This linter can be disabled with `set_option linter.unusedSimpArgs false`
SunPrize\Certificate\Theory001.lean:1285:56: warning: This simp argument is unused:
  not_le

Hint: Omit it from the simp argument list.
  [apply] simp only [not_lt] at h ⊢

Note: This linter can be disabled with `set_option linter.unusedSimpArgs false`
SunPrize\Certificate\Theory001.lean:1287:56: warning: This simp argument is unused:
  not_le

Hint: Omit it from the simp argument list.
  [apply] simp only [not_lt] at h ⊢

Note: This linter can be disabled with `set_option linter.unusedSimpArgs false`
SunPrize\Certificate\Theory001.lean:1289:56: warning: This simp argument is unused:
  not_le

Hint: Omit it from the simp argument list.
  [apply] simp only [not_lt] at h ⊢

Note: This linter can be disabled with `set_option linter.unusedSimpArgs false`
SunPrize\Certificate\Theory001.lean:1291:56: warning: This simp argument is unused:
  not_le

Hint: Omit it from the simp argument list.
  [apply] simp only [not_lt] at h ⊢

Note: This linter can be disabled with `set_option linter.unusedSimpArgs false`
SunPrize\Certificate\Theory001.lean:1295:56: warning: This simp argument is unused:
  not_le

Hint: Omit it from the simp argument list.
  [apply] simp only [not_lt] at h ⊢

Note: This linter can be disabled with `set_option linter.unusedSimpArgs false`
SunPrize\Certificate\Theory001.lean:1297:56: warning: This simp argument is unused:
  not_le

Hint: Omit it from the simp argument list.
  [apply] simp only [not_lt] at h ⊢

Note: This linter can be disabled with `set_option linter.unusedSimpArgs false`
SunPrize\Certificate\Theory001.lean:1299:56: warning: This simp argument is unused:
  not_le

Hint: Omit it from the simp argument list.
  [apply] simp only [not_lt] at h ⊢

Note: This linter can be disabled with `set_option linter.unusedSimpArgs false`
SunPrize\Certificate\Theory001.lean:1301:56: warning: This simp argument is unused:
  not_le

Hint: Omit it from the simp argument list.
  [apply] simp only [not_lt] at h ⊢

Note: This linter can be disabled with `set_option linter.unusedSimpArgs false`
SunPrize\Certificate\Theory001.lean:1303:56: warning: This simp argument is unused:
  not_le

Hint: Omit it from the simp argument list.
  [apply] simp only [not_lt] at h ⊢

Note: This linter can be disabled with `set_option linter.unusedSimpArgs false`
SunPrize\Certificate\Theory001.lean:1273:32: warning: Unused tactic linter: `(try simp only [not_lt, not_le] at h ⊢)` does nothing

Note: This linter can be disabled with `set_option linter.unusedTactic false`
SunPrize\Certificate\Theory001.lean:1275:32: warning: Unused tactic linter: `(try simp only [not_lt, not_le] at h ⊢)` does nothing

Note: This linter can be disabled with `set_option linter.unusedTactic false`
SunPrize\Certificate\Theory001.lean:1277:32: warning: Unused tactic linter: `(try simp only [not_lt, not_le] at h ⊢)` does nothing

Note: This linter can be disabled with `set_option linter.unusedTactic false`
SunPrize\Certificate\Theory001.lean:1293:32: warning: Unused tactic linter: `(try simp only [not_lt, not_le] at h ⊢)` does nothing

Note: This linter can be disabled with `set_option linter.unusedTactic false`
SunPrize\Certificate\Theory001.lean:1305:2: warning: Unused tactic linter: `all_goals clear e0 e1 e2 e3 e4 e5 e6 e7 e8 e9 e10 e11 e12 e13 e14 e15` does nothing

Note: This linter can be disabled with `set_option linter.unusedTactic false`
SunPrize\Certificate\Theory001.lean:1306:2: warning: Unused tactic linter: `all_goals tauto` does nothing

Note: This linter can be disabled with `set_option linter.unusedTactic false`
SunPrize\Certificate\Theory001.lean:1305:12: warning: this tactic is never executed

Note: This linter can be disabled with `set_option linter.unreachableTactic false`
SunPrize\Certificate\Theory001.lean:1306:12: warning: this tactic is never executed

Note: This linter can be disabled with `set_option linter.unreachableTactic false`
SunPrize\Certificate\Theory001.lean:1331:56: warning: This simp argument is unused:
  not_le

Hint: Omit it from the simp argument list.
  [apply] simp only [not_lt] at h ⊢

Note: This linter can be disabled with `set_option linter.unusedSimpArgs false`
SunPrize\Certificate\Theory001.lean:1333:56: warning: This simp argument is unused:
  not_le

Hint: Omit it from the simp argument list.
  [apply] simp only [not_lt] at h ⊢

Note: This linter can be disabled with `set_option linter.unusedSimpArgs false`
SunPrize\Certificate\Theory001.lean:1335:56: warning: This simp argument is unused:
  not_le

Hint: Omit it from the simp argument list.
  [apply] simp only [not_lt] at h ⊢

Note: This linter can be disabled with `set_option linter.unusedSimpArgs false`
SunPrize\Certificate\Theory001.lean:1337:56: warning: This simp argument is unused:
  not_le

Hint: Omit it from the simp argument list.
  [apply] simp only [not_lt] at h ⊢

Note: This linter can be disabled with `set_option linter.unusedSimpArgs false`
SunPrize\Certificate\Theory001.lean:1339:56: warning: This simp argument is unused:
  not_le

Hint: Omit it from the simp argument list.
  [apply] simp only [not_lt] at h ⊢

Note: This linter can be disabled with `set_option linter.unusedSimpArgs false`
SunPrize\Certificate\Theory001.lean:1341:56: warning: This simp argument is unused:
  not_le

Hint: Omit it from the simp argument list.
  [apply] simp only [not_lt] at h ⊢

Note: This linter can be disabled with `set_option linter.unusedSimpArgs false`
SunPrize\Certificate\Theory001.lean:1343:56: warning: This simp argument is unused:
  not_le

Hint: Omit it from the simp argument list.
  [apply] simp only [not_lt] at h ⊢

Note: This linter can be disabled with `set_option linter.unusedSimpArgs false`
SunPrize\Certificate\Theory001.lean:1347:56: warning: This simp argument is unused:
  not_le

Hint: Omit it from the simp argument list.
  [apply] simp only [not_lt] at h ⊢

Note: This linter can be disabled with `set_option linter.unusedSimpArgs false`
SunPrize\Certificate\Theory001.lean:1349:56: warning: This simp argument is unused:
  not_le

Hint: Omit it from the simp argument list.
  [apply] simp only [not_lt] at h ⊢

Note: This linter can be disabled with `set_option linter.unusedSimpArgs false`
SunPrize\Certificate\Theory001.lean:1351:56: warning: This simp argument is unused:
  not_le

Hint: Omit it from the simp argument list.
  [apply] simp only [not_lt] at h ⊢

Note: This linter can be disabled with `set_option linter.unusedSimpArgs false`
SunPrize\Certificate\Theory001.lean:1353:56: warning: This simp argument is unused:
  not_le

Hint: Omit it from the simp argument list.
  [apply] simp only [not_lt] at h ⊢

Note: This linter can be disabled with `set_option linter.unusedSimpArgs false`
SunPrize\Certificate\Theory001.lean:1355:56: warning: This simp argument is unused:
  not_le

Hint: Omit it from the simp argument list.
  [apply] simp only [not_lt] at h ⊢

Note: This linter can be disabled with `set_option linter.unusedSimpArgs false`
SunPrize\Certificate\Theory001.lean:1325:32: warning: Unused tactic linter: `(try simp only [not_lt, not_le] at h ⊢)` does nothing

Note: This linter can be disabled with `set_option linter.unusedTactic false`
SunPrize\Certificate\Theory001.lean:1327:32: warning: Unused tactic linter: `(try simp only [not_lt, not_le] at h ⊢)` does nothing

Note: This linter can be disabled with `set_option linter.unusedTactic false`
SunPrize\Certificate\Theory001.lean:1329:32: warning: Unused tactic linter: `(try simp only [not_lt, not_le] at h ⊢)` does nothing

Note: This linter can be disabled with `set_option linter.unusedTactic false`
SunPrize\Certificate\Theory001.lean:1345:32: warning: Unused tactic linter: `(try simp only [not_lt, not_le] at h ⊢)` does nothing

Note: This linter can be disabled with `set_option linter.unusedTactic false`
SunPrize\Certificate\Theory001.lean:1357:2: warning: Unused tactic linter: `all_goals clear e0 e1 e2 e3 e4 e5 e6 e7 e8 e9 e10 e11 e12 e13 e14 e15` does nothing

Note: This linter can be disabled with `set_option linter.unusedTactic false`
SunPrize\Certificate\Theory001.lean:1358:2: warning: Unused tactic linter: `all_goals tauto` does nothing

Note: This linter can be disabled with `set_option linter.unusedTactic false`
SunPrize\Certificate\Theory001.lean:1357:12: warning: this tactic is never executed

Note: This linter can be disabled with `set_option linter.unreachableTactic false`
SunPrize\Certificate\Theory001.lean:1358:12: warning: this tactic is never executed

Note: This linter can be disabled with `set_option linter.unreachableTactic false`
SunPrize\Certificate\Theory001.lean:1363:32: warning: Unused tactic linter: `(try simp only [not_lt, not_le] at h ⊢)` does nothing

Note: This linter can be disabled with `set_option linter.unusedTactic false`
SunPrize\Certificate\Theory001.lean:1365:32: warning: Unused tactic linter: `(try simp only [not_lt, not_le] at h ⊢)` does nothing

Note: This linter can be disabled with `set_option linter.unusedTactic false`
SunPrize\Certificate\Theory001.lean:1367:2: warning: Unused tactic linter: `all_goals clear e0 e1` does nothing

Note: This linter can be disabled with `set_option linter.unusedTactic false`
SunPrize\Certificate\Theory001.lean:1368:2: warning: Unused tactic linter: `all_goals tauto` does nothing

Note: This linter can be disabled with `set_option linter.unusedTactic false`
SunPrize\Certificate\Theory001.lean:1367:12: warning: this tactic is never executed

Note: This linter can be disabled with `set_option linter.unreachableTactic false`
SunPrize\Certificate\Theory001.lean:1368:12: warning: this tactic is never executed

Note: This linter can be disabled with `set_option linter.unreachableTactic false`
SunPrize\Certificate\Theory001.lean:1380:32: warning: Unused tactic linter: `(try simp only [not_lt, not_le] at h ⊢)` does nothing

Note: This linter can be disabled with `set_option linter.unusedTactic false`
SunPrize\Certificate\Theory001.lean:1382:32: warning: Unused tactic linter: `(try simp only [not_lt, not_le] at h ⊢)` does nothing

Note: This linter can be disabled with `set_option linter.unusedTactic false`
SunPrize\Certificate\Theory001.lean:1384:2: warning: Unused tactic linter: `all_goals clear e0 e1` does nothing

Note: This linter can be disabled with `set_option linter.unusedTactic false`
SunPrize\Certificate\Theory001.lean:1385:2: warning: Unused tactic linter: `all_goals tauto` does nothing

Note: This linter can be disabled with `set_option linter.unusedTactic false`
SunPrize\Certificate\Theory001.lean:1384:12: warning: this tactic is never executed

Note: This linter can be disabled with `set_option linter.unreachableTactic false`
SunPrize\Certificate\Theory001.lean:1385:12: warning: this tactic is never executed

Note: This linter can be disabled with `set_option linter.unreachableTactic false`
SunPrize\Certificate\Theory001.lean:1396:56: warning: This simp argument is unused:
  not_le

Hint: Omit it from the simp argument list.
  [apply] simp only [not_lt] at h ⊢

Note: This linter can be disabled with `set_option linter.unusedSimpArgs false`
SunPrize\Certificate\Theory001.lean:1398:56: warning: This simp argument is unused:
  not_le

Hint: Omit it from the simp argument list.
  [apply] simp only [not_lt] at h ⊢

Note: This linter can be disabled with `set_option linter.unusedSimpArgs false`
SunPrize\Certificate\Theory001.lean:1400:56: warning: This simp argument is unused:
  not_le

Hint: Omit it from the simp argument list.
  [apply] simp only [not_lt] at h ⊢

Note: This linter can be disabled with `set_option linter.unusedSimpArgs false`
SunPrize\Certificate\Theory001.lean:1402:56: warning: This simp argument is unused:
  not_le

Hint: Omit it from the simp argument list.
  [apply] simp only [not_lt] at h ⊢

Note: This linter can be disabled with `set_option linter.unusedSimpArgs false`
SunPrize\Certificate\Theory001.lean:1404:56: warning: This simp argument is unused:
  not_le

Hint: Omit it from the simp argument list.
  [apply] simp only [not_lt] at h ⊢

Note: This linter can be disabled with `set_option linter.unusedSimpArgs false`
SunPrize\Certificate\Theory001.lean:1406:56: warning: This simp argument is unused:
  not_le

Hint: Omit it from the simp argument list.
  [apply] simp only [not_lt] at h ⊢

Note: This linter can be disabled with `set_option linter.unusedSimpArgs false`
SunPrize\Certificate\Theory001.lean:1408:56: warning: This simp argument is unused:
  not_le

Hint: Omit it from the simp argument list.
  [apply] simp only [not_lt] at h ⊢

Note: This linter can be disabled with `set_option linter.unusedSimpArgs false`
SunPrize\Certificate\Theory001.lean:1412:56: warning: This simp argument is unused:
  not_le

Hint: Omit it from the simp argument list.
  [apply] simp only [not_lt] at h ⊢

Note: This linter can be disabled with `set_option linter.unusedSimpArgs false`
SunPrize\Certificate\Theory001.lean:1414:56: warning: This simp argument is unused:
  not_le

Hint: Omit it from the simp argument list.
  [apply] simp only [not_lt] at h ⊢

Note: This linter can be disabled with `set_option linter.unusedSimpArgs false`
SunPrize\Certificate\Theory001.lean:1416:56: warning: This simp argument is unused:
  not_le

Hint: Omit it from the simp argument list.
  [apply] simp only [not_lt] at h ⊢

Note: This linter can be disabled with `set_option linter.unusedSimpArgs false`
SunPrize\Certificate\Theory001.lean:1418:56: warning: This simp argument is unused:
  not_le

Hint: Omit it from the simp argument list.
  [apply] simp only [not_lt] at h ⊢

Note: This linter can be disabled with `set_option linter.unusedSimpArgs false`
SunPrize\Certificate\Theory001.lean:1420:56: warning: This simp argument is unused:
  not_le

Hint: Omit it from the simp argument list.
  [apply] simp only [not_lt] at h ⊢

Note: This linter can be disabled with `set_option linter.unusedSimpArgs false`
SunPrize\Certificate\Theory001.lean:1390:32: warning: Unused tactic linter: `(try simp only [not_lt, not_le] at h ⊢)` does nothing

Note: This linter can be disabled with `set_option linter.unusedTactic false`
SunPrize\Certificate\Theory001.lean:1392:32: warning: Unused tactic linter: `(try simp only [not_lt, not_le] at h ⊢)` does nothing

Note: This linter can be disabled with `set_option linter.unusedTactic false`
SunPrize\Certificate\Theory001.lean:1394:32: warning: Unused tactic linter: `(try simp only [not_lt, not_le] at h ⊢)` does nothing

Note: This linter can be disabled with `set_option linter.unusedTactic false`
SunPrize\Certificate\Theory001.lean:1410:32: warning: Unused tactic linter: `(try simp only [not_lt, not_le] at h ⊢)` does nothing

Note: This linter can be disabled with `set_option linter.unusedTactic false`
SunPrize\Certificate\Theory001.lean:1422:2: warning: Unused tactic linter: `all_goals clear e0 e1 e2 e3 e4 e5 e6 e7 e8 e9 e10 e11 e12 e13 e14 e15` does nothing

Note: This linter can be disabled with `set_option linter.unusedTactic false`
SunPrize\Certificate\Theory001.lean:1423:2: warning: Unused tactic linter: `all_goals tauto` does nothing

Note: This linter can be disabled with `set_option linter.unusedTactic false`
SunPrize\Certificate\Theory001.lean:1422:12: warning: this tactic is never executed

Note: This linter can be disabled with `set_option linter.unreachableTactic false`
SunPrize\Certificate\Theory001.lean:1423:12: warning: this tactic is never executed

Note: This linter can be disabled with `set_option linter.unreachableTactic false`
SunPrize\Certificate\Theory001.lean:1435:56: warning: This simp argument is unused:
  not_le

Hint: Omit it from the simp argument list.
  [apply] simp only [not_lt] at h ⊢

Note: This linter can be disabled with `set_option linter.unusedSimpArgs false`
SunPrize\Certificate\Theory001.lean:1441:56: warning: This simp argument is unused:
  not_le

Hint: Omit it from the simp argument list.
  [apply] simp only [not_lt] at h ⊢

Note: This linter can be disabled with `set_option linter.unusedSimpArgs false`
SunPrize\Certificate\Theory001.lean:1443:56: warning: This simp argument is unused:
  not_le

Hint: Omit it from the simp argument list.
  [apply] simp only [not_lt] at h ⊢

Note: This linter can be disabled with `set_option linter.unusedSimpArgs false`
SunPrize\Certificate\Theory001.lean:1445:56: warning: This simp argument is unused:
  not_le

Hint: Omit it from the simp argument list.
  [apply] simp only [not_lt] at h ⊢

Note: This linter can be disabled with `set_option linter.unusedSimpArgs false`
SunPrize\Certificate\Theory001.lean:1449:56: warning: This simp argument is unused:
  not_le

Hint: Omit it from the simp argument list.
  [apply] simp only [not_lt] at h ⊢

Note: This linter can be disabled with `set_option linter.unusedSimpArgs false`
SunPrize\Certificate\Theory001.lean:1451:56: warning: This simp argument is unused:
  not_le

Hint: Omit it from the simp argument list.
  [apply] simp only [not_lt] at h ⊢

Note: This linter can be disabled with `set_option linter.unusedSimpArgs false`
SunPrize\Certificate\Theory001.lean:1453:56: warning: This simp argument is unused:
  not_le

Hint: Omit it from the simp argument list.
  [apply] simp only [not_lt] at h ⊢

Note: This linter can be disabled with `set_option linter.unusedSimpArgs false`
SunPrize\Certificate\Theory001.lean:1457:56: warning: This simp argument is unused:
  not_le

Hint: Omit it from the simp argument list.
  [apply] simp only [not_lt] at h ⊢

Note: This linter can be disabled with `set_option linter.unusedSimpArgs false`
SunPrize\Certificate\Theory001.lean:1459:56: warning: This simp argument is unused:
  not_le

Hint: Omit it from the simp argument list.
  [apply] simp only [not_lt] at h ⊢

Note: This linter can be disabled with `set_option linter.unusedSimpArgs false`
SunPrize\Certificate\Theory001.lean:1461:56: warning: This simp argument is unused:
  not_le

Hint: Omit it from the simp argument list.
  [apply] simp only [not_lt] at h ⊢

Note: This linter can be disabled with `set_option linter.unusedSimpArgs false`
SunPrize\Certificate\Theory001.lean:1463:56: warning: This simp argument is unused:
  not_le

Hint: Omit it from the simp argument list.
  [apply] simp only [not_lt] at h ⊢

Note: This linter can be disabled with `set_option linter.unusedSimpArgs false`
SunPrize\Certificate\Theory001.lean:1465:56: warning: This simp argument is unused:
  not_le

Hint: Omit it from the simp argument list.
  [apply] simp only [not_lt] at h ⊢

Note: This linter can be disabled with `set_option linter.unusedSimpArgs false`
SunPrize\Certificate\Theory001.lean:1437:32: warning: Unused tactic linter: `(try simp only [not_lt, not_le] at h ⊢)` does nothing

Note: This linter can be disabled with `set_option linter.unusedTactic false`
SunPrize\Certificate\Theory001.lean:1439:32: warning: Unused tactic linter: `(try simp only [not_lt, not_le] at h ⊢)` does nothing

Note: This linter can be disabled with `set_option linter.unusedTactic false`
SunPrize\Certificate\Theory001.lean:1447:32: warning: Unused tactic linter: `(try simp only [not_lt, not_le] at h ⊢)` does nothing

Note: This linter can be disabled with `set_option linter.unusedTactic false`
SunPrize\Certificate\Theory001.lean:1455:32: warning: Unused tactic linter: `(try simp only [not_lt, not_le] at h ⊢)` does nothing

Note: This linter can be disabled with `set_option linter.unusedTactic false`
SunPrize\Certificate\Theory001.lean:1467:2: warning: Unused tactic linter: `all_goals clear e0 e1 e2 e3 e4 e5 e6 e7 e8 e9 e10 e11 e12 e13 e14 e15` does nothing

Note: This linter can be disabled with `set_option linter.unusedTactic false`
SunPrize\Certificate\Theory001.lean:1468:2: warning: Unused tactic linter: `all_goals tauto` does nothing

Note: This linter can be disabled with `set_option linter.unusedTactic false`
SunPrize\Certificate\Theory001.lean:1467:12: warning: this tactic is never executed

Note: This linter can be disabled with `set_option linter.unreachableTactic false`
SunPrize\Certificate\Theory001.lean:1468:12: warning: this tactic is never executed

Note: This linter can be disabled with `set_option linter.unreachableTactic false`
SunPrize\Certificate\Theory001.lean:1479:56: warning: This simp argument is unused:
  not_le

Hint: Omit it from the simp argument list.
  [apply] simp only [not_lt] at h ⊢

Note: This linter can be disabled with `set_option linter.unusedSimpArgs false`
SunPrize\Certificate\Theory001.lean:1481:56: warning: This simp argument is unused:
  not_le

Hint: Omit it from the simp argument list.
  [apply] simp only [not_lt] at h ⊢

Note: This linter can be disabled with `set_option linter.unusedSimpArgs false`
SunPrize\Certificate\Theory001.lean:1483:56: warning: This simp argument is unused:
  not_le

Hint: Omit it from the simp argument list.
  [apply] simp only [not_lt] at h ⊢

Note: This linter can be disabled with `set_option linter.unusedSimpArgs false`
SunPrize\Certificate\Theory001.lean:1485:56: warning: This simp argument is unused:
  not_le

Hint: Omit it from the simp argument list.
  [apply] simp only [not_lt] at h ⊢

Note: This linter can be disabled with `set_option linter.unusedSimpArgs false`
SunPrize\Certificate\Theory001.lean:1487:56: warning: This simp argument is unused:
  not_le

Hint: Omit it from the simp argument list.
  [apply] simp only [not_lt] at h ⊢

Note: This linter can be disabled with `set_option linter.unusedSimpArgs false`
SunPrize\Certificate\Theory001.lean:1489:56: warning: This simp argument is unused:
  not_le

Hint: Omit it from the simp argument list.
  [apply] simp only [not_lt] at h ⊢

Note: This linter can be disabled with `set_option linter.unusedSimpArgs false`
SunPrize\Certificate\Theory001.lean:1491:56: warning: This simp argument is unused:
  not_le

Hint: Omit it from the simp argument list.
  [apply] simp only [not_lt] at h ⊢

Note: This linter can be disabled with `set_option linter.unusedSimpArgs false`
SunPrize\Certificate\Theory001.lean:1495:56: warning: This simp argument is unused:
  not_le

Hint: Omit it from the simp argument list.
  [apply] simp only [not_lt] at h ⊢

Note: This linter can be disabled with `set_option linter.unusedSimpArgs false`
SunPrize\Certificate\Theory001.lean:1497:56: warning: This simp argument is unused:
  not_le

Hint: Omit it from the simp argument list.
  [apply] simp only [not_lt] at h ⊢

Note: This linter can be disabled with `set_option linter.unusedSimpArgs false`
SunPrize\Certificate\Theory001.lean:1499:56: warning: This simp argument is unused:
  not_le

Hint: Omit it from the simp argument list.
  [apply] simp only [not_lt] at h ⊢

Note: This linter can be disabled with `set_option linter.unusedSimpArgs false`
SunPrize\Certificate\Theory001.lean:1501:56: warning: This simp argument is unused:
  not_le

Hint: Omit it from the simp argument list.
  [apply] simp only [not_lt] at h ⊢

Note: This linter can be disabled with `set_option linter.unusedSimpArgs false`
SunPrize\Certificate\Theory001.lean:1503:56: warning: This simp argument is unused:
  not_le

Hint: Omit it from the simp argument list.
  [apply] simp only [not_lt] at h ⊢

Note: This linter can be disabled with `set_option linter.unusedSimpArgs false`
SunPrize\Certificate\Theory001.lean:1473:32: warning: Unused tactic linter: `(try simp only [not_lt, not_le] at h ⊢)` does nothing

Note: This linter can be disabled with `set_option linter.unusedTactic false`
SunPrize\Certificate\Theory001.lean:1475:32: warning: Unused tactic linter: `(try simp only [not_lt, not_le] at h ⊢)` does nothing

Note: This linter can be disabled with `set_option linter.unusedTactic false`
SunPrize\Certificate\Theory001.lean:1477:32: warning: Unused tactic linter: `(try simp only [not_lt, not_le] at h ⊢)` does nothing

Note: This linter can be disabled with `set_option linter.unusedTactic false`
SunPrize\Certificate\Theory001.lean:1493:32: warning: Unused tactic linter: `(try simp only [not_lt, not_le] at h ⊢)` does nothing

Note: This linter can be disabled with `set_option linter.unusedTactic false`
SunPrize\Certificate\Theory001.lean:1505:2: warning: Unused tactic linter: `all_goals clear e0 e1 e2 e3 e4 e5 e6 e7 e8 e9 e10 e11 e12 e13 e14 e15` does nothing

Note: This linter can be disabled with `set_option linter.unusedTactic false`
SunPrize\Certificate\Theory001.lean:1506:2: warning: Unused tactic linter: `all_goals tauto` does nothing

Note: This linter can be disabled with `set_option linter.unusedTactic false`
SunPrize\Certificate\Theory001.lean:1505:12: warning: this tactic is never executed

Note: This linter can be disabled with `set_option linter.unreachableTactic false`
SunPrize\Certificate\Theory001.lean:1506:12: warning: this tactic is never executed

Note: This linter can be disabled with `set_option linter.unreachableTactic false`
SunPrize\Certificate\Theory001.lean:1511:32: warning: Unused tactic linter: `(try simp only [not_lt, not_le] at h ⊢)` does nothing

Note: This linter can be disabled with `set_option linter.unusedTactic false`
SunPrize\Certificate\Theory001.lean:1513:32: warning: Unused tactic linter: `(try simp only [not_lt, not_le] at h ⊢)` does nothing

Note: This linter can be disabled with `set_option linter.unusedTactic false`
SunPrize\Certificate\Theory001.lean:1515:2: warning: Unused tactic linter: `all_goals clear e0 e1` does nothing

Note: This linter can be disabled with `set_option linter.unusedTactic false`
SunPrize\Certificate\Theory001.lean:1516:2: warning: Unused tactic linter: `all_goals tauto` does nothing

Note: This linter can be disabled with `set_option linter.unusedTactic false`
SunPrize\Certificate\Theory001.lean:1515:12: warning: this tactic is never executed

Note: This linter can be disabled with `set_option linter.unreachableTactic false`
SunPrize\Certificate\Theory001.lean:1516:12: warning: this tactic is never executed

Note: This linter can be disabled with `set_option linter.unreachableTactic false`
SunPrize\Certificate\Theory001.lean:1542:56: warning: This simp argument is unused:
  not_le

Hint: Omit it from the simp argument list.
  [apply] simp only [not_lt] at h ⊢

Note: This linter can be disabled with `set_option linter.unusedSimpArgs false`
SunPrize\Certificate\Theory001.lean:1550:56: warning: This simp argument is unused:
  not_le

Hint: Omit it from the simp argument list.
  [apply] simp only [not_lt] at h ⊢

Note: This linter can be disabled with `set_option linter.unusedSimpArgs false`
SunPrize\Certificate\Theory001.lean:1552:56: warning: This simp argument is unused:
  not_le

Hint: Omit it from the simp argument list.
  [apply] simp only [not_lt] at h ⊢

Note: This linter can be disabled with `set_option linter.unusedSimpArgs false`
SunPrize\Certificate\Theory001.lean:1554:56: warning: This simp argument is unused:
  not_le

Hint: Omit it from the simp argument list.
  [apply] simp only [not_lt] at h ⊢

Note: This linter can be disabled with `set_option linter.unusedSimpArgs false`
SunPrize\Certificate\Theory001.lean:1556:56: warning: This simp argument is unused:
  not_le

Hint: Omit it from the simp argument list.
  [apply] simp only [not_lt] at h ⊢

Note: This linter can be disabled with `set_option linter.unusedSimpArgs false`
SunPrize\Certificate\Theory001.lean:1558:56: warning: This simp argument is unused:
  not_le

Hint: Omit it from the simp argument list.
  [apply] simp only [not_lt] at h ⊢

Note: This linter can be disabled with `set_option linter.unusedSimpArgs false`
SunPrize\Certificate\Theory001.lean:1560:56: warning: This simp argument is unused:
  not_le

Hint: Omit it from the simp argument list.
  [apply] simp only [not_lt] at h ⊢

Note: This linter can be disabled with `set_option linter.unusedSimpArgs false`
SunPrize\Certificate\Theory001.lean:1562:56: warning: This simp argument is unused:
  not_le

Hint: Omit it from the simp argument list.
  [apply] simp only [not_lt] at h ⊢

Note: This linter can be disabled with `set_option linter.unusedSimpArgs false`
SunPrize\Certificate\Theory001.lean:1566:56: warning: This simp argument is unused:
  not_le

Hint: Omit it from the simp argument list.
  [apply] simp only [not_lt] at h ⊢

Note: This linter can be disabled with `set_option linter.unusedSimpArgs false`
SunPrize\Certificate\Theory001.lean:1568:56: warning: This simp argument is unused:
  not_le

Hint: Omit it from the simp argument list.
  [apply] simp only [not_lt] at h ⊢

Note: This linter can be disabled with `set_option linter.unusedSimpArgs false`
SunPrize\Certificate\Theory001.lean:1570:56: warning: This simp argument is unused:
  not_le

Hint: Omit it from the simp argument list.
  [apply] simp only [not_lt] at h ⊢

Note: This linter can be disabled with `set_option linter.unusedSimpArgs false`
SunPrize\Certificate\Theory001.lean:1572:56: warning: This simp argument is unused:
  not_le

Hint: Omit it from the simp argument list.
  [apply] simp only [not_lt] at h ⊢

Note: This linter can be disabled with `set_option linter.unusedSimpArgs false`
SunPrize\Certificate\Theory001.lean:1544:32: warning: Unused tactic linter: `(try simp only [not_lt, not_le] at h ⊢)` does nothing

Note: This linter can be disabled with `set_option linter.unusedTactic false`
SunPrize\Certificate\Theory001.lean:1546:32: warning: Unused tactic linter: `(try simp only [not_lt, not_le] at h ⊢)` does nothing

Note: This linter can be disabled with `set_option linter.unusedTactic false`
SunPrize\Certificate\Theory001.lean:1548:32: warning: Unused tactic linter: `(try simp only [not_lt, not_le] at h ⊢)` does nothing

Note: This linter can be disabled with `set_option linter.unusedTactic false`
SunPrize\Certificate\Theory001.lean:1564:32: warning: Unused tactic linter: `(try simp only [not_lt, not_le] at h ⊢)` does nothing

Note: This linter can be disabled with `set_option linter.unusedTactic false`
SunPrize\Certificate\Theory001.lean:1574:2: warning: Unused tactic linter: `all_goals clear e0 e1 e2 e3 e4 e5 e6 e7 e8 e9 e10 e11 e12 e13 e14 e15` does nothing

Note: This linter can be disabled with `set_option linter.unusedTactic false`
SunPrize\Certificate\Theory001.lean:1575:2: warning: Unused tactic linter: `all_goals tauto` does nothing

Note: This linter can be disabled with `set_option linter.unusedTactic false`
SunPrize\Certificate\Theory001.lean:1574:12: warning: this tactic is never executed

Note: This linter can be disabled with `set_option linter.unreachableTactic false`
SunPrize\Certificate\Theory001.lean:1575:12: warning: this tactic is never executed

Note: This linter can be disabled with `set_option linter.unreachableTactic false`
SunPrize\Certificate\Theory001.lean:1594:56: warning: This simp argument is unused:
  not_le

Hint: Omit it from the simp argument list.
  [apply] simp only [not_lt] at h ⊢

Note: This linter can be disabled with `set_option linter.unusedSimpArgs false`
SunPrize\Certificate\Theory001.lean:1602:56: warning: This simp argument is unused:
  not_le

Hint: Omit it from the simp argument list.
  [apply] simp only [not_lt] at h ⊢

Note: This linter can be disabled with `set_option linter.unusedSimpArgs false`
SunPrize\Certificate\Theory001.lean:1604:56: warning: This simp argument is unused:
  not_le

Hint: Omit it from the simp argument list.
  [apply] simp only [not_lt] at h ⊢

Note: This linter can be disabled with `set_option linter.unusedSimpArgs false`
SunPrize\Certificate\Theory001.lean:1606:56: warning: This simp argument is unused:
  not_le

Hint: Omit it from the simp argument list.
  [apply] simp only [not_lt] at h ⊢

Note: This linter can be disabled with `set_option linter.unusedSimpArgs false`
SunPrize\Certificate\Theory001.lean:1608:56: warning: This simp argument is unused:
  not_le

Hint: Omit it from the simp argument list.
  [apply] simp only [not_lt] at h ⊢

Note: This linter can be disabled with `set_option linter.unusedSimpArgs false`
SunPrize\Certificate\Theory001.lean:1610:56: warning: This simp argument is unused:
  not_le

Hint: Omit it from the simp argument list.
  [apply] simp only [not_lt] at h ⊢

Note: This linter can be disabled with `set_option linter.unusedSimpArgs false`
SunPrize\Certificate\Theory001.lean:1612:56: warning: This simp argument is unused:
  not_le

Hint: Omit it from the simp argument list.
  [apply] simp only [not_lt] at h ⊢

Note: This linter can be disabled with `set_option linter.unusedSimpArgs false`
SunPrize\Certificate\Theory001.lean:1614:56: warning: This simp argument is unused:
  not_le

Hint: Omit it from the simp argument list.
  [apply] simp only [not_lt] at h ⊢

Note: This linter can be disabled with `set_option linter.unusedSimpArgs false`
SunPrize\Certificate\Theory001.lean:1618:56: warning: This simp argument is unused:
  not_le

Hint: Omit it from the simp argument list.
  [apply] simp only [not_lt] at h ⊢

Note: This linter can be disabled with `set_option linter.unusedSimpArgs false`
SunPrize\Certificate\Theory001.lean:1620:56: warning: This simp argument is unused:
  not_le

Hint: Omit it from the simp argument list.
  [apply] simp only [not_lt] at h ⊢

Note: This linter can be disabled with `set_option linter.unusedSimpArgs false`
SunPrize\Certificate\Theory001.lean:1622:56: warning: This simp argument is unused:
  not_le

Hint: Omit it from the simp argument list.
  [apply] simp only [not_lt] at h ⊢

Note: This linter can be disabled with `set_option linter.unusedSimpArgs false`
SunPrize\Certificate\Theory001.lean:1624:56: warning: This simp argument is unused:
  not_le

Hint: Omit it from the simp argument list.
  [apply] simp only [not_lt] at h ⊢

Note: This linter can be disabled with `set_option linter.unusedSimpArgs false`
SunPrize\Certificate\Theory001.lean:1596:32: warning: Unused tactic linter: `(try simp only [not_lt, not_le] at h ⊢)` does nothing

Note: This linter can be disabled with `set_option linter.unusedTactic false`
SunPrize\Certificate\Theory001.lean:1598:32: warning: Unused tactic linter: `(try simp only [not_lt, not_le] at h ⊢)` does nothing

Note: This linter can be disabled with `set_option linter.unusedTactic false`
SunPrize\Certificate\Theory001.lean:1600:32: warning: Unused tactic linter: `(try simp only [not_lt, not_le] at h ⊢)` does nothing

Note: This linter can be disabled with `set_option linter.unusedTactic false`
SunPrize\Certificate\Theory001.lean:1616:32: warning: Unused tactic linter: `(try simp only [not_lt, not_le] at h ⊢)` does nothing

Note: This linter can be disabled with `set_option linter.unusedTactic false`
SunPrize\Certificate\Theory001.lean:1626:2: warning: Unused tactic linter: `all_goals clear e0 e1 e2 e3 e4 e5 e6 e7 e8 e9 e10 e11 e12 e13 e14 e15` does nothing

Note: This linter can be disabled with `set_option linter.unusedTactic false`
SunPrize\Certificate\Theory001.lean:1627:2: warning: Unused tactic linter: `all_goals tauto` does nothing

Note: This linter can be disabled with `set_option linter.unusedTactic false`
SunPrize\Certificate\Theory001.lean:1626:12: warning: this tactic is never executed

Note: This linter can be disabled with `set_option linter.unreachableTactic false`
SunPrize\Certificate\Theory001.lean:1627:12: warning: this tactic is never executed

Note: This linter can be disabled with `set_option linter.unreachableTactic false`
SunPrize\Certificate\Theory001.lean:1646:32: warning: Unused tactic linter: `(try simp only [not_lt, not_le] at h ⊢)` does nothing

Note: This linter can be disabled with `set_option linter.unusedTactic false`
SunPrize\Certificate\Theory001.lean:1648:32: warning: Unused tactic linter: `(try simp only [not_lt, not_le] at h ⊢)` does nothing

Note: This linter can be disabled with `set_option linter.unusedTactic false`
SunPrize\Certificate\Theory001.lean:1650:2: warning: Unused tactic linter: `all_goals clear e0 e1` does nothing

Note: This linter can be disabled with `set_option linter.unusedTactic false`
SunPrize\Certificate\Theory001.lean:1651:2: warning: Unused tactic linter: `all_goals tauto` does nothing

Note: This linter can be disabled with `set_option linter.unusedTactic false`
SunPrize\Certificate\Theory001.lean:1650:12: warning: this tactic is never executed

Note: This linter can be disabled with `set_option linter.unreachableTactic false`
SunPrize\Certificate\Theory001.lean:1651:12: warning: this tactic is never executed

Note: This linter can be disabled with `set_option linter.unreachableTactic false`
SunPrize\Certificate\Theory001.lean:1656:56: warning: This simp argument is unused:
  not_le

Hint: Omit it from the simp argument list.
  [apply] simp only [not_lt] at h ⊢

Note: This linter can be disabled with `set_option linter.unusedSimpArgs false`
SunPrize\Certificate\Theory001.lean:1658:56: warning: This simp argument is unused:
  not_le

Hint: Omit it from the simp argument list.
  [apply] simp only [not_lt] at h ⊢

Note: This linter can be disabled with `set_option linter.unusedSimpArgs false`
SunPrize\Certificate\Theory001.lean:1664:56: warning: This simp argument is unused:
  not_le

Hint: Omit it from the simp argument list.
  [apply] simp only [not_lt] at h ⊢

Note: This linter can be disabled with `set_option linter.unusedSimpArgs false`
SunPrize\Certificate\Theory001.lean:1666:56: warning: This simp argument is unused:
  not_le

Hint: Omit it from the simp argument list.
  [apply] simp only [not_lt] at h ⊢

Note: This linter can be disabled with `set_option linter.unusedSimpArgs false`
SunPrize\Certificate\Theory001.lean:1668:56: warning: This simp argument is unused:
  not_le

Hint: Omit it from the simp argument list.
  [apply] simp only [not_lt] at h ⊢

Note: This linter can be disabled with `set_option linter.unusedSimpArgs false`
SunPrize\Certificate\Theory001.lean:1672:56: warning: This simp argument is unused:
  not_le

Hint: Omit it from the simp argument list.
  [apply] simp only [not_lt] at h ⊢

Note: This linter can be disabled with `set_option linter.unusedSimpArgs false`
SunPrize\Certificate\Theory001.lean:1674:56: warning: This simp argument is unused:
  not_le

Hint: Omit it from the simp argument list.
  [apply] simp only [not_lt] at h ⊢

Note: This linter can be disabled with `set_option linter.unusedSimpArgs false`
SunPrize\Certificate\Theory001.lean:1676:56: warning: This simp argument is unused:
  not_le

Hint: Omit it from the simp argument list.
  [apply] simp only [not_lt] at h ⊢

Note: This linter can be disabled with `set_option linter.unusedSimpArgs false`
SunPrize\Certificate\Theory001.lean:1680:56: warning: This simp argument is unused:
  not_le

Hint: Omit it from the simp argument list.
  [apply] simp only [not_lt] at h ⊢

Note: This linter can be disabled with `set_option linter.unusedSimpArgs false`
SunPrize\Certificate\Theory001.lean:1682:56: warning: This simp argument is unused:
  not_le

Hint: Omit it from the simp argument list.
  [apply] simp only [not_lt] at h ⊢

Note: This linter can be disabled with `set_option linter.unusedSimpArgs false`
SunPrize\Certificate\Theory001.lean:1684:56: warning: This simp argument is unused:
  not_le

Hint: Omit it from the simp argument list.
  [apply] simp only [not_lt] at h ⊢

Note: This linter can be disabled with `set_option linter.unusedSimpArgs false`
SunPrize\Certificate\Theory001.lean:1686:56: warning: This simp argument is unused:
  not_le

Hint: Omit it from the simp argument list.
  [apply] simp only [not_lt] at h ⊢

Note: This linter can be disabled with `set_option linter.unusedSimpArgs false`
SunPrize\Certificate\Theory001.lean:1660:32: warning: Unused tactic linter: `(try simp only [not_lt, not_le] at h ⊢)` does nothing

Note: This linter can be disabled with `set_option linter.unusedTactic false`
SunPrize\Certificate\Theory001.lean:1662:32: warning: Unused tactic linter: `(try simp only [not_lt, not_le] at h ⊢)` does nothing

Note: This linter can be disabled with `set_option linter.unusedTactic false`
SunPrize\Certificate\Theory001.lean:1670:32: warning: Unused tactic linter: `(try simp only [not_lt, not_le] at h ⊢)` does nothing

Note: This linter can be disabled with `set_option linter.unusedTactic false`
SunPrize\Certificate\Theory001.lean:1678:32: warning: Unused tactic linter: `(try simp only [not_lt, not_le] at h ⊢)` does nothing

Note: This linter can be disabled with `set_option linter.unusedTactic false`
SunPrize\Certificate\Theory001.lean:1688:2: warning: Unused tactic linter: `all_goals clear e0 e1 e2 e3 e4 e5 e6 e7 e8 e9 e10 e11 e12 e13 e14 e15` does nothing

Note: This linter can be disabled with `set_option linter.unusedTactic false`
SunPrize\Certificate\Theory001.lean:1689:2: warning: Unused tactic linter: `all_goals tauto` does nothing

Note: This linter can be disabled with `set_option linter.unusedTactic false`
SunPrize\Certificate\Theory001.lean:1688:12: warning: this tactic is never executed

Note: This linter can be disabled with `set_option linter.unreachableTactic false`
SunPrize\Certificate\Theory001.lean:1689:12: warning: this tactic is never executed

Note: This linter can be disabled with `set_option linter.unreachableTactic false`
SunPrize\Certificate\Theory001.lean:1694:56: warning: This simp argument is unused:
  not_le

Hint: Omit it from the simp argument list.
  [apply] simp only [not_lt] at h ⊢

Note: This linter can be disabled with `set_option linter.unusedSimpArgs false`
SunPrize\Certificate\Theory001.lean:1702:56: warning: This simp argument is unused:
  not_le

Hint: Omit it from the simp argument list.
  [apply] simp only [not_lt] at h ⊢

Note: This linter can be disabled with `set_option linter.unusedSimpArgs false`
SunPrize\Certificate\Theory001.lean:1704:56: warning: This simp argument is unused:
  not_le

Hint: Omit it from the simp argument list.
  [apply] simp only [not_lt] at h ⊢

Note: This linter can be disabled with `set_option linter.unusedSimpArgs false`
SunPrize\Certificate\Theory001.lean:1706:56: warning: This simp argument is unused:
  not_le

Hint: Omit it from the simp argument list.
  [apply] simp only [not_lt] at h ⊢

Note: This linter can be disabled with `set_option linter.unusedSimpArgs false`
SunPrize\Certificate\Theory001.lean:1708:56: warning: This simp argument is unused:
  not_le

Hint: Omit it from the simp argument list.
  [apply] simp only [not_lt] at h ⊢

Note: This linter can be disabled with `set_option linter.unusedSimpArgs false`
SunPrize\Certificate\Theory001.lean:1710:56: warning: This simp argument is unused:
  not_le

Hint: Omit it from the simp argument list.
  [apply] simp only [not_lt] at h ⊢

Note: This linter can be disabled with `set_option linter.unusedSimpArgs false`
SunPrize\Certificate\Theory001.lean:1712:56: warning: This simp argument is unused:
  not_le

Hint: Omit it from the simp argument list.
  [apply] simp only [not_lt] at h ⊢

Note: This linter can be disabled with `set_option linter.unusedSimpArgs false`
SunPrize\Certificate\Theory001.lean:1714:56: warning: This simp argument is unused:
  not_le

Hint: Omit it from the simp argument list.
  [apply] simp only [not_lt] at h ⊢

Note: This linter can be disabled with `set_option linter.unusedSimpArgs false`
SunPrize\Certificate\Theory001.lean:1718:56: warning: This simp argument is unused:
  not_le

Hint: Omit it from the simp argument list.
  [apply] simp only [not_lt] at h ⊢

Note: This linter can be disabled with `set_option linter.unusedSimpArgs false`
SunPrize\Certificate\Theory001.lean:1720:56: warning: This simp argument is unused:
  not_le

Hint: Omit it from the simp argument list.
  [apply] simp only [not_lt] at h ⊢

Note: This linter can be disabled with `set_option linter.unusedSimpArgs false`
SunPrize\Certificate\Theory001.lean:1722:56: warning: This simp argument is unused:
  not_le

Hint: Omit it from the simp argument list.
  [apply] simp only [not_lt] at h ⊢

Note: This linter can be disabled with `set_option linter.unusedSimpArgs false`
SunPrize\Certificate\Theory001.lean:1724:56: warning: This simp argument is unused:
  not_le

Hint: Omit it from the simp argument list.
  [apply] simp only [not_lt] at h ⊢

Note: This linter can be disabled with `set_option linter.unusedSimpArgs false`
SunPrize\Certificate\Theory001.lean:1696:32: warning: Unused tactic linter: `(try simp only [not_lt, not_le] at h ⊢)` does nothing

Note: This linter can be disabled with `set_option linter.unusedTactic false`
SunPrize\Certificate\Theory001.lean:1698:32: warning: Unused tactic linter: `(try simp only [not_lt, not_le] at h ⊢)` does nothing

Note: This linter can be disabled with `set_option linter.unusedTactic false`
SunPrize\Certificate\Theory001.lean:1700:32: warning: Unused tactic linter: `(try simp only [not_lt, not_le] at h ⊢)` does nothing

Note: This linter can be disabled with `set_option linter.unusedTactic false`
SunPrize\Certificate\Theory001.lean:1716:32: warning: Unused tactic linter: `(try simp only [not_lt, not_le] at h ⊢)` does nothing

Note: This linter can be disabled with `set_option linter.unusedTactic false`
SunPrize\Certificate\Theory001.lean:1726:2: warning: Unused tactic linter: `all_goals clear e0 e1 e2 e3 e4 e5 e6 e7 e8 e9 e10 e11 e12 e13 e14 e15` does nothing

Note: This linter can be disabled with `set_option linter.unusedTactic false`
SunPrize\Certificate\Theory001.lean:1727:2: warning: Unused tactic linter: `all_goals tauto` does nothing

Note: This linter can be disabled with `set_option linter.unusedTactic false`
SunPrize\Certificate\Theory001.lean:1726:12: warning: this tactic is never executed

Note: This linter can be disabled with `set_option linter.unreachableTactic false`
SunPrize\Certificate\Theory001.lean:1727:12: warning: this tactic is never executed

Note: This linter can be disabled with `set_option linter.unreachableTactic false`
SunPrize\Certificate\Theory001.lean:1739:56: warning: This simp argument is unused:
  not_le

Hint: Omit it from the simp argument list.
  [apply] simp only [not_lt] at h ⊢

Note: This linter can be disabled with `set_option linter.unusedSimpArgs false`
SunPrize\Certificate\Theory001.lean:1747:56: warning: This simp argument is unused:
  not_le

Hint: Omit it from the simp argument list.
  [apply] simp only [not_lt] at h ⊢

Note: This linter can be disabled with `set_option linter.unusedSimpArgs false`
SunPrize\Certificate\Theory001.lean:1749:56: warning: This simp argument is unused:
  not_le

Hint: Omit it from the simp argument list.
  [apply] simp only [not_lt] at h ⊢

Note: This linter can be disabled with `set_option linter.unusedSimpArgs false`
SunPrize\Certificate\Theory001.lean:1751:56: warning: This simp argument is unused:
  not_le

Hint: Omit it from the simp argument list.
  [apply] simp only [not_lt] at h ⊢

Note: This linter can be disabled with `set_option linter.unusedSimpArgs false`
SunPrize\Certificate\Theory001.lean:1753:56: warning: This simp argument is unused:
  not_le

Hint: Omit it from the simp argument list.
  [apply] simp only [not_lt] at h ⊢

Note: This linter can be disabled with `set_option linter.unusedSimpArgs false`
SunPrize\Certificate\Theory001.lean:1755:56: warning: This simp argument is unused:
  not_le

Hint: Omit it from the simp argument list.
  [apply] simp only [not_lt] at h ⊢

Note: This linter can be disabled with `set_option linter.unusedSimpArgs false`
SunPrize\Certificate\Theory001.lean:1757:56: warning: This simp argument is unused:
  not_le

Hint: Omit it from the simp argument list.
  [apply] simp only [not_lt] at h ⊢

Note: This linter can be disabled with `set_option linter.unusedSimpArgs false`
SunPrize\Certificate\Theory001.lean:1759:56: warning: This simp argument is unused:
  not_le

Hint: Omit it from the simp argument list.
  [apply] simp only [not_lt] at h ⊢

Note: This linter can be disabled with `set_option linter.unusedSimpArgs false`
SunPrize\Certificate\Theory001.lean:1763:56: warning: This simp argument is unused:
  not_le

Hint: Omit it from the simp argument list.
  [apply] simp only [not_lt] at h ⊢

Note: This linter can be disabled with `set_option linter.unusedSimpArgs false`
SunPrize\Certificate\Theory001.lean:1765:56: warning: This simp argument is unused:
  not_le

Hint: Omit it from the simp argument list.
  [apply] simp only [not_lt] at h ⊢

Note: This linter can be disabled with `set_option linter.unusedSimpArgs false`
SunPrize\Certificate\Theory001.lean:1767:56: warning: This simp argument is unused:
  not_le

Hint: Omit it from the simp argument list.
  [apply] simp only [not_lt] at h ⊢

Note: This linter can be disabled with `set_option linter.unusedSimpArgs false`
SunPrize\Certificate\Theory001.lean:1769:56: warning: This simp argument is unused:
  not_le

Hint: Omit it from the simp argument list.
  [apply] simp only [not_lt] at h ⊢

Note: This linter can be disabled with `set_option linter.unusedSimpArgs false`
SunPrize\Certificate\Theory001.lean:1741:32: warning: Unused tactic linter: `(try simp only [not_lt, not_le] at h ⊢)` does nothing

Note: This linter can be disabled with `set_option linter.unusedTactic false`
SunPrize\Certificate\Theory001.lean:1743:32: warning: Unused tactic linter: `(try simp only [not_lt, not_le] at h ⊢)` does nothing

Note: This linter can be disabled with `set_option linter.unusedTactic false`
SunPrize\Certificate\Theory001.lean:1745:32: warning: Unused tactic linter: `(try simp only [not_lt, not_le] at h ⊢)` does nothing

Note: This linter can be disabled with `set_option linter.unusedTactic false`
SunPrize\Certificate\Theory001.lean:1761:32: warning: Unused tactic linter: `(try simp only [not_lt, not_le] at h ⊢)` does nothing

Note: This linter can be disabled with `set_option linter.unusedTactic false`
SunPrize\Certificate\Theory001.lean:1771:2: warning: Unused tactic linter: `all_goals clear e0 e1 e2 e3 e4 e5 e6 e7 e8 e9 e10 e11 e12 e13 e14 e15` does nothing

Note: This linter can be disabled with `set_option linter.unusedTactic false`
SunPrize\Certificate\Theory001.lean:1772:2: warning: Unused tactic linter: `all_goals tauto` does nothing

Note: This linter can be disabled with `set_option linter.unusedTactic false`
SunPrize\Certificate\Theory001.lean:1771:12: warning: this tactic is never executed

Note: This linter can be disabled with `set_option linter.unreachableTactic false`
SunPrize\Certificate\Theory001.lean:1772:12: warning: this tactic is never executed

Note: This linter can be disabled with `set_option linter.unreachableTactic false`
SunPrize\Certificate\Theory001.lean:1777:56: warning: This simp argument is unused:
  not_le

Hint: Omit it from the simp argument list.
  [apply] simp only [not_lt] at h ⊢

Note: This linter can be disabled with `set_option linter.unusedSimpArgs false`
SunPrize\Certificate\Theory001.lean:1785:56: warning: This simp argument is unused:
  not_le

Hint: Omit it from the simp argument list.
  [apply] simp only [not_lt] at h ⊢

Note: This linter can be disabled with `set_option linter.unusedSimpArgs false`
SunPrize\Certificate\Theory001.lean:1787:56: warning: This simp argument is unused:
  not_le

Hint: Omit it from the simp argument list.
  [apply] simp only [not_lt] at h ⊢

Note: This linter can be disabled with `set_option linter.unusedSimpArgs false`
SunPrize\Certificate\Theory001.lean:1789:56: warning: This simp argument is unused:
  not_le

Hint: Omit it from the simp argument list.
  [apply] simp only [not_lt] at h ⊢

Note: This linter can be disabled with `set_option linter.unusedSimpArgs false`
SunPrize\Certificate\Theory001.lean:1791:56: warning: This simp argument is unused:
  not_le

Hint: Omit it from the simp argument list.
  [apply] simp only [not_lt] at h ⊢

Note: This linter can be disabled with `set_option linter.unusedSimpArgs false`
SunPrize\Certificate\Theory001.lean:1793:56: warning: This simp argument is unused:
  not_le

Hint: Omit it from the simp argument list.
  [apply] simp only [not_lt] at h ⊢

Note: This linter can be disabled with `set_option linter.unusedSimpArgs false`
SunPrize\Certificate\Theory001.lean:1795:56: warning: This simp argument is unused:
  not_le

Hint: Omit it from the simp argument list.
  [apply] simp only [not_lt] at h ⊢

Note: This linter can be disabled with `set_option linter.unusedSimpArgs false`
SunPrize\Certificate\Theory001.lean:1797:56: warning: This simp argument is unused:
  not_le

Hint: Omit it from the simp argument list.
  [apply] simp only [not_lt] at h ⊢

Note: This linter can be disabled with `set_option linter.unusedSimpArgs false`
SunPrize\Certificate\Theory001.lean:1801:56: warning: This simp argument is unused:
  not_le

Hint: Omit it from the simp argument list.
  [apply] simp only [not_lt] at h ⊢

Note: This linter can be disabled with `set_option linter.unusedSimpArgs false`
SunPrize\Certificate\Theory001.lean:1803:56: warning: This simp argument is unused:
  not_le

Hint: Omit it from the simp argument list.
  [apply] simp only [not_lt] at h ⊢

Note: This linter can be disabled with `set_option linter.unusedSimpArgs false`
SunPrize\Certificate\Theory001.lean:1805:56: warning: This simp argument is unused:
  not_le

Hint: Omit it from the simp argument list.
  [apply] simp only [not_lt] at h ⊢

Note: This linter can be disabled with `set_option linter.unusedSimpArgs false`
SunPrize\Certificate\Theory001.lean:1807:56: warning: This simp argument is unused:
  not_le

Hint: Omit it from the simp argument list.
  [apply] simp only [not_lt] at h ⊢

Note: This linter can be disabled with `set_option linter.unusedSimpArgs false`
SunPrize\Certificate\Theory001.lean:1779:32: warning: Unused tactic linter: `(try simp only [not_lt, not_le] at h ⊢)` does nothing

Note: This linter can be disabled with `set_option linter.unusedTactic false`
SunPrize\Certificate\Theory001.lean:1781:32: warning: Unused tactic linter: `(try simp only [not_lt, not_le] at h ⊢)` does nothing

Note: This linter can be disabled with `set_option linter.unusedTactic false`
SunPrize\Certificate\Theory001.lean:1783:32: warning: Unused tactic linter: `(try simp only [not_lt, not_le] at h ⊢)` does nothing

Note: This linter can be disabled with `set_option linter.unusedTactic false`
SunPrize\Certificate\Theory001.lean:1799:32: warning: Unused tactic linter: `(try simp only [not_lt, not_le] at h ⊢)` does nothing

Note: This linter can be disabled with `set_option linter.unusedTactic false`
SunPrize\Certificate\Theory001.lean:1809:2: warning: Unused tactic linter: `all_goals clear e0 e1 e2 e3 e4 e5 e6 e7 e8 e9 e10 e11 e12 e13 e14 e15` does nothing

Note: This linter can be disabled with `set_option linter.unusedTactic false`
SunPrize\Certificate\Theory001.lean:1810:2: warning: Unused tactic linter: `all_goals tauto` does nothing

Note: This linter can be disabled with `set_option linter.unusedTactic false`
SunPrize\Certificate\Theory001.lean:1809:12: warning: this tactic is never executed

Note: This linter can be disabled with `set_option linter.unreachableTactic false`
SunPrize\Certificate\Theory001.lean:1810:12: warning: this tactic is never executed

Note: This linter can be disabled with `set_option linter.unreachableTactic false`
SunPrize\Certificate\Theory001.lean:1892:56: warning: This simp argument is unused:
  not_le

Hint: Omit it from the simp argument list.
  [apply] simp only [not_lt] at h ⊢

Note: This linter can be disabled with `set_option linter.unusedSimpArgs false`
SunPrize\Certificate\Theory001.lean:1900:56: warning: This simp argument is unused:
  not_le

Hint: Omit it from the simp argument list.
  [apply] simp only [not_lt] at h ⊢

Note: This linter can be disabled with `set_option linter.unusedSimpArgs false`
SunPrize\Certificate\Theory001.lean:1902:56: warning: This simp argument is unused:
  not_le

Hint: Omit it from the simp argument list.
  [apply] simp only [not_lt] at h ⊢

Note: This linter can be disabled with `set_option linter.unusedSimpArgs false`
SunPrize\Certificate\Theory001.lean:1904:56: warning: This simp argument is unused:
  not_le

Hint: Omit it from the simp argument list.
  [apply] simp only [not_lt] at h ⊢

Note: This linter can be disabled with `set_option linter.unusedSimpArgs false`
SunPrize\Certificate\Theory001.lean:1906:56: warning: This simp argument is unused:
  not_le

Hint: Omit it from the simp argument list.
  [apply] simp only [not_lt] at h ⊢

Note: This linter can be disabled with `set_option linter.unusedSimpArgs false`
SunPrize\Certificate\Theory001.lean:1908:56: warning: This simp argument is unused:
  not_le

Hint: Omit it from the simp argument list.
  [apply] simp only [not_lt] at h ⊢

Note: This linter can be disabled with `set_option linter.unusedSimpArgs false`
SunPrize\Certificate\Theory001.lean:1910:56: warning: This simp argument is unused:
  not_le

Hint: Omit it from the simp argument list.
  [apply] simp only [not_lt] at h ⊢

Note: This linter can be disabled with `set_option linter.unusedSimpArgs false`
SunPrize\Certificate\Theory001.lean:1912:56: warning: This simp argument is unused:
  not_le

Hint: Omit it from the simp argument list.
  [apply] simp only [not_lt] at h ⊢

Note: This linter can be disabled with `set_option linter.unusedSimpArgs false`
SunPrize\Certificate\Theory001.lean:1916:56: warning: This simp argument is unused:
  not_le

Hint: Omit it from the simp argument list.
  [apply] simp only [not_lt] at h ⊢

Note: This linter can be disabled with `set_option linter.unusedSimpArgs false`
SunPrize\Certificate\Theory001.lean:1918:56: warning: This simp argument is unused:
  not_le

Hint: Omit it from the simp argument list.
  [apply] simp only [not_lt] at h ⊢

Note: This linter can be disabled with `set_option linter.unusedSimpArgs false`
SunPrize\Certificate\Theory001.lean:1920:56: warning: This simp argument is unused:
  not_le

Hint: Omit it from the simp argument list.
  [apply] simp only [not_lt] at h ⊢

Note: This linter can be disabled with `set_option linter.unusedSimpArgs false`
SunPrize\Certificate\Theory001.lean:1922:56: warning: This simp argument is unused:
  not_le

Hint: Omit it from the simp argument list.
  [apply] simp only [not_lt] at h ⊢

Note: This linter can be disabled with `set_option linter.unusedSimpArgs false`
SunPrize\Certificate\Theory001.lean:1894:32: warning: Unused tactic linter: `(try simp only [not_lt, not_le] at h ⊢)` does nothing

Note: This linter can be disabled with `set_option linter.unusedTactic false`
SunPrize\Certificate\Theory001.lean:1896:32: warning: Unused tactic linter: `(try simp only [not_lt, not_le] at h ⊢)` does nothing

Note: This linter can be disabled with `set_option linter.unusedTactic false`
SunPrize\Certificate\Theory001.lean:1898:32: warning: Unused tactic linter: `(try simp only [not_lt, not_le] at h ⊢)` does nothing

Note: This linter can be disabled with `set_option linter.unusedTactic false`
SunPrize\Certificate\Theory001.lean:1914:32: warning: Unused tactic linter: `(try simp only [not_lt, not_le] at h ⊢)` does nothing

Note: This linter can be disabled with `set_option linter.unusedTactic false`
SunPrize\Certificate\Theory001.lean:1924:2: warning: Unused tactic linter: `all_goals clear e0 e1 e2 e3 e4 e5 e6 e7 e8 e9 e10 e11 e12 e13 e14 e15` does nothing

Note: This linter can be disabled with `set_option linter.unusedTactic false`
SunPrize\Certificate\Theory001.lean:1925:2: warning: Unused tactic linter: `all_goals tauto` does nothing

Note: This linter can be disabled with `set_option linter.unusedTactic false`
SunPrize\Certificate\Theory001.lean:1924:12: warning: this tactic is never executed

Note: This linter can be disabled with `set_option linter.unreachableTactic false`
SunPrize\Certificate\Theory001.lean:1925:12: warning: this tactic is never executed

Note: This linter can be disabled with `set_option linter.unreachableTactic false`
SunPrize\Certificate\Theory001.lean:1972:32: warning: Unused tactic linter: `(try simp only [not_lt, not_le] at h ⊢)` does nothing

Note: This linter can be disabled with `set_option linter.unusedTactic false`
SunPrize\Certificate\Theory001.lean:1974:32: warning: Unused tactic linter: `(try simp only [not_lt, not_le] at h ⊢)` does nothing

Note: This linter can be disabled with `set_option linter.unusedTactic false`
SunPrize\Certificate\Theory001.lean:1976:2: warning: Unused tactic linter: `all_goals clear e0 e1` does nothing

Note: This linter can be disabled with `set_option linter.unusedTactic false`
SunPrize\Certificate\Theory001.lean:1977:2: warning: Unused tactic linter: `all_goals tauto` does nothing

Note: This linter can be disabled with `set_option linter.unusedTactic false`
SunPrize\Certificate\Theory001.lean:1976:12: warning: this tactic is never executed

Note: This linter can be disabled with `set_option linter.unreachableTactic false`
SunPrize\Certificate\Theory001.lean:1977:12: warning: this tactic is never executed

Note: This linter can be disabled with `set_option linter.unreachableTactic false`
SunPrize\Certificate\Theory001.lean:2017:32: warning: Unused tactic linter: `(try simp only [not_lt, not_le] at h ⊢)` does nothing

Note: This linter can be disabled with `set_option linter.unusedTactic false`
SunPrize\Certificate\Theory001.lean:2019:32: warning: Unused tactic linter: `(try simp only [not_lt, not_le] at h ⊢)` does nothing

Note: This linter can be disabled with `set_option linter.unusedTactic false`
SunPrize\Certificate\Theory001.lean:2021:2: warning: Unused tactic linter: `all_goals clear e0 e1` does nothing

Note: This linter can be disabled with `set_option linter.unusedTactic false`
SunPrize\Certificate\Theory001.lean:2022:2: warning: Unused tactic linter: `all_goals tauto` does nothing

Note: This linter can be disabled with `set_option linter.unusedTactic false`
SunPrize\Certificate\Theory001.lean:2021:12: warning: this tactic is never executed

Note: This linter can be disabled with `set_option linter.unreachableTactic false`
SunPrize\Certificate\Theory001.lean:2022:12: warning: this tactic is never executed

Note: This linter can be disabled with `set_option linter.unreachableTactic false`
SunPrize\Certificate\Theory001.lean:2061:56: warning: This simp argument is unused:
  not_le

Hint: Omit it from the simp argument list.
  [apply] simp only [not_lt] at h ⊢

Note: This linter can be disabled with `set_option linter.unusedSimpArgs false`
SunPrize\Certificate\Theory001.lean:2063:56: warning: This simp argument is unused:
  not_le

Hint: Omit it from the simp argument list.
  [apply] simp only [not_lt] at h ⊢

Note: This linter can be disabled with `set_option linter.unusedSimpArgs false`
SunPrize\Certificate\Theory001.lean:2065:56: warning: This simp argument is unused:
  not_le

Hint: Omit it from the simp argument list.
  [apply] simp only [not_lt] at h ⊢

Note: This linter can be disabled with `set_option linter.unusedSimpArgs false`
SunPrize\Certificate\Theory001.lean:2067:56: warning: This simp argument is unused:
  not_le

Hint: Omit it from the simp argument list.
  [apply] simp only [not_lt] at h ⊢

Note: This linter can be disabled with `set_option linter.unusedSimpArgs false`
SunPrize\Certificate\Theory001.lean:2069:56: warning: This simp argument is unused:
  not_le

Hint: Omit it from the simp argument list.
  [apply] simp only [not_lt] at h ⊢

Note: This linter can be disabled with `set_option linter.unusedSimpArgs false`
SunPrize\Certificate\Theory001.lean:2071:56: warning: This simp argument is unused:
  not_le

Hint: Omit it from the simp argument list.
  [apply] simp only [not_lt] at h ⊢

Note: This linter can be disabled with `set_option linter.unusedSimpArgs false`
SunPrize\Certificate\Theory001.lean:2073:56: warning: This simp argument is unused:
  not_le

Hint: Omit it from the simp argument list.
  [apply] simp only [not_lt] at h ⊢

Note: This linter can be disabled with `set_option linter.unusedSimpArgs false`
SunPrize\Certificate\Theory001.lean:2077:56: warning: This simp argument is unused:
  not_le

Hint: Omit it from the simp argument list.
  [apply] simp only [not_lt] at h ⊢

Note: This linter can be disabled with `set_option linter.unusedSimpArgs false`
SunPrize\Certificate\Theory001.lean:2079:56: warning: This simp argument is unused:
  not_le

Hint: Omit it from the simp argument list.
  [apply] simp only [not_lt] at h ⊢

Note: This linter can be disabled with `set_option linter.unusedSimpArgs false`
SunPrize\Certificate\Theory001.lean:2081:56: warning: This simp argument is unused:
  not_le

Hint: Omit it from the simp argument list.
  [apply] simp only [not_lt] at h ⊢

Note: This linter can be disabled with `set_option linter.unusedSimpArgs false`
SunPrize\Certificate\Theory001.lean:2083:56: warning: This simp argument is unused:
  not_le

Hint: Omit it from the simp argument list.
  [apply] simp only [not_lt] at h ⊢

Note: This linter can be disabled with `set_option linter.unusedSimpArgs false`
SunPrize\Certificate\Theory001.lean:2085:56: warning: This simp argument is unused:
  not_le

Hint: Omit it from the simp argument list.
  [apply] simp only [not_lt] at h ⊢

Note: This linter can be disabled with `set_option linter.unusedSimpArgs false`
SunPrize\Certificate\Theory001.lean:2055:32: warning: Unused tactic linter: `(try simp only [not_lt, not_le] at h ⊢)` does nothing

Note: This linter can be disabled with `set_option linter.unusedTactic false`
SunPrize\Certificate\Theory001.lean:2057:32: warning: Unused tactic linter: `(try simp only [not_lt, not_le] at h ⊢)` does nothing

Note: This linter can be disabled with `set_option linter.unusedTactic false`
SunPrize\Certificate\Theory001.lean:2059:32: warning: Unused tactic linter: `(try simp only [not_lt, not_le] at h ⊢)` does nothing

Note: This linter can be disabled with `set_option linter.unusedTactic false`
SunPrize\Certificate\Theory001.lean:2075:32: warning: Unused tactic linter: `(try simp only [not_lt, not_le] at h ⊢)` does nothing

Note: This linter can be disabled with `set_option linter.unusedTactic false`
SunPrize\Certificate\Theory001.lean:2087:2: warning: Unused tactic linter: `all_goals clear e0 e1 e2 e3 e4 e5 e6 e7 e8 e9 e10 e11 e12 e13 e14 e15` does nothing

Note: This linter can be disabled with `set_option linter.unusedTactic false`
SunPrize\Certificate\Theory001.lean:2088:2: warning: Unused tactic linter: `all_goals tauto` does nothing

Note: This linter can be disabled with `set_option linter.unusedTactic false`
SunPrize\Certificate\Theory001.lean:2087:12: warning: this tactic is never executed

Note: This linter can be disabled with `set_option linter.unreachableTactic false`
SunPrize\Certificate\Theory001.lean:2088:12: warning: this tactic is never executed

Note: This linter can be disabled with `set_option linter.unreachableTactic false`
SunPrize\Certificate\Theory001.lean:2093:56: warning: This simp argument is unused:
  not_le

Hint: Omit it from the simp argument list.
  [apply] simp only [not_lt] at h ⊢

Note: This linter can be disabled with `set_option linter.unusedSimpArgs false`
SunPrize\Certificate\Theory001.lean:2101:56: warning: This simp argument is unused:
  not_le

Hint: Omit it from the simp argument list.
  [apply] simp only [not_lt] at h ⊢

Note: This linter can be disabled with `set_option linter.unusedSimpArgs false`
SunPrize\Certificate\Theory001.lean:2103:56: warning: This simp argument is unused:
  not_le

Hint: Omit it from the simp argument list.
  [apply] simp only [not_lt] at h ⊢

Note: This linter can be disabled with `set_option linter.unusedSimpArgs false`
SunPrize\Certificate\Theory001.lean:2105:56: warning: This simp argument is unused:
  not_le

Hint: Omit it from the simp argument list.
  [apply] simp only [not_lt] at h ⊢

Note: This linter can be disabled with `set_option linter.unusedSimpArgs false`
SunPrize\Certificate\Theory001.lean:2107:56: warning: This simp argument is unused:
  not_le

Hint: Omit it from the simp argument list.
  [apply] simp only [not_lt] at h ⊢

Note: This linter can be disabled with `set_option linter.unusedSimpArgs false`
SunPrize\Certificate\Theory001.lean:2109:56: warning: This simp argument is unused:
  not_le

Hint: Omit it from the simp argument list.
  [apply] simp only [not_lt] at h ⊢

Note: This linter can be disabled with `set_option linter.unusedSimpArgs false`
SunPrize\Certificate\Theory001.lean:2111:56: warning: This simp argument is unused:
  not_le

Hint: Omit it from the simp argument list.
  [apply] simp only [not_lt] at h ⊢

Note: This linter can be disabled with `set_option linter.unusedSimpArgs false`
SunPrize\Certificate\Theory001.lean:2113:56: warning: This simp argument is unused:
  not_le

Hint: Omit it from the simp argument list.
  [apply] simp only [not_lt] at h ⊢

Note: This linter can be disabled with `set_option linter.unusedSimpArgs false`
SunPrize\Certificate\Theory001.lean:2117:56: warning: This simp argument is unused:
  not_le

Hint: Omit it from the simp argument list.
  [apply] simp only [not_lt] at h ⊢

Note: This linter can be disabled with `set_option linter.unusedSimpArgs false`
SunPrize\Certificate\Theory001.lean:2119:56: warning: This simp argument is unused:
  not_le

Hint: Omit it from the simp argument list.
  [apply] simp only [not_lt] at h ⊢

Note: This linter can be disabled with `set_option linter.unusedSimpArgs false`
SunPrize\Certificate\Theory001.lean:2121:56: warning: This simp argument is unused:
  not_le

Hint: Omit it from the simp argument list.
  [apply] simp only [not_lt] at h ⊢

Note: This linter can be disabled with `set_option linter.unusedSimpArgs false`
SunPrize\Certificate\Theory001.lean:2123:56: warning: This simp argument is unused:
  not_le

Hint: Omit it from the simp argument list.
  [apply] simp only [not_lt] at h ⊢

Note: This linter can be disabled with `set_option linter.unusedSimpArgs false`
SunPrize\Certificate\Theory001.lean:2095:32: warning: Unused tactic linter: `(try simp only [not_lt, not_le] at h ⊢)` does nothing

Note: This linter can be disabled with `set_option linter.unusedTactic false`
SunPrize\Certificate\Theory001.lean:2097:32: warning: Unused tactic linter: `(try simp only [not_lt, not_le] at h ⊢)` does nothing

Note: This linter can be disabled with `set_option linter.unusedTactic false`
SunPrize\Certificate\Theory001.lean:2099:32: warning: Unused tactic linter: `(try simp only [not_lt, not_le] at h ⊢)` does nothing

Note: This linter can be disabled with `set_option linter.unusedTactic false`
SunPrize\Certificate\Theory001.lean:2115:32: warning: Unused tactic linter: `(try simp only [not_lt, not_le] at h ⊢)` does nothing

Note: This linter can be disabled with `set_option linter.unusedTactic false`
SunPrize\Certificate\Theory001.lean:2125:2: warning: Unused tactic linter: `all_goals clear e0 e1 e2 e3 e4 e5 e6 e7 e8 e9 e10 e11 e12 e13 e14 e15` does nothing

Note: This linter can be disabled with `set_option linter.unusedTactic false`
SunPrize\Certificate\Theory001.lean:2126:2: warning: Unused tactic linter: `all_goals tauto` does nothing

Note: This linter can be disabled with `set_option linter.unusedTactic false`
SunPrize\Certificate\Theory001.lean:2125:12: warning: this tactic is never executed

Note: This linter can be disabled with `set_option linter.unreachableTactic false`
SunPrize\Certificate\Theory001.lean:2126:12: warning: this tactic is never executed

Note: This linter can be disabled with `set_option linter.unreachableTactic false`
SunPrize\Certificate\Theory001.lean:2131:56: warning: This simp argument is unused:
  not_le

Hint: Omit it from the simp argument list.
  [apply] simp only [not_lt] at h ⊢

Note: This linter can be disabled with `set_option linter.unusedSimpArgs false`
SunPrize\Certificate\Theory001.lean:2139:56: warning: This simp argument is unused:
  not_le

Hint: Omit it from the simp argument list.
  [apply] simp only [not_lt] at h ⊢

Note: This linter can be disabled with `set_option linter.unusedSimpArgs false`
SunPrize\Certificate\Theory001.lean:2141:56: warning: This simp argument is unused:
  not_le

Hint: Omit it from the simp argument list.
  [apply] simp only [not_lt] at h ⊢

Note: This linter can be disabled with `set_option linter.unusedSimpArgs false`
SunPrize\Certificate\Theory001.lean:2143:56: warning: This simp argument is unused:
  not_le

Hint: Omit it from the simp argument list.
  [apply] simp only [not_lt] at h ⊢

Note: This linter can be disabled with `set_option linter.unusedSimpArgs false`
SunPrize\Certificate\Theory001.lean:2145:56: warning: This simp argument is unused:
  not_le

Hint: Omit it from the simp argument list.
  [apply] simp only [not_lt] at h ⊢

Note: This linter can be disabled with `set_option linter.unusedSimpArgs false`
SunPrize\Certificate\Theory001.lean:2147:56: warning: This simp argument is unused:
  not_le

Hint: Omit it from the simp argument list.
  [apply] simp only [not_lt] at h ⊢

Note: This linter can be disabled with `set_option linter.unusedSimpArgs false`
SunPrize\Certificate\Theory001.lean:2149:56: warning: This simp argument is unused:
  not_le

Hint: Omit it from the simp argument list.
  [apply] simp only [not_lt] at h ⊢

Note: This linter can be disabled with `set_option linter.unusedSimpArgs false`
SunPrize\Certificate\Theory001.lean:2151:56: warning: This simp argument is unused:
  not_le

Hint: Omit it from the simp argument list.
  [apply] simp only [not_lt] at h ⊢

Note: This linter can be disabled with `set_option linter.unusedSimpArgs false`
SunPrize\Certificate\Theory001.lean:2155:56: warning: This simp argument is unused:
  not_le

Hint: Omit it from the simp argument list.
  [apply] simp only [not_lt] at h ⊢

Note: This linter can be disabled with `set_option linter.unusedSimpArgs false`
SunPrize\Certificate\Theory001.lean:2157:56: warning: This simp argument is unused:
  not_le

Hint: Omit it from the simp argument list.
  [apply] simp only [not_lt] at h ⊢

Note: This linter can be disabled with `set_option linter.unusedSimpArgs false`
SunPrize\Certificate\Theory001.lean:2159:56: warning: This simp argument is unused:
  not_le

Hint: Omit it from the simp argument list.
  [apply] simp only [not_lt] at h ⊢

Note: This linter can be disabled with `set_option linter.unusedSimpArgs false`
SunPrize\Certificate\Theory001.lean:2161:56: warning: This simp argument is unused:
  not_le

Hint: Omit it from the simp argument list.
  [apply] simp only [not_lt] at h ⊢

Note: This linter can be disabled with `set_option linter.unusedSimpArgs false`
SunPrize\Certificate\Theory001.lean:2133:32: warning: Unused tactic linter: `(try simp only [not_lt, not_le] at h ⊢)` does nothing

Note: This linter can be disabled with `set_option linter.unusedTactic false`
SunPrize\Certificate\Theory001.lean:2135:32: warning: Unused tactic linter: `(try simp only [not_lt, not_le] at h ⊢)` does nothing

Note: This linter can be disabled with `set_option linter.unusedTactic false`
SunPrize\Certificate\Theory001.lean:2137:32: warning: Unused tactic linter: `(try simp only [not_lt, not_le] at h ⊢)` does nothing

Note: This linter can be disabled with `set_option linter.unusedTactic false`
SunPrize\Certificate\Theory001.lean:2153:32: warning: Unused tactic linter: `(try simp only [not_lt, not_le] at h ⊢)` does nothing

Note: This linter can be disabled with `set_option linter.unusedTactic false`
SunPrize\Certificate\Theory001.lean:2163:2: warning: Unused tactic linter: `all_goals clear e0 e1 e2 e3 e4 e5 e6 e7 e8 e9 e10 e11 e12 e13 e14 e15` does nothing

Note: This linter can be disabled with `set_option linter.unusedTactic false`
SunPrize\Certificate\Theory001.lean:2164:2: warning: Unused tactic linter: `all_goals tauto` does nothing

Note: This linter can be disabled with `set_option linter.unusedTactic false`
SunPrize\Certificate\Theory001.lean:2163:12: warning: this tactic is never executed

Note: This linter can be disabled with `set_option linter.unreachableTactic false`
SunPrize\Certificate\Theory001.lean:2164:12: warning: this tactic is never executed

Note: This linter can be disabled with `set_option linter.unreachableTactic false`
SunPrize\Certificate\Theory001.lean:2169:32: warning: Unused tactic linter: `(try simp only [not_lt, not_le] at h ⊢)` does nothing

Note: This linter can be disabled with `set_option linter.unusedTactic false`
SunPrize\Certificate\Theory001.lean:2171:32: warning: Unused tactic linter: `(try simp only [not_lt, not_le] at h ⊢)` does nothing

Note: This linter can be disabled with `set_option linter.unusedTactic false`
SunPrize\Certificate\Theory001.lean:2173:2: warning: Unused tactic linter: `all_goals clear e0 e1` does nothing

Note: This linter can be disabled with `set_option linter.unusedTactic false`
SunPrize\Certificate\Theory001.lean:2174:2: warning: Unused tactic linter: `all_goals tauto` does nothing

Note: This linter can be disabled with `set_option linter.unusedTactic false`
SunPrize\Certificate\Theory001.lean:2173:12: warning: this tactic is never executed

Note: This linter can be disabled with `set_option linter.unreachableTactic false`
SunPrize\Certificate\Theory001.lean:2174:12: warning: this tactic is never executed

Note: This linter can be disabled with `set_option linter.unreachableTactic false`
SunPrize\Certificate\Theory001.lean:2179:32: warning: Unused tactic linter: `(try simp only [not_lt, not_le] at h ⊢)` does nothing

Note: This linter can be disabled with `set_option linter.unusedTactic false`
SunPrize\Certificate\Theory001.lean:2181:32: warning: Unused tactic linter: `(try simp only [not_lt, not_le] at h ⊢)` does nothing

Note: This linter can be disabled with `set_option linter.unusedTactic false`
SunPrize\Certificate\Theory001.lean:2183:2: warning: Unused tactic linter: `all_goals clear e0 e1` does nothing

Note: This linter can be disabled with `set_option linter.unusedTactic false`
SunPrize\Certificate\Theory001.lean:2184:2: warning: Unused tactic linter: `all_goals tauto` does nothing

Note: This linter can be disabled with `set_option linter.unusedTactic false`
SunPrize\Certificate\Theory001.lean:2183:12: warning: this tactic is never executed

Note: This linter can be disabled with `set_option linter.unreachableTactic false`
SunPrize\Certificate\Theory001.lean:2184:12: warning: this tactic is never executed

Note: This linter can be disabled with `set_option linter.unreachableTactic false`
SunPrize\Certificate\Theory001.lean:2189:56: warning: This simp argument is unused:
  not_le

Hint: Omit it from the simp argument list.
  [apply] simp only [not_lt] at h ⊢

Note: This linter can be disabled with `set_option linter.unusedSimpArgs false`
SunPrize\Certificate\Theory001.lean:2197:56: warning: This simp argument is unused:
  not_le

Hint: Omit it from the simp argument list.
  [apply] simp only [not_lt] at h ⊢

Note: This linter can be disabled with `set_option linter.unusedSimpArgs false`
SunPrize\Certificate\Theory001.lean:2199:56: warning: This simp argument is unused:
  not_le

Hint: Omit it from the simp argument list.
  [apply] simp only [not_lt] at h ⊢

Note: This linter can be disabled with `set_option linter.unusedSimpArgs false`
SunPrize\Certificate\Theory001.lean:2201:56: warning: This simp argument is unused:
  not_le

Hint: Omit it from the simp argument list.
  [apply] simp only [not_lt] at h ⊢

Note: This linter can be disabled with `set_option linter.unusedSimpArgs false`
SunPrize\Certificate\Theory001.lean:2203:56: warning: This simp argument is unused:
  not_le

Hint: Omit it from the simp argument list.
  [apply] simp only [not_lt] at h ⊢

Note: This linter can be disabled with `set_option linter.unusedSimpArgs false`
SunPrize\Certificate\Theory001.lean:2205:56: warning: This simp argument is unused:
  not_le

Hint: Omit it from the simp argument list.
  [apply] simp only [not_lt] at h ⊢

Note: This linter can be disabled with `set_option linter.unusedSimpArgs false`
SunPrize\Certificate\Theory001.lean:2207:56: warning: This simp argument is unused:
  not_le

Hint: Omit it from the simp argument list.
  [apply] simp only [not_lt] at h ⊢

Note: This linter can be disabled with `set_option linter.unusedSimpArgs false`
SunPrize\Certificate\Theory001.lean:2209:56: warning: This simp argument is unused:
  not_le

Hint: Omit it from the simp argument list.
  [apply] simp only [not_lt] at h ⊢

Note: This linter can be disabled with `set_option linter.unusedSimpArgs false`
SunPrize\Certificate\Theory001.lean:2213:56: warning: This simp argument is unused:
  not_le

Hint: Omit it from the simp argument list.
  [apply] simp only [not_lt] at h ⊢

Note: This linter can be disabled with `set_option linter.unusedSimpArgs false`
SunPrize\Certificate\Theory001.lean:2215:56: warning: This simp argument is unused:
  not_le

Hint: Omit it from the simp argument list.
  [apply] simp only [not_lt] at h ⊢

Note: This linter can be disabled with `set_option linter.unusedSimpArgs false`
SunPrize\Certificate\Theory001.lean:2217:56: warning: This simp argument is unused:
  not_le

Hint: Omit it from the simp argument list.
  [apply] simp only [not_lt] at h ⊢

Note: This linter can be disabled with `set_option linter.unusedSimpArgs false`
SunPrize\Certificate\Theory001.lean:2219:56: warning: This simp argument is unused:
  not_le

Hint: Omit it from the simp argument list.
  [apply] simp only [not_lt] at h ⊢

Note: This linter can be disabled with `set_option linter.unusedSimpArgs false`
SunPrize\Certificate\Theory001.lean:2191:32: warning: Unused tactic linter: `(try simp only [not_lt, not_le] at h ⊢)` does nothing

Note: This linter can be disabled with `set_option linter.unusedTactic false`
SunPrize\Certificate\Theory001.lean:2193:32: warning: Unused tactic linter: `(try simp only [not_lt, not_le] at h ⊢)` does nothing

Note: This linter can be disabled with `set_option linter.unusedTactic false`
SunPrize\Certificate\Theory001.lean:2195:32: warning: Unused tactic linter: `(try simp only [not_lt, not_le] at h ⊢)` does nothing

Note: This linter can be disabled with `set_option linter.unusedTactic false`
SunPrize\Certificate\Theory001.lean:2211:32: warning: Unused tactic linter: `(try simp only [not_lt, not_le] at h ⊢)` does nothing

Note: This linter can be disabled with `set_option linter.unusedTactic false`
SunPrize\Certificate\Theory001.lean:2221:2: warning: Unused tactic linter: `all_goals clear e0 e1 e2 e3 e4 e5 e6 e7 e8 e9 e10 e11 e12 e13 e14 e15` does nothing

Note: This linter can be disabled with `set_option linter.unusedTactic false`
SunPrize\Certificate\Theory001.lean:2222:2: warning: Unused tactic linter: `all_goals tauto` does nothing

Note: This linter can be disabled with `set_option linter.unusedTactic false`
SunPrize\Certificate\Theory001.lean:2221:12: warning: this tactic is never executed

Note: This linter can be disabled with `set_option linter.unreachableTactic false`
SunPrize\Certificate\Theory001.lean:2222:12: warning: this tactic is never executed

Note: This linter can be disabled with `set_option linter.unreachableTactic false`
SunPrize\Certificate\Theory001.lean:2227:56: warning: This simp argument is unused:
  not_le

Hint: Omit it from the simp argument list.
  [apply] simp only [not_lt] at h ⊢

Note: This linter can be disabled with `set_option linter.unusedSimpArgs false`
SunPrize\Certificate\Theory001.lean:2235:56: warning: This simp argument is unused:
  not_le

Hint: Omit it from the simp argument list.
  [apply] simp only [not_lt] at h ⊢

Note: This linter can be disabled with `set_option linter.unusedSimpArgs false`
SunPrize\Certificate\Theory001.lean:2237:56: warning: This simp argument is unused:
  not_le

Hint: Omit it from the simp argument list.
  [apply] simp only [not_lt] at h ⊢

Note: This linter can be disabled with `set_option linter.unusedSimpArgs false`
SunPrize\Certificate\Theory001.lean:2239:56: warning: This simp argument is unused:
  not_le

Hint: Omit it from the simp argument list.
  [apply] simp only [not_lt] at h ⊢

Note: This linter can be disabled with `set_option linter.unusedSimpArgs false`
SunPrize\Certificate\Theory001.lean:2241:56: warning: This simp argument is unused:
  not_le

Hint: Omit it from the simp argument list.
  [apply] simp only [not_lt] at h ⊢

Note: This linter can be disabled with `set_option linter.unusedSimpArgs false`
SunPrize\Certificate\Theory001.lean:2243:56: warning: This simp argument is unused:
  not_le

Hint: Omit it from the simp argument list.
  [apply] simp only [not_lt] at h ⊢

Note: This linter can be disabled with `set_option linter.unusedSimpArgs false`
SunPrize\Certificate\Theory001.lean:2245:56: warning: This simp argument is unused:
  not_le

Hint: Omit it from the simp argument list.
  [apply] simp only [not_lt] at h ⊢

Note: This linter can be disabled with `set_option linter.unusedSimpArgs false`
SunPrize\Certificate\Theory001.lean:2247:56: warning: This simp argument is unused:
  not_le

Hint: Omit it from the simp argument list.
  [apply] simp only [not_lt] at h ⊢

Note: This linter can be disabled with `set_option linter.unusedSimpArgs false`
SunPrize\Certificate\Theory001.lean:2251:56: warning: This simp argument is unused:
  not_le

Hint: Omit it from the simp argument list.
  [apply] simp only [not_lt] at h ⊢

Note: This linter can be disabled with `set_option linter.unusedSimpArgs false`
SunPrize\Certificate\Theory001.lean:2253:56: warning: This simp argument is unused:
  not_le

Hint: Omit it from the simp argument list.
  [apply] simp only [not_lt] at h ⊢

Note: This linter can be disabled with `set_option linter.unusedSimpArgs false`
SunPrize\Certificate\Theory001.lean:2255:56: warning: This simp argument is unused:
  not_le

Hint: Omit it from the simp argument list.
  [apply] simp only [not_lt] at h ⊢

Note: This linter can be disabled with `set_option linter.unusedSimpArgs false`
SunPrize\Certificate\Theory001.lean:2257:56: warning: This simp argument is unused:
  not_le

Hint: Omit it from the simp argument list.
  [apply] simp only [not_lt] at h ⊢

Note: This linter can be disabled with `set_option linter.unusedSimpArgs false`
SunPrize\Certificate\Theory001.lean:2229:32: warning: Unused tactic linter: `(try simp only [not_lt, not_le] at h ⊢)` does nothing

Note: This linter can be disabled with `set_option linter.unusedTactic false`
SunPrize\Certificate\Theory001.lean:2231:32: warning: Unused tactic linter: `(try simp only [not_lt, not_le] at h ⊢)` does nothing

Note: This linter can be disabled with `set_option linter.unusedTactic false`
SunPrize\Certificate\Theory001.lean:2233:32: warning: Unused tactic linter: `(try simp only [not_lt, not_le] at h ⊢)` does nothing

Note: This linter can be disabled with `set_option linter.unusedTactic false`
SunPrize\Certificate\Theory001.lean:2249:32: warning: Unused tactic linter: `(try simp only [not_lt, not_le] at h ⊢)` does nothing

Note: This linter can be disabled with `set_option linter.unusedTactic false`
SunPrize\Certificate\Theory001.lean:2259:2: warning: Unused tactic linter: `all_goals clear e0 e1 e2 e3 e4 e5 e6 e7 e8 e9 e10 e11 e12 e13 e14 e15` does nothing

Note: This linter can be disabled with `set_option linter.unusedTactic false`
SunPrize\Certificate\Theory001.lean:2260:2: warning: Unused tactic linter: `all_goals tauto` does nothing

Note: This linter can be disabled with `set_option linter.unusedTactic false`
SunPrize\Certificate\Theory001.lean:2259:12: warning: this tactic is never executed

Note: This linter can be disabled with `set_option linter.unreachableTactic false`
SunPrize\Certificate\Theory001.lean:2260:12: warning: this tactic is never executed

Note: This linter can be disabled with `set_option linter.unreachableTactic false`
SunPrize\Certificate\Theory001.lean:2279:56: warning: This simp argument is unused:
  not_le

Hint: Omit it from the simp argument list.
  [apply] simp only [not_lt] at h ⊢

Note: This linter can be disabled with `set_option linter.unusedSimpArgs false`
SunPrize\Certificate\Theory001.lean:2287:56: warning: This simp argument is unused:
  not_le

Hint: Omit it from the simp argument list.
  [apply] simp only [not_lt] at h ⊢

Note: This linter can be disabled with `set_option linter.unusedSimpArgs false`
SunPrize\Certificate\Theory001.lean:2289:56: warning: This simp argument is unused:
  not_le

Hint: Omit it from the simp argument list.
  [apply] simp only [not_lt] at h ⊢

Note: This linter can be disabled with `set_option linter.unusedSimpArgs false`
SunPrize\Certificate\Theory001.lean:2291:56: warning: This simp argument is unused:
  not_le

Hint: Omit it from the simp argument list.
  [apply] simp only [not_lt] at h ⊢

Note: This linter can be disabled with `set_option linter.unusedSimpArgs false`
SunPrize\Certificate\Theory001.lean:2293:56: warning: This simp argument is unused:
  not_le

Hint: Omit it from the simp argument list.
  [apply] simp only [not_lt] at h ⊢

Note: This linter can be disabled with `set_option linter.unusedSimpArgs false`
SunPrize\Certificate\Theory001.lean:2295:56: warning: This simp argument is unused:
  not_le

Hint: Omit it from the simp argument list.
  [apply] simp only [not_lt] at h ⊢

Note: This linter can be disabled with `set_option linter.unusedSimpArgs false`
SunPrize\Certificate\Theory001.lean:2297:56: warning: This simp argument is unused:
  not_le

Hint: Omit it from the simp argument list.
  [apply] simp only [not_lt] at h ⊢

Note: This linter can be disabled with `set_option linter.unusedSimpArgs false`
SunPrize\Certificate\Theory001.lean:2299:56: warning: This simp argument is unused:
  not_le

Hint: Omit it from the simp argument list.
  [apply] simp only [not_lt] at h ⊢

Note: This linter can be disabled with `set_option linter.unusedSimpArgs false`
SunPrize\Certificate\Theory001.lean:2303:56: warning: This simp argument is unused:
  not_le

Hint: Omit it from the simp argument list.
  [apply] simp only [not_lt] at h ⊢

Note: This linter can be disabled with `set_option linter.unusedSimpArgs false`
SunPrize\Certificate\Theory001.lean:2305:56: warning: This simp argument is unused:
  not_le

Hint: Omit it from the simp argument list.
  [apply] simp only [not_lt] at h ⊢

Note: This linter can be disabled with `set_option linter.unusedSimpArgs false`
SunPrize\Certificate\Theory001.lean:2307:56: warning: This simp argument is unused:
  not_le

Hint: Omit it from the simp argument list.
  [apply] simp only [not_lt] at h ⊢

Note: This linter can be disabled with `set_option linter.unusedSimpArgs false`
SunPrize\Certificate\Theory001.lean:2309:56: warning: This simp argument is unused:
  not_le

Hint: Omit it from the simp argument list.
  [apply] simp only [not_lt] at h ⊢

Note: This linter can be disabled with `set_option linter.unusedSimpArgs false`
SunPrize\Certificate\Theory001.lean:2281:32: warning: Unused tactic linter: `(try simp only [not_lt, not_le] at h ⊢)` does nothing

Note: This linter can be disabled with `set_option linter.unusedTactic false`
SunPrize\Certificate\Theory001.lean:2283:32: warning: Unused tactic linter: `(try simp only [not_lt, not_le] at h ⊢)` does nothing

Note: This linter can be disabled with `set_option linter.unusedTactic false`
SunPrize\Certificate\Theory001.lean:2285:32: warning: Unused tactic linter: `(try simp only [not_lt, not_le] at h ⊢)` does nothing

Note: This linter can be disabled with `set_option linter.unusedTactic false`
SunPrize\Certificate\Theory001.lean:2301:32: warning: Unused tactic linter: `(try simp only [not_lt, not_le] at h ⊢)` does nothing

Note: This linter can be disabled with `set_option linter.unusedTactic false`
SunPrize\Certificate\Theory001.lean:2311:2: warning: Unused tactic linter: `all_goals clear e0 e1 e2 e3 e4 e5 e6 e7 e8 e9 e10 e11 e12 e13 e14 e15` does nothing

Note: This linter can be disabled with `set_option linter.unusedTactic false`
SunPrize\Certificate\Theory001.lean:2312:2: warning: Unused tactic linter: `all_goals tauto` does nothing

Note: This linter can be disabled with `set_option linter.unusedTactic false`
SunPrize\Certificate\Theory001.lean:2311:12: warning: this tactic is never executed

Note: This linter can be disabled with `set_option linter.unreachableTactic false`
SunPrize\Certificate\Theory001.lean:2312:12: warning: this tactic is never executed

Note: This linter can be disabled with `set_option linter.unreachableTactic false`
SunPrize\Certificate\Theory001.lean:2359:56: warning: This simp argument is unused:
  not_le

Hint: Omit it from the simp argument list.
  [apply] simp only [not_lt] at h ⊢

Note: This linter can be disabled with `set_option linter.unusedSimpArgs false`
SunPrize\Certificate\Theory001.lean:2365:56: warning: This simp argument is unused:
  not_le

Hint: Omit it from the simp argument list.
  [apply] simp only [not_lt] at h ⊢

Note: This linter can be disabled with `set_option linter.unusedSimpArgs false`
SunPrize\Certificate\Theory001.lean:2367:56: warning: This simp argument is unused:
  not_le

Hint: Omit it from the simp argument list.
  [apply] simp only [not_lt] at h ⊢

Note: This linter can be disabled with `set_option linter.unusedSimpArgs false`
SunPrize\Certificate\Theory001.lean:2369:56: warning: This simp argument is unused:
  not_le

Hint: Omit it from the simp argument list.
  [apply] simp only [not_lt] at h ⊢

Note: This linter can be disabled with `set_option linter.unusedSimpArgs false`
SunPrize\Certificate\Theory001.lean:2373:56: warning: This simp argument is unused:
  not_le

Hint: Omit it from the simp argument list.
  [apply] simp only [not_lt] at h ⊢

Note: This linter can be disabled with `set_option linter.unusedSimpArgs false`
SunPrize\Certificate\Theory001.lean:2375:56: warning: This simp argument is unused:
  not_le

Hint: Omit it from the simp argument list.
  [apply] simp only [not_lt] at h ⊢

Note: This linter can be disabled with `set_option linter.unusedSimpArgs false`
SunPrize\Certificate\Theory001.lean:2377:56: warning: This simp argument is unused:
  not_le

Hint: Omit it from the simp argument list.
  [apply] simp only [not_lt] at h ⊢

Note: This linter can be disabled with `set_option linter.unusedSimpArgs false`
SunPrize\Certificate\Theory001.lean:2381:56: warning: This simp argument is unused:
  not_le

Hint: Omit it from the simp argument list.
  [apply] simp only [not_lt] at h ⊢

Note: This linter can be disabled with `set_option linter.unusedSimpArgs false`
SunPrize\Certificate\Theory001.lean:2383:56: warning: This simp argument is unused:
  not_le

Hint: Omit it from the simp argument list.
  [apply] simp only [not_lt] at h ⊢

Note: This linter can be disabled with `set_option linter.unusedSimpArgs false`
SunPrize\Certificate\Theory001.lean:2385:56: warning: This simp argument is unused:
  not_le

Hint: Omit it from the simp argument list.
  [apply] simp only [not_lt] at h ⊢

Note: This linter can be disabled with `set_option linter.unusedSimpArgs false`
SunPrize\Certificate\Theory001.lean:2387:56: warning: This simp argument is unused:
  not_le

Hint: Omit it from the simp argument list.
  [apply] simp only [not_lt] at h ⊢

Note: This linter can be disabled with `set_option linter.unusedSimpArgs false`
SunPrize\Certificate\Theory001.lean:2389:56: warning: This simp argument is unused:
  not_le

Hint: Omit it from the simp argument list.
  [apply] simp only [not_lt] at h ⊢

Note: This linter can be disabled with `set_option linter.unusedSimpArgs false`
SunPrize\Certificate\Theory001.lean:2361:32: warning: Unused tactic linter: `(try simp only [not_lt, not_le] at h ⊢)` does nothing

Note: This linter can be disabled with `set_option linter.unusedTactic false`
SunPrize\Certificate\Theory001.lean:2363:32: warning: Unused tactic linter: `(try simp only [not_lt, not_le] at h ⊢)` does nothing

Note: This linter can be disabled with `set_option linter.unusedTactic false`
SunPrize\Certificate\Theory001.lean:2371:32: warning: Unused tactic linter: `(try simp only [not_lt, not_le] at h ⊢)` does nothing

Note: This linter can be disabled with `set_option linter.unusedTactic false`
SunPrize\Certificate\Theory001.lean:2379:32: warning: Unused tactic linter: `(try simp only [not_lt, not_le] at h ⊢)` does nothing

Note: This linter can be disabled with `set_option linter.unusedTactic false`
SunPrize\Certificate\Theory001.lean:2391:2: warning: Unused tactic linter: `all_goals clear e0 e1 e2 e3 e4 e5 e6 e7 e8 e9 e10 e11 e12 e13 e14 e15` does nothing

Note: This linter can be disabled with `set_option linter.unusedTactic false`
SunPrize\Certificate\Theory001.lean:2392:2: warning: Unused tactic linter: `all_goals tauto` does nothing

Note: This linter can be disabled with `set_option linter.unusedTactic false`
SunPrize\Certificate\Theory001.lean:2391:12: warning: this tactic is never executed

Note: This linter can be disabled with `set_option linter.unreachableTactic false`
SunPrize\Certificate\Theory001.lean:2392:12: warning: this tactic is never executed

Note: This linter can be disabled with `set_option linter.unreachableTactic false`
SunPrize\Certificate\Theory001.lean:2397:56: warning: This simp argument is unused:
  not_le

Hint: Omit it from the simp argument list.
  [apply] simp only [not_lt] at h ⊢

Note: This linter can be disabled with `set_option linter.unusedSimpArgs false`
SunPrize\Certificate\Theory001.lean:2399:56: warning: This simp argument is unused:
  not_le

Hint: Omit it from the simp argument list.
  [apply] simp only [not_lt] at h ⊢

Note: This linter can be disabled with `set_option linter.unusedSimpArgs false`
SunPrize\Certificate\Theory001.lean:2405:56: warning: This simp argument is unused:
  not_le

Hint: Omit it from the simp argument list.
  [apply] simp only [not_lt] at h ⊢

Note: This linter can be disabled with `set_option linter.unusedSimpArgs false`
SunPrize\Certificate\Theory001.lean:2407:56: warning: This simp argument is unused:
  not_le

Hint: Omit it from the simp argument list.
  [apply] simp only [not_lt] at h ⊢

Note: This linter can be disabled with `set_option linter.unusedSimpArgs false`
SunPrize\Certificate\Theory001.lean:2409:56: warning: This simp argument is unused:
  not_le

Hint: Omit it from the simp argument list.
  [apply] simp only [not_lt] at h ⊢

Note: This linter can be disabled with `set_option linter.unusedSimpArgs false`
SunPrize\Certificate\Theory001.lean:2413:56: warning: This simp argument is unused:
  not_le

Hint: Omit it from the simp argument list.
  [apply] simp only [not_lt] at h ⊢

Note: This linter can be disabled with `set_option linter.unusedSimpArgs false`
SunPrize\Certificate\Theory001.lean:2415:56: warning: This simp argument is unused:
  not_le

Hint: Omit it from the simp argument list.
  [apply] simp only [not_lt] at h ⊢

Note: This linter can be disabled with `set_option linter.unusedSimpArgs false`
SunPrize\Certificate\Theory001.lean:2417:56: warning: This simp argument is unused:
  not_le

Hint: Omit it from the simp argument list.
  [apply] simp only [not_lt] at h ⊢

Note: This linter can be disabled with `set_option linter.unusedSimpArgs false`
SunPrize\Certificate\Theory001.lean:2421:56: warning: This simp argument is unused:
  not_le

Hint: Omit it from the simp argument list.
  [apply] simp only [not_lt] at h ⊢

Note: This linter can be disabled with `set_option linter.unusedSimpArgs false`
SunPrize\Certificate\Theory001.lean:2423:56: warning: This simp argument is unused:
  not_le

Hint: Omit it from the simp argument list.
  [apply] simp only [not_lt] at h ⊢

Note: This linter can be disabled with `set_option linter.unusedSimpArgs false`
SunPrize\Certificate\Theory001.lean:2425:56: warning: This simp argument is unused:
  not_le

Hint: Omit it from the simp argument list.
  [apply] simp only [not_lt] at h ⊢

Note: This linter can be disabled with `set_option linter.unusedSimpArgs false`
SunPrize\Certificate\Theory001.lean:2427:56: warning: This simp argument is unused:
  not_le

Hint: Omit it from the simp argument list.
  [apply] simp only [not_lt] at h ⊢

Note: This linter can be disabled with `set_option linter.unusedSimpArgs false`
SunPrize\Certificate\Theory001.lean:2401:32: warning: Unused tactic linter: `(try simp only [not_lt, not_le] at h ⊢)` does nothing

Note: This linter can be disabled with `set_option linter.unusedTactic false`
SunPrize\Certificate\Theory001.lean:2403:32: warning: Unused tactic linter: `(try simp only [not_lt, not_le] at h ⊢)` does nothing

Note: This linter can be disabled with `set_option linter.unusedTactic false`
SunPrize\Certificate\Theory001.lean:2411:32: warning: Unused tactic linter: `(try simp only [not_lt, not_le] at h ⊢)` does nothing

Note: This linter can be disabled with `set_option linter.unusedTactic false`
SunPrize\Certificate\Theory001.lean:2419:32: warning: Unused tactic linter: `(try simp only [not_lt, not_le] at h ⊢)` does nothing

Note: This linter can be disabled with `set_option linter.unusedTactic false`
SunPrize\Certificate\Theory001.lean:2429:2: warning: Unused tactic linter: `all_goals clear e0 e1 e2 e3 e4 e5 e6 e7 e8 e9 e10 e11 e12 e13 e14 e15` does nothing

Note: This linter can be disabled with `set_option linter.unusedTactic false`
SunPrize\Certificate\Theory001.lean:2430:2: warning: Unused tactic linter: `all_goals tauto` does nothing

Note: This linter can be disabled with `set_option linter.unusedTactic false`
SunPrize\Certificate\Theory001.lean:2429:12: warning: this tactic is never executed

Note: This linter can be disabled with `set_option linter.unreachableTactic false`
SunPrize\Certificate\Theory001.lean:2430:12: warning: this tactic is never executed

Note: This linter can be disabled with `set_option linter.unreachableTactic false`
SunPrize\Certificate\Theory001.lean:2512:56: warning: This simp argument is unused:
  not_le

Hint: Omit it from the simp argument list.
  [apply] simp only [not_lt] at h ⊢

Note: This linter can be disabled with `set_option linter.unusedSimpArgs false`
SunPrize\Certificate\Theory001.lean:2518:56: warning: This simp argument is unused:
  not_le

Hint: Omit it from the simp argument list.
  [apply] simp only [not_lt] at h ⊢

Note: This linter can be disabled with `set_option linter.unusedSimpArgs false`
SunPrize\Certificate\Theory001.lean:2520:56: warning: This simp argument is unused:
  not_le

Hint: Omit it from the simp argument list.
  [apply] simp only [not_lt] at h ⊢

Note: This linter can be disabled with `set_option linter.unusedSimpArgs false`
SunPrize\Certificate\Theory001.lean:2522:56: warning: This simp argument is unused:
  not_le

Hint: Omit it from the simp argument list.
  [apply] simp only [not_lt] at h ⊢

Note: This linter can be disabled with `set_option linter.unusedSimpArgs false`
SunPrize\Certificate\Theory001.lean:2526:56: warning: This simp argument is unused:
  not_le

Hint: Omit it from the simp argument list.
  [apply] simp only [not_lt] at h ⊢

Note: This linter can be disabled with `set_option linter.unusedSimpArgs false`
SunPrize\Certificate\Theory001.lean:2528:56: warning: This simp argument is unused:
  not_le

Hint: Omit it from the simp argument list.
  [apply] simp only [not_lt] at h ⊢

Note: This linter can be disabled with `set_option linter.unusedSimpArgs false`
SunPrize\Certificate\Theory001.lean:2530:56: warning: This simp argument is unused:
  not_le

Hint: Omit it from the simp argument list.
  [apply] simp only [not_lt] at h ⊢

Note: This linter can be disabled with `set_option linter.unusedSimpArgs false`
SunPrize\Certificate\Theory001.lean:2534:56: warning: This simp argument is unused:
  not_le

Hint: Omit it from the simp argument list.
  [apply] simp only [not_lt] at h ⊢

Note: This linter can be disabled with `set_option linter.unusedSimpArgs false`
SunPrize\Certificate\Theory001.lean:2536:56: warning: This simp argument is unused:
  not_le

Hint: Omit it from the simp argument list.
  [apply] simp only [not_lt] at h ⊢

Note: This linter can be disabled with `set_option linter.unusedSimpArgs false`
SunPrize\Certificate\Theory001.lean:2538:56: warning: This simp argument is unused:
  not_le

Hint: Omit it from the simp argument list.
  [apply] simp only [not_lt] at h ⊢

Note: This linter can be disabled with `set_option linter.unusedSimpArgs false`
SunPrize\Certificate\Theory001.lean:2540:56: warning: This simp argument is unused:
  not_le

Hint: Omit it from the simp argument list.
  [apply] simp only [not_lt] at h ⊢

Note: This linter can be disabled with `set_option linter.unusedSimpArgs false`
SunPrize\Certificate\Theory001.lean:2542:56: warning: This simp argument is unused:
  not_le

Hint: Omit it from the simp argument list.
  [apply] simp only [not_lt] at h ⊢

Note: This linter can be disabled with `set_option linter.unusedSimpArgs false`
SunPrize\Certificate\Theory001.lean:2514:32: warning: Unused tactic linter: `(try simp only [not_lt, not_le] at h ⊢)` does nothing

Note: This linter can be disabled with `set_option linter.unusedTactic false`
SunPrize\Certificate\Theory001.lean:2516:32: warning: Unused tactic linter: `(try simp only [not_lt, not_le] at h ⊢)` does nothing

Note: This linter can be disabled with `set_option linter.unusedTactic false`
SunPrize\Certificate\Theory001.lean:2524:32: warning: Unused tactic linter: `(try simp only [not_lt, not_le] at h ⊢)` does nothing

Note: This linter can be disabled with `set_option linter.unusedTactic false`
SunPrize\Certificate\Theory001.lean:2532:32: warning: Unused tactic linter: `(try simp only [not_lt, not_le] at h ⊢)` does nothing

Note: This linter can be disabled with `set_option linter.unusedTactic false`
SunPrize\Certificate\Theory001.lean:2544:2: warning: Unused tactic linter: `all_goals clear e0 e1 e2 e3 e4 e5 e6 e7 e8 e9 e10 e11 e12 e13 e14 e15` does nothing

Note: This linter can be disabled with `set_option linter.unusedTactic false`
SunPrize\Certificate\Theory001.lean:2545:2: warning: Unused tactic linter: `all_goals tauto` does nothing

Note: This linter can be disabled with `set_option linter.unusedTactic false`
SunPrize\Certificate\Theory001.lean:2544:12: warning: this tactic is never executed

Note: This linter can be disabled with `set_option linter.unreachableTactic false`
SunPrize\Certificate\Theory001.lean:2545:12: warning: this tactic is never executed

Note: This linter can be disabled with `set_option linter.unreachableTactic false`
SunPrize\Certificate\Theory001.lean:2550:56: warning: This simp argument is unused:
  not_le

Hint: Omit it from the simp argument list.
  [apply] simp only [not_lt] at h ⊢

Note: This linter can be disabled with `set_option linter.unusedSimpArgs false`
SunPrize\Certificate\Theory001.lean:2552:56: warning: This simp argument is unused:
  not_le

Hint: Omit it from the simp argument list.
  [apply] simp only [not_lt] at h ⊢

Note: This linter can be disabled with `set_option linter.unusedSimpArgs false`
SunPrize\Certificate\Theory001.lean:2558:56: warning: This simp argument is unused:
  not_le

Hint: Omit it from the simp argument list.
  [apply] simp only [not_lt] at h ⊢

Note: This linter can be disabled with `set_option linter.unusedSimpArgs false`
SunPrize\Certificate\Theory001.lean:2560:56: warning: This simp argument is unused:
  not_le

Hint: Omit it from the simp argument list.
  [apply] simp only [not_lt] at h ⊢

Note: This linter can be disabled with `set_option linter.unusedSimpArgs false`
SunPrize\Certificate\Theory001.lean:2562:56: warning: This simp argument is unused:
  not_le

Hint: Omit it from the simp argument list.
  [apply] simp only [not_lt] at h ⊢

Note: This linter can be disabled with `set_option linter.unusedSimpArgs false`
SunPrize\Certificate\Theory001.lean:2566:56: warning: This simp argument is unused:
  not_le

Hint: Omit it from the simp argument list.
  [apply] simp only [not_lt] at h ⊢

Note: This linter can be disabled with `set_option linter.unusedSimpArgs false`
SunPrize\Certificate\Theory001.lean:2568:56: warning: This simp argument is unused:
  not_le

Hint: Omit it from the simp argument list.
  [apply] simp only [not_lt] at h ⊢

Note: This linter can be disabled with `set_option linter.unusedSimpArgs false`
SunPrize\Certificate\Theory001.lean:2570:56: warning: This simp argument is unused:
  not_le

Hint: Omit it from the simp argument list.
  [apply] simp only [not_lt] at h ⊢

Note: This linter can be disabled with `set_option linter.unusedSimpArgs false`
SunPrize\Certificate\Theory001.lean:2574:56: warning: This simp argument is unused:
  not_le

Hint: Omit it from the simp argument list.
  [apply] simp only [not_lt] at h ⊢

Note: This linter can be disabled with `set_option linter.unusedSimpArgs false`
SunPrize\Certificate\Theory001.lean:2576:56: warning: This simp argument is unused:
  not_le

Hint: Omit it from the simp argument list.
  [apply] simp only [not_lt] at h ⊢

Note: This linter can be disabled with `set_option linter.unusedSimpArgs false`
SunPrize\Certificate\Theory001.lean:2578:56: warning: This simp argument is unused:
  not_le

Hint: Omit it from the simp argument list.
  [apply] simp only [not_lt] at h ⊢

Note: This linter can be disabled with `set_option linter.unusedSimpArgs false`
SunPrize\Certificate\Theory001.lean:2580:56: warning: This simp argument is unused:
  not_le

Hint: Omit it from the simp argument list.
  [apply] simp only [not_lt] at h ⊢

Note: This linter can be disabled with `set_option linter.unusedSimpArgs false`
SunPrize\Certificate\Theory001.lean:2554:32: warning: Unused tactic linter: `(try simp only [not_lt, not_le] at h ⊢)` does nothing

Note: This linter can be disabled with `set_option linter.unusedTactic false`
SunPrize\Certificate\Theory001.lean:2556:32: warning: Unused tactic linter: `(try simp only [not_lt, not_le] at h ⊢)` does nothing

Note: This linter can be disabled with `set_option linter.unusedTactic false`
SunPrize\Certificate\Theory001.lean:2564:32: warning: Unused tactic linter: `(try simp only [not_lt, not_le] at h ⊢)` does nothing

Note: This linter can be disabled with `set_option linter.unusedTactic false`
SunPrize\Certificate\Theory001.lean:2572:32: warning: Unused tactic linter: `(try simp only [not_lt, not_le] at h ⊢)` does nothing

Note: This linter can be disabled with `set_option linter.unusedTactic false`
SunPrize\Certificate\Theory001.lean:2582:2: warning: Unused tactic linter: `all_goals clear e0 e1 e2 e3 e4 e5 e6 e7 e8 e9 e10 e11 e12 e13 e14 e15` does nothing

Note: This linter can be disabled with `set_option linter.unusedTactic false`
SunPrize\Certificate\Theory001.lean:2583:2: warning: Unused tactic linter: `all_goals tauto` does nothing

Note: This linter can be disabled with `set_option linter.unusedTactic false`
SunPrize\Certificate\Theory001.lean:2582:12: warning: this tactic is never executed

Note: This linter can be disabled with `set_option linter.unreachableTactic false`
SunPrize\Certificate\Theory001.lean:2583:12: warning: this tactic is never executed

Note: This linter can be disabled with `set_option linter.unreachableTactic false`
SunPrize\Certificate\Theory001.lean:2588:56: warning: This simp argument is unused:
  not_le

Hint: Omit it from the simp argument list.
  [apply] simp only [not_lt] at h ⊢

Note: This linter can be disabled with `set_option linter.unusedSimpArgs false`
SunPrize\Certificate\Theory001.lean:2590:56: warning: This simp argument is unused:
  not_le

Hint: Omit it from the simp argument list.
  [apply] simp only [not_lt] at h ⊢

Note: This linter can be disabled with `set_option linter.unusedSimpArgs false`
SunPrize\Certificate\Theory001.lean:2596:56: warning: This simp argument is unused:
  not_le

Hint: Omit it from the simp argument list.
  [apply] simp only [not_lt] at h ⊢

Note: This linter can be disabled with `set_option linter.unusedSimpArgs false`
SunPrize\Certificate\Theory001.lean:2598:56: warning: This simp argument is unused:
  not_le

Hint: Omit it from the simp argument list.
  [apply] simp only [not_lt] at h ⊢

Note: This linter can be disabled with `set_option linter.unusedSimpArgs false`
SunPrize\Certificate\Theory001.lean:2600:56: warning: This simp argument is unused:
  not_le

Hint: Omit it from the simp argument list.
  [apply] simp only [not_lt] at h ⊢

Note: This linter can be disabled with `set_option linter.unusedSimpArgs false`
SunPrize\Certificate\Theory001.lean:2604:56: warning: This simp argument is unused:
  not_le

Hint: Omit it from the simp argument list.
  [apply] simp only [not_lt] at h ⊢

Note: This linter can be disabled with `set_option linter.unusedSimpArgs false`
SunPrize\Certificate\Theory001.lean:2606:56: warning: This simp argument is unused:
  not_le

Hint: Omit it from the simp argument list.
  [apply] simp only [not_lt] at h ⊢

Note: This linter can be disabled with `set_option linter.unusedSimpArgs false`
SunPrize\Certificate\Theory001.lean:2608:56: warning: This simp argument is unused:
  not_le

Hint: Omit it from the simp argument list.
  [apply] simp only [not_lt] at h ⊢

Note: This linter can be disabled with `set_option linter.unusedSimpArgs false`
SunPrize\Certificate\Theory001.lean:2612:56: warning: This simp argument is unused:
  not_le

Hint: Omit it from the simp argument list.
  [apply] simp only [not_lt] at h ⊢

Note: This linter can be disabled with `set_option linter.unusedSimpArgs false`
SunPrize\Certificate\Theory001.lean:2614:56: warning: This simp argument is unused:
  not_le

Hint: Omit it from the simp argument list.
  [apply] simp only [not_lt] at h ⊢

Note: This linter can be disabled with `set_option linter.unusedSimpArgs false`
SunPrize\Certificate\Theory001.lean:2616:56: warning: This simp argument is unused:
  not_le

Hint: Omit it from the simp argument list.
  [apply] simp only [not_lt] at h ⊢

Note: This linter can be disabled with `set_option linter.unusedSimpArgs false`
SunPrize\Certificate\Theory001.lean:2618:56: warning: This simp argument is unused:
  not_le

Hint: Omit it from the simp argument list.
  [apply] simp only [not_lt] at h ⊢

Note: This linter can be disabled with `set_option linter.unusedSimpArgs false`
SunPrize\Certificate\Theory001.lean:2592:32: warning: Unused tactic linter: `(try simp only [not_lt, not_le] at h ⊢)` does nothing

Note: This linter can be disabled with `set_option linter.unusedTactic false`
SunPrize\Certificate\Theory001.lean:2594:32: warning: Unused tactic linter: `(try simp only [not_lt, not_le] at h ⊢)` does nothing

Note: This linter can be disabled with `set_option linter.unusedTactic false`
SunPrize\Certificate\Theory001.lean:2602:32: warning: Unused tactic linter: `(try simp only [not_lt, not_le] at h ⊢)` does nothing

Note: This linter can be disabled with `set_option linter.unusedTactic false`
SunPrize\Certificate\Theory001.lean:2610:32: warning: Unused tactic linter: `(try simp only [not_lt, not_le] at h ⊢)` does nothing

Note: This linter can be disabled with `set_option linter.unusedTactic false`
SunPrize\Certificate\Theory001.lean:2620:2: warning: Unused tactic linter: `all_goals clear e0 e1 e2 e3 e4 e5 e6 e7 e8 e9 e10 e11 e12 e13 e14 e15` does nothing

Note: This linter can be disabled with `set_option linter.unusedTactic false`
SunPrize\Certificate\Theory001.lean:2621:2: warning: Unused tactic linter: `all_goals tauto` does nothing

Note: This linter can be disabled with `set_option linter.unusedTactic false`
SunPrize\Certificate\Theory001.lean:2620:12: warning: this tactic is never executed

Note: This linter can be disabled with `set_option linter.unreachableTactic false`
SunPrize\Certificate\Theory001.lean:2621:12: warning: this tactic is never executed

Note: This linter can be disabled with `set_option linter.unreachableTactic false`
SunPrize\Certificate\Theory001.lean:2626:56: warning: This simp argument is unused:
  not_le

Hint: Omit it from the simp argument list.
  [apply] simp only [not_lt] at h ⊢

Note: This linter can be disabled with `set_option linter.unusedSimpArgs false`
SunPrize\Certificate\Theory001.lean:2632:56: warning: This simp argument is unused:
  not_le

Hint: Omit it from the simp argument list.
  [apply] simp only [not_lt] at h ⊢

Note: This linter can be disabled with `set_option linter.unusedSimpArgs false`
SunPrize\Certificate\Theory001.lean:2634:56: warning: This simp argument is unused:
  not_le

Hint: Omit it from the simp argument list.
  [apply] simp only [not_lt] at h ⊢

Note: This linter can be disabled with `set_option linter.unusedSimpArgs false`
SunPrize\Certificate\Theory001.lean:2636:56: warning: This simp argument is unused:
  not_le

Hint: Omit it from the simp argument list.
  [apply] simp only [not_lt] at h ⊢

Note: This linter can be disabled with `set_option linter.unusedSimpArgs false`
SunPrize\Certificate\Theory001.lean:2640:56: warning: This simp argument is unused:
  not_le

Hint: Omit it from the simp argument list.
  [apply] simp only [not_lt] at h ⊢

Note: This linter can be disabled with `set_option linter.unusedSimpArgs false`
SunPrize\Certificate\Theory001.lean:2642:56: warning: This simp argument is unused:
  not_le

Hint: Omit it from the simp argument list.
  [apply] simp only [not_lt] at h ⊢

Note: This linter can be disabled with `set_option linter.unusedSimpArgs false`
SunPrize\Certificate\Theory001.lean:2644:56: warning: This simp argument is unused:
  not_le

Hint: Omit it from the simp argument list.
  [apply] simp only [not_lt] at h ⊢

Note: This linter can be disabled with `set_option linter.unusedSimpArgs false`
SunPrize\Certificate\Theory001.lean:2648:56: warning: This simp argument is unused:
  not_le

Hint: Omit it from the simp argument list.
  [apply] simp only [not_lt] at h ⊢

Note: This linter can be disabled with `set_option linter.unusedSimpArgs false`
SunPrize\Certificate\Theory001.lean:2650:56: warning: This simp argument is unused:
  not_le

Hint: Omit it from the simp argument list.
  [apply] simp only [not_lt] at h ⊢

Note: This linter can be disabled with `set_option linter.unusedSimpArgs false`
SunPrize\Certificate\Theory001.lean:2652:56: warning: This simp argument is unused:
  not_le

Hint: Omit it from the simp argument list.
  [apply] simp only [not_lt] at h ⊢

Note: This linter can be disabled with `set_option linter.unusedSimpArgs false`
SunPrize\Certificate\Theory001.lean:2654:56: warning: This simp argument is unused:
  not_le

Hint: Omit it from the simp argument list.
  [apply] simp only [not_lt] at h ⊢

Note: This linter can be disabled with `set_option linter.unusedSimpArgs false`
SunPrize\Certificate\Theory001.lean:2656:56: warning: This simp argument is unused:
  not_le

Hint: Omit it from the simp argument list.
  [apply] simp only [not_lt] at h ⊢

Note: This linter can be disabled with `set_option linter.unusedSimpArgs false`
SunPrize\Certificate\Theory001.lean:2628:32: warning: Unused tactic linter: `(try simp only [not_lt, not_le] at h ⊢)` does nothing

Note: This linter can be disabled with `set_option linter.unusedTactic false`
SunPrize\Certificate\Theory001.lean:2630:32: warning: Unused tactic linter: `(try simp only [not_lt, not_le] at h ⊢)` does nothing

Note: This linter can be disabled with `set_option linter.unusedTactic false`
SunPrize\Certificate\Theory001.lean:2638:32: warning: Unused tactic linter: `(try simp only [not_lt, not_le] at h ⊢)` does nothing

Note: This linter can be disabled with `set_option linter.unusedTactic false`
SunPrize\Certificate\Theory001.lean:2646:32: warning: Unused tactic linter: `(try simp only [not_lt, not_le] at h ⊢)` does nothing

Note: This linter can be disabled with `set_option linter.unusedTactic false`
SunPrize\Certificate\Theory001.lean:2658:2: warning: Unused tactic linter: `all_goals clear e0 e1 e2 e3 e4 e5 e6 e7 e8 e9 e10 e11 e12 e13 e14 e15` does nothing

Note: This linter can be disabled with `set_option linter.unusedTactic false`
SunPrize\Certificate\Theory001.lean:2659:2: warning: Unused tactic linter: `all_goals tauto` does nothing

Note: This linter can be disabled with `set_option linter.unusedTactic false`
SunPrize\Certificate\Theory001.lean:2658:12: warning: this tactic is never executed

Note: This linter can be disabled with `set_option linter.unreachableTactic false`
SunPrize\Certificate\Theory001.lean:2659:12: warning: this tactic is never executed

Note: This linter can be disabled with `set_option linter.unreachableTactic false`
SunPrize\Certificate\Theory001.lean:2692:56: warning: This simp argument is unused:
  not_le

Hint: Omit it from the simp argument list.
  [apply] simp only [not_lt] at h ⊢

Note: This linter can be disabled with `set_option linter.unusedSimpArgs false`
SunPrize\Certificate\Theory001.lean:2700:56: warning: This simp argument is unused:
  not_le

Hint: Omit it from the simp argument list.
  [apply] simp only [not_lt] at h ⊢

Note: This linter can be disabled with `set_option linter.unusedSimpArgs false`
SunPrize\Certificate\Theory001.lean:2702:56: warning: This simp argument is unused:
  not_le

Hint: Omit it from the simp argument list.
  [apply] simp only [not_lt] at h ⊢

Note: This linter can be disabled with `set_option linter.unusedSimpArgs false`
SunPrize\Certificate\Theory001.lean:2704:56: warning: This simp argument is unused:
  not_le

Hint: Omit it from the simp argument list.
  [apply] simp only [not_lt] at h ⊢

Note: This linter can be disabled with `set_option linter.unusedSimpArgs false`
SunPrize\Certificate\Theory001.lean:2706:56: warning: This simp argument is unused:
  not_le

Hint: Omit it from the simp argument list.
  [apply] simp only [not_lt] at h ⊢

Note: This linter can be disabled with `set_option linter.unusedSimpArgs false`
SunPrize\Certificate\Theory001.lean:2708:56: warning: This simp argument is unused:
  not_le

Hint: Omit it from the simp argument list.
  [apply] simp only [not_lt] at h ⊢

Note: This linter can be disabled with `set_option linter.unusedSimpArgs false`
SunPrize\Certificate\Theory001.lean:2710:56: warning: This simp argument is unused:
  not_le

Hint: Omit it from the simp argument list.
  [apply] simp only [not_lt] at h ⊢

Note: This linter can be disabled with `set_option linter.unusedSimpArgs false`
SunPrize\Certificate\Theory001.lean:2712:56: warning: This simp argument is unused:
  not_le

Hint: Omit it from the simp argument list.
  [apply] simp only [not_lt] at h ⊢

Note: This linter can be disabled with `set_option linter.unusedSimpArgs false`
SunPrize\Certificate\Theory001.lean:2716:56: warning: This simp argument is unused:
  not_le

Hint: Omit it from the simp argument list.
  [apply] simp only [not_lt] at h ⊢

Note: This linter can be disabled with `set_option linter.unusedSimpArgs false`
SunPrize\Certificate\Theory001.lean:2718:56: warning: This simp argument is unused:
  not_le

Hint: Omit it from the simp argument list.
  [apply] simp only [not_lt] at h ⊢

Note: This linter can be disabled with `set_option linter.unusedSimpArgs false`
SunPrize\Certificate\Theory001.lean:2720:56: warning: This simp argument is unused:
  not_le

Hint: Omit it from the simp argument list.
  [apply] simp only [not_lt] at h ⊢

Note: This linter can be disabled with `set_option linter.unusedSimpArgs false`
SunPrize\Certificate\Theory001.lean:2722:56: warning: This simp argument is unused:
  not_le

Hint: Omit it from the simp argument list.
  [apply] simp only [not_lt] at h ⊢

Note: This linter can be disabled with `set_option linter.unusedSimpArgs false`
SunPrize\Certificate\Theory001.lean:2694:32: warning: Unused tactic linter: `(try simp only [not_lt, not_le] at h ⊢)` does nothing

Note: This linter can be disabled with `set_option linter.unusedTactic false`
SunPrize\Certificate\Theory001.lean:2696:32: warning: Unused tactic linter: `(try simp only [not_lt, not_le] at h ⊢)` does nothing

Note: This linter can be disabled with `set_option linter.unusedTactic false`
SunPrize\Certificate\Theory001.lean:2698:32: warning: Unused tactic linter: `(try simp only [not_lt, not_le] at h ⊢)` does nothing

Note: This linter can be disabled with `set_option linter.unusedTactic false`
SunPrize\Certificate\Theory001.lean:2714:32: warning: Unused tactic linter: `(try simp only [not_lt, not_le] at h ⊢)` does nothing

Note: This linter can be disabled with `set_option linter.unusedTactic false`
SunPrize\Certificate\Theory001.lean:2724:2: warning: Unused tactic linter: `all_goals clear e0 e1 e2 e3 e4 e5 e6 e7 e8 e9 e10 e11 e12 e13 e14 e15` does nothing

Note: This linter can be disabled with `set_option linter.unusedTactic false`
SunPrize\Certificate\Theory001.lean:2725:2: warning: Unused tactic linter: `all_goals tauto` does nothing

Note: This linter can be disabled with `set_option linter.unusedTactic false`
SunPrize\Certificate\Theory001.lean:2724:12: warning: this tactic is never executed

Note: This linter can be disabled with `set_option linter.unreachableTactic false`
SunPrize\Certificate\Theory001.lean:2725:12: warning: this tactic is never executed

Note: This linter can be disabled with `set_option linter.unreachableTactic false`
SunPrize\Certificate\Theory001.lean:2765:56: warning: This simp argument is unused:
  not_le

Hint: Omit it from the simp argument list.
  [apply] simp only [not_lt] at h ⊢

Note: This linter can be disabled with `set_option linter.unusedSimpArgs false`
SunPrize\Certificate\Theory001.lean:2771:56: warning: This simp argument is unused:
  not_le

Hint: Omit it from the simp argument list.
  [apply] simp only [not_lt] at h ⊢

Note: This linter can be disabled with `set_option linter.unusedSimpArgs false`
SunPrize\Certificate\Theory001.lean:2773:56: warning: This simp argument is unused:
  not_le

Hint: Omit it from the simp argument list.
  [apply] simp only [not_lt] at h ⊢

Note: This linter can be disabled with `set_option linter.unusedSimpArgs false`
SunPrize\Certificate\Theory001.lean:2775:56: warning: This simp argument is unused:
  not_le

Hint: Omit it from the simp argument list.
  [apply] simp only [not_lt] at h ⊢

Note: This linter can be disabled with `set_option linter.unusedSimpArgs false`
SunPrize\Certificate\Theory001.lean:2779:56: warning: This simp argument is unused:
  not_le

Hint: Omit it from the simp argument list.
  [apply] simp only [not_lt] at h ⊢

Note: This linter can be disabled with `set_option linter.unusedSimpArgs false`
SunPrize\Certificate\Theory001.lean:2781:56: warning: This simp argument is unused:
  not_le

Hint: Omit it from the simp argument list.
  [apply] simp only [not_lt] at h ⊢

Note: This linter can be disabled with `set_option linter.unusedSimpArgs false`
SunPrize\Certificate\Theory001.lean:2783:56: warning: This simp argument is unused:
  not_le

Hint: Omit it from the simp argument list.
  [apply] simp only [not_lt] at h ⊢

Note: This linter can be disabled with `set_option linter.unusedSimpArgs false`
SunPrize\Certificate\Theory001.lean:2787:56: warning: This simp argument is unused:
  not_le

Hint: Omit it from the simp argument list.
  [apply] simp only [not_lt] at h ⊢

Note: This linter can be disabled with `set_option linter.unusedSimpArgs false`
SunPrize\Certificate\Theory001.lean:2789:56: warning: This simp argument is unused:
  not_le

Hint: Omit it from the simp argument list.
  [apply] simp only [not_lt] at h ⊢

Note: This linter can be disabled with `set_option linter.unusedSimpArgs false`
SunPrize\Certificate\Theory001.lean:2791:56: warning: This simp argument is unused:
  not_le

Hint: Omit it from the simp argument list.
  [apply] simp only [not_lt] at h ⊢

Note: This linter can be disabled with `set_option linter.unusedSimpArgs false`
SunPrize\Certificate\Theory001.lean:2793:56: warning: This simp argument is unused:
  not_le

Hint: Omit it from the simp argument list.
  [apply] simp only [not_lt] at h ⊢

Note: This linter can be disabled with `set_option linter.unusedSimpArgs false`
SunPrize\Certificate\Theory001.lean:2795:56: warning: This simp argument is unused:
  not_le

Hint: Omit it from the simp argument list.
  [apply] simp only [not_lt] at h ⊢

Note: This linter can be disabled with `set_option linter.unusedSimpArgs false`
SunPrize\Certificate\Theory001.lean:2767:32: warning: Unused tactic linter: `(try simp only [not_lt, not_le] at h ⊢)` does nothing

Note: This linter can be disabled with `set_option linter.unusedTactic false`
SunPrize\Certificate\Theory001.lean:2769:32: warning: Unused tactic linter: `(try simp only [not_lt, not_le] at h ⊢)` does nothing

Note: This linter can be disabled with `set_option linter.unusedTactic false`
SunPrize\Certificate\Theory001.lean:2777:32: warning: Unused tactic linter: `(try simp only [not_lt, not_le] at h ⊢)` does nothing

Note: This linter can be disabled with `set_option linter.unusedTactic false`
SunPrize\Certificate\Theory001.lean:2785:32: warning: Unused tactic linter: `(try simp only [not_lt, not_le] at h ⊢)` does nothing

Note: This linter can be disabled with `set_option linter.unusedTactic false`
SunPrize\Certificate\Theory001.lean:2797:2: warning: Unused tactic linter: `all_goals clear e0 e1 e2 e3 e4 e5 e6 e7 e8 e9 e10 e11 e12 e13 e14 e15` does nothing

Note: This linter can be disabled with `set_option linter.unusedTactic false`
SunPrize\Certificate\Theory001.lean:2798:2: warning: Unused tactic linter: `all_goals tauto` does nothing

Note: This linter can be disabled with `set_option linter.unusedTactic false`
SunPrize\Certificate\Theory001.lean:2797:12: warning: this tactic is never executed

Note: This linter can be disabled with `set_option linter.unreachableTactic false`
SunPrize\Certificate\Theory001.lean:2798:12: warning: this tactic is never executed

Note: This linter can be disabled with `set_option linter.unreachableTactic false`
SunPrize\Certificate\Theory001.lean:2803:56: warning: This simp argument is unused:
  not_le

Hint: Omit it from the simp argument list.
  [apply] simp only [not_lt] at h ⊢

Note: This linter can be disabled with `set_option linter.unusedSimpArgs false`
SunPrize\Certificate\Theory001.lean:2809:56: warning: This simp argument is unused:
  not_le

Hint: Omit it from the simp argument list.
  [apply] simp only [not_lt] at h ⊢

Note: This linter can be disabled with `set_option linter.unusedSimpArgs false`
SunPrize\Certificate\Theory001.lean:2811:56: warning: This simp argument is unused:
  not_le

Hint: Omit it from the simp argument list.
  [apply] simp only [not_lt] at h ⊢

Note: This linter can be disabled with `set_option linter.unusedSimpArgs false`
SunPrize\Certificate\Theory001.lean:2805:32: warning: Unused tactic linter: `(try simp only [not_lt, not_le] at h ⊢)` does nothing

Note: This linter can be disabled with `set_option linter.unusedTactic false`
SunPrize\Certificate\Theory001.lean:2807:32: warning: Unused tactic linter: `(try simp only [not_lt, not_le] at h ⊢)` does nothing

Note: This linter can be disabled with `set_option linter.unusedTactic false`
SunPrize\Certificate\Theory001.lean:2819:56: warning: This simp argument is unused:
  not_le

Hint: Omit it from the simp argument list.
  [apply] simp only [not_lt] at h ⊢

Note: This linter can be disabled with `set_option linter.unusedSimpArgs false`
SunPrize\Certificate\Theory001.lean:2821:56: warning: This simp argument is unused:
  not_le

Hint: Omit it from the simp argument list.
  [apply] simp only [not_lt] at h ⊢

Note: This linter can be disabled with `set_option linter.unusedSimpArgs false`
SunPrize\Certificate\Theory001.lean:2825:56: warning: This simp argument is unused:
  not_le

Hint: Omit it from the simp argument list.
  [apply] simp only [not_lt] at h ⊢

Note: This linter can be disabled with `set_option linter.unusedSimpArgs false`
SunPrize\Certificate\Theory001.lean:2827:56: warning: This simp argument is unused:
  not_le

Hint: Omit it from the simp argument list.
  [apply] simp only [not_lt] at h ⊢

Note: This linter can be disabled with `set_option linter.unusedSimpArgs false`
SunPrize\Certificate\Theory001.lean:2823:32: warning: Unused tactic linter: `(try simp only [not_lt, not_le] at h ⊢)` does nothing

Note: This linter can be disabled with `set_option linter.unusedTactic false`
SunPrize\Certificate\Theory001.lean:2835:32: warning: Unused tactic linter: `(try simp only [not_lt, not_le] at h ⊢)` does nothing

Note: This linter can be disabled with `set_option linter.unusedTactic false`
SunPrize\Certificate\Theory001.lean:2837:32: warning: Unused tactic linter: `(try simp only [not_lt, not_le] at h ⊢)` does nothing

Note: This linter can be disabled with `set_option linter.unusedTactic false`
SunPrize\Certificate\Theory001.lean:2839:2: warning: Unused tactic linter: `all_goals clear e0 e1` does nothing

Note: This linter can be disabled with `set_option linter.unusedTactic false`
SunPrize\Certificate\Theory001.lean:2840:2: warning: Unused tactic linter: `all_goals tauto` does nothing

Note: This linter can be disabled with `set_option linter.unusedTactic false`
SunPrize\Certificate\Theory001.lean:2839:12: warning: this tactic is never executed

Note: This linter can be disabled with `set_option linter.unreachableTactic false`
SunPrize\Certificate\Theory001.lean:2840:12: warning: this tactic is never executed

Note: This linter can be disabled with `set_option linter.unreachableTactic false`
SunPrize\Certificate\Theory001.lean:2845:56: warning: This simp argument is unused:
  not_le

Hint: Omit it from the simp argument list.
  [apply] simp only [not_lt] at h ⊢

Note: This linter can be disabled with `set_option linter.unusedSimpArgs false`
SunPrize\Certificate\Theory001.lean:2851:56: warning: This simp argument is unused:
  not_le

Hint: Omit it from the simp argument list.
  [apply] simp only [not_lt] at h ⊢

Note: This linter can be disabled with `set_option linter.unusedSimpArgs false`
SunPrize\Certificate\Theory001.lean:2853:56: warning: This simp argument is unused:
  not_le

Hint: Omit it from the simp argument list.
  [apply] simp only [not_lt] at h ⊢

Note: This linter can be disabled with `set_option linter.unusedSimpArgs false`
SunPrize\Certificate\Theory001.lean:2855:56: warning: This simp argument is unused:
  not_le

Hint: Omit it from the simp argument list.
  [apply] simp only [not_lt] at h ⊢

Note: This linter can be disabled with `set_option linter.unusedSimpArgs false`
SunPrize\Certificate\Theory001.lean:2859:56: warning: This simp argument is unused:
  not_le

Hint: Omit it from the simp argument list.
  [apply] simp only [not_lt] at h ⊢

Note: This linter can be disabled with `set_option linter.unusedSimpArgs false`
SunPrize\Certificate\Theory001.lean:2861:56: warning: This simp argument is unused:
  not_le

Hint: Omit it from the simp argument list.
  [apply] simp only [not_lt] at h ⊢

Note: This linter can be disabled with `set_option linter.unusedSimpArgs false`
SunPrize\Certificate\Theory001.lean:2863:56: warning: This simp argument is unused:
  not_le

Hint: Omit it from the simp argument list.
  [apply] simp only [not_lt] at h ⊢

Note: This linter can be disabled with `set_option linter.unusedSimpArgs false`
SunPrize\Certificate\Theory001.lean:2867:56: warning: This simp argument is unused:
  not_le

Hint: Omit it from the simp argument list.
  [apply] simp only [not_lt] at h ⊢

Note: This linter can be disabled with `set_option linter.unusedSimpArgs false`
SunPrize\Certificate\Theory001.lean:2869:56: warning: This simp argument is unused:
  not_le

Hint: Omit it from the simp argument list.
  [apply] simp only [not_lt] at h ⊢

Note: This linter can be disabled with `set_option linter.unusedSimpArgs false`
SunPrize\Certificate\Theory001.lean:2871:56: warning: This simp argument is unused:
  not_le

Hint: Omit it from the simp argument list.
  [apply] simp only [not_lt] at h ⊢

Note: This linter can be disabled with `set_option linter.unusedSimpArgs false`
SunPrize\Certificate\Theory001.lean:2873:56: warning: This simp argument is unused:
  not_le

Hint: Omit it from the simp argument list.
  [apply] simp only [not_lt] at h ⊢

Note: This linter can be disabled with `set_option linter.unusedSimpArgs false`
SunPrize\Certificate\Theory001.lean:2875:56: warning: This simp argument is unused:
  not_le

Hint: Omit it from the simp argument list.
  [apply] simp only [not_lt] at h ⊢

Note: This linter can be disabled with `set_option linter.unusedSimpArgs false`
SunPrize\Certificate\Theory001.lean:2847:32: warning: Unused tactic linter: `(try simp only [not_lt, not_le] at h ⊢)` does nothing

Note: This linter can be disabled with `set_option linter.unusedTactic false`
SunPrize\Certificate\Theory001.lean:2849:32: warning: Unused tactic linter: `(try simp only [not_lt, not_le] at h ⊢)` does nothing

Note: This linter can be disabled with `set_option linter.unusedTactic false`
SunPrize\Certificate\Theory001.lean:2857:32: warning: Unused tactic linter: `(try simp only [not_lt, not_le] at h ⊢)` does nothing

Note: This linter can be disabled with `set_option linter.unusedTactic false`
SunPrize\Certificate\Theory001.lean:2865:32: warning: Unused tactic linter: `(try simp only [not_lt, not_le] at h ⊢)` does nothing

Note: This linter can be disabled with `set_option linter.unusedTactic false`
SunPrize\Certificate\Theory001.lean:2877:2: warning: Unused tactic linter: `all_goals clear e0 e1 e2 e3 e4 e5 e6 e7 e8 e9 e10 e11 e12 e13 e14 e15` does nothing

Note: This linter can be disabled with `set_option linter.unusedTactic false`
SunPrize\Certificate\Theory001.lean:2878:2: warning: Unused tactic linter: `all_goals tauto` does nothing

Note: This linter can be disabled with `set_option linter.unusedTactic false`
SunPrize\Certificate\Theory001.lean:2877:12: warning: this tactic is never executed

Note: This linter can be disabled with `set_option linter.unreachableTactic false`
SunPrize\Certificate\Theory001.lean:2878:12: warning: this tactic is never executed

Note: This linter can be disabled with `set_option linter.unreachableTactic false`
SunPrize\Certificate\Theory001.lean:2883:56: warning: This simp argument is unused:
  not_le

Hint: Omit it from the simp argument list.
  [apply] simp only [not_lt] at h ⊢

Note: This linter can be disabled with `set_option linter.unusedSimpArgs false`
SunPrize\Certificate\Theory001.lean:2885:56: warning: This simp argument is unused:
  not_le

Hint: Omit it from the simp argument list.
  [apply] simp only [not_lt] at h ⊢

Note: This linter can be disabled with `set_option linter.unusedSimpArgs false`
SunPrize\Certificate\Theory001.lean:2891:56: warning: This simp argument is unused:
  not_le

Hint: Omit it from the simp argument list.
  [apply] simp only [not_lt] at h ⊢

Note: This linter can be disabled with `set_option linter.unusedSimpArgs false`
SunPrize\Certificate\Theory001.lean:2893:56: warning: This simp argument is unused:
  not_le

Hint: Omit it from the simp argument list.
  [apply] simp only [not_lt] at h ⊢

Note: This linter can be disabled with `set_option linter.unusedSimpArgs false`
SunPrize\Certificate\Theory001.lean:2895:56: warning: This simp argument is unused:
  not_le

Hint: Omit it from the simp argument list.
  [apply] simp only [not_lt] at h ⊢

Note: This linter can be disabled with `set_option linter.unusedSimpArgs false`
SunPrize\Certificate\Theory001.lean:2899:56: warning: This simp argument is unused:
  not_le

Hint: Omit it from the simp argument list.
  [apply] simp only [not_lt] at h ⊢

Note: This linter can be disabled with `set_option linter.unusedSimpArgs false`
SunPrize\Certificate\Theory001.lean:2901:56: warning: This simp argument is unused:
  not_le

Hint: Omit it from the simp argument list.
  [apply] simp only [not_lt] at h ⊢

Note: This linter can be disabled with `set_option linter.unusedSimpArgs false`
SunPrize\Certificate\Theory001.lean:2903:56: warning: This simp argument is unused:
  not_le

Hint: Omit it from the simp argument list.
  [apply] simp only [not_lt] at h ⊢

Note: This linter can be disabled with `set_option linter.unusedSimpArgs false`
SunPrize\Certificate\Theory001.lean:2907:56: warning: This simp argument is unused:
  not_le

Hint: Omit it from the simp argument list.
  [apply] simp only [not_lt] at h ⊢

Note: This linter can be disabled with `set_option linter.unusedSimpArgs false`
SunPrize\Certificate\Theory001.lean:2909:56: warning: This simp argument is unused:
  not_le

Hint: Omit it from the simp argument list.
  [apply] simp only [not_lt] at h ⊢

Note: This linter can be disabled with `set_option linter.unusedSimpArgs false`
SunPrize\Certificate\Theory001.lean:2911:56: warning: This simp argument is unused:
  not_le

Hint: Omit it from the simp argument list.
  [apply] simp only [not_lt] at h ⊢

Note: This linter can be disabled with `set_option linter.unusedSimpArgs false`
SunPrize\Certificate\Theory001.lean:2913:56: warning: This simp argument is unused:
  not_le

Hint: Omit it from the simp argument list.
  [apply] simp only [not_lt] at h ⊢

Note: This linter can be disabled with `set_option linter.unusedSimpArgs false`
SunPrize\Certificate\Theory001.lean:2887:32: warning: Unused tactic linter: `(try simp only [not_lt, not_le] at h ⊢)` does nothing

Note: This linter can be disabled with `set_option linter.unusedTactic false`
SunPrize\Certificate\Theory001.lean:2889:32: warning: Unused tactic linter: `(try simp only [not_lt, not_le] at h ⊢)` does nothing

Note: This linter can be disabled with `set_option linter.unusedTactic false`
SunPrize\Certificate\Theory001.lean:2897:32: warning: Unused tactic linter: `(try simp only [not_lt, not_le] at h ⊢)` does nothing

Note: This linter can be disabled with `set_option linter.unusedTactic false`
SunPrize\Certificate\Theory001.lean:2905:32: warning: Unused tactic linter: `(try simp only [not_lt, not_le] at h ⊢)` does nothing

Note: This linter can be disabled with `set_option linter.unusedTactic false`
SunPrize\Certificate\Theory001.lean:2915:2: warning: Unused tactic linter: `all_goals clear e0 e1 e2 e3 e4 e5 e6 e7 e8 e9 e10 e11 e12 e13 e14 e15` does nothing

Note: This linter can be disabled with `set_option linter.unusedTactic false`
SunPrize\Certificate\Theory001.lean:2916:2: warning: Unused tactic linter: `all_goals tauto` does nothing

Note: This linter can be disabled with `set_option linter.unusedTactic false`
SunPrize\Certificate\Theory001.lean:2915:12: warning: this tactic is never executed

Note: This linter can be disabled with `set_option linter.unreachableTactic false`
SunPrize\Certificate\Theory001.lean:2916:12: warning: this tactic is never executed

Note: This linter can be disabled with `set_option linter.unreachableTactic false`
SunPrize\Certificate\Theory001.lean:2921:56: warning: This simp argument is unused:
  not_le

Hint: Omit it from the simp argument list.
  [apply] simp only [not_lt] at h ⊢

Note: This linter can be disabled with `set_option linter.unusedSimpArgs false`
SunPrize\Certificate\Theory001.lean:2927:56: warning: This simp argument is unused:
  not_le

Hint: Omit it from the simp argument list.
  [apply] simp only [not_lt] at h ⊢

Note: This linter can be disabled with `set_option linter.unusedSimpArgs false`
SunPrize\Certificate\Theory001.lean:2929:56: warning: This simp argument is unused:
  not_le

Hint: Omit it from the simp argument list.
  [apply] simp only [not_lt] at h ⊢

Note: This linter can be disabled with `set_option linter.unusedSimpArgs false`
SunPrize\Certificate\Theory001.lean:2923:32: warning: Unused tactic linter: `(try simp only [not_lt, not_le] at h ⊢)` does nothing

Note: This linter can be disabled with `set_option linter.unusedTactic false`
SunPrize\Certificate\Theory001.lean:2925:32: warning: Unused tactic linter: `(try simp only [not_lt, not_le] at h ⊢)` does nothing

Note: This linter can be disabled with `set_option linter.unusedTactic false`
SunPrize\Certificate\Theory001.lean:2937:56: warning: This simp argument is unused:
  not_le

Hint: Omit it from the simp argument list.
  [apply] simp only [not_lt] at h ⊢

Note: This linter can be disabled with `set_option linter.unusedSimpArgs false`
SunPrize\Certificate\Theory001.lean:2941:56: warning: This simp argument is unused:
  not_le

Hint: Omit it from the simp argument list.
  [apply] simp only [not_lt] at h ⊢

Note: This linter can be disabled with `set_option linter.unusedSimpArgs false`
SunPrize\Certificate\Theory001.lean:2943:56: warning: This simp argument is unused:
  not_le

Hint: Omit it from the simp argument list.
  [apply] simp only [not_lt] at h ⊢

Note: This linter can be disabled with `set_option linter.unusedSimpArgs false`
SunPrize\Certificate\Theory001.lean:2945:56: warning: This simp argument is unused:
  not_le

Hint: Omit it from the simp argument list.
  [apply] simp only [not_lt] at h ⊢

Note: This linter can be disabled with `set_option linter.unusedSimpArgs false`
SunPrize\Certificate\Theory001.lean:2939:32: warning: Unused tactic linter: `(try simp only [not_lt, not_le] at h ⊢)` does nothing

Note: This linter can be disabled with `set_option linter.unusedTactic false`
SunPrize\Certificate\Theory001.lean:2960:32: warning: Unused tactic linter: `(try simp only [not_lt, not_le] at h ⊢)` does nothing

Note: This linter can be disabled with `set_option linter.unusedTactic false`
SunPrize\Certificate\Theory001.lean:2962:32: warning: Unused tactic linter: `(try simp only [not_lt, not_le] at h ⊢)` does nothing

Note: This linter can be disabled with `set_option linter.unusedTactic false`
SunPrize\Certificate\Theory001.lean:2964:2: warning: Unused tactic linter: `all_goals clear e0 e1` does nothing

Note: This linter can be disabled with `set_option linter.unusedTactic false`
SunPrize\Certificate\Theory001.lean:2965:2: warning: Unused tactic linter: `all_goals tauto` does nothing

Note: This linter can be disabled with `set_option linter.unusedTactic false`
SunPrize\Certificate\Theory001.lean:2964:12: warning: this tactic is never executed

Note: This linter can be disabled with `set_option linter.unreachableTactic false`
SunPrize\Certificate\Theory001.lean:2965:12: warning: this tactic is never executed

Note: This linter can be disabled with `set_option linter.unreachableTactic false`
SunPrize\Certificate\Theory001.lean:2984:56: warning: This simp argument is unused:
  not_le

Hint: Omit it from the simp argument list.
  [apply] simp only [not_lt] at h ⊢

Note: This linter can be disabled with `set_option linter.unusedSimpArgs false`
SunPrize\Certificate\Theory001.lean:2992:56: warning: This simp argument is unused:
  not_le

Hint: Omit it from the simp argument list.
  [apply] simp only [not_lt] at h ⊢

Note: This linter can be disabled with `set_option linter.unusedSimpArgs false`
SunPrize\Certificate\Theory001.lean:2994:56: warning: This simp argument is unused:
  not_le

Hint: Omit it from the simp argument list.
  [apply] simp only [not_lt] at h ⊢

Note: This linter can be disabled with `set_option linter.unusedSimpArgs false`
SunPrize\Certificate\Theory001.lean:2996:56: warning: This simp argument is unused:
  not_le

Hint: Omit it from the simp argument list.
  [apply] simp only [not_lt] at h ⊢

Note: This linter can be disabled with `set_option linter.unusedSimpArgs false`
SunPrize\Certificate\Theory001.lean:2998:56: warning: This simp argument is unused:
  not_le

Hint: Omit it from the simp argument list.
  [apply] simp only [not_lt] at h ⊢

Note: This linter can be disabled with `set_option linter.unusedSimpArgs false`
SunPrize\Certificate\Theory001.lean:3000:56: warning: This simp argument is unused:
  not_le

Hint: Omit it from the simp argument list.
  [apply] simp only [not_lt] at h ⊢

Note: This linter can be disabled with `set_option linter.unusedSimpArgs false`
SunPrize\Certificate\Theory001.lean:3002:56: warning: This simp argument is unused:
  not_le

Hint: Omit it from the simp argument list.
  [apply] simp only [not_lt] at h ⊢

Note: This linter can be disabled with `set_option linter.unusedSimpArgs false`
SunPrize\Certificate\Theory001.lean:3004:56: warning: This simp argument is unused:
  not_le

Hint: Omit it from the simp argument list.
  [apply] simp only [not_lt] at h ⊢

Note: This linter can be disabled with `set_option linter.unusedSimpArgs false`
SunPrize\Certificate\Theory001.lean:3008:56: warning: This simp argument is unused:
  not_le

Hint: Omit it from the simp argument list.
  [apply] simp only [not_lt] at h ⊢

Note: This linter can be disabled with `set_option linter.unusedSimpArgs false`
SunPrize\Certificate\Theory001.lean:3010:56: warning: This simp argument is unused:
  not_le

Hint: Omit it from the simp argument list.
  [apply] simp only [not_lt] at h ⊢

Note: This linter can be disabled with `set_option linter.unusedSimpArgs false`
SunPrize\Certificate\Theory001.lean:3012:56: warning: This simp argument is unused:
  not_le

Hint: Omit it from the simp argument list.
  [apply] simp only [not_lt] at h ⊢

Note: This linter can be disabled with `set_option linter.unusedSimpArgs false`
SunPrize\Certificate\Theory001.lean:3014:56: warning: This simp argument is unused:
  not_le

Hint: Omit it from the simp argument list.
  [apply] simp only [not_lt] at h ⊢

Note: This linter can be disabled with `set_option linter.unusedSimpArgs false`
SunPrize\Certificate\Theory001.lean:2986:32: warning: Unused tactic linter: `(try simp only [not_lt, not_le] at h ⊢)` does nothing

Note: This linter can be disabled with `set_option linter.unusedTactic false`
SunPrize\Certificate\Theory001.lean:2988:32: warning: Unused tactic linter: `(try simp only [not_lt, not_le] at h ⊢)` does nothing

Note: This linter can be disabled with `set_option linter.unusedTactic false`
SunPrize\Certificate\Theory001.lean:2990:32: warning: Unused tactic linter: `(try simp only [not_lt, not_le] at h ⊢)` does nothing

Note: This linter can be disabled with `set_option linter.unusedTactic false`
SunPrize\Certificate\Theory001.lean:3006:32: warning: Unused tactic linter: `(try simp only [not_lt, not_le] at h ⊢)` does nothing

Note: This linter can be disabled with `set_option linter.unusedTactic false`
SunPrize\Certificate\Theory001.lean:3016:2: warning: Unused tactic linter: `all_goals clear e0 e1 e2 e3 e4 e5 e6 e7 e8 e9 e10 e11 e12 e13 e14 e15` does nothing

Note: This linter can be disabled with `set_option linter.unusedTactic false`
SunPrize\Certificate\Theory001.lean:3017:2: warning: Unused tactic linter: `all_goals tauto` does nothing

Note: This linter can be disabled with `set_option linter.unusedTactic false`
SunPrize\Certificate\Theory001.lean:3016:12: warning: this tactic is never executed

Note: This linter can be disabled with `set_option linter.unreachableTactic false`
SunPrize\Certificate\Theory001.lean:3017:12: warning: this tactic is never executed

Note: This linter can be disabled with `set_option linter.unreachableTactic false`
SunPrize\Certificate\Theory001.lean:3029:56: warning: This simp argument is unused:
  not_le

Hint: Omit it from the simp argument list.
  [apply] simp only [not_lt] at h ⊢

Note: This linter can be disabled with `set_option linter.unusedSimpArgs false`
SunPrize\Certificate\Theory001.lean:3037:56: warning: This simp argument is unused:
  not_le

Hint: Omit it from the simp argument list.
  [apply] simp only [not_lt] at h ⊢

Note: This linter can be disabled with `set_option linter.unusedSimpArgs false`
SunPrize\Certificate\Theory001.lean:3039:56: warning: This simp argument is unused:
  not_le

Hint: Omit it from the simp argument list.
  [apply] simp only [not_lt] at h ⊢

Note: This linter can be disabled with `set_option linter.unusedSimpArgs false`
SunPrize\Certificate\Theory001.lean:3041:56: warning: This simp argument is unused:
  not_le

Hint: Omit it from the simp argument list.
  [apply] simp only [not_lt] at h ⊢

Note: This linter can be disabled with `set_option linter.unusedSimpArgs false`
SunPrize\Certificate\Theory001.lean:3043:56: warning: This simp argument is unused:
  not_le

Hint: Omit it from the simp argument list.
  [apply] simp only [not_lt] at h ⊢

Note: This linter can be disabled with `set_option linter.unusedSimpArgs false`
SunPrize\Certificate\Theory001.lean:3045:56: warning: This simp argument is unused:
  not_le

Hint: Omit it from the simp argument list.
  [apply] simp only [not_lt] at h ⊢

Note: This linter can be disabled with `set_option linter.unusedSimpArgs false`
SunPrize\Certificate\Theory001.lean:3047:56: warning: This simp argument is unused:
  not_le

Hint: Omit it from the simp argument list.
  [apply] simp only [not_lt] at h ⊢

Note: This linter can be disabled with `set_option linter.unusedSimpArgs false`
SunPrize\Certificate\Theory001.lean:3049:56: warning: This simp argument is unused:
  not_le

Hint: Omit it from the simp argument list.
  [apply] simp only [not_lt] at h ⊢

Note: This linter can be disabled with `set_option linter.unusedSimpArgs false`
SunPrize\Certificate\Theory001.lean:3053:56: warning: This simp argument is unused:
  not_le

Hint: Omit it from the simp argument list.
  [apply] simp only [not_lt] at h ⊢

Note: This linter can be disabled with `set_option linter.unusedSimpArgs false`
SunPrize\Certificate\Theory001.lean:3055:56: warning: This simp argument is unused:
  not_le

Hint: Omit it from the simp argument list.
  [apply] simp only [not_lt] at h ⊢

Note: This linter can be disabled with `set_option linter.unusedSimpArgs false`
SunPrize\Certificate\Theory001.lean:3057:56: warning: This simp argument is unused:
  not_le

Hint: Omit it from the simp argument list.
  [apply] simp only [not_lt] at h ⊢

Note: This linter can be disabled with `set_option linter.unusedSimpArgs false`
SunPrize\Certificate\Theory001.lean:3059:56: warning: This simp argument is unused:
  not_le

Hint: Omit it from the simp argument list.
  [apply] simp only [not_lt] at h ⊢

Note: This linter can be disabled with `set_option linter.unusedSimpArgs false`
SunPrize\Certificate\Theory001.lean:3031:32: warning: Unused tactic linter: `(try simp only [not_lt, not_le] at h ⊢)` does nothing

Note: This linter can be disabled with `set_option linter.unusedTactic false`
SunPrize\Certificate\Theory001.lean:3033:32: warning: Unused tactic linter: `(try simp only [not_lt, not_le] at h ⊢)` does nothing

Note: This linter can be disabled with `set_option linter.unusedTactic false`
SunPrize\Certificate\Theory001.lean:3035:32: warning: Unused tactic linter: `(try simp only [not_lt, not_le] at h ⊢)` does nothing

Note: This linter can be disabled with `set_option linter.unusedTactic false`
SunPrize\Certificate\Theory001.lean:3051:32: warning: Unused tactic linter: `(try simp only [not_lt, not_le] at h ⊢)` does nothing

Note: This linter can be disabled with `set_option linter.unusedTactic false`
SunPrize\Certificate\Theory001.lean:3061:2: warning: Unused tactic linter: `all_goals clear e0 e1 e2 e3 e4 e5 e6 e7 e8 e9 e10 e11 e12 e13 e14 e15` does nothing

Note: This linter can be disabled with `set_option linter.unusedTactic false`
SunPrize\Certificate\Theory001.lean:3062:2: warning: Unused tactic linter: `all_goals tauto` does nothing

Note: This linter can be disabled with `set_option linter.unusedTactic false`
SunPrize\Certificate\Theory001.lean:3061:12: warning: this tactic is never executed

Note: This linter can be disabled with `set_option linter.unreachableTactic false`
SunPrize\Certificate\Theory001.lean:3062:12: warning: this tactic is never executed

Note: This linter can be disabled with `set_option linter.unreachableTactic false`
SunPrize\Certificate\Theory001.lean:3073:56: warning: This simp argument is unused:
  not_le

Hint: Omit it from the simp argument list.
  [apply] simp only [not_lt] at h ⊢

Note: This linter can be disabled with `set_option linter.unusedSimpArgs false`
SunPrize\Certificate\Theory001.lean:3075:56: warning: This simp argument is unused:
  not_le

Hint: Omit it from the simp argument list.
  [apply] simp only [not_lt] at h ⊢

Note: This linter can be disabled with `set_option linter.unusedSimpArgs false`
SunPrize\Certificate\Theory001.lean:3067:32: warning: Unused tactic linter: `(try simp only [not_lt, not_le] at h ⊢)` does nothing

Note: This linter can be disabled with `set_option linter.unusedTactic false`
SunPrize\Certificate\Theory001.lean:3069:32: warning: Unused tactic linter: `(try simp only [not_lt, not_le] at h ⊢)` does nothing

Note: This linter can be disabled with `set_option linter.unusedTactic false`
SunPrize\Certificate\Theory001.lean:3071:32: warning: Unused tactic linter: `(try simp only [not_lt, not_le] at h ⊢)` does nothing

Note: This linter can be disabled with `set_option linter.unusedTactic false`
SunPrize\Certificate\Theory001.lean:3083:56: warning: This simp argument is unused:
  not_le

Hint: Omit it from the simp argument list.
  [apply] simp only [not_lt] at h ⊢

Note: This linter can be disabled with `set_option linter.unusedSimpArgs false`
SunPrize\Certificate\Theory001.lean:3085:56: warning: This simp argument is unused:
  not_le

Hint: Omit it from the simp argument list.
  [apply] simp only [not_lt] at h ⊢

Note: This linter can be disabled with `set_option linter.unusedSimpArgs false`
SunPrize\Certificate\Theory001.lean:3087:56: warning: This simp argument is unused:
  not_le

Hint: Omit it from the simp argument list.
  [apply] simp only [not_lt] at h ⊢

Note: This linter can be disabled with `set_option linter.unusedSimpArgs false`
SunPrize\Certificate\Theory001.lean:3089:56: warning: This simp argument is unused:
  not_le

Hint: Omit it from the simp argument list.
  [apply] simp only [not_lt] at h ⊢

Note: This linter can be disabled with `set_option linter.unusedSimpArgs false`
SunPrize\Certificate\Theory001.lean:3091:56: warning: This simp argument is unused:
  not_le

Hint: Omit it from the simp argument list.
  [apply] simp only [not_lt] at h ⊢

Note: This linter can be disabled with `set_option linter.unusedSimpArgs false`
SunPrize\Certificate\Theory001.lean:3113:56: warning: This simp argument is unused:
  not_le

Hint: Omit it from the simp argument list.
  [apply] simp only [not_lt] at h ⊢

Note: This linter can be disabled with `set_option linter.unusedSimpArgs false`
SunPrize\Certificate\Theory001.lean:3119:56: warning: This simp argument is unused:
  not_le

Hint: Omit it from the simp argument list.
  [apply] simp only [not_lt] at h ⊢

Note: This linter can be disabled with `set_option linter.unusedSimpArgs false`
SunPrize\Certificate\Theory001.lean:3121:56: warning: This simp argument is unused:
  not_le

Hint: Omit it from the simp argument list.
  [apply] simp only [not_lt] at h ⊢

Note: This linter can be disabled with `set_option linter.unusedSimpArgs false`
SunPrize\Certificate\Theory001.lean:3123:56: warning: This simp argument is unused:
  not_le

Hint: Omit it from the simp argument list.
  [apply] simp only [not_lt] at h ⊢

Note: This linter can be disabled with `set_option linter.unusedSimpArgs false`
SunPrize\Certificate\Theory001.lean:3127:56: warning: This simp argument is unused:
  not_le

Hint: Omit it from the simp argument list.
  [apply] simp only [not_lt] at h ⊢

Note: This linter can be disabled with `set_option linter.unusedSimpArgs false`
SunPrize\Certificate\Theory001.lean:3129:56: warning: This simp argument is unused:
  not_le

Hint: Omit it from the simp argument list.
  [apply] simp only [not_lt] at h ⊢

Note: This linter can be disabled with `set_option linter.unusedSimpArgs false`
SunPrize\Certificate\Theory001.lean:3131:56: warning: This simp argument is unused:
  not_le

Hint: Omit it from the simp argument list.
  [apply] simp only [not_lt] at h ⊢

Note: This linter can be disabled with `set_option linter.unusedSimpArgs false`
SunPrize\Certificate\Theory001.lean:3135:56: warning: This simp argument is unused:
  not_le

Hint: Omit it from the simp argument list.
  [apply] simp only [not_lt] at h ⊢

Note: This linter can be disabled with `set_option linter.unusedSimpArgs false`
SunPrize\Certificate\Theory001.lean:3137:56: warning: This simp argument is unused:
  not_le

Hint: Omit it from the simp argument list.
  [apply] simp only [not_lt] at h ⊢

Note: This linter can be disabled with `set_option linter.unusedSimpArgs false`
SunPrize\Certificate\Theory001.lean:3139:56: warning: This simp argument is unused:
  not_le

Hint: Omit it from the simp argument list.
  [apply] simp only [not_lt] at h ⊢

Note: This linter can be disabled with `set_option linter.unusedSimpArgs false`
SunPrize\Certificate\Theory001.lean:3141:56: warning: This simp argument is unused:
  not_le

Hint: Omit it from the simp argument list.
  [apply] simp only [not_lt] at h ⊢

Note: This linter can be disabled with `set_option linter.unusedSimpArgs false`
SunPrize\Certificate\Theory001.lean:3143:56: warning: This simp argument is unused:
  not_le

Hint: Omit it from the simp argument list.
  [apply] simp only [not_lt] at h ⊢

Note: This linter can be disabled with `set_option linter.unusedSimpArgs false`
SunPrize\Certificate\Theory001.lean:3115:32: warning: Unused tactic linter: `(try simp only [not_lt, not_le] at h ⊢)` does nothing

Note: This linter can be disabled with `set_option linter.unusedTactic false`
SunPrize\Certificate\Theory001.lean:3117:32: warning: Unused tactic linter: `(try simp only [not_lt, not_le] at h ⊢)` does nothing

Note: This linter can be disabled with `set_option linter.unusedTactic false`
SunPrize\Certificate\Theory001.lean:3125:32: warning: Unused tactic linter: `(try simp only [not_lt, not_le] at h ⊢)` does nothing

Note: This linter can be disabled with `set_option linter.unusedTactic false`
SunPrize\Certificate\Theory001.lean:3133:32: warning: Unused tactic linter: `(try simp only [not_lt, not_le] at h ⊢)` does nothing

Note: This linter can be disabled with `set_option linter.unusedTactic false`
SunPrize\Certificate\Theory001.lean:3145:2: warning: Unused tactic linter: `all_goals clear e0 e1 e2 e3 e4 e5 e6 e7 e8 e9 e10 e11 e12 e13 e14 e15` does nothing

Note: This linter can be disabled with `set_option linter.unusedTactic false`
SunPrize\Certificate\Theory001.lean:3146:2: warning: Unused tactic linter: `all_goals tauto` does nothing

Note: This linter can be disabled with `set_option linter.unusedTactic false`
SunPrize\Certificate\Theory001.lean:3145:12: warning: this tactic is never executed

Note: This linter can be disabled with `set_option linter.unreachableTactic false`
SunPrize\Certificate\Theory001.lean:3146:12: warning: this tactic is never executed

Note: This linter can be disabled with `set_option linter.unreachableTactic false`
SunPrize\Certificate\Theory001.lean:3151:32: warning: Unused tactic linter: `(try simp only [not_lt, not_le] at h ⊢)` does nothing

Note: This linter can be disabled with `set_option linter.unusedTactic false`
SunPrize\Certificate\Theory001.lean:3153:32: warning: Unused tactic linter: `(try simp only [not_lt, not_le] at h ⊢)` does nothing

Note: This linter can be disabled with `set_option linter.unusedTactic false`
SunPrize\Certificate\Theory001.lean:3155:2: warning: Unused tactic linter: `all_goals clear e0 e1` does nothing

Note: This linter can be disabled with `set_option linter.unusedTactic false`
SunPrize\Certificate\Theory001.lean:3156:2: warning: Unused tactic linter: `all_goals tauto` does nothing

Note: This linter can be disabled with `set_option linter.unusedTactic false`
SunPrize\Certificate\Theory001.lean:3155:12: warning: this tactic is never executed

Note: This linter can be disabled with `set_option linter.unreachableTactic false`
SunPrize\Certificate\Theory001.lean:3156:12: warning: this tactic is never executed

Note: This linter can be disabled with `set_option linter.unreachableTactic false`
SunPrize\Certificate\Theory001.lean:3217:56: warning: This simp argument is unused:
  not_le

Hint: Omit it from the simp argument list.
  [apply] simp only [not_lt] at h ⊢

Note: This linter can be disabled with `set_option linter.unusedSimpArgs false`
SunPrize\Certificate\Theory001.lean:3219:56: warning: This simp argument is unused:
  not_le

Hint: Omit it from the simp argument list.
  [apply] simp only [not_lt] at h ⊢

Note: This linter can be disabled with `set_option linter.unusedSimpArgs false`
SunPrize\Certificate\Theory001.lean:3225:56: warning: This simp argument is unused:
  not_le

Hint: Omit it from the simp argument list.
  [apply] simp only [not_lt] at h ⊢

Note: This linter can be disabled with `set_option linter.unusedSimpArgs false`
SunPrize\Certificate\Theory001.lean:3227:56: warning: This simp argument is unused:
  not_le

Hint: Omit it from the simp argument list.
  [apply] simp only [not_lt] at h ⊢

Note: This linter can be disabled with `set_option linter.unusedSimpArgs false`
SunPrize\Certificate\Theory001.lean:3229:56: warning: This simp argument is unused:
  not_le

Hint: Omit it from the simp argument list.
  [apply] simp only [not_lt] at h ⊢

Note: This linter can be disabled with `set_option linter.unusedSimpArgs false`
SunPrize\Certificate\Theory001.lean:3233:56: warning: This simp argument is unused:
  not_le

Hint: Omit it from the simp argument list.
  [apply] simp only [not_lt] at h ⊢

Note: This linter can be disabled with `set_option linter.unusedSimpArgs false`
SunPrize\Certificate\Theory001.lean:3235:56: warning: This simp argument is unused:
  not_le

Hint: Omit it from the simp argument list.
  [apply] simp only [not_lt] at h ⊢

Note: This linter can be disabled with `set_option linter.unusedSimpArgs false`
SunPrize\Certificate\Theory001.lean:3237:56: warning: This simp argument is unused:
  not_le

Hint: Omit it from the simp argument list.
  [apply] simp only [not_lt] at h ⊢

Note: This linter can be disabled with `set_option linter.unusedSimpArgs false`
SunPrize\Certificate\Theory001.lean:3241:56: warning: This simp argument is unused:
  not_le

Hint: Omit it from the simp argument list.
  [apply] simp only [not_lt] at h ⊢

Note: This linter can be disabled with `set_option linter.unusedSimpArgs false`
SunPrize\Certificate\Theory001.lean:3243:56: warning: This simp argument is unused:
  not_le

Hint: Omit it from the simp argument list.
  [apply] simp only [not_lt] at h ⊢

Note: This linter can be disabled with `set_option linter.unusedSimpArgs false`
SunPrize\Certificate\Theory001.lean:3245:56: warning: This simp argument is unused:
  not_le

Hint: Omit it from the simp argument list.
  [apply] simp only [not_lt] at h ⊢

Note: This linter can be disabled with `set_option linter.unusedSimpArgs false`
SunPrize\Certificate\Theory001.lean:3247:56: warning: This simp argument is unused:
  not_le

Hint: Omit it from the simp argument list.
  [apply] simp only [not_lt] at h ⊢

Note: This linter can be disabled with `set_option linter.unusedSimpArgs false`
SunPrize\Certificate\Theory001.lean:3221:32: warning: Unused tactic linter: `(try simp only [not_lt, not_le] at h ⊢)` does nothing

Note: This linter can be disabled with `set_option linter.unusedTactic false`
SunPrize\Certificate\Theory001.lean:3223:32: warning: Unused tactic linter: `(try simp only [not_lt, not_le] at h ⊢)` does nothing

Note: This linter can be disabled with `set_option linter.unusedTactic false`
SunPrize\Certificate\Theory001.lean:3231:32: warning: Unused tactic linter: `(try simp only [not_lt, not_le] at h ⊢)` does nothing

Note: This linter can be disabled with `set_option linter.unusedTactic false`
SunPrize\Certificate\Theory001.lean:3239:32: warning: Unused tactic linter: `(try simp only [not_lt, not_le] at h ⊢)` does nothing

Note: This linter can be disabled with `set_option linter.unusedTactic false`
SunPrize\Certificate\Theory001.lean:3249:2: warning: Unused tactic linter: `all_goals clear e0 e1 e2 e3 e4 e5 e6 e7 e8 e9 e10 e11 e12 e13 e14 e15` does nothing

Note: This linter can be disabled with `set_option linter.unusedTactic false`
SunPrize\Certificate\Theory001.lean:3250:2: warning: Unused tactic linter: `all_goals tauto` does nothing

Note: This linter can be disabled with `set_option linter.unusedTactic false`
SunPrize\Certificate\Theory001.lean:3249:12: warning: this tactic is never executed

Note: This linter can be disabled with `set_option linter.unreachableTactic false`
SunPrize\Certificate\Theory001.lean:3250:12: warning: this tactic is never executed

Note: This linter can be disabled with `set_option linter.unreachableTactic false`
SunPrize\Certificate\Theory001.lean:3255:56: warning: This simp argument is unused:
  not_le

Hint: Omit it from the simp argument list.
  [apply] simp only [not_lt] at h ⊢

Note: This linter can be disabled with `set_option linter.unusedSimpArgs false`
SunPrize\Certificate\Theory001.lean:3261:56: warning: This simp argument is unused:
  not_le

Hint: Omit it from the simp argument list.
  [apply] simp only [not_lt] at h ⊢

Note: This linter can be disabled with `set_option linter.unusedSimpArgs false`
SunPrize\Certificate\Theory001.lean:3263:56: warning: This simp argument is unused:
  not_le

Hint: Omit it from the simp argument list.
  [apply] simp only [not_lt] at h ⊢

Note: This linter can be disabled with `set_option linter.unusedSimpArgs false`
SunPrize\Certificate\Theory001.lean:3265:56: warning: This simp argument is unused:
  not_le

Hint: Omit it from the simp argument list.
  [apply] simp only [not_lt] at h ⊢

Note: This linter can be disabled with `set_option linter.unusedSimpArgs false`
SunPrize\Certificate\Theory001.lean:3269:56: warning: This simp argument is unused:
  not_le

Hint: Omit it from the simp argument list.
  [apply] simp only [not_lt] at h ⊢

Note: This linter can be disabled with `set_option linter.unusedSimpArgs false`
SunPrize\Certificate\Theory001.lean:3271:56: warning: This simp argument is unused:
  not_le

Hint: Omit it from the simp argument list.
  [apply] simp only [not_lt] at h ⊢

Note: This linter can be disabled with `set_option linter.unusedSimpArgs false`
SunPrize\Certificate\Theory001.lean:3273:56: warning: This simp argument is unused:
  not_le

Hint: Omit it from the simp argument list.
  [apply] simp only [not_lt] at h ⊢

Note: This linter can be disabled with `set_option linter.unusedSimpArgs false`
SunPrize\Certificate\Theory001.lean:3277:56: warning: This simp argument is unused:
  not_le

Hint: Omit it from the simp argument list.
  [apply] simp only [not_lt] at h ⊢

Note: This linter can be disabled with `set_option linter.unusedSimpArgs false`
SunPrize\Certificate\Theory001.lean:3279:56: warning: This simp argument is unused:
  not_le

Hint: Omit it from the simp argument list.
  [apply] simp only [not_lt] at h ⊢

Note: This linter can be disabled with `set_option linter.unusedSimpArgs false`
SunPrize\Certificate\Theory001.lean:3281:56: warning: This simp argument is unused:
  not_le

Hint: Omit it from the simp argument list.
  [apply] simp only [not_lt] at h ⊢

Note: This linter can be disabled with `set_option linter.unusedSimpArgs false`
SunPrize\Certificate\Theory001.lean:3283:56: warning: This simp argument is unused:
  not_le

Hint: Omit it from the simp argument list.
  [apply] simp only [not_lt] at h ⊢

Note: This linter can be disabled with `set_option linter.unusedSimpArgs false`
SunPrize\Certificate\Theory001.lean:3285:56: warning: This simp argument is unused:
  not_le

Hint: Omit it from the simp argument list.
  [apply] simp only [not_lt] at h ⊢

Note: This linter can be disabled with `set_option linter.unusedSimpArgs false`
SunPrize\Certificate\Theory001.lean:3257:32: warning: Unused tactic linter: `(try simp only [not_lt, not_le] at h ⊢)` does nothing

Note: This linter can be disabled with `set_option linter.unusedTactic false`
SunPrize\Certificate\Theory001.lean:3259:32: warning: Unused tactic linter: `(try simp only [not_lt, not_le] at h ⊢)` does nothing

Note: This linter can be disabled with `set_option linter.unusedTactic false`
SunPrize\Certificate\Theory001.lean:3267:32: warning: Unused tactic linter: `(try simp only [not_lt, not_le] at h ⊢)` does nothing

Note: This linter can be disabled with `set_option linter.unusedTactic false`
SunPrize\Certificate\Theory001.lean:3275:32: warning: Unused tactic linter: `(try simp only [not_lt, not_le] at h ⊢)` does nothing

Note: This linter can be disabled with `set_option linter.unusedTactic false`
SunPrize\Certificate\Theory001.lean:3287:2: warning: Unused tactic linter: `all_goals clear e0 e1 e2 e3 e4 e5 e6 e7 e8 e9 e10 e11 e12 e13 e14 e15` does nothing

Note: This linter can be disabled with `set_option linter.unusedTactic false`
SunPrize\Certificate\Theory001.lean:3288:2: warning: Unused tactic linter: `all_goals tauto` does nothing

Note: This linter can be disabled with `set_option linter.unusedTactic false`
SunPrize\Certificate\Theory001.lean:3287:12: warning: this tactic is never executed

Note: This linter can be disabled with `set_option linter.unreachableTactic false`
SunPrize\Certificate\Theory001.lean:3288:12: warning: this tactic is never executed

Note: This linter can be disabled with `set_option linter.unreachableTactic false`
SunPrize\Certificate\Theory001.lean:3314:56: warning: This simp argument is unused:
  not_le

Hint: Omit it from the simp argument list.
  [apply] simp only [not_lt] at h ⊢

Note: This linter can be disabled with `set_option linter.unusedSimpArgs false`
SunPrize\Certificate\Theory001.lean:3316:56: warning: This simp argument is unused:
  not_le

Hint: Omit it from the simp argument list.
  [apply] simp only [not_lt] at h ⊢

Note: This linter can be disabled with `set_option linter.unusedSimpArgs false`
SunPrize\Certificate\Theory001.lean:3322:56: warning: This simp argument is unused:
  not_le

Hint: Omit it from the simp argument list.
  [apply] simp only [not_lt] at h ⊢

Note: This linter can be disabled with `set_option linter.unusedSimpArgs false`
SunPrize\Certificate\Theory001.lean:3324:56: warning: This simp argument is unused:
  not_le

Hint: Omit it from the simp argument list.
  [apply] simp only [not_lt] at h ⊢

Note: This linter can be disabled with `set_option linter.unusedSimpArgs false`
SunPrize\Certificate\Theory001.lean:3326:56: warning: This simp argument is unused:
  not_le

Hint: Omit it from the simp argument list.
  [apply] simp only [not_lt] at h ⊢

Note: This linter can be disabled with `set_option linter.unusedSimpArgs false`
SunPrize\Certificate\Theory001.lean:3330:56: warning: This simp argument is unused:
  not_le

Hint: Omit it from the simp argument list.
  [apply] simp only [not_lt] at h ⊢

Note: This linter can be disabled with `set_option linter.unusedSimpArgs false`
SunPrize\Certificate\Theory001.lean:3332:56: warning: This simp argument is unused:
  not_le

Hint: Omit it from the simp argument list.
  [apply] simp only [not_lt] at h ⊢

Note: This linter can be disabled with `set_option linter.unusedSimpArgs false`
SunPrize\Certificate\Theory001.lean:3334:56: warning: This simp argument is unused:
  not_le

Hint: Omit it from the simp argument list.
  [apply] simp only [not_lt] at h ⊢

Note: This linter can be disabled with `set_option linter.unusedSimpArgs false`
SunPrize\Certificate\Theory001.lean:3338:56: warning: This simp argument is unused:
  not_le

Hint: Omit it from the simp argument list.
  [apply] simp only [not_lt] at h ⊢

Note: This linter can be disabled with `set_option linter.unusedSimpArgs false`
SunPrize\Certificate\Theory001.lean:3340:56: warning: This simp argument is unused:
  not_le

Hint: Omit it from the simp argument list.
  [apply] simp only [not_lt] at h ⊢

Note: This linter can be disabled with `set_option linter.unusedSimpArgs false`
SunPrize\Certificate\Theory001.lean:3342:56: warning: This simp argument is unused:
  not_le

Hint: Omit it from the simp argument list.
  [apply] simp only [not_lt] at h ⊢

Note: This linter can be disabled with `set_option linter.unusedSimpArgs false`
SunPrize\Certificate\Theory001.lean:3344:56: warning: This simp argument is unused:
  not_le

Hint: Omit it from the simp argument list.
  [apply] simp only [not_lt] at h ⊢

Note: This linter can be disabled with `set_option linter.unusedSimpArgs false`
SunPrize\Certificate\Theory001.lean:3318:32: warning: Unused tactic linter: `(try simp only [not_lt, not_le] at h ⊢)` does nothing

Note: This linter can be disabled with `set_option linter.unusedTactic false`
SunPrize\Certificate\Theory001.lean:3320:32: warning: Unused tactic linter: `(try simp only [not_lt, not_le] at h ⊢)` does nothing

Note: This linter can be disabled with `set_option linter.unusedTactic false`
SunPrize\Certificate\Theory001.lean:3328:32: warning: Unused tactic linter: `(try simp only [not_lt, not_le] at h ⊢)` does nothing

Note: This linter can be disabled with `set_option linter.unusedTactic false`
SunPrize\Certificate\Theory001.lean:3336:32: warning: Unused tactic linter: `(try simp only [not_lt, not_le] at h ⊢)` does nothing

Note: This linter can be disabled with `set_option linter.unusedTactic false`
SunPrize\Certificate\Theory001.lean:3346:2: warning: Unused tactic linter: `all_goals clear e0 e1 e2 e3 e4 e5 e6 e7 e8 e9 e10 e11 e12 e13 e14 e15` does nothing

Note: This linter can be disabled with `set_option linter.unusedTactic false`
SunPrize\Certificate\Theory001.lean:3347:2: warning: Unused tactic linter: `all_goals tauto` does nothing

Note: This linter can be disabled with `set_option linter.unusedTactic false`
SunPrize\Certificate\Theory001.lean:3346:12: warning: this tactic is never executed

Note: This linter can be disabled with `set_option linter.unreachableTactic false`
SunPrize\Certificate\Theory001.lean:3347:12: warning: this tactic is never executed

Note: This linter can be disabled with `set_option linter.unreachableTactic false`
SunPrize\Certificate\Theory001.lean:3408:56: warning: This simp argument is unused:
  not_le

Hint: Omit it from the simp argument list.
  [apply] simp only [not_lt] at h ⊢

Note: This linter can be disabled with `set_option linter.unusedSimpArgs false`
SunPrize\Certificate\Theory001.lean:3410:56: warning: This simp argument is unused:
  not_le

Hint: Omit it from the simp argument list.
  [apply] simp only [not_lt] at h ⊢

Note: This linter can be disabled with `set_option linter.unusedSimpArgs false`
SunPrize\Certificate\Theory001.lean:3416:56: warning: This simp argument is unused:
  not_le

Hint: Omit it from the simp argument list.
  [apply] simp only [not_lt] at h ⊢

Note: This linter can be disabled with `set_option linter.unusedSimpArgs false`
SunPrize\Certificate\Theory001.lean:3418:56: warning: This simp argument is unused:
  not_le

Hint: Omit it from the simp argument list.
  [apply] simp only [not_lt] at h ⊢

Note: This linter can be disabled with `set_option linter.unusedSimpArgs false`
SunPrize\Certificate\Theory001.lean:3420:56: warning: This simp argument is unused:
  not_le

Hint: Omit it from the simp argument list.
  [apply] simp only [not_lt] at h ⊢

Note: This linter can be disabled with `set_option linter.unusedSimpArgs false`
SunPrize\Certificate\Theory001.lean:3424:56: warning: This simp argument is unused:
  not_le

Hint: Omit it from the simp argument list.
  [apply] simp only [not_lt] at h ⊢

Note: This linter can be disabled with `set_option linter.unusedSimpArgs false`
SunPrize\Certificate\Theory001.lean:3426:56: warning: This simp argument is unused:
  not_le

Hint: Omit it from the simp argument list.
  [apply] simp only [not_lt] at h ⊢

Note: This linter can be disabled with `set_option linter.unusedSimpArgs false`
SunPrize\Certificate\Theory001.lean:3428:56: warning: This simp argument is unused:
  not_le

Hint: Omit it from the simp argument list.
  [apply] simp only [not_lt] at h ⊢

Note: This linter can be disabled with `set_option linter.unusedSimpArgs false`
SunPrize\Certificate\Theory001.lean:3432:56: warning: This simp argument is unused:
  not_le

Hint: Omit it from the simp argument list.
  [apply] simp only [not_lt] at h ⊢

Note: This linter can be disabled with `set_option linter.unusedSimpArgs false`
SunPrize\Certificate\Theory001.lean:3434:56: warning: This simp argument is unused:
  not_le

Hint: Omit it from the simp argument list.
  [apply] simp only [not_lt] at h ⊢

Note: This linter can be disabled with `set_option linter.unusedSimpArgs false`
SunPrize\Certificate\Theory001.lean:3436:56: warning: This simp argument is unused:
  not_le

Hint: Omit it from the simp argument list.
  [apply] simp only [not_lt] at h ⊢

Note: This linter can be disabled with `set_option linter.unusedSimpArgs false`
SunPrize\Certificate\Theory001.lean:3438:56: warning: This simp argument is unused:
  not_le

Hint: Omit it from the simp argument list.
  [apply] simp only [not_lt] at h ⊢

Note: This linter can be disabled with `set_option linter.unusedSimpArgs false`
SunPrize\Certificate\Theory001.lean:3412:32: warning: Unused tactic linter: `(try simp only [not_lt, not_le] at h ⊢)` does nothing

Note: This linter can be disabled with `set_option linter.unusedTactic false`
SunPrize\Certificate\Theory001.lean:3414:32: warning: Unused tactic linter: `(try simp only [not_lt, not_le] at h ⊢)` does nothing

Note: This linter can be disabled with `set_option linter.unusedTactic false`
SunPrize\Certificate\Theory001.lean:3422:32: warning: Unused tactic linter: `(try simp only [not_lt, not_le] at h ⊢)` does nothing

Note: This linter can be disabled with `set_option linter.unusedTactic false`
SunPrize\Certificate\Theory001.lean:3430:32: warning: Unused tactic linter: `(try simp only [not_lt, not_le] at h ⊢)` does nothing

Note: This linter can be disabled with `set_option linter.unusedTactic false`
SunPrize\Certificate\Theory001.lean:3440:2: warning: Unused tactic linter: `all_goals clear e0 e1 e2 e3 e4 e5 e6 e7 e8 e9 e10 e11 e12 e13 e14 e15` does nothing

Note: This linter can be disabled with `set_option linter.unusedTactic false`
SunPrize\Certificate\Theory001.lean:3441:2: warning: Unused tactic linter: `all_goals tauto` does nothing

Note: This linter can be disabled with `set_option linter.unusedTactic false`
SunPrize\Certificate\Theory001.lean:3440:12: warning: this tactic is never executed

Note: This linter can be disabled with `set_option linter.unreachableTactic false`
SunPrize\Certificate\Theory001.lean:3441:12: warning: this tactic is never executed

Note: This linter can be disabled with `set_option linter.unreachableTactic false`
SunPrize\Certificate\Theory001.lean:3446:56: warning: This simp argument is unused:
  not_le

Hint: Omit it from the simp argument list.
  [apply] simp only [not_lt] at h ⊢

Note: This linter can be disabled with `set_option linter.unusedSimpArgs false`
SunPrize\Certificate\Theory001.lean:3448:56: warning: This simp argument is unused:
  not_le

Hint: Omit it from the simp argument list.
  [apply] simp only [not_lt] at h ⊢

Note: This linter can be disabled with `set_option linter.unusedSimpArgs false`
SunPrize\Certificate\Theory001.lean:3454:56: warning: This simp argument is unused:
  not_le

Hint: Omit it from the simp argument list.
  [apply] simp only [not_lt] at h ⊢

Note: This linter can be disabled with `set_option linter.unusedSimpArgs false`
SunPrize\Certificate\Theory001.lean:3456:56: warning: This simp argument is unused:
  not_le

Hint: Omit it from the simp argument list.
  [apply] simp only [not_lt] at h ⊢

Note: This linter can be disabled with `set_option linter.unusedSimpArgs false`
SunPrize\Certificate\Theory001.lean:3458:56: warning: This simp argument is unused:
  not_le

Hint: Omit it from the simp argument list.
  [apply] simp only [not_lt] at h ⊢

Note: This linter can be disabled with `set_option linter.unusedSimpArgs false`
SunPrize\Certificate\Theory001.lean:3462:56: warning: This simp argument is unused:
  not_le

Hint: Omit it from the simp argument list.
  [apply] simp only [not_lt] at h ⊢

Note: This linter can be disabled with `set_option linter.unusedSimpArgs false`
SunPrize\Certificate\Theory001.lean:3464:56: warning: This simp argument is unused:
  not_le

Hint: Omit it from the simp argument list.
  [apply] simp only [not_lt] at h ⊢

Note: This linter can be disabled with `set_option linter.unusedSimpArgs false`
SunPrize\Certificate\Theory001.lean:3466:56: warning: This simp argument is unused:
  not_le

Hint: Omit it from the simp argument list.
  [apply] simp only [not_lt] at h ⊢

Note: This linter can be disabled with `set_option linter.unusedSimpArgs false`
SunPrize\Certificate\Theory001.lean:3470:56: warning: This simp argument is unused:
  not_le

Hint: Omit it from the simp argument list.
  [apply] simp only [not_lt] at h ⊢

Note: This linter can be disabled with `set_option linter.unusedSimpArgs false`
SunPrize\Certificate\Theory001.lean:3472:56: warning: This simp argument is unused:
  not_le

Hint: Omit it from the simp argument list.
  [apply] simp only [not_lt] at h ⊢

Note: This linter can be disabled with `set_option linter.unusedSimpArgs false`
SunPrize\Certificate\Theory001.lean:3474:56: warning: This simp argument is unused:
  not_le

Hint: Omit it from the simp argument list.
  [apply] simp only [not_lt] at h ⊢

Note: This linter can be disabled with `set_option linter.unusedSimpArgs false`
SunPrize\Certificate\Theory001.lean:3476:56: warning: This simp argument is unused:
  not_le

Hint: Omit it from the simp argument list.
  [apply] simp only [not_lt] at h ⊢

Note: This linter can be disabled with `set_option linter.unusedSimpArgs false`
SunPrize\Certificate\Theory001.lean:3450:32: warning: Unused tactic linter: `(try simp only [not_lt, not_le] at h ⊢)` does nothing

Note: This linter can be disabled with `set_option linter.unusedTactic false`
SunPrize\Certificate\Theory001.lean:3452:32: warning: Unused tactic linter: `(try simp only [not_lt, not_le] at h ⊢)` does nothing

Note: This linter can be disabled with `set_option linter.unusedTactic false`
SunPrize\Certificate\Theory001.lean:3460:32: warning: Unused tactic linter: `(try simp only [not_lt, not_le] at h ⊢)` does nothing

Note: This linter can be disabled with `set_option linter.unusedTactic false`
SunPrize\Certificate\Theory001.lean:3468:32: warning: Unused tactic linter: `(try simp only [not_lt, not_le] at h ⊢)` does nothing

Note: This linter can be disabled with `set_option linter.unusedTactic false`
SunPrize\Certificate\Theory001.lean:3478:2: warning: Unused tactic linter: `all_goals clear e0 e1 e2 e3 e4 e5 e6 e7 e8 e9 e10 e11 e12 e13 e14 e15` does nothing

Note: This linter can be disabled with `set_option linter.unusedTactic false`
SunPrize\Certificate\Theory001.lean:3479:2: warning: Unused tactic linter: `all_goals tauto` does nothing

Note: This linter can be disabled with `set_option linter.unusedTactic false`
SunPrize\Certificate\Theory001.lean:3478:12: warning: this tactic is never executed

Note: This linter can be disabled with `set_option linter.unreachableTactic false`
SunPrize\Certificate\Theory001.lean:3479:12: warning: this tactic is never executed

Note: This linter can be disabled with `set_option linter.unreachableTactic false`
SunPrize\Certificate\Theory001.lean:3484:32: warning: Unused tactic linter: `(try simp only [not_lt, not_le] at h ⊢)` does nothing

Note: This linter can be disabled with `set_option linter.unusedTactic false`
SunPrize\Certificate\Theory001.lean:3486:32: warning: Unused tactic linter: `(try simp only [not_lt, not_le] at h ⊢)` does nothing

Note: This linter can be disabled with `set_option linter.unusedTactic false`
SunPrize\Certificate\Theory001.lean:3488:2: warning: Unused tactic linter: `all_goals clear e0 e1` does nothing

Note: This linter can be disabled with `set_option linter.unusedTactic false`
SunPrize\Certificate\Theory001.lean:3489:2: warning: Unused tactic linter: `all_goals tauto` does nothing

Note: This linter can be disabled with `set_option linter.unusedTactic false`
SunPrize\Certificate\Theory001.lean:3488:12: warning: this tactic is never executed

Note: This linter can be disabled with `set_option linter.unreachableTactic false`
SunPrize\Certificate\Theory001.lean:3489:12: warning: this tactic is never executed

Note: This linter can be disabled with `set_option linter.unreachableTactic false`
